{
  "seed": 456,
  "ablation": "full",
  "mimic_version": 3,
  "mimic4_full": false,
  "cohort_tag": "mimic3",
  "best_val_jaccard": 0.5416390895843506,
  "test_metrics": {
    "Jaccard": 0.5396106243133545,
    "F1": 0.6931843757629395,
    "PRAUC": 0.7808134122439276,
    "DDI Rate": 0.08068926788177701,
    "Avg Meds": 22.609453201293945,
    "Avg True Meds": 19.90132713317871,
    "Precision": 0.6626923680305481,
    "Recall": 0.7540767788887024,
    "NHJ_new": 0.287026730807204,
    "NHJ_dropped": 0.3510524332523346,
    "CVR": 0.0
  },
  "data_diagnostics": {
    "split_mode_requested": "hidr_vita",
    "require_cohort_split": false,
    "split_source": "hidr_vita_sequential",
    "split_seed_used": "n/a",
    "split_patient_counts": {
      "train": 4233,
      "val": 1059,
      "test": 1058
    },
    "split_example_counts": {
      "train": 6256,
      "val": 1220,
      "test": 1206
    },
    "ddi_density": 0.05261303581914269,
    "ddi_upper_pairs": 448,
    "ddi_total_pairs": 8515,
    "loaded_artifacts": {
      "records": "data/processed/records_final.pkl",
      "cohort": "data/processed/cohort_mimic3.pkl",
      "ddi": "data/processed/ddi_A_final.pkl",
      "ehr": "data/processed/ehr_adj_final.pkl",
      "embeddings": "data/embeddings/code_embeddings.pt",
      "labs": "data/processed/lab_vectors_350labs.pkl"
    }
  },
  "param_counts": {
    "visit_encoder": {
      "total": 4649474,
      "trainable": 2047490
    },
    "fusion": {
      "total": 443008,
      "trainable": 443008
    },
    "drug_gnn": {
      "total": 1151776,
      "trainable": 1151776
    },
    "predictor": {
      "total": 323654,
      "trainable": 323653
    },
    "model_total": {
      "total": 6831080,
      "trainable": 4229095
    }
  },
  "threshold_sweep": {
    "0.4": {
      "Jaccard": 0.534453,
      "Avg Meds": 24.292704,
      "Avg True Meds": 19.901327,
      "DDI Rate": 0.079595
    },
    "0.45": {
      "Jaccard": 0.53639,
      "Avg Meds": 23.425373,
      "Avg True Meds": 19.901327,
      "DDI Rate": 0.080076
    },
    "0.5": {
      "Jaccard": 0.539611,
      "Avg Meds": 22.609453,
      "Avg True Meds": 19.901327,
      "DDI Rate": 0.080689
    },
    "0.55": {
      "Jaccard": 0.54007,
      "Avg Meds": 21.825871,
      "Avg True Meds": 19.901327,
      "DDI Rate": 0.080868
    },
    "0.6": {
      "Jaccard": 0.54076,
      "Avg Meds": 21.074627,
      "Avg True Meds": 19.901327,
      "DDI Rate": 0.0809
    },
    "0.65": {
      "Jaccard": 0.54018,
      "Avg Meds": 20.339138,
      "Avg True Meds": 19.901327,
      "DDI Rate": 0.081127
    },
    "0.7": {
      "Jaccard": 0.537865,
      "Avg Meds": 19.508291,
      "Avg True Meds": 19.901327,
      "DDI Rate": 0.081573
    },
    "0.75": {
      "Jaccard": 0.532841,
      "Avg Meds": 18.657545,
      "Avg True Meds": 19.901327,
      "DDI Rate": 0.082088
    }
  },
  "calibrated_threshold": 0.7,
  "calibrated_metrics": {
    "Jaccard": 0.537865,
    "Avg Meds": 19.508291,
    "Avg True Meds": 19.901327,
    "DDI Rate": 0.081573
  },
  "config": {
    "hidden_dim": 256,
    "use_notes": false,
    "use_labs": true,
    "use_copy": false,
    "fusion_strategy": "film",
    "lab_dim": 700,
    "pos_weight_cap": 5.0,
    "use_cosine_lr": false,
    "contrastive_weight": 0.0,
    "margin_loss_weight": 0.0,
    "alignment_loss_weight": 0.1,
    "alignment_start_epoch": 1,
    "alignment_ramp_epochs": 0
  }
}