{
  "seed": 456,
  "ablation": "full",
  "mimic_version": 3,
  "mimic4_full": false,
  "cohort_tag": "mimic3",
  "best_val_jaccard": 0.5660600662231445,
  "test_metrics": {
    "Jaccard": 0.5651381611824036,
    "F1": 0.714542031288147,
    "PRAUC": 0.7958901483726345,
    "DDI Rate": 0.08331772811589082,
    "Avg Meds": 21.25870704650879,
    "Avg True Meds": 19.90132713317871,
    "Precision": 0.69688880443573,
    "Recall": 0.7548922300338745,
    "NHJ_new": 0.29502489849140767,
    "NHJ_dropped": 0.3609502331206673,
    "CVR": 0.0
  },
  "data_diagnostics": {
    "split_mode_requested": "hidr_vita",
    "require_cohort_split": false,
    "split_source": "hidr_vita_sequential",
    "split_seed_used": "n/a",
    "split_patient_counts": {
      "train": 4233,
      "val": 1059,
      "test": 1058
    },
    "split_example_counts": {
      "train": 6256,
      "val": 1220,
      "test": 1206
    },
    "ddi_density": 0.05261303581914269,
    "ddi_upper_pairs": 448,
    "ddi_total_pairs": 8515,
    "loaded_artifacts": {
      "records": "data/processed/records_final.pkl",
      "cohort": "data/processed/cohort_mimic3.pkl",
      "ddi": "data/processed/ddi_A_final.pkl",
      "ehr": "data/processed/ehr_adj_final.pkl",
      "embeddings": "data/embeddings/code_embeddings.pt",
      "notes": "data/processed/note_embeddings_mimic3.pkl",
      "labs": "data/processed/lab_vectors_200labs.pkl"
    }
  },
  "param_counts": {
    "visit_encoder": {
      "total": 5108993,
      "trainable": 2507009
    },
    "fusion": {
      "total": 423808,
      "trainable": 423808
    },
    "drug_gnn": {
      "total": 395008,
      "trainable": 395008
    },
    "predictor": {
      "total": 1613513,
      "trainable": 1423943
    },
    "model_total": {
      "total": 7804490,
      "trainable": 5012936
    }
  },
  "threshold_sweep": {
    "0.4": {
      "Jaccard": 0.564429,
      "Avg Meds": 22.217247,
      "Avg True Meds": 19.901327,
      "DDI Rate": 0.082663
    },
    "0.45": {
      "Jaccard": 0.564762,
      "Avg Meds": 21.730515,
      "Avg True Meds": 19.901327,
      "DDI Rate": 0.08275
    },
    "0.5": {
      "Jaccard": 0.565138,
      "Avg Meds": 21.258707,
      "Avg True Meds": 19.901327,
      "DDI Rate": 0.083318
    },
    "0.55": {
      "Jaccard": 0.564925,
      "Avg Meds": 20.790216,
      "Avg True Meds": 19.901327,
      "DDI Rate": 0.083547
    },
    "0.6": {
      "Jaccard": 0.564182,
      "Avg Meds": 20.31592,
      "Avg True Meds": 19.901327,
      "DDI Rate": 0.084415
    },
    "0.65": {
      "Jaccard": 0.56324,
      "Avg Meds": 19.824213,
      "Avg True Meds": 19.901327,
      "DDI Rate": 0.084451
    },
    "0.7": {
      "Jaccard": 0.560704,
      "Avg Meds": 19.296021,
      "Avg True Meds": 19.901327,
      "DDI Rate": 0.084721
    },
    "0.75": {
      "Jaccard": 0.558683,
      "Avg Meds": 18.809286,
      "Avg True Meds": 19.901327,
      "DDI Rate": 0.085246
    }
  },
  "calibrated_threshold": 0.65,
  "calibrated_metrics": {
    "Jaccard": 0.56324,
    "Avg Meds": 19.824213,
    "Avg True Meds": 19.901327,
    "DDI Rate": 0.084451
  },
  "config": {
    "hidden_dim": 256,
    "use_notes": true,
    "use_labs": true,
    "use_copy": true,
    "fusion_strategy": "film",
    "lab_dim": 400,
    "pos_weight_cap": 5.0,
    "use_cosine_lr": false,
    "contrastive_weight": 0.0,
    "margin_loss_weight": 0.0,
    "alignment_loss_weight": 0.1,
    "alignment_start_epoch": 1,
    "alignment_ramp_epochs": 0
  }
}