{
  "seed": 456,
  "ablation": "full",
  "mimic_version": 3,
  "mimic4_full": false,
  "cohort_tag": "mimic3",
  "best_val_jaccard": 0.5598776340484619,
  "test_metrics": {
    "Jaccard": 0.5617289543151855,
    "F1": 0.711650550365448,
    "PRAUC": 0.7923295826168224,
    "DDI Rate": 0.08031348054452804,
    "Avg Meds": 21.230592727661133,
    "Avg True Meds": 19.807077407836914,
    "Precision": 0.6933680772781372,
    "Recall": 0.7542851567268372,
    "NHJ_new": 0.2940498877848898,
    "NHJ_dropped": 0.35900301379816874,
    "CVR": 0.0
  },
  "data_diagnostics": {
    "split_mode_requested": "hidr_vita",
    "require_cohort_split": false,
    "split_source": "hidr_vita_sequential",
    "split_seed_used": "n/a",
    "split_patient_counts": {
      "train": 4233,
      "val": 1059,
      "test": 1058
    },
    "split_example_counts": {
      "train": 3707,
      "val": 859,
      "test": 876
    },
    "ddi_density": 0.05261303581914269,
    "ddi_upper_pairs": 448,
    "ddi_total_pairs": 8515,
    "loaded_artifacts": {
      "records": "data/processed/records_final.pkl",
      "cohort": "data/processed/cohort_mimic3.pkl",
      "ddi": "data/processed/ddi_A_final.pkl",
      "ehr": "data/processed/ehr_adj_final.pkl",
      "embeddings": "data/embeddings/code_embeddings.pt",
      "notes": "data/processed/note_embeddings_mimic3.pkl",
      "labs": "data/processed/lab_vectors_200labs.pkl"
    }
  },
  "param_counts": {
    "visit_encoder": {
      "total": 5108993,
      "trainable": 2507009
    },
    "fusion": {
      "total": 423808,
      "trainable": 423808
    },
    "drug_gnn": {
      "total": 395008,
      "trainable": 395008
    },
    "predictor": {
      "total": 1613513,
      "trainable": 1423943
    },
    "model_total": {
      "total": 7804490,
      "trainable": 5012936
    }
  },
  "threshold_sweep": {
    "0.4": {
      "Jaccard": 0.560478,
      "Avg Meds": 22.194063,
      "Avg True Meds": 19.807077,
      "DDI Rate": 0.079524
    },
    "0.45": {
      "Jaccard": 0.561108,
      "Avg Meds": 21.729452,
      "Avg True Meds": 19.807077,
      "DDI Rate": 0.079999
    },
    "0.5": {
      "Jaccard": 0.561729,
      "Avg Meds": 21.230593,
      "Avg True Meds": 19.807077,
      "DDI Rate": 0.080313
    },
    "0.55": {
      "Jaccard": 0.560731,
      "Avg Meds": 20.743151,
      "Avg True Meds": 19.807077,
      "DDI Rate": 0.080273
    },
    "0.6": {
      "Jaccard": 0.560671,
      "Avg Meds": 20.297945,
      "Avg True Meds": 19.807077,
      "DDI Rate": 0.080586
    },
    "0.65": {
      "Jaccard": 0.558747,
      "Avg Meds": 19.861872,
      "Avg True Meds": 19.807077,
      "DDI Rate": 0.080501
    },
    "0.7": {
      "Jaccard": 0.556547,
      "Avg Meds": 19.396118,
      "Avg True Meds": 19.807077,
      "DDI Rate": 0.081048
    },
    "0.75": {
      "Jaccard": 0.555172,
      "Avg Meds": 18.855022,
      "Avg True Meds": 19.807077,
      "DDI Rate": 0.081215
    }
  },
  "calibrated_threshold": 0.65,
  "calibrated_metrics": {
    "Jaccard": 0.558747,
    "Avg Meds": 19.861872,
    "Avg True Meds": 19.807077,
    "DDI Rate": 0.080501
  },
  "config": {
    "hidden_dim": 256,
    "use_notes": true,
    "use_labs": true,
    "use_copy": true,
    "fusion_strategy": "film",
    "lab_dim": 400,
    "pos_weight_cap": 5.0,
    "use_cosine_lr": true,
    "contrastive_weight": 0.0,
    "margin_loss_weight": 0.0,
    "alignment_loss_weight": 0.1,
    "alignment_start_epoch": 1,
    "alignment_ramp_epochs": 0
  }
}