{
  "seed": 123,
  "ablation": "full",
  "mimic_version": 3,
  "mimic4_full": false,
  "cohort_tag": "mimic3",
  "best_val_jaccard": 0.5527094006538391,
  "test_metrics": {
    "Jaccard": 0.5471745729446411,
    "F1": 0.6999115943908691,
    "PRAUC": 0.7862418491518789,
    "DDI Rate": 0.07755754006842,
    "Avg Meds": 22.038970947265625,
    "Avg True Meds": 19.90132713317871,
    "Precision": 0.6764635443687439,
    "Recall": 0.748512864112854,
    "NHJ_new": 0.29085808835531535,
    "NHJ_dropped": 0.3815371096134186,
    "CVR": 0.0
  },
  "data_diagnostics": {
    "split_mode_requested": "hidr_vita",
    "require_cohort_split": false,
    "split_source": "hidr_vita_sequential",
    "split_seed_used": "n/a",
    "split_patient_counts": {
      "train": 4233,
      "val": 1059,
      "test": 1058
    },
    "split_example_counts": {
      "train": 6256,
      "val": 1220,
      "test": 1206
    },
    "ddi_density": 0.05261303581914269,
    "ddi_upper_pairs": 448,
    "ddi_total_pairs": 8515,
    "loaded_artifacts": {
      "records": "data/processed/records_final.pkl",
      "cohort": "data/processed/cohort_mimic3.pkl",
      "ddi": "data/processed/ddi_A_final.pkl",
      "ehr": "data/processed/ehr_adj_final.pkl",
      "embeddings": "data/embeddings/code_embeddings.pt",
      "notes": "data/processed/note_embeddings_mimic3.pkl",
      "labs": "data/processed/lab_vectors_200labs.pkl"
    }
  },
  "param_counts": {
    "visit_encoder": {
      "total": 3534609,
      "trainable": 932625
    },
    "fusion": {
      "total": 423808,
      "trainable": 423808
    },
    "drug_gnn": {
      "total": 1974080,
      "trainable": 1974080
    },
    "predictor": {
      "total": 369990,
      "trainable": 369990
    },
    "model_total": {
      "total": 6565655,
      "trainable": 3963671
    }
  },
  "threshold_sweep": {
    "0.4": {
      "Jaccard": 0.545708,
      "Avg Meds": 23.693201,
      "Avg True Meds": 19.901327,
      "DDI Rate": 0.076537
    },
    "0.45": {
      "Jaccard": 0.54744,
      "Avg Meds": 22.865671,
      "Avg True Meds": 19.901327,
      "DDI Rate": 0.077315
    },
    "0.5": {
      "Jaccard": 0.547175,
      "Avg Meds": 22.038971,
      "Avg True Meds": 19.901327,
      "DDI Rate": 0.077558
    },
    "0.55": {
      "Jaccard": 0.548037,
      "Avg Meds": 21.229685,
      "Avg True Meds": 19.901327,
      "DDI Rate": 0.078159
    },
    "0.6": {
      "Jaccard": 0.548204,
      "Avg Meds": 20.42786,
      "Avg True Meds": 19.901327,
      "DDI Rate": 0.078648
    },
    "0.65": {
      "Jaccard": 0.546725,
      "Avg Meds": 19.634329,
      "Avg True Meds": 19.901327,
      "DDI Rate": 0.079031
    },
    "0.7": {
      "Jaccard": 0.542999,
      "Avg Meds": 18.804312,
      "Avg True Meds": 19.901327,
      "DDI Rate": 0.079343
    },
    "0.75": {
      "Jaccard": 0.539188,
      "Avg Meds": 17.936981,
      "Avg True Meds": 19.901327,
      "DDI Rate": 0.079946
    }
  },
  "calibrated_threshold": 0.65,
  "calibrated_metrics": {
    "Jaccard": 0.546725,
    "Avg Meds": 19.634329,
    "Avg True Meds": 19.901327,
    "DDI Rate": 0.079031
  },
  "config": {
    "hidden_dim": 256,
    "use_notes": true,
    "use_labs": true,
    "use_copy": false,
    "fusion_strategy": "film",
    "lab_dim": 400,
    "pos_weight_cap": 5.0,
    "use_cosine_lr": false,
    "contrastive_weight": 0.0,
    "margin_loss_weight": 0.0,
    "alignment_loss_weight": 0.1,
    "alignment_start_epoch": 1,
    "alignment_ramp_epochs": 0
  }
}