{
  "seed": 456,
  "ablation": "full",
  "mimic_version": 3,
  "mimic4_full": false,
  "cohort_tag": "mimic3",
  "best_val_jaccard": 0.44150179624557495,
  "test_metrics": {
    "Jaccard": 0.4410760700702667,
    "F1": 0.6038455367088318,
    "PRAUC": 0.701188987195528,
    "DDI Rate": 0.09420289855072464,
    "Avg Meds": 24.0,
    "Avg True Meds": 19.90132713317871,
    "Precision": 0.5617399215698242,
    "Recall": 0.6989589929580688,
    "NHJ_new": 0.23829129338264465,
    "NHJ_dropped": 0.3241549636188306,
    "CVR": 0.0
  },
  "data_diagnostics": {
    "split_mode_requested": "hidr_vita",
    "require_cohort_split": false,
    "split_source": "hidr_vita_sequential",
    "split_seed_used": "n/a",
    "split_patient_counts": {
      "train": 4233,
      "val": 1059,
      "test": 1058
    },
    "split_example_counts": {
      "train": 6256,
      "val": 1220,
      "test": 1206
    },
    "ddi_density": 0.05261303581914269,
    "ddi_upper_pairs": 448,
    "ddi_total_pairs": 8515,
    "loaded_artifacts": {
      "records": "data/processed/records_final.pkl",
      "cohort": "data/processed/cohort_mimic3.pkl",
      "ddi": "data/processed/ddi_A_final.pkl",
      "ehr": "data/processed/ehr_adj_final.pkl",
      "embeddings": "data/embeddings/code_embeddings.pt"
    }
  },
  "param_counts": {
    "visit_encoder": {
      "total": 4583681,
      "trainable": 1981697
    },
    "drug_gnn": {
      "total": 1974080,
      "trainable": 1974080
    },
    "predictor": {
      "total": 627974,
      "trainable": 627972
    },
    "model_total": {
      "total": 7448903,
      "trainable": 4846917
    }
  },
  "threshold_sweep": {
    "0.4": {
      "Jaccard": 0.438185,
      "Avg Meds": 30.0,
      "Avg True Meds": 19.901327,
      "DDI Rate": 0.089655
    },
    "0.45": {
      "Jaccard": 0.438185,
      "Avg Meds": 30.0,
      "Avg True Meds": 19.901327,
      "DDI Rate": 0.089655
    },
    "0.5": {
      "Jaccard": 0.441076,
      "Avg Meds": 24.0,
      "Avg True Meds": 19.901327,
      "DDI Rate": 0.094203
    },
    "0.55": {
      "Jaccard": 0.428521,
      "Avg Meds": 18.0,
      "Avg True Meds": 19.901327,
      "DDI Rate": 0.111111
    },
    "0.6": {
      "Jaccard": 0.418308,
      "Avg Meds": 17.0,
      "Avg True Meds": 19.901327,
      "DDI Rate": 0.117647
    },
    "0.65": {
      "Jaccard": 0.418308,
      "Avg Meds": 17.0,
      "Avg True Meds": 19.901327,
      "DDI Rate": 0.117647
    },
    "0.7": {
      "Jaccard": 0.41746,
      "Avg Meds": 16.0,
      "Avg True Meds": 19.901327,
      "DDI Rate": 0.108333
    },
    "0.75": {
      "Jaccard": 0.378617,
      "Avg Meds": 12.0,
      "Avg True Meds": 19.901327,
      "DDI Rate": 0.030303
    }
  },
  "calibrated_threshold": 0.55,
  "calibrated_metrics": {
    "Jaccard": 0.428521,
    "Avg Meds": 18.0,
    "Avg True Meds": 19.901327,
    "DDI Rate": 0.111111
  },
  "config": {
    "hidden_dim": 256,
    "use_notes": false,
    "use_labs": false,
    "use_copy": false,
    "fusion_strategy": "film",
    "lab_dim": 0,
    "pos_weight_cap": 5.0,
    "use_cosine_lr": false,
    "contrastive_weight": 0.0,
    "margin_loss_weight": 0.0,
    "alignment_loss_weight": 0.1,
    "alignment_start_epoch": 1,
    "alignment_ramp_epochs": 0
  }
}