{
  "seed": 456,
  "ablation": "full",
  "mimic_version": 3,
  "mimic4_full": false,
  "cohort_tag": "mimic3",
  "best_val_jaccard": 0.5417148470878601,
  "test_metrics": {
    "Jaccard": 0.5399783253669739,
    "F1": 0.6936386227607727,
    "PRAUC": 0.7801220389074885,
    "DDI Rate": 0.0873836468661324,
    "Avg Meds": 21.51243782043457,
    "Avg True Meds": 19.90132713317871,
    "Precision": 0.6782130599021912,
    "Recall": 0.7354327440261841,
    "NHJ_new": 0.2793816720184527,
    "NHJ_dropped": 0.3802351104585748,
    "CVR": 0.0
  },
  "data_diagnostics": {
    "split_mode_requested": "hidr_vita",
    "require_cohort_split": false,
    "split_source": "hidr_vita_sequential",
    "split_seed_used": "n/a",
    "split_patient_counts": {
      "train": 4233,
      "val": 1059,
      "test": 1058
    },
    "split_example_counts": {
      "train": 6256,
      "val": 1220,
      "test": 1206
    },
    "ddi_density": 0.05261303581914269,
    "ddi_upper_pairs": 448,
    "ddi_total_pairs": 8515,
    "loaded_artifacts": {
      "records": "data/processed/records_final.pkl",
      "cohort": "data/processed/cohort_mimic3.pkl",
      "ddi": "data/processed/ddi_A_final.pkl",
      "ehr": "data/processed/ehr_adj_final.pkl",
      "embeddings": "data/embeddings/code_embeddings.pt",
      "labs": "data/processed/lab_vectors_200labs.pkl"
    }
  },
  "param_counts": {
    "visit_encoder": {
      "total": 4649474,
      "trainable": 2047490
    },
    "fusion": {
      "total": 423808,
      "trainable": 423808
    },
    "drug_gnn": {
      "total": 1151776,
      "trainable": 1151776
    },
    "predictor": {
      "total": 304454,
      "trainable": 304453
    },
    "model_total": {
      "total": 6792680,
      "trainable": 4190695
    }
  },
  "threshold_sweep": {
    "0.4": {
      "Jaccard": 0.538674,
      "Avg Meds": 23.281094,
      "Avg True Meds": 19.901327,
      "DDI Rate": 0.086515
    },
    "0.45": {
      "Jaccard": 0.540022,
      "Avg Meds": 22.384743,
      "Avg True Meds": 19.901327,
      "DDI Rate": 0.086943
    },
    "0.5": {
      "Jaccard": 0.539978,
      "Avg Meds": 21.512438,
      "Avg True Meds": 19.901327,
      "DDI Rate": 0.087384
    },
    "0.55": {
      "Jaccard": 0.538974,
      "Avg Meds": 20.696518,
      "Avg True Meds": 19.901327,
      "DDI Rate": 0.087713
    },
    "0.6": {
      "Jaccard": 0.537079,
      "Avg Meds": 19.884743,
      "Avg True Meds": 19.901327,
      "DDI Rate": 0.087941
    },
    "0.65": {
      "Jaccard": 0.53651,
      "Avg Meds": 19.093699,
      "Avg True Meds": 19.901327,
      "DDI Rate": 0.087636
    },
    "0.7": {
      "Jaccard": 0.534451,
      "Avg Meds": 18.253731,
      "Avg True Meds": 19.901327,
      "DDI Rate": 0.0875
    },
    "0.75": {
      "Jaccard": 0.528617,
      "Avg Meds": 17.392206,
      "Avg True Meds": 19.901327,
      "DDI Rate": 0.087368
    }
  },
  "calibrated_threshold": 0.6,
  "calibrated_metrics": {
    "Jaccard": 0.537079,
    "Avg Meds": 19.884743,
    "Avg True Meds": 19.901327,
    "DDI Rate": 0.087941
  },
  "config": {
    "hidden_dim": 256,
    "use_notes": false,
    "use_labs": true,
    "use_copy": false,
    "fusion_strategy": "film",
    "lab_dim": 400,
    "pos_weight_cap": 5.0,
    "use_cosine_lr": false,
    "contrastive_weight": 0.0,
    "margin_loss_weight": 0.0,
    "alignment_loss_weight": 0.1,
    "alignment_start_epoch": 1,
    "alignment_ramp_epochs": 0
  }
}