{
  "seed": 456,
  "ablation": "full",
  "mimic_version": 3,
  "mimic4_full": false,
  "cohort_tag": "mimic3",
  "best_val_jaccard": 0.5463135242462158,
  "test_metrics": {
    "Jaccard": 0.5431594252586365,
    "F1": 0.6965228915214539,
    "PRAUC": 0.7821877725778987,
    "DDI Rate": 0.08083842164007617,
    "Avg Meds": 21.582090377807617,
    "Avg True Meds": 19.90132713317871,
    "Precision": 0.6828913688659668,
    "Recall": 0.7367684245109558,
    "NHJ_new": 0.2823104011385064,
    "NHJ_dropped": 0.3756224842447984,
    "CVR": 0.0
  },
  "data_diagnostics": {
    "split_mode_requested": "hidr_vita",
    "require_cohort_split": false,
    "split_source": "hidr_vita_sequential",
    "split_seed_used": "n/a",
    "split_patient_counts": {
      "train": 4233,
      "val": 1059,
      "test": 1058
    },
    "split_example_counts": {
      "train": 6256,
      "val": 1220,
      "test": 1206
    },
    "ddi_density": 0.05261303581914269,
    "ddi_upper_pairs": 448,
    "ddi_total_pairs": 8515,
    "loaded_artifacts": {
      "records": "data/processed/records_final.pkl",
      "cohort": "data/processed/cohort_mimic3.pkl",
      "ddi": "data/processed/ddi_A_final.pkl",
      "ehr": "data/processed/ehr_adj_final.pkl",
      "embeddings": "data/embeddings/code_embeddings.pt",
      "labs": "data/processed/lab_vectors_200labs.pkl"
    }
  },
  "param_counts": {
    "visit_encoder": {
      "total": 3534609,
      "trainable": 932625
    },
    "fusion": {
      "total": 423808,
      "trainable": 423808
    },
    "drug_gnn": {
      "total": 1974080,
      "trainable": 1974080
    },
    "predictor": {
      "total": 304454,
      "trainable": 304453
    },
    "model_total": {
      "total": 6500119,
      "trainable": 3898134
    }
  },
  "threshold_sweep": {
    "0.4": {
      "Jaccard": 0.541024,
      "Avg Meds": 23.446102,
      "Avg True Meds": 19.901327,
      "DDI Rate": 0.080139
    },
    "0.45": {
      "Jaccard": 0.542853,
      "Avg Meds": 22.495853,
      "Avg True Meds": 19.901327,
      "DDI Rate": 0.080627
    },
    "0.5": {
      "Jaccard": 0.543159,
      "Avg Meds": 21.58209,
      "Avg True Meds": 19.901327,
      "DDI Rate": 0.080838
    },
    "0.55": {
      "Jaccard": 0.54295,
      "Avg Meds": 20.695688,
      "Avg True Meds": 19.901327,
      "DDI Rate": 0.08116
    },
    "0.6": {
      "Jaccard": 0.541355,
      "Avg Meds": 19.866501,
      "Avg True Meds": 19.901327,
      "DDI Rate": 0.08081
    },
    "0.65": {
      "Jaccard": 0.538563,
      "Avg Meds": 18.988392,
      "Avg True Meds": 19.901327,
      "DDI Rate": 0.080889
    },
    "0.7": {
      "Jaccard": 0.534724,
      "Avg Meds": 18.068823,
      "Avg True Meds": 19.901327,
      "DDI Rate": 0.080693
    },
    "0.75": {
      "Jaccard": 0.525491,
      "Avg Meds": 17.072969,
      "Avg True Meds": 19.901327,
      "DDI Rate": 0.080794
    }
  },
  "calibrated_threshold": 0.6,
  "calibrated_metrics": {
    "Jaccard": 0.541355,
    "Avg Meds": 19.866501,
    "Avg True Meds": 19.901327,
    "DDI Rate": 0.08081
  },
  "config": {
    "hidden_dim": 256,
    "use_notes": false,
    "use_labs": true,
    "use_copy": false,
    "fusion_strategy": "film",
    "lab_dim": 400,
    "pos_weight_cap": 5.0,
    "use_cosine_lr": false,
    "contrastive_weight": 0.0,
    "margin_loss_weight": 0.0,
    "alignment_loss_weight": 0.1,
    "alignment_start_epoch": 1,
    "alignment_ramp_epochs": 0
  }
}