{
  "seed": 42,
  "ablation": "full",
  "mimic_version": 3,
  "mimic4_full": false,
  "cohort_tag": "mimic3",
  "best_val_jaccard": 0.5406585931777954,
  "test_metrics": {
    "Jaccard": 0.5385358333587646,
    "F1": 0.6922196745872498,
    "PRAUC": 0.7820086725773919,
    "DDI Rate": 0.08457940188709419,
    "Avg Meds": 21.595355987548828,
    "Avg True Meds": 19.90132713317871,
    "Precision": 0.6761898994445801,
    "Recall": 0.7352564930915833,
    "NHJ_new": 0.2789325055323149,
    "NHJ_dropped": 0.38505138064685623,
    "CVR": 0.0
  },
  "data_diagnostics": {
    "split_mode_requested": "hidr_vita",
    "require_cohort_split": false,
    "split_source": "hidr_vita_sequential",
    "split_seed_used": "n/a",
    "split_patient_counts": {
      "train": 4233,
      "val": 1059,
      "test": 1058
    },
    "split_example_counts": {
      "train": 6256,
      "val": 1220,
      "test": 1206
    },
    "ddi_density": 0.05261303581914269,
    "ddi_upper_pairs": 448,
    "ddi_total_pairs": 8515,
    "loaded_artifacts": {
      "records": "data/processed/records_final.pkl",
      "cohort": "data/processed/cohort_mimic3.pkl",
      "ddi": "data/processed/ddi_A_final.pkl",
      "ehr": "data/processed/ehr_adj_final.pkl",
      "embeddings": "data/embeddings/code_embeddings.pt",
      "labs": "data/processed/lab_vectors_200labs.pkl"
    }
  },
  "param_counts": {
    "visit_encoder": {
      "total": 4583681,
      "trainable": 1981697
    },
    "fusion": {
      "total": 423808,
      "trainable": 423808
    },
    "drug_gnn": {
      "total": 1974080,
      "trainable": 1974080
    },
    "predictor": {
      "total": 304454,
      "trainable": 304453
    },
    "model_total": {
      "total": 7549191,
      "trainable": 4947206
    }
  },
  "threshold_sweep": {
    "0.4": {
      "Jaccard": 0.535731,
      "Avg Meds": 23.432007,
      "Avg True Meds": 19.901327,
      "DDI Rate": 0.08379
    },
    "0.45": {
      "Jaccard": 0.537643,
      "Avg Meds": 22.438641,
      "Avg True Meds": 19.901327,
      "DDI Rate": 0.084294
    },
    "0.5": {
      "Jaccard": 0.538536,
      "Avg Meds": 21.595356,
      "Avg True Meds": 19.901327,
      "DDI Rate": 0.084579
    },
    "0.55": {
      "Jaccard": 0.537883,
      "Avg Meds": 20.738806,
      "Avg True Meds": 19.901327,
      "DDI Rate": 0.084641
    },
    "0.6": {
      "Jaccard": 0.536864,
      "Avg Meds": 19.931177,
      "Avg True Meds": 19.901327,
      "DDI Rate": 0.084922
    },
    "0.65": {
      "Jaccard": 0.534437,
      "Avg Meds": 19.063019,
      "Avg True Meds": 19.901327,
      "DDI Rate": 0.084866
    },
    "0.7": {
      "Jaccard": 0.532017,
      "Avg Meds": 18.178276,
      "Avg True Meds": 19.901327,
      "DDI Rate": 0.084861
    },
    "0.75": {
      "Jaccard": 0.528139,
      "Avg Meds": 17.291044,
      "Avg True Meds": 19.901327,
      "DDI Rate": 0.08468
    }
  },
  "calibrated_threshold": 0.6,
  "calibrated_metrics": {
    "Jaccard": 0.536864,
    "Avg Meds": 19.931177,
    "Avg True Meds": 19.901327,
    "DDI Rate": 0.084922
  },
  "config": {
    "hidden_dim": 256,
    "use_notes": false,
    "use_labs": true,
    "use_copy": false,
    "fusion_strategy": "film",
    "lab_dim": 400,
    "pos_weight_cap": 5.0,
    "use_cosine_lr": false,
    "contrastive_weight": 0.0,
    "margin_loss_weight": 0.0,
    "alignment_loss_weight": 0.1,
    "alignment_start_epoch": 1,
    "alignment_ramp_epochs": 0
  }
}