{
  "seed": 789,
  "ablation": "full",
  "mimic_version": 3,
  "mimic4_full": false,
  "cohort_tag": "mimic3",
  "best_val_jaccard": 0.5535401701927185,
  "test_metrics": {
    "Jaccard": 0.5534894466400146,
    "F1": 0.7048767805099487,
    "PRAUC": 0.7875236164482047,
    "DDI Rate": 0.0794065468984228,
    "Avg Meds": 21.958539962768555,
    "Avg True Meds": 19.90132713317871,
    "Precision": 0.6779729723930359,
    "Recall": 0.7616952061653137,
    "NHJ_new": 0.2838230078157626,
    "NHJ_dropped": 0.3179376752753007,
    "CVR": 0.0
  },
  "data_diagnostics": {
    "split_mode_requested": "hidr_vita",
    "require_cohort_split": false,
    "split_source": "hidr_vita_sequential",
    "split_seed_used": "n/a",
    "split_patient_counts": {
      "train": 4233,
      "val": 1059,
      "test": 1058
    },
    "split_example_counts": {
      "train": 6256,
      "val": 1220,
      "test": 1206
    },
    "ddi_density": 0.05261303581914269,
    "ddi_upper_pairs": 448,
    "ddi_total_pairs": 8515,
    "loaded_artifacts": {
      "records": "data/processed/records_final.pkl",
      "cohort": "data/processed/cohort_mimic3.pkl",
      "ddi": "data/processed/ddi_A_final.pkl",
      "ehr": "data/processed/ehr_adj_final.pkl",
      "embeddings": "data/embeddings/code_embeddings.pt",
      "notes": "data/processed/note_embeddings_mimic3.pkl"
    }
  },
  "param_counts": {
    "visit_encoder": {
      "total": 5108993,
      "trainable": 2507009
    },
    "fusion": {
      "total": 400512,
      "trainable": 400512
    },
    "drug_gnn": {
      "total": 395008,
      "trainable": 395008
    },
    "predictor": {
      "total": 1571465,
      "trainable": 1381894
    },
    "model_total": {
      "total": 7739146,
      "trainable": 4947591
    }
  },
  "threshold_sweep": {
    "0.4": {
      "Jaccard": 0.552683,
      "Avg Meds": 23.013268,
      "Avg True Meds": 19.901327,
      "DDI Rate": 0.07909
    },
    "0.45": {
      "Jaccard": 0.553885,
      "Avg Meds": 22.474295,
      "Avg True Meds": 19.901327,
      "DDI Rate": 0.079341
    },
    "0.5": {
      "Jaccard": 0.553489,
      "Avg Meds": 21.95854,
      "Avg True Meds": 19.901327,
      "DDI Rate": 0.079407
    },
    "0.55": {
      "Jaccard": 0.552654,
      "Avg Meds": 21.472637,
      "Avg True Meds": 19.901327,
      "DDI Rate": 0.079663
    },
    "0.6": {
      "Jaccard": 0.552571,
      "Avg Meds": 20.956882,
      "Avg True Meds": 19.901327,
      "DDI Rate": 0.080092
    },
    "0.65": {
      "Jaccard": 0.552211,
      "Avg Meds": 20.446102,
      "Avg True Meds": 19.901327,
      "DDI Rate": 0.080232
    },
    "0.7": {
      "Jaccard": 0.551044,
      "Avg Meds": 19.937811,
      "Avg True Meds": 19.901327,
      "DDI Rate": 0.080656
    },
    "0.75": {
      "Jaccard": 0.549439,
      "Avg Meds": 19.392206,
      "Avg True Meds": 19.901327,
      "DDI Rate": 0.081214
    }
  },
  "calibrated_threshold": 0.7,
  "calibrated_metrics": {
    "Jaccard": 0.551044,
    "Avg Meds": 19.937811,
    "Avg True Meds": 19.901327,
    "DDI Rate": 0.080656
  },
  "config": {
    "hidden_dim": 256,
    "use_notes": true,
    "use_labs": false,
    "use_copy": true,
    "fusion_strategy": "film",
    "lab_dim": 0,
    "pos_weight_cap": 5.0,
    "use_cosine_lr": false,
    "contrastive_weight": 0.0,
    "margin_loss_weight": 0.0,
    "alignment_loss_weight": 0.1,
    "alignment_start_epoch": 1,
    "alignment_ramp_epochs": 0
  }
}