{
  "seed": 123,
  "ablation": "full",
  "mimic_version": 3,
  "mimic4_full": false,
  "cohort_tag": "mimic3",
  "best_val_jaccard": 0.5402802228927612,
  "test_metrics": {
    "Jaccard": 0.5404983758926392,
    "F1": 0.694060742855072,
    "PRAUC": 0.7841481139194718,
    "DDI Rate": 0.07918460586833902,
    "Avg Meds": 22.584577560424805,
    "Avg True Meds": 19.90132713317871,
    "Precision": 0.6630512475967407,
    "Recall": 0.7543414831161499,
    "NHJ_new": 0.28779125605758865,
    "NHJ_dropped": 0.3650447804676859,
    "CVR": 0.0
  },
  "data_diagnostics": {
    "split_mode_requested": "hidr_vita",
    "require_cohort_split": false,
    "split_source": "hidr_vita_sequential",
    "split_seed_used": "n/a",
    "split_patient_counts": {
      "train": 4233,
      "val": 1059,
      "test": 1058
    },
    "split_example_counts": {
      "train": 6256,
      "val": 1220,
      "test": 1206
    },
    "ddi_density": 0.05261303581914269,
    "ddi_upper_pairs": 448,
    "ddi_total_pairs": 8515,
    "loaded_artifacts": {
      "records": "data/processed/records_final.pkl",
      "cohort": "data/processed/cohort_mimic3.pkl",
      "ddi": "data/processed/ddi_A_final.pkl",
      "ehr": "data/processed/ehr_adj_final.pkl",
      "embeddings": "data/embeddings/code_embeddings.pt",
      "labs": "data/processed/lab_vectors_200labs.pkl"
    }
  },
  "param_counts": {
    "visit_encoder": {
      "total": 4649474,
      "trainable": 2047490
    },
    "fusion": {
      "total": 423808,
      "trainable": 423808
    },
    "drug_gnn": {
      "total": 1151776,
      "trainable": 1151776
    },
    "predictor": {
      "total": 304454,
      "trainable": 304453
    },
    "model_total": {
      "total": 6792680,
      "trainable": 4190695
    }
  },
  "threshold_sweep": {
    "0.4": {
      "Jaccard": 0.53605,
      "Avg Meds": 24.460199,
      "Avg True Meds": 19.901327,
      "DDI Rate": 0.079235
    },
    "0.45": {
      "Jaccard": 0.539018,
      "Avg Meds": 23.446102,
      "Avg True Meds": 19.901327,
      "DDI Rate": 0.079168
    },
    "0.5": {
      "Jaccard": 0.540498,
      "Avg Meds": 22.584578,
      "Avg True Meds": 19.901327,
      "DDI Rate": 0.079185
    },
    "0.55": {
      "Jaccard": 0.541216,
      "Avg Meds": 21.730515,
      "Avg True Meds": 19.901327,
      "DDI Rate": 0.079496
    },
    "0.6": {
      "Jaccard": 0.541241,
      "Avg Meds": 20.863184,
      "Avg True Meds": 19.901327,
      "DDI Rate": 0.079413
    },
    "0.65": {
      "Jaccard": 0.540658,
      "Avg Meds": 19.981758,
      "Avg True Meds": 19.901327,
      "DDI Rate": 0.07978
    },
    "0.7": {
      "Jaccard": 0.536632,
      "Avg Meds": 19.080431,
      "Avg True Meds": 19.901327,
      "DDI Rate": 0.080205
    },
    "0.75": {
      "Jaccard": 0.531681,
      "Avg Meds": 18.150911,
      "Avg True Meds": 19.901327,
      "DDI Rate": 0.080559
    }
  },
  "calibrated_threshold": 0.65,
  "calibrated_metrics": {
    "Jaccard": 0.540658,
    "Avg Meds": 19.981758,
    "Avg True Meds": 19.901327,
    "DDI Rate": 0.07978
  },
  "config": {
    "hidden_dim": 256,
    "use_notes": false,
    "use_labs": true,
    "use_copy": false,
    "fusion_strategy": "film",
    "lab_dim": 400,
    "pos_weight_cap": 5.0,
    "use_cosine_lr": false,
    "contrastive_weight": 0.0,
    "margin_loss_weight": 0.0,
    "alignment_loss_weight": 0.1,
    "alignment_start_epoch": 1,
    "alignment_ramp_epochs": 0
  }
}