{
  "seed": 456,
  "ablation": "full",
  "mimic_version": 3,
  "mimic4_full": false,
  "cohort_tag": "mimic3",
  "best_val_jaccard": 0.49807673692703247,
  "test_metrics": {
    "Jaccard": 0.5000683665275574,
    "F1": 0.6586353182792664,
    "PRAUC": 0.754470008159371,
    "DDI Rate": 0.08258870610517956,
    "Avg Meds": 23.004146575927734,
    "Avg True Meds": 19.90132713317871,
    "Precision": 0.6312222480773926,
    "Recall": 0.7374897003173828,
    "NHJ_new": 0.23073848219294296,
    "NHJ_dropped": 0.2887124921146192,
    "CVR": 0.0
  },
  "data_diagnostics": {
    "split_mode_requested": "hidr_vita",
    "require_cohort_split": false,
    "split_source": "hidr_vita_sequential",
    "split_seed_used": "n/a",
    "split_patient_counts": {
      "train": 4233,
      "val": 1059,
      "test": 1058
    },
    "split_example_counts": {
      "train": 6256,
      "val": 1220,
      "test": 1206
    },
    "ddi_density": 0.05261303581914269,
    "ddi_upper_pairs": 448,
    "ddi_total_pairs": 8515,
    "loaded_artifacts": {
      "records": "data/processed/records_final.pkl",
      "cohort": "data/processed/cohort_mimic3.pkl",
      "ddi": "data/processed/ddi_A_final.pkl",
      "ehr": "data/processed/ehr_adj_final.pkl",
      "embeddings": "data/embeddings/code_embeddings.pt"
    }
  },
  "param_counts": {
    "visit_encoder": {
      "total": 4583681,
      "trainable": 1981697
    },
    "drug_gnn": {
      "total": 1974080,
      "trainable": 1974080
    },
    "predictor": {
      "total": 756998,
      "trainable": 756996
    },
    "model_total": {
      "total": 7577927,
      "trainable": 4975941
    }
  },
  "threshold_sweep": {
    "0.4": {
      "Jaccard": 0.497172,
      "Avg Meds": 25.283583,
      "Avg True Meds": 19.901327,
      "DDI Rate": 0.080685
    },
    "0.45": {
      "Jaccard": 0.499689,
      "Avg Meds": 24.111111,
      "Avg True Meds": 19.901327,
      "DDI Rate": 0.081268
    },
    "0.5": {
      "Jaccard": 0.500068,
      "Avg Meds": 23.004147,
      "Avg True Meds": 19.901327,
      "DDI Rate": 0.082589
    },
    "0.55": {
      "Jaccard": 0.500809,
      "Avg Meds": 21.997513,
      "Avg True Meds": 19.901327,
      "DDI Rate": 0.083272
    },
    "0.6": {
      "Jaccard": 0.500818,
      "Avg Meds": 20.979271,
      "Avg True Meds": 19.901327,
      "DDI Rate": 0.08426
    },
    "0.65": {
      "Jaccard": 0.499494,
      "Avg Meds": 20.04063,
      "Avg True Meds": 19.901327,
      "DDI Rate": 0.085453
    },
    "0.7": {
      "Jaccard": 0.496631,
      "Avg Meds": 19.03068,
      "Avg True Meds": 19.901327,
      "DDI Rate": 0.085798
    },
    "0.75": {
      "Jaccard": 0.492373,
      "Avg Meds": 17.926203,
      "Avg True Meds": 19.901327,
      "DDI Rate": 0.087038
    }
  },
  "calibrated_threshold": 0.65,
  "calibrated_metrics": {
    "Jaccard": 0.499494,
    "Avg Meds": 20.04063,
    "Avg True Meds": 19.901327,
    "DDI Rate": 0.085453
  },
  "config": {
    "hidden_dim": 256,
    "use_notes": false,
    "use_labs": false,
    "use_copy": false,
    "fusion_strategy": "film",
    "lab_dim": 0,
    "pos_weight_cap": 5.0,
    "use_cosine_lr": false,
    "contrastive_weight": 0.0,
    "margin_loss_weight": 0.0,
    "alignment_loss_weight": 0.1,
    "alignment_start_epoch": 1,
    "alignment_ramp_epochs": 0
  }
}