{
  "seed": 123,
  "ablation": "full",
  "mimic_version": 3,
  "mimic4_full": false,
  "cohort_tag": "mimic3",
  "best_val_jaccard": 0.5647032260894775,
  "test_metrics": {
    "Jaccard": 0.5601102709770203,
    "F1": 0.7107216715812683,
    "PRAUC": 0.7986611428494413,
    "DDI Rate": 0.07989233803742926,
    "Avg Meds": 22.940298080444336,
    "Avg True Meds": 19.90132713317871,
    "Precision": 0.6734161376953125,
    "Recall": 0.7756476402282715,
    "NHJ_new": 0.2938809041914187,
    "NHJ_dropped": 0.29168479771990524,
    "CVR": 0.0
  },
  "data_diagnostics": {
    "split_mode_requested": "hidr_vita",
    "require_cohort_split": false,
    "split_source": "hidr_vita_sequential",
    "split_seed_used": "n/a",
    "split_patient_counts": {
      "train": 4233,
      "val": 1059,
      "test": 1058
    },
    "split_example_counts": {
      "train": 6256,
      "val": 1220,
      "test": 1206
    },
    "ddi_density": 0.05261303581914269,
    "ddi_upper_pairs": 448,
    "ddi_total_pairs": 8515,
    "loaded_artifacts": {
      "records": "data/processed/records_final.pkl",
      "cohort": "data/processed/cohort_mimic3.pkl",
      "ddi": "data/processed/ddi_A_final.pkl",
      "ehr": "data/processed/ehr_adj_final.pkl",
      "embeddings": "data/embeddings/code_embeddings.pt",
      "notes": "data/processed/note_embeddings_mimic3.pkl",
      "labs": "data/processed/lab_vectors_200labs.pkl"
    }
  },
  "param_counts": {
    "visit_encoder": {
      "total": 4649474,
      "trainable": 2047490
    },
    "fusion": {
      "total": 423808,
      "trainable": 423808
    },
    "drug_gnn": {
      "total": 1151776,
      "trainable": 1151776
    },
    "predictor": {
      "total": 559560,
      "trainable": 559560
    },
    "model_total": {
      "total": 7047786,
      "trainable": 4445802
    }
  },
  "threshold_sweep": {
    "0.4": {
      "Jaccard": 0.555158,
      "Avg Meds": 24.604477,
      "Avg True Meds": 19.901327,
      "DDI Rate": 0.080578
    },
    "0.45": {
      "Jaccard": 0.559167,
      "Avg Meds": 23.762024,
      "Avg True Meds": 19.901327,
      "DDI Rate": 0.080363
    },
    "0.5": {
      "Jaccard": 0.56011,
      "Avg Meds": 22.940298,
      "Avg True Meds": 19.901327,
      "DDI Rate": 0.079892
    },
    "0.55": {
      "Jaccard": 0.56151,
      "Avg Meds": 22.128525,
      "Avg True Meds": 19.901327,
      "DDI Rate": 0.079731
    },
    "0.6": {
      "Jaccard": 0.561995,
      "Avg Meds": 21.344942,
      "Avg True Meds": 19.901327,
      "DDI Rate": 0.079507
    },
    "0.65": {
      "Jaccard": 0.561309,
      "Avg Meds": 20.596186,
      "Avg True Meds": 19.901327,
      "DDI Rate": 0.079426
    },
    "0.7": {
      "Jaccard": 0.559751,
      "Avg Meds": 19.77529,
      "Avg True Meds": 19.901327,
      "DDI Rate": 0.079219
    },
    "0.75": {
      "Jaccard": 0.555083,
      "Avg Meds": 18.907961,
      "Avg True Meds": 19.901327,
      "DDI Rate": 0.079085
    }
  },
  "calibrated_threshold": 0.7,
  "calibrated_metrics": {
    "Jaccard": 0.559751,
    "Avg Meds": 19.77529,
    "Avg True Meds": 19.901327,
    "DDI Rate": 0.079219
  },
  "config": {
    "hidden_dim": 256,
    "use_notes": true,
    "use_labs": true,
    "use_copy": true,
    "fusion_strategy": "film",
    "lab_dim": 400,
    "pos_weight_cap": 5.0,
    "use_cosine_lr": false,
    "contrastive_weight": 0.0,
    "margin_loss_weight": 0.0,
    "alignment_loss_weight": 0.1,
    "alignment_start_epoch": 1,
    "alignment_ramp_epochs": 0
  }
}