{
  "seed": 456,
  "ablation": "full",
  "mimic_version": 3,
  "mimic4_full": false,
  "cohort_tag": "mimic3",
  "best_val_jaccard": 0.5554300546646118,
  "test_metrics": {
    "Jaccard": 0.5550052523612976,
    "F1": 0.7059314250946045,
    "PRAUC": 0.7917771367568734,
    "DDI Rate": 0.0817866490304787,
    "Avg Meds": 21.474294662475586,
    "Avg True Meds": 19.90132713317871,
    "Precision": 0.6862022280693054,
    "Recall": 0.7542679309844971,
    "NHJ_new": 0.28003697567864466,
    "NHJ_dropped": 0.3286417863870922,
    "CVR": 0.0
  },
  "data_diagnostics": {
    "split_mode_requested": "hidr_vita",
    "require_cohort_split": false,
    "split_source": "hidr_vita_sequential",
    "split_seed_used": "n/a",
    "split_patient_counts": {
      "train": 4233,
      "val": 1059,
      "test": 1058
    },
    "split_example_counts": {
      "train": 6256,
      "val": 1220,
      "test": 1206
    },
    "ddi_density": 0.05261303581914269,
    "ddi_upper_pairs": 448,
    "ddi_total_pairs": 8515,
    "loaded_artifacts": {
      "records": "data/processed/records_final.pkl",
      "cohort": "data/processed/cohort_mimic3.pkl",
      "ddi": "data/processed/ddi_A_final.pkl",
      "ehr": "data/processed/ehr_adj_final.pkl",
      "embeddings": "data/embeddings/code_embeddings.pt",
      "notes": "data/processed/note_embeddings_mimic3.pkl"
    }
  },
  "param_counts": {
    "visit_encoder": {
      "total": 5108993,
      "trainable": 2507009
    },
    "fusion": {
      "total": 400512,
      "trainable": 400512
    },
    "drug_gnn": {
      "total": 395008,
      "trainable": 395008
    },
    "predictor": {
      "total": 1381895,
      "trainable": 1381894
    },
    "model_total": {
      "total": 7549576,
      "trainable": 4947591
    }
  },
  "threshold_sweep": {
    "0.4": {
      "Jaccard": 0.554932,
      "Avg Meds": 22.515755,
      "Avg True Meds": 19.901327,
      "DDI Rate": 0.081206
    },
    "0.45": {
      "Jaccard": 0.555291,
      "Avg Meds": 21.980928,
      "Avg True Meds": 19.901327,
      "DDI Rate": 0.081445
    },
    "0.5": {
      "Jaccard": 0.555005,
      "Avg Meds": 21.474295,
      "Avg True Meds": 19.901327,
      "DDI Rate": 0.081787
    },
    "0.55": {
      "Jaccard": 0.55463,
      "Avg Meds": 21.009951,
      "Avg True Meds": 19.901327,
      "DDI Rate": 0.082331
    },
    "0.6": {
      "Jaccard": 0.554964,
      "Avg Meds": 20.563847,
      "Avg True Meds": 19.901327,
      "DDI Rate": 0.082545
    },
    "0.65": {
      "Jaccard": 0.554574,
      "Avg Meds": 20.067993,
      "Avg True Meds": 19.901327,
      "DDI Rate": 0.082783
    },
    "0.7": {
      "Jaccard": 0.552716,
      "Avg Meds": 19.559702,
      "Avg True Meds": 19.901327,
      "DDI Rate": 0.083201
    },
    "0.75": {
      "Jaccard": 0.550077,
      "Avg Meds": 19.050581,
      "Avg True Meds": 19.901327,
      "DDI Rate": 0.083609
    }
  },
  "calibrated_threshold": 0.65,
  "calibrated_metrics": {
    "Jaccard": 0.554574,
    "Avg Meds": 20.067993,
    "Avg True Meds": 19.901327,
    "DDI Rate": 0.082783
  },
  "config": {
    "hidden_dim": 256,
    "use_notes": true,
    "use_labs": false,
    "use_copy": false,
    "fusion_strategy": "film",
    "lab_dim": 0,
    "pos_weight_cap": 5.0,
    "use_cosine_lr": false,
    "contrastive_weight": 0.0,
    "margin_loss_weight": 0.0,
    "alignment_loss_weight": 0.1,
    "alignment_start_epoch": 1,
    "alignment_ramp_epochs": 0
  }
}