{
  "seed": 456,
  "ablation": "full",
  "mimic_version": 3,
  "mimic4_full": false,
  "cohort_tag": "mimic3",
  "best_val_jaccard": 0.540982186794281,
  "test_metrics": {
    "Jaccard": 0.5411527156829834,
    "F1": 0.6943389773368835,
    "PRAUC": 0.7825911710632925,
    "DDI Rate": 0.08038586227987057,
    "Avg Meds": 22.31426239013672,
    "Avg True Meds": 19.90132713317871,
    "Precision": 0.6662048101425171,
    "Recall": 0.7518260478973389,
    "NHJ_new": 0.28639181977824163,
    "NHJ_dropped": 0.36225029512455587,
    "CVR": 0.0
  },
  "data_diagnostics": {
    "split_mode_requested": "hidr_vita",
    "require_cohort_split": false,
    "split_source": "hidr_vita_sequential",
    "split_seed_used": "n/a",
    "split_patient_counts": {
      "train": 4233,
      "val": 1059,
      "test": 1058
    },
    "split_example_counts": {
      "train": 6256,
      "val": 1220,
      "test": 1206
    },
    "ddi_density": 0.05261303581914269,
    "ddi_upper_pairs": 448,
    "ddi_total_pairs": 8515,
    "loaded_artifacts": {
      "records": "data/processed/records_final.pkl",
      "cohort": "data/processed/cohort_mimic3.pkl",
      "ddi": "data/processed/ddi_A_final.pkl",
      "ehr": "data/processed/ehr_adj_final.pkl",
      "embeddings": "data/embeddings/code_embeddings.pt",
      "labs": "data/processed/lab_vectors_150labs.pkl"
    }
  },
  "param_counts": {
    "visit_encoder": {
      "total": 4649474,
      "trainable": 2047490
    },
    "fusion": {
      "total": 417408,
      "trainable": 417408
    },
    "drug_gnn": {
      "total": 1151776,
      "trainable": 1151776
    },
    "predictor": {
      "total": 298054,
      "trainable": 298053
    },
    "model_total": {
      "total": 6779880,
      "trainable": 4177895
    }
  },
  "threshold_sweep": {
    "0.4": {
      "Jaccard": 0.536016,
      "Avg Meds": 23.992537,
      "Avg True Meds": 19.901327,
      "DDI Rate": 0.079499
    },
    "0.45": {
      "Jaccard": 0.540028,
      "Avg Meds": 23.128525,
      "Avg True Meds": 19.901327,
      "DDI Rate": 0.079766
    },
    "0.5": {
      "Jaccard": 0.541153,
      "Avg Meds": 22.314262,
      "Avg True Meds": 19.901327,
      "DDI Rate": 0.080386
    },
    "0.55": {
      "Jaccard": 0.540427,
      "Avg Meds": 21.554726,
      "Avg True Meds": 19.901327,
      "DDI Rate": 0.080714
    },
    "0.6": {
      "Jaccard": 0.540493,
      "Avg Meds": 20.781923,
      "Avg True Meds": 19.901327,
      "DDI Rate": 0.0814
    },
    "0.65": {
      "Jaccard": 0.539463,
      "Avg Meds": 19.986732,
      "Avg True Meds": 19.901327,
      "DDI Rate": 0.08181
    },
    "0.7": {
      "Jaccard": 0.538096,
      "Avg Meds": 19.207296,
      "Avg True Meds": 19.901327,
      "DDI Rate": 0.082321
    },
    "0.75": {
      "Jaccard": 0.53443,
      "Avg Meds": 18.378939,
      "Avg True Meds": 19.901327,
      "DDI Rate": 0.082832
    }
  },
  "calibrated_threshold": 0.65,
  "calibrated_metrics": {
    "Jaccard": 0.539463,
    "Avg Meds": 19.986732,
    "Avg True Meds": 19.901327,
    "DDI Rate": 0.08181
  },
  "config": {
    "hidden_dim": 256,
    "use_notes": false,
    "use_labs": true,
    "use_copy": false,
    "fusion_strategy": "film",
    "lab_dim": 300,
    "pos_weight_cap": 5.0,
    "use_cosine_lr": false,
    "contrastive_weight": 0.0,
    "margin_loss_weight": 0.0,
    "alignment_loss_weight": 0.1,
    "alignment_start_epoch": 1,
    "alignment_ramp_epochs": 0
  }
}