{
  "seed": 123,
  "ablation": "full",
  "mimic_version": 3,
  "mimic4_full": false,
  "cohort_tag": "mimic3",
  "best_val_jaccard": 0.5523343682289124,
  "test_metrics": {
    "Jaccard": 0.5538578033447266,
    "F1": 0.7049091458320618,
    "PRAUC": 0.7859466209392073,
    "DDI Rate": 0.07956174482899857,
    "Avg Meds": 21.97844123840332,
    "Avg True Meds": 19.90132713317871,
    "Precision": 0.6785191893577576,
    "Recall": 0.7589173316955566,
    "NHJ_new": 0.2735315027989839,
    "NHJ_dropped": 0.3106574965150733,
    "CVR": 0.0
  },
  "data_diagnostics": {
    "split_mode_requested": "hidr_vita",
    "require_cohort_split": false,
    "split_source": "hidr_vita_sequential",
    "split_seed_used": "n/a",
    "split_patient_counts": {
      "train": 4233,
      "val": 1059,
      "test": 1058
    },
    "split_example_counts": {
      "train": 6256,
      "val": 1220,
      "test": 1206
    },
    "ddi_density": 0.05261303581914269,
    "ddi_upper_pairs": 448,
    "ddi_total_pairs": 8515,
    "loaded_artifacts": {
      "records": "data/processed/records_final.pkl",
      "cohort": "data/processed/cohort_mimic3.pkl",
      "ddi": "data/processed/ddi_A_final.pkl",
      "ehr": "data/processed/ehr_adj_final.pkl",
      "embeddings": "data/embeddings/code_embeddings.pt",
      "labs": "data/processed/lab_vectors_200labs.pkl"
    }
  },
  "param_counts": {
    "visit_encoder": {
      "total": 5108993,
      "trainable": 2507009
    },
    "fusion": {
      "total": 423808,
      "trainable": 423808
    },
    "drug_gnn": {
      "total": 395008,
      "trainable": 395008
    },
    "predictor": {
      "total": 1358407,
      "trainable": 1358406
    },
    "model_total": {
      "total": 7549384,
      "trainable": 4947399
    }
  },
  "threshold_sweep": {
    "0.4": {
      "Jaccard": 0.553099,
      "Avg Meds": 22.98922,
      "Avg True Meds": 19.901327,
      "DDI Rate": 0.078471
    },
    "0.45": {
      "Jaccard": 0.553831,
      "Avg Meds": 22.505804,
      "Avg True Meds": 19.901327,
      "DDI Rate": 0.079227
    },
    "0.5": {
      "Jaccard": 0.553858,
      "Avg Meds": 21.978441,
      "Avg True Meds": 19.901327,
      "DDI Rate": 0.079562
    },
    "0.55": {
      "Jaccard": 0.553978,
      "Avg Meds": 21.480099,
      "Avg True Meds": 19.901327,
      "DDI Rate": 0.08021
    },
    "0.6": {
      "Jaccard": 0.553194,
      "Avg Meds": 21.022388,
      "Avg True Meds": 19.901327,
      "DDI Rate": 0.080733
    },
    "0.65": {
      "Jaccard": 0.552123,
      "Avg Meds": 20.550581,
      "Avg True Meds": 19.901327,
      "DDI Rate": 0.081072
    },
    "0.7": {
      "Jaccard": 0.551011,
      "Avg Meds": 20.056385,
      "Avg True Meds": 19.901327,
      "DDI Rate": 0.081335
    },
    "0.75": {
      "Jaccard": 0.548775,
      "Avg Meds": 19.53068,
      "Avg True Meds": 19.901327,
      "DDI Rate": 0.081906
    }
  },
  "calibrated_threshold": 0.7,
  "calibrated_metrics": {
    "Jaccard": 0.551011,
    "Avg Meds": 20.056385,
    "Avg True Meds": 19.901327,
    "DDI Rate": 0.081335
  },
  "config": {
    "hidden_dim": 256,
    "use_notes": false,
    "use_labs": true,
    "use_copy": false,
    "fusion_strategy": "film",
    "lab_dim": 400,
    "pos_weight_cap": 5.0,
    "use_cosine_lr": false,
    "contrastive_weight": 0.0,
    "margin_loss_weight": 0.0,
    "alignment_loss_weight": 0.1,
    "alignment_start_epoch": 1,
    "alignment_ramp_epochs": 0
  }
}