{
  "seed": 123,
  "ablation": "full",
  "mimic_version": 3,
  "mimic4_full": false,
  "cohort_tag": "mimic3",
  "best_val_jaccard": 0.5492584705352783,
  "test_metrics": {
    "Jaccard": 0.5520989894866943,
    "F1": 0.7036141753196716,
    "PRAUC": 0.7919533585680819,
    "DDI Rate": 0.08300678812139042,
    "Avg Meds": 22.946931838989258,
    "Avg True Meds": 19.90132713317871,
    "Precision": 0.6650251746177673,
    "Recall": 0.7740694880485535,
    "NHJ_new": 0.27912970671528264,
    "NHJ_dropped": 0.29642332855023834,
    "CVR": 0.0
  },
  "data_diagnostics": {
    "split_mode_requested": "hidr_vita",
    "require_cohort_split": false,
    "split_source": "hidr_vita_sequential",
    "split_seed_used": "n/a",
    "split_patient_counts": {
      "train": 4233,
      "val": 1059,
      "test": 1058
    },
    "split_example_counts": {
      "train": 6256,
      "val": 1220,
      "test": 1206
    },
    "ddi_density": 0.05261303581914269,
    "ddi_upper_pairs": 448,
    "ddi_total_pairs": 8515,
    "loaded_artifacts": {
      "records": "data/processed/records_final.pkl",
      "cohort": "data/processed/cohort_mimic3.pkl",
      "ddi": "data/processed/ddi_A_final.pkl",
      "ehr": "data/processed/ehr_adj_final.pkl",
      "embeddings": "data/embeddings/code_embeddings.pt",
      "labs": "data/processed/lab_vectors_200labs.pkl"
    }
  },
  "param_counts": {
    "visit_encoder": {
      "total": 4583681,
      "trainable": 1981697
    },
    "fusion": {
      "total": 423808,
      "trainable": 423808
    },
    "drug_gnn": {
      "total": 1974080,
      "trainable": 1974080
    },
    "predictor": {
      "total": 832327,
      "trainable": 832326
    },
    "model_total": {
      "total": 8077064,
      "trainable": 5475079
    }
  },
  "threshold_sweep": {
    "0.4": {
      "Jaccard": 0.548133,
      "Avg Meds": 24.307629,
      "Avg True Meds": 19.901327,
      "DDI Rate": 0.081217
    },
    "0.45": {
      "Jaccard": 0.549332,
      "Avg Meds": 23.636816,
      "Avg True Meds": 19.901327,
      "DDI Rate": 0.082058
    },
    "0.5": {
      "Jaccard": 0.552099,
      "Avg Meds": 22.946932,
      "Avg True Meds": 19.901327,
      "DDI Rate": 0.083007
    },
    "0.55": {
      "Jaccard": 0.553308,
      "Avg Meds": 22.261194,
      "Avg True Meds": 19.901327,
      "DDI Rate": 0.083904
    },
    "0.6": {
      "Jaccard": 0.55234,
      "Avg Meds": 21.597843,
      "Avg True Meds": 19.901327,
      "DDI Rate": 0.08428
    },
    "0.65": {
      "Jaccard": 0.551234,
      "Avg Meds": 20.941957,
      "Avg True Meds": 19.901327,
      "DDI Rate": 0.08538
    },
    "0.7": {
      "Jaccard": 0.549639,
      "Avg Meds": 20.196518,
      "Avg True Meds": 19.901327,
      "DDI Rate": 0.086252
    },
    "0.75": {
      "Jaccard": 0.547843,
      "Avg Meds": 19.422886,
      "Avg True Meds": 19.901327,
      "DDI Rate": 0.086804
    }
  },
  "calibrated_threshold": 0.7,
  "calibrated_metrics": {
    "Jaccard": 0.549639,
    "Avg Meds": 20.196518,
    "Avg True Meds": 19.901327,
    "DDI Rate": 0.086252
  },
  "config": {
    "hidden_dim": 256,
    "use_notes": false,
    "use_labs": true,
    "use_copy": false,
    "fusion_strategy": "film",
    "lab_dim": 400,
    "pos_weight_cap": 5.0,
    "use_cosine_lr": false,
    "contrastive_weight": 0.0,
    "margin_loss_weight": 0.0,
    "alignment_loss_weight": 0.1,
    "alignment_start_epoch": 1,
    "alignment_ramp_epochs": 0
  }
}