{
  "seed": 456,
  "ablation": "full",
  "mimic_version": 3,
  "mimic4_full": false,
  "cohort_tag": "mimic3",
  "best_val_jaccard": 0.502963125705719,
  "test_metrics": {
    "Jaccard": 0.503067672252655,
    "F1": 0.6614147424697876,
    "PRAUC": 0.7535908756159684,
    "DDI Rate": 0.080641999724991,
    "Avg Meds": 23.486732482910156,
    "Avg True Meds": 19.90132713317871,
    "Precision": 0.627565324306488,
    "Recall": 0.74578458070755,
    "NHJ_new": 0.23743599339535362,
    "NHJ_dropped": 0.28997286134644557,
    "CVR": 0.0
  },
  "data_diagnostics": {
    "split_mode_requested": "hidr_vita",
    "require_cohort_split": false,
    "split_source": "hidr_vita_sequential",
    "split_seed_used": "n/a",
    "split_patient_counts": {
      "train": 4233,
      "val": 1059,
      "test": 1058
    },
    "split_example_counts": {
      "train": 6256,
      "val": 1220,
      "test": 1206
    },
    "ddi_density": 0.05261303581914269,
    "ddi_upper_pairs": 448,
    "ddi_total_pairs": 8515,
    "loaded_artifacts": {
      "records": "data/processed/records_final.pkl",
      "cohort": "data/processed/cohort_mimic3.pkl",
      "ddi": "data/processed/ddi_A_final.pkl",
      "ehr": "data/processed/ehr_adj_final.pkl",
      "embeddings": "data/embeddings/code_embeddings.pt"
    }
  },
  "param_counts": {
    "visit_encoder": {
      "total": 4583681,
      "trainable": 1981697
    },
    "drug_gnn": {
      "total": 1974080,
      "trainable": 1974080
    },
    "predictor": {
      "total": 262406,
      "trainable": 262404
    },
    "model_total": {
      "total": 7083335,
      "trainable": 4481349
    }
  },
  "threshold_sweep": {
    "0.4": {
      "Jaccard": 0.498838,
      "Avg Meds": 25.984245,
      "Avg True Meds": 19.901327,
      "DDI Rate": 0.077715
    },
    "0.45": {
      "Jaccard": 0.50147,
      "Avg Meds": 24.648424,
      "Avg True Meds": 19.901327,
      "DDI Rate": 0.079414
    },
    "0.5": {
      "Jaccard": 0.503068,
      "Avg Meds": 23.486732,
      "Avg True Meds": 19.901327,
      "DDI Rate": 0.080642
    },
    "0.55": {
      "Jaccard": 0.50358,
      "Avg Meds": 22.3267,
      "Avg True Meds": 19.901327,
      "DDI Rate": 0.082211
    },
    "0.6": {
      "Jaccard": 0.503691,
      "Avg Meds": 21.184908,
      "Avg True Meds": 19.901327,
      "DDI Rate": 0.083463
    },
    "0.65": {
      "Jaccard": 0.502022,
      "Avg Meds": 20.04063,
      "Avg True Meds": 19.901327,
      "DDI Rate": 0.085212
    },
    "0.7": {
      "Jaccard": 0.498793,
      "Avg Meds": 18.913765,
      "Avg True Meds": 19.901327,
      "DDI Rate": 0.086375
    },
    "0.75": {
      "Jaccard": 0.495465,
      "Avg Meds": 17.75539,
      "Avg True Meds": 19.901327,
      "DDI Rate": 0.087797
    }
  },
  "calibrated_threshold": 0.65,
  "calibrated_metrics": {
    "Jaccard": 0.502022,
    "Avg Meds": 20.04063,
    "Avg True Meds": 19.901327,
    "DDI Rate": 0.085212
  },
  "config": {
    "hidden_dim": 256,
    "use_notes": false,
    "use_labs": false,
    "use_copy": false,
    "fusion_strategy": "film",
    "lab_dim": 0,
    "pos_weight_cap": 5.0,
    "use_cosine_lr": false,
    "contrastive_weight": 0.0,
    "margin_loss_weight": 0.0,
    "alignment_loss_weight": 0.1,
    "alignment_start_epoch": 1,
    "alignment_ramp_epochs": 0
  }
}