{
  "seed": 123,
  "ablation": "full",
  "mimic_version": 3,
  "mimic4_full": false,
  "cohort_tag": "mimic3",
  "best_val_jaccard": 0.5414867997169495,
  "test_metrics": {
    "Jaccard": 0.5396119356155396,
    "F1": 0.6933340430259705,
    "PRAUC": 0.7844569290089558,
    "DDI Rate": 0.08059418361873824,
    "Avg Meds": 22.70315170288086,
    "Avg True Meds": 19.90132713317871,
    "Precision": 0.6610454320907593,
    "Recall": 0.7562057375907898,
    "NHJ_new": 0.28705993529997376,
    "NHJ_dropped": 0.3606854896796377,
    "CVR": 0.0
  },
  "data_diagnostics": {
    "split_mode_requested": "hidr_vita",
    "require_cohort_split": false,
    "split_source": "hidr_vita_sequential",
    "split_seed_used": "n/a",
    "split_patient_counts": {
      "train": 4233,
      "val": 1059,
      "test": 1058
    },
    "split_example_counts": {
      "train": 6256,
      "val": 1220,
      "test": 1206
    },
    "ddi_density": 0.05261303581914269,
    "ddi_upper_pairs": 448,
    "ddi_total_pairs": 8515,
    "loaded_artifacts": {
      "records": "data/processed/records_final.pkl",
      "cohort": "data/processed/cohort_mimic3.pkl",
      "ddi": "data/processed/ddi_A_final.pkl",
      "ehr": "data/processed/ehr_adj_final.pkl",
      "embeddings": "data/embeddings/code_embeddings.pt",
      "labs": "data/processed/lab_vectors_200labs.pkl"
    }
  },
  "param_counts": {
    "visit_encoder": {
      "total": 4649474,
      "trainable": 2047490
    },
    "fusion": {
      "total": 423808,
      "trainable": 423808
    },
    "drug_gnn": {
      "total": 1151776,
      "trainable": 1151776
    },
    "predictor": {
      "total": 304454,
      "trainable": 304453
    },
    "model_total": {
      "total": 6792680,
      "trainable": 4190695
    }
  },
  "threshold_sweep": {
    "0.4": {
      "Jaccard": 0.536751,
      "Avg Meds": 24.407131,
      "Avg True Meds": 19.901327,
      "DDI Rate": 0.080293
    },
    "0.45": {
      "Jaccard": 0.538336,
      "Avg Meds": 23.54063,
      "Avg True Meds": 19.901327,
      "DDI Rate": 0.080317
    },
    "0.5": {
      "Jaccard": 0.539612,
      "Avg Meds": 22.703152,
      "Avg True Meds": 19.901327,
      "DDI Rate": 0.080594
    },
    "0.55": {
      "Jaccard": 0.541298,
      "Avg Meds": 21.896351,
      "Avg True Meds": 19.901327,
      "DDI Rate": 0.080785
    },
    "0.6": {
      "Jaccard": 0.542324,
      "Avg Meds": 21.100332,
      "Avg True Meds": 19.901327,
      "DDI Rate": 0.080976
    },
    "0.65": {
      "Jaccard": 0.540114,
      "Avg Meds": 20.309286,
      "Avg True Meds": 19.901327,
      "DDI Rate": 0.08163
    },
    "0.7": {
      "Jaccard": 0.537789,
      "Avg Meds": 19.468491,
      "Avg True Meds": 19.901327,
      "DDI Rate": 0.082038
    },
    "0.75": {
      "Jaccard": 0.53393,
      "Avg Meds": 18.603649,
      "Avg True Meds": 19.901327,
      "DDI Rate": 0.082165
    }
  },
  "calibrated_threshold": 0.65,
  "calibrated_metrics": {
    "Jaccard": 0.540114,
    "Avg Meds": 20.309286,
    "Avg True Meds": 19.901327,
    "DDI Rate": 0.08163
  },
  "config": {
    "hidden_dim": 256,
    "use_notes": false,
    "use_labs": true,
    "use_copy": false,
    "fusion_strategy": "film",
    "lab_dim": 400,
    "pos_weight_cap": 5.0,
    "use_cosine_lr": false,
    "contrastive_weight": 0.0,
    "margin_loss_weight": 0.0,
    "alignment_loss_weight": 0.1,
    "alignment_start_epoch": 1,
    "alignment_ramp_epochs": 0
  }
}