{
  "seed": 123,
  "ablation": "full",
  "mimic_version": 3,
  "mimic4_full": false,
  "cohort_tag": "mimic3",
  "best_val_jaccard": 0.5444000959396362,
  "test_metrics": {
    "Jaccard": 0.542021632194519,
    "F1": 0.6954230070114136,
    "PRAUC": 0.7864176886757981,
    "DDI Rate": 0.0797123538616523,
    "Avg Meds": 23.454395294189453,
    "Avg True Meds": 19.90132713317871,
    "Precision": 0.6509113907814026,
    "Recall": 0.7748206853866577,
    "NHJ_new": 0.2963924266790089,
    "NHJ_dropped": 0.3382966753683592,
    "CVR": 0.0
  },
  "data_diagnostics": {
    "split_mode_requested": "hidr_vita",
    "require_cohort_split": false,
    "split_source": "hidr_vita_sequential",
    "split_seed_used": "n/a",
    "split_patient_counts": {
      "train": 4233,
      "val": 1059,
      "test": 1058
    },
    "split_example_counts": {
      "train": 6256,
      "val": 1220,
      "test": 1206
    },
    "ddi_density": 0.05261303581914269,
    "ddi_upper_pairs": 448,
    "ddi_total_pairs": 8515,
    "loaded_artifacts": {
      "records": "data/processed/records_final.pkl",
      "cohort": "data/processed/cohort_mimic3.pkl",
      "ddi": "data/processed/ddi_A_final.pkl",
      "ehr": "data/processed/ehr_adj_final.pkl",
      "embeddings": "data/embeddings/code_embeddings.pt",
      "notes": "data/processed/note_embeddings_mimic3.pkl"
    }
  },
  "param_counts": {
    "visit_encoder": {
      "total": 4649474,
      "trainable": 2047490
    },
    "fusion": {
      "total": 400512,
      "trainable": 400512
    },
    "drug_gnn": {
      "total": 1151776,
      "trainable": 1151776
    },
    "predictor": {
      "total": 327942,
      "trainable": 327941
    },
    "model_total": {
      "total": 6792872,
      "trainable": 4190887
    }
  },
  "threshold_sweep": {
    "0.4": {
      "Jaccard": 0.534464,
      "Avg Meds": 25.221394,
      "Avg True Meds": 19.901327,
      "DDI Rate": 0.078902
    },
    "0.45": {
      "Jaccard": 0.539527,
      "Avg Meds": 24.323383,
      "Avg True Meds": 19.901327,
      "DDI Rate": 0.079289
    },
    "0.5": {
      "Jaccard": 0.542022,
      "Avg Meds": 23.454395,
      "Avg True Meds": 19.901327,
      "DDI Rate": 0.079712
    },
    "0.55": {
      "Jaccard": 0.543473,
      "Avg Meds": 22.64262,
      "Avg True Meds": 19.901327,
      "DDI Rate": 0.080181
    },
    "0.6": {
      "Jaccard": 0.544139,
      "Avg Meds": 21.801825,
      "Avg True Meds": 19.901327,
      "DDI Rate": 0.080456
    },
    "0.65": {
      "Jaccard": 0.543199,
      "Avg Meds": 20.953566,
      "Avg True Meds": 19.901327,
      "DDI Rate": 0.081157
    },
    "0.7": {
      "Jaccard": 0.542281,
      "Avg Meds": 20.151741,
      "Avg True Meds": 19.901327,
      "DDI Rate": 0.081283
    },
    "0.75": {
      "Jaccard": 0.5409,
      "Avg Meds": 19.283583,
      "Avg True Meds": 19.901327,
      "DDI Rate": 0.082011
    }
  },
  "calibrated_threshold": 0.7,
  "calibrated_metrics": {
    "Jaccard": 0.542281,
    "Avg Meds": 20.151741,
    "Avg True Meds": 19.901327,
    "DDI Rate": 0.081283
  },
  "config": {
    "hidden_dim": 256,
    "use_notes": true,
    "use_labs": false,
    "use_copy": false,
    "fusion_strategy": "film",
    "lab_dim": 0,
    "pos_weight_cap": 5.0,
    "use_cosine_lr": false,
    "contrastive_weight": 0.0,
    "margin_loss_weight": 0.0,
    "alignment_loss_weight": 0.1,
    "alignment_start_epoch": 1,
    "alignment_ramp_epochs": 0
  }
}