{
  "seed": 123,
  "ablation": "full",
  "mimic_version": 3,
  "mimic4_full": false,
  "cohort_tag": "mimic3",
  "best_val_jaccard": 0.5444012880325317,
  "test_metrics": {
    "Jaccard": 0.542023777961731,
    "F1": 0.6953012943267822,
    "PRAUC": 0.7868580815735404,
    "DDI Rate": 0.07754338337212272,
    "Avg Meds": 23.482587814331055,
    "Avg True Meds": 19.90132713317871,
    "Precision": 0.651766300201416,
    "Recall": 0.7732737064361572,
    "NHJ_new": 0.29404638237074804,
    "NHJ_dropped": 0.35561319558244003,
    "CVR": 0.0
  },
  "data_diagnostics": {
    "split_mode_requested": "hidr_vita",
    "require_cohort_split": false,
    "split_source": "hidr_vita_sequential",
    "split_seed_used": "n/a",
    "split_patient_counts": {
      "train": 4233,
      "val": 1059,
      "test": 1058
    },
    "split_example_counts": {
      "train": 6256,
      "val": 1220,
      "test": 1206
    },
    "ddi_density": 0.05261303581914269,
    "ddi_upper_pairs": 448,
    "ddi_total_pairs": 8515,
    "loaded_artifacts": {
      "records": "data/processed/records_final.pkl",
      "cohort": "data/processed/cohort_mimic3.pkl",
      "ddi": "data/processed/ddi_A_final.pkl",
      "ehr": "data/processed/ehr_adj_final.pkl",
      "embeddings": "data/embeddings/code_embeddings.pt",
      "notes": "data/processed/note_embeddings_mimic3.pkl"
    }
  },
  "param_counts": {
    "visit_encoder": {
      "total": 5108993,
      "trainable": 2507009
    },
    "fusion": {
      "total": 400512,
      "trainable": 400512
    },
    "drug_gnn": {
      "total": 1974080,
      "trainable": 1974080
    },
    "predictor": {
      "total": 327942,
      "trainable": 327941
    },
    "model_total": {
      "total": 8074695,
      "trainable": 5472710
    }
  },
  "threshold_sweep": {
    "0.4": {
      "Jaccard": 0.53469,
      "Avg Meds": 25.554726,
      "Avg True Meds": 19.901327,
      "DDI Rate": 0.07746
    },
    "0.45": {
      "Jaccard": 0.538673,
      "Avg Meds": 24.502487,
      "Avg True Meds": 19.901327,
      "DDI Rate": 0.077399
    },
    "0.5": {
      "Jaccard": 0.542024,
      "Avg Meds": 23.482588,
      "Avg True Meds": 19.901327,
      "DDI Rate": 0.077543
    },
    "0.55": {
      "Jaccard": 0.543646,
      "Avg Meds": 22.539801,
      "Avg True Meds": 19.901327,
      "DDI Rate": 0.077804
    },
    "0.6": {
      "Jaccard": 0.545159,
      "Avg Meds": 21.600332,
      "Avg True Meds": 19.901327,
      "DDI Rate": 0.07827
    },
    "0.65": {
      "Jaccard": 0.544201,
      "Avg Meds": 20.644279,
      "Avg True Meds": 19.901327,
      "DDI Rate": 0.078528
    },
    "0.7": {
      "Jaccard": 0.543755,
      "Avg Meds": 19.704809,
      "Avg True Meds": 19.901327,
      "DDI Rate": 0.079236
    },
    "0.75": {
      "Jaccard": 0.540111,
      "Avg Meds": 18.691542,
      "Avg True Meds": 19.901327,
      "DDI Rate": 0.079287
    }
  },
  "calibrated_threshold": 0.7,
  "calibrated_metrics": {
    "Jaccard": 0.543755,
    "Avg Meds": 19.704809,
    "Avg True Meds": 19.901327,
    "DDI Rate": 0.079236
  },
  "config": {
    "hidden_dim": 256,
    "use_notes": true,
    "use_labs": false,
    "use_copy": false,
    "fusion_strategy": "film",
    "lab_dim": 0,
    "pos_weight_cap": 5.0,
    "use_cosine_lr": false,
    "contrastive_weight": 0.0,
    "margin_loss_weight": 0.0,
    "alignment_loss_weight": 0.1,
    "alignment_start_epoch": 1,
    "alignment_ramp_epochs": 0
  }
}