{
  "seed": 42,
  "ablation": "full",
  "mimic_version": 3,
  "mimic4_full": false,
  "cohort_tag": "mimic3",
  "best_val_jaccard": 0.5527799129486084,
  "test_metrics": {
    "Jaccard": 0.5484194159507751,
    "F1": 0.7010094523429871,
    "PRAUC": 0.7916299365871103,
    "DDI Rate": 0.07967569376863429,
    "Avg Meds": 22.47844123840332,
    "Avg True Meds": 19.90132713317871,
    "Precision": 0.6685499548912048,
    "Recall": 0.7594881057739258,
    "NHJ_new": 0.30843056110959305,
    "NHJ_dropped": 0.3939488687013325,
    "CVR": 0.0
  },
  "data_diagnostics": {
    "split_mode_requested": "hidr_vita",
    "require_cohort_split": false,
    "split_source": "hidr_vita_sequential",
    "split_seed_used": "n/a",
    "split_patient_counts": {
      "train": 4233,
      "val": 1059,
      "test": 1058
    },
    "split_example_counts": {
      "train": 6256,
      "val": 1220,
      "test": 1206
    },
    "ddi_density": 0.05261303581914269,
    "ddi_upper_pairs": 448,
    "ddi_total_pairs": 8515,
    "loaded_artifacts": {
      "records": "data/processed/records_final.pkl",
      "cohort": "data/processed/cohort_mimic3.pkl",
      "ddi": "data/processed/ddi_A_final.pkl",
      "ehr": "data/processed/ehr_adj_final.pkl",
      "embeddings": "data/embeddings/code_embeddings.pt",
      "notes": "data/processed/note_embeddings_mimic3.pkl",
      "labs": "data/processed/lab_vectors_200labs.pkl"
    }
  },
  "param_counts": {
    "visit_encoder": {
      "total": 4583681,
      "trainable": 1981697
    },
    "fusion": {
      "total": 423808,
      "trainable": 423808
    },
    "drug_gnn": {
      "total": 395008,
      "trainable": 395008
    },
    "predictor": {
      "total": 369990,
      "trainable": 369990
    },
    "model_total": {
      "total": 6035655,
      "trainable": 3433671
    }
  },
  "threshold_sweep": {
    "0.4": {
      "Jaccard": 0.545971,
      "Avg Meds": 24.050581,
      "Avg True Meds": 19.901327,
      "DDI Rate": 0.079456
    },
    "0.45": {
      "Jaccard": 0.547277,
      "Avg Meds": 23.28441,
      "Avg True Meds": 19.901327,
      "DDI Rate": 0.079563
    },
    "0.5": {
      "Jaccard": 0.548419,
      "Avg Meds": 22.478441,
      "Avg True Meds": 19.901327,
      "DDI Rate": 0.079676
    },
    "0.55": {
      "Jaccard": 0.551278,
      "Avg Meds": 21.733002,
      "Avg True Meds": 19.901327,
      "DDI Rate": 0.079418
    },
    "0.6": {
      "Jaccard": 0.552132,
      "Avg Meds": 21.004974,
      "Avg True Meds": 19.901327,
      "DDI Rate": 0.080069
    },
    "0.65": {
      "Jaccard": 0.551225,
      "Avg Meds": 20.24461,
      "Avg True Meds": 19.901327,
      "DDI Rate": 0.080066
    },
    "0.7": {
      "Jaccard": 0.548633,
      "Avg Meds": 19.474295,
      "Avg True Meds": 19.901327,
      "DDI Rate": 0.08031
    },
    "0.75": {
      "Jaccard": 0.545922,
      "Avg Meds": 18.666666,
      "Avg True Meds": 19.901327,
      "DDI Rate": 0.080381
    }
  },
  "calibrated_threshold": 0.65,
  "calibrated_metrics": {
    "Jaccard": 0.551225,
    "Avg Meds": 20.24461,
    "Avg True Meds": 19.901327,
    "DDI Rate": 0.080066
  },
  "config": {
    "hidden_dim": 256,
    "use_notes": true,
    "use_labs": true,
    "use_copy": false,
    "fusion_strategy": "film",
    "lab_dim": 400,
    "pos_weight_cap": 5.0,
    "use_cosine_lr": false,
    "contrastive_weight": 0.0,
    "margin_loss_weight": 0.0,
    "alignment_loss_weight": 0.1,
    "alignment_start_epoch": 1,
    "alignment_ramp_epochs": 0
  }
}