{
  "seed": 123,
  "ablation": "full",
  "mimic_version": 3,
  "mimic4_full": false,
  "cohort_tag": "mimic3",
  "best_val_jaccard": 0.5637255907058716,
  "test_metrics": {
    "Jaccard": 0.5618427395820618,
    "F1": 0.7119330167770386,
    "PRAUC": 0.7980939828053262,
    "DDI Rate": 0.08084197132207743,
    "Avg Meds": 22.789386749267578,
    "Avg True Meds": 19.90132713317871,
    "Precision": 0.6751212477684021,
    "Recall": 0.7761491537094116,
    "NHJ_new": 0.28791077670298126,
    "NHJ_dropped": 0.2653413767877378,
    "CVR": 0.0
  },
  "data_diagnostics": {
    "split_mode_requested": "hidr_vita",
    "require_cohort_split": false,
    "split_source": "hidr_vita_sequential",
    "split_seed_used": "n/a",
    "split_patient_counts": {
      "train": 4233,
      "val": 1059,
      "test": 1058
    },
    "split_example_counts": {
      "train": 6256,
      "val": 1220,
      "test": 1206
    },
    "ddi_density": 0.05261303581914269,
    "ddi_upper_pairs": 448,
    "ddi_total_pairs": 8515,
    "loaded_artifacts": {
      "records": "data/processed/records_final.pkl",
      "cohort": "data/processed/cohort_mimic3.pkl",
      "ddi": "data/processed/ddi_A_final.pkl",
      "ehr": "data/processed/ehr_adj_final.pkl",
      "embeddings": "data/embeddings/code_embeddings.pt",
      "notes": "data/processed/note_embeddings_mimic3.pkl",
      "labs": "data/processed/lab_vectors_200labs.pkl"
    }
  },
  "param_counts": {
    "visit_encoder": {
      "total": 4583681,
      "trainable": 1981697
    },
    "fusion": {
      "total": 423808,
      "trainable": 423808
    },
    "drug_gnn": {
      "total": 1316608,
      "trainable": 1316608
    },
    "predictor": {
      "total": 559560,
      "trainable": 559560
    },
    "model_total": {
      "total": 7146825,
      "trainable": 4544841
    }
  },
  "threshold_sweep": {
    "0.4": {
      "Jaccard": 0.558142,
      "Avg Meds": 24.431177,
      "Avg True Meds": 19.901327,
      "DDI Rate": 0.081037
    },
    "0.45": {
      "Jaccard": 0.561023,
      "Avg Meds": 23.605307,
      "Avg True Meds": 19.901327,
      "DDI Rate": 0.080825
    },
    "0.5": {
      "Jaccard": 0.561843,
      "Avg Meds": 22.789387,
      "Avg True Meds": 19.901327,
      "DDI Rate": 0.080842
    },
    "0.55": {
      "Jaccard": 0.562848,
      "Avg Meds": 22.062189,
      "Avg True Meds": 19.901327,
      "DDI Rate": 0.080529
    },
    "0.6": {
      "Jaccard": 0.562699,
      "Avg Meds": 21.32753,
      "Avg True Meds": 19.901327,
      "DDI Rate": 0.080984
    },
    "0.65": {
      "Jaccard": 0.562926,
      "Avg Meds": 20.526533,
      "Avg True Meds": 19.901327,
      "DDI Rate": 0.080592
    },
    "0.7": {
      "Jaccard": 0.560821,
      "Avg Meds": 19.695688,
      "Avg True Meds": 19.901327,
      "DDI Rate": 0.080362
    },
    "0.75": {
      "Jaccard": 0.557672,
      "Avg Meds": 18.820896,
      "Avg True Meds": 19.901327,
      "DDI Rate": 0.08004
    }
  },
  "calibrated_threshold": 0.7,
  "calibrated_metrics": {
    "Jaccard": 0.560821,
    "Avg Meds": 19.695688,
    "Avg True Meds": 19.901327,
    "DDI Rate": 0.080362
  },
  "config": {
    "hidden_dim": 256,
    "use_notes": true,
    "use_labs": true,
    "use_copy": true,
    "fusion_strategy": "film",
    "lab_dim": 400,
    "pos_weight_cap": 5.0,
    "use_cosine_lr": false,
    "contrastive_weight": 0.0,
    "margin_loss_weight": 0.0,
    "alignment_loss_weight": 0.1,
    "alignment_start_epoch": 1,
    "alignment_ramp_epochs": 0
  }
}