{
  "seed": 456,
  "ablation": "full",
  "mimic_version": 3,
  "mimic4_full": false,
  "cohort_tag": "mimic3",
  "best_val_jaccard": 0.5403522253036499,
  "test_metrics": {
    "Jaccard": 0.5399509072303772,
    "F1": 0.6933951377868652,
    "PRAUC": 0.7812522554668335,
    "DDI Rate": 0.07948205263283925,
    "Avg Meds": 22.896350860595703,
    "Avg True Meds": 19.90132713317871,
    "Precision": 0.6579627394676208,
    "Recall": 0.7599497437477112,
    "NHJ_new": 0.28452960754695694,
    "NHJ_dropped": 0.347170574100394,
    "CVR": 0.0
  },
  "data_diagnostics": {
    "split_mode_requested": "hidr_vita",
    "require_cohort_split": false,
    "split_source": "hidr_vita_sequential",
    "split_seed_used": "n/a",
    "split_patient_counts": {
      "train": 4233,
      "val": 1059,
      "test": 1058
    },
    "split_example_counts": {
      "train": 6256,
      "val": 1220,
      "test": 1206
    },
    "ddi_density": 0.05261303581914269,
    "ddi_upper_pairs": 448,
    "ddi_total_pairs": 8515,
    "loaded_artifacts": {
      "records": "data/processed/records_final.pkl",
      "cohort": "data/processed/cohort_mimic3.pkl",
      "ddi": "data/processed/ddi_A_final.pkl",
      "ehr": "data/processed/ehr_adj_final.pkl",
      "embeddings": "data/embeddings/code_embeddings.pt",
      "labs": "data/processed/lab_vectors_200labs.pkl"
    }
  },
  "param_counts": {
    "visit_encoder": {
      "total": 4649474,
      "trainable": 2047490
    },
    "fusion": {
      "total": 423808,
      "trainable": 423808
    },
    "drug_gnn": {
      "total": 1151776,
      "trainable": 1151776
    },
    "predictor": {
      "total": 594438,
      "trainable": 594437
    },
    "model_total": {
      "total": 7082664,
      "trainable": 4480679
    }
  },
  "threshold_sweep": {
    "0.4": {
      "Jaccard": 0.534508,
      "Avg Meds": 24.666666,
      "Avg True Meds": 19.901327,
      "DDI Rate": 0.078988
    },
    "0.45": {
      "Jaccard": 0.538427,
      "Avg Meds": 23.733831,
      "Avg True Meds": 19.901327,
      "DDI Rate": 0.079645
    },
    "0.5": {
      "Jaccard": 0.539951,
      "Avg Meds": 22.896351,
      "Avg True Meds": 19.901327,
      "DDI Rate": 0.079482
    },
    "0.55": {
      "Jaccard": 0.541067,
      "Avg Meds": 22.063847,
      "Avg True Meds": 19.901327,
      "DDI Rate": 0.080272
    },
    "0.6": {
      "Jaccard": 0.541909,
      "Avg Meds": 21.335821,
      "Avg True Meds": 19.901327,
      "DDI Rate": 0.080358
    },
    "0.65": {
      "Jaccard": 0.540438,
      "Avg Meds": 20.527363,
      "Avg True Meds": 19.901327,
      "DDI Rate": 0.080662
    },
    "0.7": {
      "Jaccard": 0.537743,
      "Avg Meds": 19.726368,
      "Avg True Meds": 19.901327,
      "DDI Rate": 0.080644
    },
    "0.75": {
      "Jaccard": 0.536111,
      "Avg Meds": 18.830017,
      "Avg True Meds": 19.901327,
      "DDI Rate": 0.081146
    }
  },
  "calibrated_threshold": 0.7,
  "calibrated_metrics": {
    "Jaccard": 0.537743,
    "Avg Meds": 19.726368,
    "Avg True Meds": 19.901327,
    "DDI Rate": 0.080644
  },
  "config": {
    "hidden_dim": 256,
    "use_notes": false,
    "use_labs": true,
    "use_copy": false,
    "fusion_strategy": "film",
    "lab_dim": 400,
    "pos_weight_cap": 5.0,
    "use_cosine_lr": false,
    "contrastive_weight": 0.0,
    "margin_loss_weight": 0.0,
    "alignment_loss_weight": 0.1,
    "alignment_start_epoch": 1,
    "alignment_ramp_epochs": 0
  }
}