{
  "seed": 456,
  "ablation": "full",
  "mimic_version": 3,
  "mimic4_full": false,
  "cohort_tag": "mimic3",
  "best_val_jaccard": 0.5436257719993591,
  "test_metrics": {
    "Jaccard": 0.5416728258132935,
    "F1": 0.6948272585868835,
    "PRAUC": 0.7877769019974984,
    "DDI Rate": 0.07849578892577075,
    "Avg Meds": 23.63266944885254,
    "Avg True Meds": 19.90132713317871,
    "Precision": 0.6484296321868896,
    "Recall": 0.7752761840820312,
    "NHJ_new": 0.2942124801246743,
    "NHJ_dropped": 0.3386396216718774,
    "CVR": 0.0
  },
  "data_diagnostics": {
    "split_mode_requested": "hidr_vita",
    "require_cohort_split": false,
    "split_source": "hidr_vita_sequential",
    "split_seed_used": "n/a",
    "split_patient_counts": {
      "train": 4233,
      "val": 1059,
      "test": 1058
    },
    "split_example_counts": {
      "train": 6256,
      "val": 1220,
      "test": 1206
    },
    "ddi_density": 0.05261303581914269,
    "ddi_upper_pairs": 448,
    "ddi_total_pairs": 8515,
    "loaded_artifacts": {
      "records": "data/processed/records_final.pkl",
      "cohort": "data/processed/cohort_mimic3.pkl",
      "ddi": "data/processed/ddi_A_final.pkl",
      "ehr": "data/processed/ehr_adj_final.pkl",
      "embeddings": "data/embeddings/code_embeddings.pt",
      "notes": "data/processed/note_embeddings_mimic3.pkl"
    }
  },
  "param_counts": {
    "visit_encoder": {
      "total": 4649474,
      "trainable": 2047490
    },
    "fusion": {
      "total": 400512,
      "trainable": 400512
    },
    "drug_gnn": {
      "total": 1151776,
      "trainable": 1151776
    },
    "predictor": {
      "total": 327942,
      "trainable": 327941
    },
    "model_total": {
      "total": 6792872,
      "trainable": 4190887
    }
  },
  "threshold_sweep": {
    "0.4": {
      "Jaccard": 0.534782,
      "Avg Meds": 25.546434,
      "Avg True Meds": 19.901327,
      "DDI Rate": 0.078251
    },
    "0.45": {
      "Jaccard": 0.539848,
      "Avg Meds": 24.585405,
      "Avg True Meds": 19.901327,
      "DDI Rate": 0.078461
    },
    "0.5": {
      "Jaccard": 0.541673,
      "Avg Meds": 23.632669,
      "Avg True Meds": 19.901327,
      "DDI Rate": 0.078496
    },
    "0.55": {
      "Jaccard": 0.543435,
      "Avg Meds": 22.787727,
      "Avg True Meds": 19.901327,
      "DDI Rate": 0.078808
    },
    "0.6": {
      "Jaccard": 0.544379,
      "Avg Meds": 21.906301,
      "Avg True Meds": 19.901327,
      "DDI Rate": 0.079284
    },
    "0.65": {
      "Jaccard": 0.544101,
      "Avg Meds": 21.017412,
      "Avg True Meds": 19.901327,
      "DDI Rate": 0.079481
    },
    "0.7": {
      "Jaccard": 0.542981,
      "Avg Meds": 20.119404,
      "Avg True Meds": 19.901327,
      "DDI Rate": 0.0799
    },
    "0.75": {
      "Jaccard": 0.539685,
      "Avg Meds": 19.151741,
      "Avg True Meds": 19.901327,
      "DDI Rate": 0.080616
    }
  },
  "calibrated_threshold": 0.7,
  "calibrated_metrics": {
    "Jaccard": 0.542981,
    "Avg Meds": 20.119404,
    "Avg True Meds": 19.901327,
    "DDI Rate": 0.0799
  },
  "config": {
    "hidden_dim": 256,
    "use_notes": true,
    "use_labs": false,
    "use_copy": false,
    "fusion_strategy": "film",
    "lab_dim": 0,
    "pos_weight_cap": 5.0,
    "use_cosine_lr": false,
    "contrastive_weight": 0.0,
    "margin_loss_weight": 0.0,
    "alignment_loss_weight": 0.1,
    "alignment_start_epoch": 1,
    "alignment_ramp_epochs": 0
  }
}