{
  "seed": 42,
  "ablation": "full",
  "mimic_version": 3,
  "mimic4_full": false,
  "cohort_tag": "mimic3",
  "best_val_jaccard": 0.566006600856781,
  "test_metrics": {
    "Jaccard": 0.5635146498680115,
    "F1": 0.7133060097694397,
    "PRAUC": 0.8005449897687449,
    "DDI Rate": 0.07943051162850802,
    "Avg Meds": 21.849916458129883,
    "Avg True Meds": 19.90132713317871,
    "Precision": 0.6909432411193848,
    "Recall": 0.7590467929840088,
    "NHJ_new": 0.289565351448561,
    "NHJ_dropped": 0.3184343027441125,
    "CVR": 0.0
  },
  "data_diagnostics": {
    "split_mode_requested": "hidr_vita",
    "require_cohort_split": false,
    "split_source": "hidr_vita_sequential",
    "split_seed_used": "n/a",
    "split_patient_counts": {
      "train": 4233,
      "val": 1059,
      "test": 1058
    },
    "split_example_counts": {
      "train": 6256,
      "val": 1220,
      "test": 1206
    },
    "ddi_density": 0.05261303581914269,
    "ddi_upper_pairs": 448,
    "ddi_total_pairs": 8515,
    "loaded_artifacts": {
      "records": "data/processed/records_final.pkl",
      "cohort": "data/processed/cohort_mimic3.pkl",
      "ddi": "data/processed/ddi_A_final.pkl",
      "ehr": "data/processed/ehr_adj_final.pkl",
      "embeddings": "data/embeddings/code_embeddings.pt",
      "notes": "data/processed/note_embeddings_mimic3.pkl",
      "labs": "data/processed/lab_vectors_200labs.pkl"
    }
  },
  "param_counts": {
    "visit_encoder": {
      "total": 4649474,
      "trainable": 2047490
    },
    "fusion": {
      "total": 423808,
      "trainable": 423808
    },
    "drug_gnn": {
      "total": 1151776,
      "trainable": 1151776
    },
    "predictor": {
      "total": 559560,
      "trainable": 559560
    },
    "model_total": {
      "total": 7047786,
      "trainable": 4445802
    }
  },
  "threshold_sweep": {
    "0.4": {
      "Jaccard": 0.561238,
      "Avg Meds": 23.485075,
      "Avg True Meds": 19.901327,
      "DDI Rate": 0.079815
    },
    "0.45": {
      "Jaccard": 0.563113,
      "Avg Meds": 22.64345,
      "Avg True Meds": 19.901327,
      "DDI Rate": 0.079573
    },
    "0.5": {
      "Jaccard": 0.563515,
      "Avg Meds": 21.849916,
      "Avg True Meds": 19.901327,
      "DDI Rate": 0.079431
    },
    "0.55": {
      "Jaccard": 0.563922,
      "Avg Meds": 21.121061,
      "Avg True Meds": 19.901327,
      "DDI Rate": 0.079398
    },
    "0.6": {
      "Jaccard": 0.562559,
      "Avg Meds": 20.435324,
      "Avg True Meds": 19.901327,
      "DDI Rate": 0.079235
    },
    "0.65": {
      "Jaccard": 0.560235,
      "Avg Meds": 19.676617,
      "Avg True Meds": 19.901327,
      "DDI Rate": 0.079317
    },
    "0.7": {
      "Jaccard": 0.55791,
      "Avg Meds": 18.892206,
      "Avg True Meds": 19.901327,
      "DDI Rate": 0.079015
    },
    "0.75": {
      "Jaccard": 0.552823,
      "Avg Meds": 18.062189,
      "Avg True Meds": 19.901327,
      "DDI Rate": 0.078351
    }
  },
  "calibrated_threshold": 0.65,
  "calibrated_metrics": {
    "Jaccard": 0.560235,
    "Avg Meds": 19.676617,
    "Avg True Meds": 19.901327,
    "DDI Rate": 0.079317
  },
  "config": {
    "hidden_dim": 256,
    "use_notes": true,
    "use_labs": true,
    "use_copy": true,
    "fusion_strategy": "film",
    "lab_dim": 400,
    "pos_weight_cap": 5.0,
    "use_cosine_lr": false,
    "contrastive_weight": 0.0,
    "margin_loss_weight": 0.0,
    "alignment_loss_weight": 0.1,
    "alignment_start_epoch": 1,
    "alignment_ramp_epochs": 0
  }
}