{
  "seed": 456,
  "ablation": "full",
  "mimic_version": 3,
  "mimic4_full": false,
  "cohort_tag": "mimic3",
  "best_val_jaccard": 0.5419504642486572,
  "test_metrics": {
    "Jaccard": 0.5419654846191406,
    "F1": 0.6952278017997742,
    "PRAUC": 0.7833566399934587,
    "DDI Rate": 0.08252336279229919,
    "Avg Meds": 22.69817543029785,
    "Avg True Meds": 19.90132713317871,
    "Precision": 0.6636018753051758,
    "Recall": 0.7572494149208069,
    "NHJ_new": 0.28130164271906805,
    "NHJ_dropped": 0.3556268811225891,
    "CVR": 0.0
  },
  "data_diagnostics": {
    "split_mode_requested": "hidr_vita",
    "require_cohort_split": false,
    "split_source": "hidr_vita_sequential",
    "split_seed_used": "n/a",
    "split_patient_counts": {
      "train": 4233,
      "val": 1059,
      "test": 1058
    },
    "split_example_counts": {
      "train": 6256,
      "val": 1220,
      "test": 1206
    },
    "ddi_density": 0.05261303581914269,
    "ddi_upper_pairs": 448,
    "ddi_total_pairs": 8515,
    "loaded_artifacts": {
      "records": "data/processed/records_final.pkl",
      "cohort": "data/processed/cohort_mimic3.pkl",
      "ddi": "data/processed/ddi_A_final.pkl",
      "ehr": "data/processed/ehr_adj_final.pkl",
      "embeddings": "data/embeddings/code_embeddings.pt",
      "labs": "data/processed/lab_vectors_200labs.pkl"
    }
  },
  "param_counts": {
    "visit_encoder": {
      "total": 4583681,
      "trainable": 1981697
    },
    "fusion": {
      "total": 423808,
      "trainable": 423808
    },
    "drug_gnn": {
      "total": 1151776,
      "trainable": 1151776
    },
    "predictor": {
      "total": 304454,
      "trainable": 304453
    },
    "model_total": {
      "total": 6726887,
      "trainable": 4124902
    }
  },
  "threshold_sweep": {
    "0.4": {
      "Jaccard": 0.538021,
      "Avg Meds": 24.447762,
      "Avg True Meds": 19.901327,
      "DDI Rate": 0.082156
    },
    "0.45": {
      "Jaccard": 0.540643,
      "Avg Meds": 23.508291,
      "Avg True Meds": 19.901327,
      "DDI Rate": 0.082507
    },
    "0.5": {
      "Jaccard": 0.541965,
      "Avg Meds": 22.698175,
      "Avg True Meds": 19.901327,
      "DDI Rate": 0.082523
    },
    "0.55": {
      "Jaccard": 0.543103,
      "Avg Meds": 21.885572,
      "Avg True Meds": 19.901327,
      "DDI Rate": 0.083036
    },
    "0.6": {
      "Jaccard": 0.543044,
      "Avg Meds": 21.083748,
      "Avg True Meds": 19.901327,
      "DDI Rate": 0.083749
    },
    "0.65": {
      "Jaccard": 0.541099,
      "Avg Meds": 20.291874,
      "Avg True Meds": 19.901327,
      "DDI Rate": 0.084079
    },
    "0.7": {
      "Jaccard": 0.538843,
      "Avg Meds": 19.476782,
      "Avg True Meds": 19.901327,
      "DDI Rate": 0.0848
    },
    "0.75": {
      "Jaccard": 0.535993,
      "Avg Meds": 18.588722,
      "Avg True Meds": 19.901327,
      "DDI Rate": 0.084787
    }
  },
  "calibrated_threshold": 0.65,
  "calibrated_metrics": {
    "Jaccard": 0.541099,
    "Avg Meds": 20.291874,
    "Avg True Meds": 19.901327,
    "DDI Rate": 0.084079
  },
  "config": {
    "hidden_dim": 256,
    "use_notes": false,
    "use_labs": true,
    "use_copy": false,
    "fusion_strategy": "film",
    "lab_dim": 400,
    "pos_weight_cap": 5.0,
    "use_cosine_lr": false,
    "contrastive_weight": 0.0,
    "margin_loss_weight": 0.0,
    "alignment_loss_weight": 0.1,
    "alignment_start_epoch": 1,
    "alignment_ramp_epochs": 0
  }
}