{
  "seed": 456,
  "ablation": "full",
  "mimic_version": 3,
  "mimic4_full": false,
  "cohort_tag": "mimic3",
  "best_val_jaccard": 0.5036225914955139,
  "test_metrics": {
    "Jaccard": 0.5069634914398193,
    "F1": 0.6647437810897827,
    "PRAUC": 0.7508908220511115,
    "DDI Rate": 0.08515495880231141,
    "Avg Meds": 23.189054489135742,
    "Avg True Meds": 19.90132713317871,
    "Precision": 0.6333268880844116,
    "Recall": 0.745000958442688,
    "NHJ_new": 0.2382791630531612,
    "NHJ_dropped": 0.28893677184456273,
    "CVR": 0.0
  },
  "data_diagnostics": {
    "split_mode_requested": "hidr_vita",
    "require_cohort_split": false,
    "split_source": "hidr_vita_sequential",
    "split_seed_used": "n/a",
    "split_patient_counts": {
      "train": 4233,
      "val": 1059,
      "test": 1058
    },
    "split_example_counts": {
      "train": 6256,
      "val": 1220,
      "test": 1206
    },
    "ddi_density": 0.05261303581914269,
    "ddi_upper_pairs": 448,
    "ddi_total_pairs": 8515,
    "loaded_artifacts": {
      "records": "data/processed/records_final.pkl",
      "cohort": "data/processed/cohort_mimic3.pkl",
      "ddi": "data/processed/ddi_A_final.pkl",
      "ehr": "data/processed/ehr_adj_final.pkl",
      "embeddings": "data/embeddings/code_embeddings.pt"
    }
  },
  "param_counts": {
    "visit_encoder": {
      "total": 5108993,
      "trainable": 2507009
    },
    "drug_gnn": {
      "total": 1974080,
      "trainable": 1974080
    },
    "predictor": {
      "total": 262406,
      "trainable": 262404
    },
    "model_total": {
      "total": 7608647,
      "trainable": 5006661
    }
  },
  "threshold_sweep": {
    "0.4": {
      "Jaccard": 0.500417,
      "Avg Meds": 25.46932,
      "Avg True Meds": 19.901327,
      "DDI Rate": 0.082367
    },
    "0.45": {
      "Jaccard": 0.504105,
      "Avg Meds": 24.325041,
      "Avg True Meds": 19.901327,
      "DDI Rate": 0.083624
    },
    "0.5": {
      "Jaccard": 0.506963,
      "Avg Meds": 23.189054,
      "Avg True Meds": 19.901327,
      "DDI Rate": 0.085155
    },
    "0.55": {
      "Jaccard": 0.50739,
      "Avg Meds": 22.105307,
      "Avg True Meds": 19.901327,
      "DDI Rate": 0.087033
    },
    "0.6": {
      "Jaccard": 0.506678,
      "Avg Meds": 21.075457,
      "Avg True Meds": 19.901327,
      "DDI Rate": 0.089071
    },
    "0.65": {
      "Jaccard": 0.506495,
      "Avg Meds": 20.092039,
      "Avg True Meds": 19.901327,
      "DDI Rate": 0.09018
    },
    "0.7": {
      "Jaccard": 0.503851,
      "Avg Meds": 19.033167,
      "Avg True Meds": 19.901327,
      "DDI Rate": 0.091365
    },
    "0.75": {
      "Jaccard": 0.498833,
      "Avg Meds": 17.92869,
      "Avg True Meds": 19.901327,
      "DDI Rate": 0.092823
    }
  },
  "calibrated_threshold": 0.65,
  "calibrated_metrics": {
    "Jaccard": 0.506495,
    "Avg Meds": 20.092039,
    "Avg True Meds": 19.901327,
    "DDI Rate": 0.09018
  },
  "config": {
    "hidden_dim": 256,
    "use_notes": false,
    "use_labs": false,
    "use_copy": false,
    "fusion_strategy": "film",
    "lab_dim": 0,
    "pos_weight_cap": 5.0,
    "use_cosine_lr": false,
    "contrastive_weight": 0.0,
    "margin_loss_weight": 0.0,
    "alignment_loss_weight": 0.1,
    "alignment_start_epoch": 1,
    "alignment_ramp_epochs": 0
  }
}