{
  "seed": 42,
  "ablation": "full",
  "mimic_version": 3,
  "mimic4_full": false,
  "cohort_tag": "mimic3",
  "best_val_jaccard": 0.5415043234825134,
  "test_metrics": {
    "Jaccard": 0.5417199730873108,
    "F1": 0.6950376629829407,
    "PRAUC": 0.7820835112375674,
    "DDI Rate": 0.08142532045327884,
    "Avg Meds": 20.366500854492188,
    "Avg True Meds": 19.90132713317871,
    "Precision": 0.6940653920173645,
    "Recall": 0.7219565510749817,
    "NHJ_new": 0.2732776583809602,
    "NHJ_dropped": 0.3825628569251613,
    "CVR": 0.0
  },
  "data_diagnostics": {
    "split_mode_requested": "hidr_vita",
    "require_cohort_split": false,
    "split_source": "hidr_vita_sequential",
    "split_seed_used": "n/a",
    "split_patient_counts": {
      "train": 4233,
      "val": 1059,
      "test": 1058
    },
    "split_example_counts": {
      "train": 6256,
      "val": 1220,
      "test": 1206
    },
    "ddi_density": 0.05261303581914269,
    "ddi_upper_pairs": 448,
    "ddi_total_pairs": 8515,
    "loaded_artifacts": {
      "records": "data/processed/records_final.pkl",
      "cohort": "data/processed/cohort_mimic3.pkl",
      "ddi": "data/processed/ddi_A_final.pkl",
      "ehr": "data/processed/ehr_adj_final.pkl",
      "embeddings": "data/embeddings/code_embeddings.pt",
      "notes": "data/processed/note_embeddings_mimic3.pkl"
    }
  },
  "param_counts": {
    "visit_encoder": {
      "total": 5762817,
      "trainable": 3160833
    },
    "fusion": {
      "total": 400512,
      "trainable": 400512
    },
    "drug_gnn": {
      "total": 1974080,
      "trainable": 1974080
    },
    "predictor": {
      "total": 327942,
      "trainable": 327941
    },
    "model_total": {
      "total": 8728519,
      "trainable": 6126534
    }
  },
  "threshold_sweep": {
    "0.4": {
      "Jaccard": 0.540041,
      "Avg Meds": 22.203152,
      "Avg True Meds": 19.901327,
      "DDI Rate": 0.080815
    },
    "0.45": {
      "Jaccard": 0.542203,
      "Avg Meds": 21.236319,
      "Avg True Meds": 19.901327,
      "DDI Rate": 0.080826
    },
    "0.5": {
      "Jaccard": 0.54172,
      "Avg Meds": 20.366501,
      "Avg True Meds": 19.901327,
      "DDI Rate": 0.081425
    },
    "0.55": {
      "Jaccard": 0.54023,
      "Avg Meds": 19.491709,
      "Avg True Meds": 19.901327,
      "DDI Rate": 0.082033
    },
    "0.6": {
      "Jaccard": 0.536255,
      "Avg Meds": 18.663349,
      "Avg True Meds": 19.901327,
      "DDI Rate": 0.082254
    },
    "0.65": {
      "Jaccard": 0.529865,
      "Avg Meds": 17.778606,
      "Avg True Meds": 19.901327,
      "DDI Rate": 0.082663
    },
    "0.7": {
      "Jaccard": 0.526467,
      "Avg Meds": 16.912935,
      "Avg True Meds": 19.901327,
      "DDI Rate": 0.083173
    },
    "0.75": {
      "Jaccard": 0.516787,
      "Avg Meds": 16.019901,
      "Avg True Meds": 19.901327,
      "DDI Rate": 0.083202
    }
  },
  "calibrated_threshold": 0.55,
  "calibrated_metrics": {
    "Jaccard": 0.54023,
    "Avg Meds": 19.491709,
    "Avg True Meds": 19.901327,
    "DDI Rate": 0.082033
  },
  "config": {
    "hidden_dim": 256,
    "use_notes": true,
    "use_labs": false,
    "use_copy": false,
    "fusion_strategy": "film",
    "lab_dim": 0,
    "pos_weight_cap": 5.0,
    "use_cosine_lr": false,
    "contrastive_weight": 0.0,
    "margin_loss_weight": 0.0,
    "alignment_loss_weight": 0.1,
    "alignment_start_epoch": 1,
    "alignment_ramp_epochs": 0
  }
}