{
  "seed": 456,
  "ablation": "full",
  "mimic_version": 3,
  "mimic4_full": false,
  "cohort_tag": "mimic3",
  "best_val_jaccard": 0.5612884759902954,
  "test_metrics": {
    "Jaccard": 0.5584111213684082,
    "F1": 0.7091649174690247,
    "PRAUC": 0.7984751320619561,
    "DDI Rate": 0.08570893718794442,
    "Avg Meds": 23.670812606811523,
    "Avg True Meds": 19.90132713317871,
    "Precision": 0.6616750955581665,
    "Recall": 0.7892645001411438,
    "NHJ_new": 0.2895556280487462,
    "NHJ_dropped": 0.2473934802569841,
    "CVR": 0.0
  },
  "data_diagnostics": {
    "split_mode_requested": "hidr_vita",
    "require_cohort_split": false,
    "split_source": "hidr_vita_sequential",
    "split_seed_used": "n/a",
    "split_patient_counts": {
      "train": 4233,
      "val": 1059,
      "test": 1058
    },
    "split_example_counts": {
      "train": 6256,
      "val": 1220,
      "test": 1206
    },
    "ddi_density": 0.05261303581914269,
    "ddi_upper_pairs": 448,
    "ddi_total_pairs": 8515,
    "loaded_artifacts": {
      "records": "data/processed/records_final.pkl",
      "cohort": "data/processed/cohort_mimic3.pkl",
      "ddi": "data/processed/ddi_A_final.pkl",
      "ehr": "data/processed/ehr_adj_final.pkl",
      "embeddings": "data/embeddings/code_embeddings.pt",
      "notes": "data/processed/note_embeddings_mimic3.pkl",
      "labs": "data/processed/lab_vectors_200labs.pkl"
    }
  },
  "param_counts": {
    "visit_encoder": {
      "total": 6292225,
      "trainable": 3690241
    },
    "fusion": {
      "total": 423808,
      "trainable": 423808
    },
    "drug_gnn": {
      "total": 1974080,
      "trainable": 1974080
    },
    "predictor": {
      "total": 559560,
      "trainable": 559560
    },
    "model_total": {
      "total": 9512841,
      "trainable": 6910857
    }
  },
  "threshold_sweep": {
    "0.4": {
      "Jaccard": 0.550202,
      "Avg Meds": 25.611111,
      "Avg True Meds": 19.901327,
      "DDI Rate": 0.086247
    },
    "0.45": {
      "Jaccard": 0.555134,
      "Avg Meds": 24.635986,
      "Avg True Meds": 19.901327,
      "DDI Rate": 0.085856
    },
    "0.5": {
      "Jaccard": 0.558411,
      "Avg Meds": 23.670813,
      "Avg True Meds": 19.901327,
      "DDI Rate": 0.085709
    },
    "0.55": {
      "Jaccard": 0.561145,
      "Avg Meds": 22.792704,
      "Avg True Meds": 19.901327,
      "DDI Rate": 0.085889
    },
    "0.6": {
      "Jaccard": 0.561945,
      "Avg Meds": 21.967661,
      "Avg True Meds": 19.901327,
      "DDI Rate": 0.086106
    },
    "0.65": {
      "Jaccard": 0.562435,
      "Avg Meds": 21.111111,
      "Avg True Meds": 19.901327,
      "DDI Rate": 0.086169
    },
    "0.7": {
      "Jaccard": 0.561281,
      "Avg Meds": 20.228027,
      "Avg True Meds": 19.901327,
      "DDI Rate": 0.085677
    },
    "0.75": {
      "Jaccard": 0.559407,
      "Avg Meds": 19.305969,
      "Avg True Meds": 19.901327,
      "DDI Rate": 0.085555
    }
  },
  "calibrated_threshold": 0.7,
  "calibrated_metrics": {
    "Jaccard": 0.561281,
    "Avg Meds": 20.228027,
    "Avg True Meds": 19.901327,
    "DDI Rate": 0.085677
  },
  "config": {
    "hidden_dim": 256,
    "use_notes": true,
    "use_labs": true,
    "use_copy": true,
    "fusion_strategy": "film",
    "lab_dim": 400,
    "pos_weight_cap": 5.0,
    "use_cosine_lr": false,
    "contrastive_weight": 0.0,
    "margin_loss_weight": 0.0,
    "alignment_loss_weight": 0.1,
    "alignment_start_epoch": 1,
    "alignment_ramp_epochs": 0
  }
}