{
  "seed": 456,
  "ablation": "full",
  "mimic_version": 3,
  "mimic4_full": false,
  "cohort_tag": "mimic3",
  "best_val_jaccard": 0.5262673497200012,
  "test_metrics": {
    "Jaccard": 0.5242418646812439,
    "F1": 0.6798996329307556,
    "PRAUC": 0.7663719088928077,
    "DDI Rate": 0.08105816327669117,
    "Avg Meds": 20.553897857666016,
    "Avg True Meds": 19.90132713317871,
    "Precision": 0.679562509059906,
    "Recall": 0.7065095901489258,
    "NHJ_new": 0.27065877930114146,
    "NHJ_dropped": 0.39667697015561554,
    "CVR": 0.0
  },
  "data_diagnostics": {
    "split_mode_requested": "hidr_vita",
    "require_cohort_split": false,
    "split_source": "hidr_vita_sequential",
    "split_seed_used": "n/a",
    "split_patient_counts": {
      "train": 4233,
      "val": 1059,
      "test": 1058
    },
    "split_example_counts": {
      "train": 6256,
      "val": 1220,
      "test": 1206
    },
    "ddi_density": 0.05261303581914269,
    "ddi_upper_pairs": 448,
    "ddi_total_pairs": 8515,
    "loaded_artifacts": {
      "records": "data/processed/records_final.pkl",
      "cohort": "data/processed/cohort_mimic3.pkl",
      "ddi": "data/processed/ddi_A_final.pkl",
      "ehr": "data/processed/ehr_adj_final.pkl",
      "embeddings": "data/embeddings/code_embeddings.pt",
      "labs": "data/processed/lab_vectors_200labs.pkl"
    }
  },
  "param_counts": {
    "visit_encoder": {
      "total": 3990529,
      "trainable": 1388545
    },
    "fusion": {
      "total": 423808,
      "trainable": 423808
    },
    "drug_gnn": {
      "total": 1974080,
      "trainable": 1974080
    },
    "predictor": {
      "total": 304454,
      "trainable": 304453
    },
    "model_total": {
      "total": 6956039,
      "trainable": 4354054
    }
  },
  "threshold_sweep": {
    "0.4": {
      "Jaccard": 0.52626,
      "Avg Meds": 22.146767,
      "Avg True Meds": 19.901327,
      "DDI Rate": 0.081187
    },
    "0.45": {
      "Jaccard": 0.526099,
      "Avg Meds": 21.31675,
      "Avg True Meds": 19.901327,
      "DDI Rate": 0.081096
    },
    "0.5": {
      "Jaccard": 0.524242,
      "Avg Meds": 20.553898,
      "Avg True Meds": 19.901327,
      "DDI Rate": 0.081058
    },
    "0.55": {
      "Jaccard": 0.523349,
      "Avg Meds": 19.776119,
      "Avg True Meds": 19.901327,
      "DDI Rate": 0.081189
    },
    "0.6": {
      "Jaccard": 0.521982,
      "Avg Meds": 19.053898,
      "Avg True Meds": 19.901327,
      "DDI Rate": 0.080981
    },
    "0.65": {
      "Jaccard": 0.517926,
      "Avg Meds": 18.292704,
      "Avg True Meds": 19.901327,
      "DDI Rate": 0.081286
    },
    "0.7": {
      "Jaccard": 0.51433,
      "Avg Meds": 17.577114,
      "Avg True Meds": 19.901327,
      "DDI Rate": 0.081021
    },
    "0.75": {
      "Jaccard": 0.510589,
      "Avg Meds": 16.822554,
      "Avg True Meds": 19.901327,
      "DDI Rate": 0.081138
    }
  },
  "calibrated_threshold": 0.55,
  "calibrated_metrics": {
    "Jaccard": 0.523349,
    "Avg Meds": 19.776119,
    "Avg True Meds": 19.901327,
    "DDI Rate": 0.081189
  },
  "config": {
    "hidden_dim": 256,
    "use_notes": false,
    "use_labs": true,
    "use_copy": false,
    "fusion_strategy": "film",
    "lab_dim": 400,
    "pos_weight_cap": 5.0,
    "use_cosine_lr": false,
    "contrastive_weight": 0.0,
    "margin_loss_weight": 0.0,
    "alignment_loss_weight": 0.1,
    "alignment_start_epoch": 1,
    "alignment_ramp_epochs": 0
  }
}