{
  "seed": 42,
  "ablation": "full",
  "mimic_version": 3,
  "mimic4_full": false,
  "cohort_tag": "mimic3",
  "best_val_jaccard": 0.5017110705375671,
  "test_metrics": {
    "Jaccard": 0.5026711821556091,
    "F1": 0.6605958342552185,
    "PRAUC": 0.7505491772324254,
    "DDI Rate": 0.08252668492358306,
    "Avg Meds": 23.091211318969727,
    "Avg True Meds": 19.90132713317871,
    "Precision": 0.6329709887504578,
    "Recall": 0.7389787435531616,
    "NHJ_new": 0.23521024616141067,
    "NHJ_dropped": 0.2853625667722602,
    "CVR": 0.0
  },
  "data_diagnostics": {
    "split_mode_requested": "hidr_vita",
    "require_cohort_split": false,
    "split_source": "hidr_vita_sequential",
    "split_seed_used": "n/a",
    "split_patient_counts": {
      "train": 4233,
      "val": 1059,
      "test": 1058
    },
    "split_example_counts": {
      "train": 6256,
      "val": 1220,
      "test": 1206
    },
    "ddi_density": 0.05261303581914269,
    "ddi_upper_pairs": 448,
    "ddi_total_pairs": 8515,
    "loaded_artifacts": {
      "records": "data/processed/records_final.pkl",
      "cohort": "data/processed/cohort_mimic3.pkl",
      "ddi": "data/processed/ddi_A_final.pkl",
      "ehr": "data/processed/ehr_adj_final.pkl",
      "embeddings": "data/embeddings/code_embeddings.pt"
    }
  },
  "param_counts": {
    "visit_encoder": {
      "total": 4583681,
      "trainable": 1981697
    },
    "drug_gnn": {
      "total": 1974080,
      "trainable": 1974080
    },
    "predictor": {
      "total": 262406,
      "trainable": 262404
    },
    "model_total": {
      "total": 7083335,
      "trainable": 4481349
    }
  },
  "threshold_sweep": {
    "0.4": {
      "Jaccard": 0.50025,
      "Avg Meds": 25.290216,
      "Avg True Meds": 19.901327,
      "DDI Rate": 0.07979
    },
    "0.45": {
      "Jaccard": 0.502046,
      "Avg Meds": 24.140133,
      "Avg True Meds": 19.901327,
      "DDI Rate": 0.081108
    },
    "0.5": {
      "Jaccard": 0.502671,
      "Avg Meds": 23.091211,
      "Avg True Meds": 19.901327,
      "DDI Rate": 0.082527
    },
    "0.55": {
      "Jaccard": 0.503226,
      "Avg Meds": 22.069653,
      "Avg True Meds": 19.901327,
      "DDI Rate": 0.083446
    },
    "0.6": {
      "Jaccard": 0.503086,
      "Avg Meds": 21.012438,
      "Avg True Meds": 19.901327,
      "DDI Rate": 0.084975
    },
    "0.65": {
      "Jaccard": 0.502092,
      "Avg Meds": 20.008291,
      "Avg True Meds": 19.901327,
      "DDI Rate": 0.086427
    },
    "0.7": {
      "Jaccard": 0.500593,
      "Avg Meds": 18.994196,
      "Avg True Meds": 19.901327,
      "DDI Rate": 0.087844
    },
    "0.75": {
      "Jaccard": 0.496665,
      "Avg Meds": 17.92952,
      "Avg True Meds": 19.901327,
      "DDI Rate": 0.089413
    }
  },
  "calibrated_threshold": 0.65,
  "calibrated_metrics": {
    "Jaccard": 0.502092,
    "Avg Meds": 20.008291,
    "Avg True Meds": 19.901327,
    "DDI Rate": 0.086427
  },
  "config": {
    "hidden_dim": 256,
    "use_notes": false,
    "use_labs": false,
    "use_copy": false,
    "fusion_strategy": "film",
    "lab_dim": 0,
    "pos_weight_cap": 5.0,
    "use_cosine_lr": false,
    "contrastive_weight": 0.0,
    "margin_loss_weight": 0.0,
    "alignment_loss_weight": 0.1,
    "alignment_start_epoch": 1,
    "alignment_ramp_epochs": 0
  }
}