{
  "seed": 42,
  "ablation": "full",
  "mimic_version": 3,
  "mimic4_full": false,
  "cohort_tag": "mimic3",
  "best_val_jaccard": 0.5461859703063965,
  "test_metrics": {
    "Jaccard": 0.5430065393447876,
    "F1": 0.6963861584663391,
    "PRAUC": 0.786786806556383,
    "DDI Rate": 0.07500520935284052,
    "Avg Meds": 22.50580406188965,
    "Avg True Meds": 19.90132713317871,
    "Precision": 0.663718581199646,
    "Recall": 0.7597657442092896,
    "NHJ_new": 0.29597704739947067,
    "NHJ_dropped": 0.35163851003897817,
    "CVR": 0.0
  },
  "data_diagnostics": {
    "split_mode_requested": "hidr_vita",
    "require_cohort_split": false,
    "split_source": "hidr_vita_sequential",
    "split_seed_used": "n/a",
    "split_patient_counts": {
      "train": 4233,
      "val": 1059,
      "test": 1058
    },
    "split_example_counts": {
      "train": 6256,
      "val": 1220,
      "test": 1206
    },
    "ddi_density": 0.05261303581914269,
    "ddi_upper_pairs": 448,
    "ddi_total_pairs": 8515,
    "loaded_artifacts": {
      "records": "data/processed/records_final.pkl",
      "cohort": "data/processed/cohort_mimic3.pkl",
      "ddi": "data/processed/ddi_A_final.pkl",
      "ehr": "data/processed/ehr_adj_final.pkl",
      "embeddings": "data/embeddings/code_embeddings.pt",
      "notes": "data/processed/note_embeddings_mimic3.pkl"
    }
  },
  "param_counts": {
    "visit_encoder": {
      "total": 4649474,
      "trainable": 2047490
    },
    "fusion": {
      "total": 400512,
      "trainable": 400512
    },
    "drug_gnn": {
      "total": 1151776,
      "trainable": 1151776
    },
    "predictor": {
      "total": 327942,
      "trainable": 327941
    },
    "model_total": {
      "total": 6792872,
      "trainable": 4190887
    }
  },
  "threshold_sweep": {
    "0.4": {
      "Jaccard": 0.538116,
      "Avg Meds": 24.393034,
      "Avg True Meds": 19.901327,
      "DDI Rate": 0.074468
    },
    "0.45": {
      "Jaccard": 0.540544,
      "Avg Meds": 23.437811,
      "Avg True Meds": 19.901327,
      "DDI Rate": 0.074701
    },
    "0.5": {
      "Jaccard": 0.543007,
      "Avg Meds": 22.505804,
      "Avg True Meds": 19.901327,
      "DDI Rate": 0.075005
    },
    "0.55": {
      "Jaccard": 0.543833,
      "Avg Meds": 21.648424,
      "Avg True Meds": 19.901327,
      "DDI Rate": 0.075436
    },
    "0.6": {
      "Jaccard": 0.543064,
      "Avg Meds": 20.805969,
      "Avg True Meds": 19.901327,
      "DDI Rate": 0.075735
    },
    "0.65": {
      "Jaccard": 0.542407,
      "Avg Meds": 20.004147,
      "Avg True Meds": 19.901327,
      "DDI Rate": 0.076216
    },
    "0.7": {
      "Jaccard": 0.54028,
      "Avg Meds": 19.151741,
      "Avg True Meds": 19.901327,
      "DDI Rate": 0.07636
    },
    "0.75": {
      "Jaccard": 0.536565,
      "Avg Meds": 18.265341,
      "Avg True Meds": 19.901327,
      "DDI Rate": 0.076266
    }
  },
  "calibrated_threshold": 0.65,
  "calibrated_metrics": {
    "Jaccard": 0.542407,
    "Avg Meds": 20.004147,
    "Avg True Meds": 19.901327,
    "DDI Rate": 0.076216
  },
  "config": {
    "hidden_dim": 256,
    "use_notes": true,
    "use_labs": false,
    "use_copy": false,
    "fusion_strategy": "film",
    "lab_dim": 0,
    "pos_weight_cap": 5.0,
    "use_cosine_lr": false,
    "contrastive_weight": 0.0,
    "margin_loss_weight": 0.0,
    "alignment_loss_weight": 0.1,
    "alignment_start_epoch": 1,
    "alignment_ramp_epochs": 0
  }
}