{
  "seed": 456,
  "ablation": "full",
  "mimic_version": 3,
  "mimic4_full": false,
  "cohort_tag": "mimic3",
  "best_val_jaccard": 0.5650545954704285,
  "test_metrics": {
    "Jaccard": 0.5638022422790527,
    "F1": 0.713569700717926,
    "PRAUC": 0.7945759430633147,
    "DDI Rate": 0.07382843151619342,
    "Avg Meds": 21.898839950561523,
    "Avg True Meds": 19.90132713317871,
    "Precision": 0.6901466250419617,
    "Recall": 0.7620298266410828,
    "NHJ_new": 0.2847211847179814,
    "NHJ_dropped": 0.3098040881909822,
    "CVR": 0.0
  },
  "data_diagnostics": {
    "split_mode_requested": "hidr_vita",
    "require_cohort_split": false,
    "split_source": "hidr_vita_sequential",
    "split_seed_used": "n/a",
    "split_patient_counts": {
      "train": 4233,
      "val": 1059,
      "test": 1058
    },
    "split_example_counts": {
      "train": 6256,
      "val": 1220,
      "test": 1206
    },
    "ddi_density": 0.05261303581914269,
    "ddi_upper_pairs": 448,
    "ddi_total_pairs": 8515,
    "loaded_artifacts": {
      "records": "data/processed/records_final.pkl",
      "cohort": "data/processed/cohort_mimic3.pkl",
      "ddi": "data/processed/ddi_A_final.pkl",
      "ehr": "data/processed/ehr_adj_final.pkl",
      "embeddings": "data/embeddings/code_embeddings.pt",
      "notes": "data/processed/note_embeddings_mimic3.pkl",
      "labs": "data/processed/lab_vectors_200labs.pkl"
    }
  },
  "param_counts": {
    "visit_encoder": {
      "total": 4583681,
      "trainable": 1981697
    },
    "fusion": {
      "total": 423808,
      "trainable": 423808
    },
    "drug_gnn": {
      "total": 1316608,
      "trainable": 1316608
    },
    "predictor": {
      "total": 559560,
      "trainable": 559560
    },
    "model_total": {
      "total": 7146825,
      "trainable": 4544841
    }
  },
  "threshold_sweep": {
    "0.4": {
      "Jaccard": 0.561332,
      "Avg Meds": 23.405472,
      "Avg True Meds": 19.901327,
      "DDI Rate": 0.074712
    },
    "0.45": {
      "Jaccard": 0.562625,
      "Avg Meds": 22.656717,
      "Avg True Meds": 19.901327,
      "DDI Rate": 0.074216
    },
    "0.5": {
      "Jaccard": 0.563802,
      "Avg Meds": 21.89884,
      "Avg True Meds": 19.901327,
      "DDI Rate": 0.073828
    },
    "0.55": {
      "Jaccard": 0.56255,
      "Avg Meds": 21.170813,
      "Avg True Meds": 19.901327,
      "DDI Rate": 0.073534
    },
    "0.6": {
      "Jaccard": 0.560843,
      "Avg Meds": 20.482588,
      "Avg True Meds": 19.901327,
      "DDI Rate": 0.073314
    },
    "0.65": {
      "Jaccard": 0.559084,
      "Avg Meds": 19.752903,
      "Avg True Meds": 19.901327,
      "DDI Rate": 0.07323
    },
    "0.7": {
      "Jaccard": 0.556215,
      "Avg Meds": 18.937811,
      "Avg True Meds": 19.901327,
      "DDI Rate": 0.072661
    },
    "0.75": {
      "Jaccard": 0.549855,
      "Avg Meds": 18.078773,
      "Avg True Meds": 19.901327,
      "DDI Rate": 0.071693
    }
  },
  "calibrated_threshold": 0.65,
  "calibrated_metrics": {
    "Jaccard": 0.559084,
    "Avg Meds": 19.752903,
    "Avg True Meds": 19.901327,
    "DDI Rate": 0.07323
  },
  "config": {
    "hidden_dim": 256,
    "use_notes": true,
    "use_labs": true,
    "use_copy": true,
    "fusion_strategy": "film",
    "lab_dim": 400,
    "pos_weight_cap": 5.0,
    "use_cosine_lr": false,
    "contrastive_weight": 0.0,
    "margin_loss_weight": 0.0,
    "alignment_loss_weight": 0.1,
    "alignment_start_epoch": 1,
    "alignment_ramp_epochs": 0
  }
}