{
  "seed": 456,
  "ablation": "full",
  "mimic_version": 3,
  "mimic4_full": false,
  "cohort_tag": "mimic3",
  "best_val_jaccard": 0.550875186920166,
  "test_metrics": {
    "Jaccard": 0.548221230506897,
    "F1": 0.7010918259620667,
    "PRAUC": 0.7904147069304608,
    "DDI Rate": 0.08000427128779326,
    "Avg Meds": 22.640962600708008,
    "Avg True Meds": 19.90132713317871,
    "Precision": 0.6667828559875488,
    "Recall": 0.7617722749710083,
    "NHJ_new": 0.30663054710940313,
    "NHJ_dropped": 0.3893504660380514,
    "CVR": 0.0
  },
  "data_diagnostics": {
    "split_mode_requested": "hidr_vita",
    "require_cohort_split": false,
    "split_source": "hidr_vita_sequential",
    "split_seed_used": "n/a",
    "split_patient_counts": {
      "train": 4233,
      "val": 1059,
      "test": 1058
    },
    "split_example_counts": {
      "train": 6256,
      "val": 1220,
      "test": 1206
    },
    "ddi_density": 0.05261303581914269,
    "ddi_upper_pairs": 448,
    "ddi_total_pairs": 8515,
    "loaded_artifacts": {
      "records": "data/processed/records_final.pkl",
      "cohort": "data/processed/cohort_mimic3.pkl",
      "ddi": "data/processed/ddi_A_final.pkl",
      "ehr": "data/processed/ehr_adj_final.pkl",
      "embeddings": "data/embeddings/code_embeddings.pt",
      "notes": "data/processed/note_embeddings_mimic3.pkl",
      "labs": "data/processed/lab_vectors_200labs.pkl"
    }
  },
  "param_counts": {
    "visit_encoder": {
      "total": 4583681,
      "trainable": 1981697
    },
    "fusion": {
      "total": 423808,
      "trainable": 423808
    },
    "drug_gnn": {
      "total": 1974080,
      "trainable": 1974080
    },
    "predictor": {
      "total": 1095238,
      "trainable": 1095238
    },
    "model_total": {
      "total": 8339975,
      "trainable": 5737991
    }
  },
  "threshold_sweep": {
    "0.4": {
      "Jaccard": 0.541911,
      "Avg Meds": 24.467661,
      "Avg True Meds": 19.901327,
      "DDI Rate": 0.07998
    },
    "0.45": {
      "Jaccard": 0.545722,
      "Avg Meds": 23.538971,
      "Avg True Meds": 19.901327,
      "DDI Rate": 0.079777
    },
    "0.5": {
      "Jaccard": 0.548221,
      "Avg Meds": 22.640963,
      "Avg True Meds": 19.901327,
      "DDI Rate": 0.080004
    },
    "0.55": {
      "Jaccard": 0.547515,
      "Avg Meds": 21.833334,
      "Avg True Meds": 19.901327,
      "DDI Rate": 0.080295
    },
    "0.6": {
      "Jaccard": 0.548723,
      "Avg Meds": 21.003317,
      "Avg True Meds": 19.901327,
      "DDI Rate": 0.080512
    },
    "0.65": {
      "Jaccard": 0.549453,
      "Avg Meds": 20.18325,
      "Avg True Meds": 19.901327,
      "DDI Rate": 0.080601
    },
    "0.7": {
      "Jaccard": 0.546449,
      "Avg Meds": 19.351576,
      "Avg True Meds": 19.901327,
      "DDI Rate": 0.080758
    },
    "0.75": {
      "Jaccard": 0.542669,
      "Avg Meds": 18.450249,
      "Avg True Meds": 19.901327,
      "DDI Rate": 0.080394
    }
  },
  "calibrated_threshold": 0.65,
  "calibrated_metrics": {
    "Jaccard": 0.549453,
    "Avg Meds": 20.18325,
    "Avg True Meds": 19.901327,
    "DDI Rate": 0.080601
  },
  "config": {
    "hidden_dim": 256,
    "use_notes": true,
    "use_labs": true,
    "use_copy": false,
    "fusion_strategy": "film",
    "lab_dim": 400,
    "pos_weight_cap": 5.0,
    "use_cosine_lr": false,
    "contrastive_weight": 0.0,
    "margin_loss_weight": 0.0,
    "alignment_loss_weight": 0.1,
    "alignment_start_epoch": 1,
    "alignment_ramp_epochs": 0
  }
}