{
  "seed": 123,
  "ablation": "full",
  "mimic_version": 3,
  "mimic4_full": false,
  "cohort_tag": "mimic3",
  "best_val_jaccard": 0.5533486008644104,
  "test_metrics": {
    "Jaccard": 0.5500497817993164,
    "F1": 0.70256507396698,
    "PRAUC": 0.7913942508351198,
    "DDI Rate": 0.07930105389061551,
    "Avg Meds": 22.160032272338867,
    "Avg True Meds": 19.90132713317871,
    "Precision": 0.6746867299079895,
    "Recall": 0.755361795425415,
    "NHJ_new": 0.30305034549612747,
    "NHJ_dropped": 0.38922924117038127,
    "CVR": 0.0
  },
  "data_diagnostics": {
    "split_mode_requested": "hidr_vita",
    "require_cohort_split": false,
    "split_source": "hidr_vita_sequential",
    "split_seed_used": "n/a",
    "split_patient_counts": {
      "train": 4233,
      "val": 1059,
      "test": 1058
    },
    "split_example_counts": {
      "train": 6256,
      "val": 1220,
      "test": 1206
    },
    "ddi_density": 0.05261303581914269,
    "ddi_upper_pairs": 448,
    "ddi_total_pairs": 8515,
    "loaded_artifacts": {
      "records": "data/processed/records_final.pkl",
      "cohort": "data/processed/cohort_mimic3.pkl",
      "ddi": "data/processed/ddi_A_final.pkl",
      "ehr": "data/processed/ehr_adj_final.pkl",
      "embeddings": "data/embeddings/code_embeddings.pt",
      "notes": "data/processed/note_embeddings_mimic3.pkl",
      "labs": "data/processed/lab_vectors_200labs.pkl"
    }
  },
  "param_counts": {
    "visit_encoder": {
      "total": 4583681,
      "trainable": 1981697
    },
    "fusion": {
      "total": 423808,
      "trainable": 423808
    },
    "drug_gnn": {
      "total": 395008,
      "trainable": 395008
    },
    "predictor": {
      "total": 369990,
      "trainable": 369990
    },
    "model_total": {
      "total": 6035655,
      "trainable": 3433671
    }
  },
  "threshold_sweep": {
    "0.4": {
      "Jaccard": 0.546243,
      "Avg Meds": 23.723051,
      "Avg True Meds": 19.901327,
      "DDI Rate": 0.078596
    },
    "0.45": {
      "Jaccard": 0.548951,
      "Avg Meds": 22.921227,
      "Avg True Meds": 19.901327,
      "DDI Rate": 0.079097
    },
    "0.5": {
      "Jaccard": 0.55005,
      "Avg Meds": 22.160032,
      "Avg True Meds": 19.901327,
      "DDI Rate": 0.079301
    },
    "0.55": {
      "Jaccard": 0.550328,
      "Avg Meds": 21.361526,
      "Avg True Meds": 19.901327,
      "DDI Rate": 0.079692
    },
    "0.6": {
      "Jaccard": 0.550328,
      "Avg Meds": 20.609453,
      "Avg True Meds": 19.901327,
      "DDI Rate": 0.079682
    },
    "0.65": {
      "Jaccard": 0.549098,
      "Avg Meds": 19.830017,
      "Avg True Meds": 19.901327,
      "DDI Rate": 0.079828
    },
    "0.7": {
      "Jaccard": 0.547419,
      "Avg Meds": 19.066336,
      "Avg True Meds": 19.901327,
      "DDI Rate": 0.079551
    },
    "0.75": {
      "Jaccard": 0.543491,
      "Avg Meds": 18.252903,
      "Avg True Meds": 19.901327,
      "DDI Rate": 0.079492
    }
  },
  "calibrated_threshold": 0.65,
  "calibrated_metrics": {
    "Jaccard": 0.549098,
    "Avg Meds": 19.830017,
    "Avg True Meds": 19.901327,
    "DDI Rate": 0.079828
  },
  "config": {
    "hidden_dim": 256,
    "use_notes": true,
    "use_labs": true,
    "use_copy": false,
    "fusion_strategy": "film",
    "lab_dim": 400,
    "pos_weight_cap": 5.0,
    "use_cosine_lr": false,
    "contrastive_weight": 0.0,
    "margin_loss_weight": 0.0,
    "alignment_loss_weight": 0.1,
    "alignment_start_epoch": 1,
    "alignment_ramp_epochs": 0
  }
}