{
  "seed": 456,
  "ablation": "full",
  "mimic_version": 3,
  "mimic4_full": false,
  "cohort_tag": "mimic3",
  "best_val_jaccard": 0.5106879472732544,
  "test_metrics": {
    "Jaccard": 0.5125656723976135,
    "F1": 0.6694542765617371,
    "PRAUC": 0.7661022875514183,
    "DDI Rate": 0.08145613428893075,
    "Avg Meds": 24.21227264404297,
    "Avg True Meds": 19.90132713317871,
    "Precision": 0.6241777539253235,
    "Recall": 0.7699535489082336,
    "NHJ_new": 0.23564234375953674,
    "NHJ_dropped": 0.20847657715019427,
    "CVR": 0.0
  },
  "data_diagnostics": {
    "split_mode_requested": "hidr_vita",
    "require_cohort_split": false,
    "split_source": "hidr_vita_sequential",
    "split_seed_used": "n/a",
    "split_patient_counts": {
      "train": 4233,
      "val": 1059,
      "test": 1058
    },
    "split_example_counts": {
      "train": 6256,
      "val": 1220,
      "test": 1206
    },
    "ddi_density": 0.05261303581914269,
    "ddi_upper_pairs": 448,
    "ddi_total_pairs": 8515,
    "loaded_artifacts": {
      "records": "data/processed/records_final.pkl",
      "cohort": "data/processed/cohort_mimic3.pkl",
      "ddi": "data/processed/ddi_A_final.pkl",
      "ehr": "data/processed/ehr_adj_final.pkl",
      "embeddings": "data/embeddings/code_embeddings.pt"
    }
  },
  "param_counts": {
    "visit_encoder": {
      "total": 4583681,
      "trainable": 1981697
    },
    "drug_gnn": {
      "total": 1974080,
      "trainable": 1974080
    },
    "predictor": {
      "total": 1316359,
      "trainable": 1316357
    },
    "model_total": {
      "total": 8137288,
      "trainable": 5535302
    }
  },
  "threshold_sweep": {
    "0.4": {
      "Jaccard": 0.508378,
      "Avg Meds": 25.895523,
      "Avg True Meds": 19.901327,
      "DDI Rate": 0.078721
    },
    "0.45": {
      "Jaccard": 0.510408,
      "Avg Meds": 25.024876,
      "Avg True Meds": 19.901327,
      "DDI Rate": 0.079846
    },
    "0.5": {
      "Jaccard": 0.512566,
      "Avg Meds": 24.212273,
      "Avg True Meds": 19.901327,
      "DDI Rate": 0.081456
    },
    "0.55": {
      "Jaccard": 0.514141,
      "Avg Meds": 23.420399,
      "Avg True Meds": 19.901327,
      "DDI Rate": 0.082726
    },
    "0.6": {
      "Jaccard": 0.514912,
      "Avg Meds": 22.587894,
      "Avg True Meds": 19.901327,
      "DDI Rate": 0.084386
    },
    "0.65": {
      "Jaccard": 0.516139,
      "Avg Meds": 21.787727,
      "Avg True Meds": 19.901327,
      "DDI Rate": 0.085567
    },
    "0.7": {
      "Jaccard": 0.515827,
      "Avg Meds": 20.927031,
      "Avg True Meds": 19.901327,
      "DDI Rate": 0.086897
    },
    "0.75": {
      "Jaccard": 0.514868,
      "Avg Meds": 19.982588,
      "Avg True Meds": 19.901327,
      "DDI Rate": 0.088195
    }
  },
  "calibrated_threshold": 0.75,
  "calibrated_metrics": {
    "Jaccard": 0.514868,
    "Avg Meds": 19.982588,
    "Avg True Meds": 19.901327,
    "DDI Rate": 0.088195
  },
  "config": {
    "hidden_dim": 256,
    "use_notes": false,
    "use_labs": false,
    "use_copy": false,
    "fusion_strategy": "film",
    "lab_dim": 0,
    "pos_weight_cap": 5.0,
    "use_cosine_lr": false,
    "contrastive_weight": 0.0,
    "margin_loss_weight": 0.0,
    "alignment_loss_weight": 0.1,
    "alignment_start_epoch": 1,
    "alignment_ramp_epochs": 0
  }
}