{
  "seed": 42,
  "ablation": "full",
  "mimic_version": 3,
  "mimic4_full": false,
  "cohort_tag": "mimic3",
  "best_val_jaccard": 0.5373757481575012,
  "test_metrics": {
    "Jaccard": 0.5378832817077637,
    "F1": 0.6918249130249023,
    "PRAUC": 0.7806249834410259,
    "DDI Rate": 0.08250307206707949,
    "Avg Meds": 22.816749572753906,
    "Avg True Meds": 19.90132713317871,
    "Precision": 0.6575874090194702,
    "Recall": 0.756731390953064,
    "NHJ_new": 0.28096396750525426,
    "NHJ_dropped": 0.3620102468289827,
    "CVR": 0.0
  },
  "data_diagnostics": {
    "split_mode_requested": "hidr_vita",
    "require_cohort_split": false,
    "split_source": "hidr_vita_sequential",
    "split_seed_used": "n/a",
    "split_patient_counts": {
      "train": 4233,
      "val": 1059,
      "test": 1058
    },
    "split_example_counts": {
      "train": 6256,
      "val": 1220,
      "test": 1206
    },
    "ddi_density": 0.05261303581914269,
    "ddi_upper_pairs": 448,
    "ddi_total_pairs": 8515,
    "loaded_artifacts": {
      "records": "data/processed/records_final.pkl",
      "cohort": "data/processed/cohort_mimic3.pkl",
      "ddi": "data/processed/ddi_A_final.pkl",
      "ehr": "data/processed/ehr_adj_final.pkl",
      "embeddings": "data/embeddings/code_embeddings.pt",
      "labs": "data/processed/lab_vectors_200labs.pkl"
    }
  },
  "param_counts": {
    "visit_encoder": {
      "total": 4583681,
      "trainable": 1981697
    },
    "fusion": {
      "total": 423808,
      "trainable": 423808
    },
    "drug_gnn": {
      "total": 1974080,
      "trainable": 1974080
    },
    "predictor": {
      "total": 304454,
      "trainable": 304453
    },
    "model_total": {
      "total": 7549191,
      "trainable": 4947206
    }
  },
  "threshold_sweep": {
    "0.4": {
      "Jaccard": 0.53267,
      "Avg Meds": 24.684908,
      "Avg True Meds": 19.901327,
      "DDI Rate": 0.082271
    },
    "0.45": {
      "Jaccard": 0.535569,
      "Avg Meds": 23.727198,
      "Avg True Meds": 19.901327,
      "DDI Rate": 0.082385
    },
    "0.5": {
      "Jaccard": 0.537883,
      "Avg Meds": 22.81675,
      "Avg True Meds": 19.901327,
      "DDI Rate": 0.082503
    },
    "0.55": {
      "Jaccard": 0.539357,
      "Avg Meds": 21.941957,
      "Avg True Meds": 19.901327,
      "DDI Rate": 0.083027
    },
    "0.6": {
      "Jaccard": 0.538744,
      "Avg Meds": 21.179104,
      "Avg True Meds": 19.901327,
      "DDI Rate": 0.082799
    },
    "0.65": {
      "Jaccard": 0.539561,
      "Avg Meds": 20.337479,
      "Avg True Meds": 19.901327,
      "DDI Rate": 0.082842
    },
    "0.7": {
      "Jaccard": 0.53713,
      "Avg Meds": 19.486732,
      "Avg True Meds": 19.901327,
      "DDI Rate": 0.082789
    },
    "0.75": {
      "Jaccard": 0.533982,
      "Avg Meds": 18.624378,
      "Avg True Meds": 19.901327,
      "DDI Rate": 0.082704
    }
  },
  "calibrated_threshold": 0.7,
  "calibrated_metrics": {
    "Jaccard": 0.53713,
    "Avg Meds": 19.486732,
    "Avg True Meds": 19.901327,
    "DDI Rate": 0.082789
  },
  "config": {
    "hidden_dim": 256,
    "use_notes": false,
    "use_labs": true,
    "use_copy": false,
    "fusion_strategy": "film",
    "lab_dim": 400,
    "pos_weight_cap": 5.0,
    "use_cosine_lr": false,
    "contrastive_weight": 0.0,
    "margin_loss_weight": 0.0,
    "alignment_loss_weight": 0.1,
    "alignment_start_epoch": 1,
    "alignment_ramp_epochs": 0
  }
}