{
  "seed": 42,
  "ablation": "full",
  "mimic_version": 3,
  "mimic4_full": false,
  "cohort_tag": "mimic3",
  "best_val_jaccard": 0.5645579099655151,
  "test_metrics": {
    "Jaccard": 0.5631496906280518,
    "F1": 0.7129696607589722,
    "PRAUC": 0.7963341988466591,
    "DDI Rate": 0.0811320199075301,
    "Avg Meds": 20.525705337524414,
    "Avg True Meds": 19.90132713317871,
    "Precision": 0.7118474841117859,
    "Recall": 0.736979603767395,
    "NHJ_new": 0.2553475232500779,
    "NHJ_dropped": 0.30257025674769755,
    "CVR": 0.0
  },
  "data_diagnostics": {
    "split_mode_requested": "hidr_vita",
    "require_cohort_split": false,
    "split_source": "hidr_vita_sequential",
    "split_seed_used": "n/a",
    "split_patient_counts": {
      "train": 4233,
      "val": 1059,
      "test": 1058
    },
    "split_example_counts": {
      "train": 6256,
      "val": 1220,
      "test": 1206
    },
    "ddi_density": 0.05261303581914269,
    "ddi_upper_pairs": 448,
    "ddi_total_pairs": 8515,
    "loaded_artifacts": {
      "records": "data/processed/records_final.pkl",
      "cohort": "data/processed/cohort_mimic3.pkl",
      "ddi": "data/processed/ddi_A_final.pkl",
      "ehr": "data/processed/ehr_adj_final.pkl",
      "embeddings": "data/embeddings/code_embeddings.pt",
      "notes": "data/processed/note_embeddings_mimic3.pkl",
      "labs": "data/processed/lab_vectors_200labs.pkl"
    }
  },
  "param_counts": {
    "visit_encoder": {
      "total": 4583681,
      "trainable": 1981697
    },
    "fusion": {
      "total": 423808,
      "trainable": 423808
    },
    "drug_gnn": {
      "total": 1974080,
      "trainable": 1974080
    },
    "predictor": {
      "total": 559560,
      "trainable": 559560
    },
    "model_total": {
      "total": 7804297,
      "trainable": 5202313
    }
  },
  "threshold_sweep": {
    "0.4": {
      "Jaccard": 0.562894,
      "Avg Meds": 21.99917,
      "Avg True Meds": 19.901327,
      "DDI Rate": 0.081358
    },
    "0.45": {
      "Jaccard": 0.562701,
      "Avg Meds": 21.263681,
      "Avg True Meds": 19.901327,
      "DDI Rate": 0.081448
    },
    "0.5": {
      "Jaccard": 0.56315,
      "Avg Meds": 20.525705,
      "Avg True Meds": 19.901327,
      "DDI Rate": 0.081132
    },
    "0.55": {
      "Jaccard": 0.561131,
      "Avg Meds": 19.859037,
      "Avg True Meds": 19.901327,
      "DDI Rate": 0.080893
    },
    "0.6": {
      "Jaccard": 0.558158,
      "Avg Meds": 19.186567,
      "Avg True Meds": 19.901327,
      "DDI Rate": 0.08056
    },
    "0.65": {
      "Jaccard": 0.554675,
      "Avg Meds": 18.524876,
      "Avg True Meds": 19.901327,
      "DDI Rate": 0.080643
    },
    "0.7": {
      "Jaccard": 0.550691,
      "Avg Meds": 17.801825,
      "Avg True Meds": 19.901327,
      "DDI Rate": 0.08038
    },
    "0.75": {
      "Jaccard": 0.541973,
      "Avg Meds": 16.990049,
      "Avg True Meds": 19.901327,
      "DDI Rate": 0.07919
    }
  },
  "calibrated_threshold": 0.55,
  "calibrated_metrics": {
    "Jaccard": 0.561131,
    "Avg Meds": 19.859037,
    "Avg True Meds": 19.901327,
    "DDI Rate": 0.080893
  },
  "config": {
    "hidden_dim": 256,
    "use_notes": true,
    "use_labs": true,
    "use_copy": true,
    "fusion_strategy": "film",
    "lab_dim": 400,
    "pos_weight_cap": 5.0,
    "use_cosine_lr": false,
    "contrastive_weight": 0.0,
    "margin_loss_weight": 0.0,
    "alignment_loss_weight": 0.1,
    "alignment_start_epoch": 1,
    "alignment_ramp_epochs": 0
  }
}