{
  "seed": 456,
  "ablation": "full",
  "mimic_version": 3,
  "mimic4_full": false,
  "cohort_tag": "mimic3",
  "best_val_jaccard": 0.5558860301971436,
  "test_metrics": {
    "Jaccard": 0.5548494458198547,
    "F1": 0.7056496143341064,
    "PRAUC": 0.7884443934668487,
    "DDI Rate": 0.07921516075932648,
    "Avg Meds": 22.427030563354492,
    "Avg True Meds": 19.90132713317871,
    "Precision": 0.6723872423171997,
    "Recall": 0.7704378366470337,
    "NHJ_new": 0.2861392803882298,
    "NHJ_dropped": 0.3119000761132491,
    "CVR": 0.0
  },
  "data_diagnostics": {
    "split_mode_requested": "hidr_vita",
    "require_cohort_split": false,
    "split_source": "hidr_vita_sequential",
    "split_seed_used": "n/a",
    "split_patient_counts": {
      "train": 4233,
      "val": 1059,
      "test": 1058
    },
    "split_example_counts": {
      "train": 6256,
      "val": 1220,
      "test": 1206
    },
    "ddi_density": 0.05261303581914269,
    "ddi_upper_pairs": 448,
    "ddi_total_pairs": 8515,
    "loaded_artifacts": {
      "records": "data/processed/records_final.pkl",
      "cohort": "data/processed/cohort_mimic3.pkl",
      "ddi": "data/processed/ddi_A_final.pkl",
      "ehr": "data/processed/ehr_adj_final.pkl",
      "embeddings": "data/embeddings/code_embeddings.pt",
      "notes": "data/processed/note_embeddings_mimic3.pkl"
    }
  },
  "param_counts": {
    "visit_encoder": {
      "total": 5108993,
      "trainable": 2507009
    },
    "fusion": {
      "total": 400512,
      "trainable": 400512
    },
    "drug_gnn": {
      "total": 395008,
      "trainable": 395008
    },
    "predictor": {
      "total": 1571465,
      "trainable": 1381894
    },
    "model_total": {
      "total": 7739146,
      "trainable": 4947591
    }
  },
  "threshold_sweep": {
    "0.4": {
      "Jaccard": 0.552973,
      "Avg Meds": 23.476782,
      "Avg True Meds": 19.901327,
      "DDI Rate": 0.078821
    },
    "0.45": {
      "Jaccard": 0.554012,
      "Avg Meds": 22.936981,
      "Avg True Meds": 19.901327,
      "DDI Rate": 0.079016
    },
    "0.5": {
      "Jaccard": 0.554849,
      "Avg Meds": 22.427031,
      "Avg True Meds": 19.901327,
      "DDI Rate": 0.079215
    },
    "0.55": {
      "Jaccard": 0.555943,
      "Avg Meds": 21.921227,
      "Avg True Meds": 19.901327,
      "DDI Rate": 0.079669
    },
    "0.6": {
      "Jaccard": 0.556899,
      "Avg Meds": 21.422886,
      "Avg True Meds": 19.901327,
      "DDI Rate": 0.08014
    },
    "0.65": {
      "Jaccard": 0.556504,
      "Avg Meds": 20.912106,
      "Avg True Meds": 19.901327,
      "DDI Rate": 0.080411
    },
    "0.7": {
      "Jaccard": 0.555763,
      "Avg Meds": 20.370647,
      "Avg True Meds": 19.901327,
      "DDI Rate": 0.080578
    },
    "0.75": {
      "Jaccard": 0.554975,
      "Avg Meds": 19.814262,
      "Avg True Meds": 19.901327,
      "DDI Rate": 0.080986
    }
  },
  "calibrated_threshold": 0.75,
  "calibrated_metrics": {
    "Jaccard": 0.554975,
    "Avg Meds": 19.814262,
    "Avg True Meds": 19.901327,
    "DDI Rate": 0.080986
  },
  "config": {
    "hidden_dim": 256,
    "use_notes": true,
    "use_labs": false,
    "use_copy": true,
    "fusion_strategy": "film",
    "lab_dim": 0,
    "pos_weight_cap": 5.0,
    "use_cosine_lr": false,
    "contrastive_weight": 0.0,
    "margin_loss_weight": 0.0,
    "alignment_loss_weight": 0.1,
    "alignment_start_epoch": 1,
    "alignment_ramp_epochs": 0
  }
}