{
  "seed": 123,
  "ablation": "full",
  "mimic_version": 3,
  "mimic4_full": false,
  "cohort_tag": "mimic3",
  "best_val_jaccard": 0.552840530872345,
  "test_metrics": {
    "Jaccard": 0.5509306788444519,
    "F1": 0.7029634118080139,
    "PRAUC": 0.7939898180725522,
    "DDI Rate": 0.08026123439688382,
    "Avg Meds": 22.57379722595215,
    "Avg True Meds": 19.90132713317871,
    "Precision": 0.669510543346405,
    "Recall": 0.7621790170669556,
    "NHJ_new": 0.30203801471936076,
    "NHJ_dropped": 0.38539073341771174,
    "CVR": 0.0
  },
  "data_diagnostics": {
    "split_mode_requested": "hidr_vita",
    "require_cohort_split": false,
    "split_source": "hidr_vita_sequential",
    "split_seed_used": "n/a",
    "split_patient_counts": {
      "train": 4233,
      "val": 1059,
      "test": 1058
    },
    "split_example_counts": {
      "train": 6256,
      "val": 1220,
      "test": 1206
    },
    "ddi_density": 0.05261303581914269,
    "ddi_upper_pairs": 448,
    "ddi_total_pairs": 8515,
    "loaded_artifacts": {
      "records": "data/processed/records_final.pkl",
      "cohort": "data/processed/cohort_mimic3.pkl",
      "ddi": "data/processed/ddi_A_final.pkl",
      "ehr": "data/processed/ehr_adj_final.pkl",
      "embeddings": "data/embeddings/code_embeddings.pt",
      "notes": "data/processed/note_embeddings_mimic3.pkl",
      "labs": "data/processed/lab_vectors_200labs.pkl"
    }
  },
  "param_counts": {
    "visit_encoder": {
      "total": 4583681,
      "trainable": 1981697
    },
    "fusion": {
      "total": 423808,
      "trainable": 423808
    },
    "drug_gnn": {
      "total": 2007616,
      "trainable": 2007616
    },
    "predictor": {
      "total": 369990,
      "trainable": 369990
    },
    "model_total": {
      "total": 7648263,
      "trainable": 5046279
    }
  },
  "threshold_sweep": {
    "0.4": {
      "Jaccard": 0.546309,
      "Avg Meds": 24.342455,
      "Avg True Meds": 19.901327,
      "DDI Rate": 0.079364
    },
    "0.45": {
      "Jaccard": 0.549007,
      "Avg Meds": 23.419569,
      "Avg True Meds": 19.901327,
      "DDI Rate": 0.079513
    },
    "0.5": {
      "Jaccard": 0.550931,
      "Avg Meds": 22.573797,
      "Avg True Meds": 19.901327,
      "DDI Rate": 0.080261
    },
    "0.55": {
      "Jaccard": 0.551458,
      "Avg Meds": 21.759535,
      "Avg True Meds": 19.901327,
      "DDI Rate": 0.080191
    },
    "0.6": {
      "Jaccard": 0.553329,
      "Avg Meds": 20.961857,
      "Avg True Meds": 19.901327,
      "DDI Rate": 0.080288
    },
    "0.65": {
      "Jaccard": 0.552501,
      "Avg Meds": 20.166666,
      "Avg True Meds": 19.901327,
      "DDI Rate": 0.080426
    },
    "0.7": {
      "Jaccard": 0.550496,
      "Avg Meds": 19.347429,
      "Avg True Meds": 19.901327,
      "DDI Rate": 0.080436
    },
    "0.75": {
      "Jaccard": 0.547199,
      "Avg Meds": 18.452736,
      "Avg True Meds": 19.901327,
      "DDI Rate": 0.080647
    }
  },
  "calibrated_threshold": 0.65,
  "calibrated_metrics": {
    "Jaccard": 0.552501,
    "Avg Meds": 20.166666,
    "Avg True Meds": 19.901327,
    "DDI Rate": 0.080426
  },
  "config": {
    "hidden_dim": 256,
    "use_notes": true,
    "use_labs": true,
    "use_copy": false,
    "fusion_strategy": "film",
    "lab_dim": 400,
    "pos_weight_cap": 5.0,
    "use_cosine_lr": false,
    "contrastive_weight": 0.0,
    "margin_loss_weight": 0.0,
    "alignment_loss_weight": 0.1,
    "alignment_start_epoch": 1,
    "alignment_ramp_epochs": 0
  }
}