{
  "seed": 123,
  "ablation": "full",
  "mimic_version": 3,
  "mimic4_full": false,
  "cohort_tag": "mimic3",
  "best_val_jaccard": 0.5460604429244995,
  "test_metrics": {
    "Jaccard": 0.545264720916748,
    "F1": 0.6984975337982178,
    "PRAUC": 0.7875101844639619,
    "DDI Rate": 0.08261958760292855,
    "Avg Meds": 20.83416175842285,
    "Avg True Meds": 19.90132713317871,
    "Precision": 0.6914541125297546,
    "Recall": 0.7277140021324158,
    "NHJ_new": 0.29563868437942703,
    "NHJ_dropped": 0.4117766979493593,
    "CVR": 0.0
  },
  "data_diagnostics": {
    "split_mode_requested": "hidr_vita",
    "require_cohort_split": false,
    "split_source": "hidr_vita_sequential",
    "split_seed_used": "n/a",
    "split_patient_counts": {
      "train": 4233,
      "val": 1059,
      "test": 1058
    },
    "split_example_counts": {
      "train": 6256,
      "val": 1220,
      "test": 1206
    },
    "ddi_density": 0.05261303581914269,
    "ddi_upper_pairs": 448,
    "ddi_total_pairs": 8515,
    "loaded_artifacts": {
      "records": "data/processed/records_final.pkl",
      "cohort": "data/processed/cohort_mimic3.pkl",
      "ddi": "data/processed/ddi_A_final.pkl",
      "ehr": "data/processed/ehr_adj_final.pkl",
      "embeddings": "data/embeddings/code_embeddings.pt",
      "notes": "data/processed/note_embeddings_mimic3.pkl",
      "labs": "data/processed/lab_vectors_200labs.pkl"
    }
  },
  "param_counts": {
    "visit_encoder": {
      "total": 3793665,
      "trainable": 1191681
    },
    "fusion": {
      "total": 423808,
      "trainable": 423808
    },
    "drug_gnn": {
      "total": 1974080,
      "trainable": 1974080
    },
    "predictor": {
      "total": 369990,
      "trainable": 369990
    },
    "model_total": {
      "total": 6824711,
      "trainable": 4222727
    }
  },
  "threshold_sweep": {
    "0.4": {
      "Jaccard": 0.543478,
      "Avg Meds": 22.752073,
      "Avg True Meds": 19.901327,
      "DDI Rate": 0.082911
    },
    "0.45": {
      "Jaccard": 0.544603,
      "Avg Meds": 21.721394,
      "Avg True Meds": 19.901327,
      "DDI Rate": 0.082638
    },
    "0.5": {
      "Jaccard": 0.545265,
      "Avg Meds": 20.834162,
      "Avg True Meds": 19.901327,
      "DDI Rate": 0.08262
    },
    "0.55": {
      "Jaccard": 0.543777,
      "Avg Meds": 19.938641,
      "Avg True Meds": 19.901327,
      "DDI Rate": 0.082831
    },
    "0.6": {
      "Jaccard": 0.541639,
      "Avg Meds": 19.077944,
      "Avg True Meds": 19.901327,
      "DDI Rate": 0.082991
    },
    "0.65": {
      "Jaccard": 0.539891,
      "Avg Meds": 18.195688,
      "Avg True Meds": 19.901327,
      "DDI Rate": 0.082718
    },
    "0.7": {
      "Jaccard": 0.534706,
      "Avg Meds": 17.380596,
      "Avg True Meds": 19.901327,
      "DDI Rate": 0.082552
    },
    "0.75": {
      "Jaccard": 0.527554,
      "Avg Meds": 16.463516,
      "Avg True Meds": 19.901327,
      "DDI Rate": 0.082102
    }
  },
  "calibrated_threshold": 0.55,
  "calibrated_metrics": {
    "Jaccard": 0.543777,
    "Avg Meds": 19.938641,
    "Avg True Meds": 19.901327,
    "DDI Rate": 0.082831
  },
  "config": {
    "hidden_dim": 256,
    "use_notes": true,
    "use_labs": true,
    "use_copy": false,
    "fusion_strategy": "film",
    "lab_dim": 400,
    "pos_weight_cap": 5.0,
    "use_cosine_lr": false,
    "contrastive_weight": 0.0,
    "margin_loss_weight": 0.0,
    "alignment_loss_weight": 0.1,
    "alignment_start_epoch": 1,
    "alignment_ramp_epochs": 0
  }
}