{
  "seed": 456,
  "ablation": "full",
  "mimic_version": 3,
  "mimic4_full": false,
  "cohort_tag": "mimic3",
  "best_val_jaccard": 0.5463371872901917,
  "test_metrics": {
    "Jaccard": 0.5404349565505981,
    "F1": 0.6940892934799194,
    "PRAUC": 0.7884614119399591,
    "DDI Rate": 0.07915309722744879,
    "Avg Meds": 23.619403839111328,
    "Avg True Meds": 19.90132713317871,
    "Precision": 0.6486870646476746,
    "Recall": 0.7744587063789368,
    "NHJ_new": 0.29517198942209544,
    "NHJ_dropped": 0.3449199999633588,
    "CVR": 0.0
  },
  "data_diagnostics": {
    "split_mode_requested": "hidr_vita",
    "require_cohort_split": false,
    "split_source": "hidr_vita_sequential",
    "split_seed_used": "n/a",
    "split_patient_counts": {
      "train": 4233,
      "val": 1059,
      "test": 1058
    },
    "split_example_counts": {
      "train": 6256,
      "val": 1220,
      "test": 1206
    },
    "ddi_density": 0.05261303581914269,
    "ddi_upper_pairs": 448,
    "ddi_total_pairs": 8515,
    "loaded_artifacts": {
      "records": "data/processed/records_final.pkl",
      "cohort": "data/processed/cohort_mimic3.pkl",
      "ddi": "data/processed/ddi_A_final.pkl",
      "ehr": "data/processed/ehr_adj_final.pkl",
      "embeddings": "data/embeddings/code_embeddings.pt",
      "notes": "data/processed/note_embeddings_mimic3.pkl"
    }
  },
  "param_counts": {
    "visit_encoder": {
      "total": 4583681,
      "trainable": 1981697
    },
    "fusion": {
      "total": 400512,
      "trainable": 400512
    },
    "drug_gnn": {
      "total": 395008,
      "trainable": 395008
    },
    "predictor": {
      "total": 327942,
      "trainable": 327941
    },
    "model_total": {
      "total": 5970311,
      "trainable": 3368326
    }
  },
  "threshold_sweep": {
    "0.4": {
      "Jaccard": 0.534454,
      "Avg Meds": 25.449419,
      "Avg True Meds": 19.901327,
      "DDI Rate": 0.078554
    },
    "0.45": {
      "Jaccard": 0.537698,
      "Avg Meds": 24.502487,
      "Avg True Meds": 19.901327,
      "DDI Rate": 0.078842
    },
    "0.5": {
      "Jaccard": 0.540435,
      "Avg Meds": 23.619404,
      "Avg True Meds": 19.901327,
      "DDI Rate": 0.079153
    },
    "0.55": {
      "Jaccard": 0.542207,
      "Avg Meds": 22.731344,
      "Avg True Meds": 19.901327,
      "DDI Rate": 0.079481
    },
    "0.6": {
      "Jaccard": 0.544009,
      "Avg Meds": 21.870647,
      "Avg True Meds": 19.901327,
      "DDI Rate": 0.079861
    },
    "0.65": {
      "Jaccard": 0.544115,
      "Avg Meds": 20.956053,
      "Avg True Meds": 19.901327,
      "DDI Rate": 0.080408
    },
    "0.7": {
      "Jaccard": 0.543321,
      "Avg Meds": 20.066336,
      "Avg True Meds": 19.901327,
      "DDI Rate": 0.08121
    },
    "0.75": {
      "Jaccard": 0.54135,
      "Avg Meds": 19.11277,
      "Avg True Meds": 19.901327,
      "DDI Rate": 0.081898
    }
  },
  "calibrated_threshold": 0.7,
  "calibrated_metrics": {
    "Jaccard": 0.543321,
    "Avg Meds": 20.066336,
    "Avg True Meds": 19.901327,
    "DDI Rate": 0.08121
  },
  "config": {
    "hidden_dim": 256,
    "use_notes": true,
    "use_labs": false,
    "use_copy": false,
    "fusion_strategy": "film",
    "lab_dim": 0,
    "pos_weight_cap": 5.0,
    "use_cosine_lr": false,
    "contrastive_weight": 0.0,
    "margin_loss_weight": 0.0,
    "alignment_loss_weight": 0.1,
    "alignment_start_epoch": 1,
    "alignment_ramp_epochs": 0
  }
}