{
  "seed": 42,
  "ablation": "full",
  "mimic_version": 3,
  "mimic4_full": false,
  "cohort_tag": "mimic3",
  "best_val_jaccard": 0.5009854435920715,
  "test_metrics": {
    "Jaccard": 0.5037592649459839,
    "F1": 0.6619395017623901,
    "PRAUC": 0.7536543078693989,
    "DDI Rate": 0.08205767964726124,
    "Avg Meds": 24.28441047668457,
    "Avg True Meds": 19.90132713317871,
    "Precision": 0.6172832250595093,
    "Recall": 0.7606887817382812,
    "NHJ_new": 0.24591804727127678,
    "NHJ_dropped": 0.28418097448976415,
    "CVR": 0.0
  },
  "data_diagnostics": {
    "split_mode_requested": "hidr_vita",
    "require_cohort_split": false,
    "split_source": "hidr_vita_sequential",
    "split_seed_used": "n/a",
    "split_patient_counts": {
      "train": 4233,
      "val": 1059,
      "test": 1058
    },
    "split_example_counts": {
      "train": 6256,
      "val": 1220,
      "test": 1206
    },
    "ddi_density": 0.05261303581914269,
    "ddi_upper_pairs": 448,
    "ddi_total_pairs": 8515,
    "loaded_artifacts": {
      "records": "data/processed/records_final.pkl",
      "cohort": "data/processed/cohort_mimic3.pkl",
      "ddi": "data/processed/ddi_A_final.pkl",
      "ehr": "data/processed/ehr_adj_final.pkl",
      "embeddings": "data/embeddings/code_embeddings.pt"
    }
  },
  "param_counts": {
    "visit_encoder": {
      "total": 4583681,
      "trainable": 1981697
    },
    "drug_gnn": {
      "total": 1974080,
      "trainable": 1974080
    },
    "predictor": {
      "total": 262406,
      "trainable": 262404
    },
    "model_total": {
      "total": 7083335,
      "trainable": 4481349
    }
  },
  "threshold_sweep": {
    "0.4": {
      "Jaccard": 0.497903,
      "Avg Meds": 26.967661,
      "Avg True Meds": 19.901327,
      "DDI Rate": 0.079086
    },
    "0.45": {
      "Jaccard": 0.502003,
      "Avg Meds": 25.617744,
      "Avg True Meds": 19.901327,
      "DDI Rate": 0.080503
    },
    "0.5": {
      "Jaccard": 0.503759,
      "Avg Meds": 24.28441,
      "Avg True Meds": 19.901327,
      "DDI Rate": 0.082058
    },
    "0.55": {
      "Jaccard": 0.506208,
      "Avg Meds": 23.023218,
      "Avg True Meds": 19.901327,
      "DDI Rate": 0.083012
    },
    "0.6": {
      "Jaccard": 0.506502,
      "Avg Meds": 21.822554,
      "Avg True Meds": 19.901327,
      "DDI Rate": 0.084626
    },
    "0.65": {
      "Jaccard": 0.504993,
      "Avg Meds": 20.57048,
      "Avg True Meds": 19.901327,
      "DDI Rate": 0.086377
    },
    "0.7": {
      "Jaccard": 0.502147,
      "Avg Meds": 19.269485,
      "Avg True Meds": 19.901327,
      "DDI Rate": 0.088251
    },
    "0.75": {
      "Jaccard": 0.496221,
      "Avg Meds": 17.878939,
      "Avg True Meds": 19.901327,
      "DDI Rate": 0.090382
    }
  },
  "calibrated_threshold": 0.7,
  "calibrated_metrics": {
    "Jaccard": 0.502147,
    "Avg Meds": 19.269485,
    "Avg True Meds": 19.901327,
    "DDI Rate": 0.088251
  },
  "config": {
    "hidden_dim": 256,
    "use_notes": false,
    "use_labs": false,
    "use_copy": false,
    "fusion_strategy": "film",
    "lab_dim": 0,
    "pos_weight_cap": 5.0,
    "use_cosine_lr": false,
    "contrastive_weight": 0.0,
    "margin_loss_weight": 0.0,
    "alignment_loss_weight": 0.1,
    "alignment_start_epoch": 1,
    "alignment_ramp_epochs": 0
  }
}