{
  "seed": 456,
  "ablation": "full",
  "mimic_version": 3,
  "mimic4_full": false,
  "cohort_tag": "mimic3",
  "best_val_jaccard": 0.5012421607971191,
  "test_metrics": {
    "Jaccard": 0.5032014846801758,
    "F1": 0.661513090133667,
    "PRAUC": 0.7549652400418634,
    "DDI Rate": 0.08138443292810331,
    "Avg Meds": 23.36069679260254,
    "Avg True Meds": 19.90132713317871,
    "Precision": 0.6296054720878601,
    "Recall": 0.7429452538490295,
    "NHJ_new": 0.2408447563648224,
    "NHJ_dropped": 0.29002417075006587,
    "CVR": 0.0
  },
  "data_diagnostics": {
    "split_mode_requested": "hidr_vita",
    "require_cohort_split": false,
    "split_source": "hidr_vita_sequential",
    "split_seed_used": "n/a",
    "split_patient_counts": {
      "train": 4233,
      "val": 1059,
      "test": 1058
    },
    "split_example_counts": {
      "train": 6256,
      "val": 1220,
      "test": 1206
    },
    "ddi_density": 0.05261303581914269,
    "ddi_upper_pairs": 448,
    "ddi_total_pairs": 8515,
    "loaded_artifacts": {
      "records": "data/processed/records_final.pkl",
      "cohort": "data/processed/cohort_mimic3.pkl",
      "ddi": "data/processed/ddi_A_final.pkl",
      "ehr": "data/processed/ehr_adj_final.pkl",
      "embeddings": "data/embeddings/code_embeddings.pt"
    }
  },
  "param_counts": {
    "visit_encoder": {
      "total": 4583681,
      "trainable": 1981697
    },
    "drug_gnn": {
      "total": 1974080,
      "trainable": 1974080
    },
    "predictor": {
      "total": 262406,
      "trainable": 262404
    },
    "model_total": {
      "total": 7083335,
      "trainable": 4481349
    }
  },
  "threshold_sweep": {
    "0.4": {
      "Jaccard": 0.498467,
      "Avg Meds": 25.757048,
      "Avg True Meds": 19.901327,
      "DDI Rate": 0.07843
    },
    "0.45": {
      "Jaccard": 0.50212,
      "Avg Meds": 24.506634,
      "Avg True Meds": 19.901327,
      "DDI Rate": 0.079841
    },
    "0.5": {
      "Jaccard": 0.503201,
      "Avg Meds": 23.360697,
      "Avg True Meds": 19.901327,
      "DDI Rate": 0.081384
    },
    "0.55": {
      "Jaccard": 0.504098,
      "Avg Meds": 22.240465,
      "Avg True Meds": 19.901327,
      "DDI Rate": 0.082587
    },
    "0.6": {
      "Jaccard": 0.505358,
      "Avg Meds": 21.165838,
      "Avg True Meds": 19.901327,
      "DDI Rate": 0.083793
    },
    "0.65": {
      "Jaccard": 0.502949,
      "Avg Meds": 20.103649,
      "Avg True Meds": 19.901327,
      "DDI Rate": 0.085772
    },
    "0.7": {
      "Jaccard": 0.500423,
      "Avg Meds": 19.057215,
      "Avg True Meds": 19.901327,
      "DDI Rate": 0.086826
    },
    "0.75": {
      "Jaccard": 0.496884,
      "Avg Meds": 17.95854,
      "Avg True Meds": 19.901327,
      "DDI Rate": 0.087545
    }
  },
  "calibrated_threshold": 0.65,
  "calibrated_metrics": {
    "Jaccard": 0.502949,
    "Avg Meds": 20.103649,
    "Avg True Meds": 19.901327,
    "DDI Rate": 0.085772
  },
  "config": {
    "hidden_dim": 256,
    "use_notes": false,
    "use_labs": false,
    "use_copy": false,
    "fusion_strategy": "film",
    "lab_dim": 0,
    "pos_weight_cap": 5.0,
    "use_cosine_lr": false,
    "contrastive_weight": 0.0,
    "margin_loss_weight": 0.0,
    "alignment_loss_weight": 0.1,
    "alignment_start_epoch": 1,
    "alignment_ramp_epochs": 0
  }
}