{
  "seed": 456,
  "ablation": "full",
  "mimic_version": 3,
  "mimic4_full": false,
  "cohort_tag": "mimic3",
  "best_val_jaccard": 0.538845956325531,
  "test_metrics": {
    "Jaccard": 0.5370259881019592,
    "F1": 0.6911733150482178,
    "PRAUC": 0.7805939183755733,
    "DDI Rate": 0.0751085525435919,
    "Avg Meds": 22.961856842041016,
    "Avg True Meds": 19.90132713317871,
    "Precision": 0.6549133062362671,
    "Recall": 0.7587765455245972,
    "NHJ_new": 0.28001833197317627,
    "NHJ_dropped": 0.35706024107180145,
    "CVR": 0.0
  },
  "data_diagnostics": {
    "split_mode_requested": "hidr_vita",
    "require_cohort_split": false,
    "split_source": "hidr_vita_sequential",
    "split_seed_used": "n/a",
    "split_patient_counts": {
      "train": 4233,
      "val": 1059,
      "test": 1058
    },
    "split_example_counts": {
      "train": 6256,
      "val": 1220,
      "test": 1206
    },
    "ddi_density": 0.05261303581914269,
    "ddi_upper_pairs": 448,
    "ddi_total_pairs": 8515,
    "loaded_artifacts": {
      "records": "data/processed/records_final.pkl",
      "cohort": "data/processed/cohort_mimic3.pkl",
      "ddi": "data/processed/ddi_A_final.pkl",
      "ehr": "data/processed/ehr_adj_final.pkl",
      "embeddings": "data/embeddings/code_embeddings.pt",
      "labs": "data/processed/lab_vectors_100labs.pkl"
    }
  },
  "param_counts": {
    "visit_encoder": {
      "total": 4649474,
      "trainable": 2047490
    },
    "fusion": {
      "total": 411008,
      "trainable": 411008
    },
    "drug_gnn": {
      "total": 1151776,
      "trainable": 1151776
    },
    "predictor": {
      "total": 291654,
      "trainable": 291653
    },
    "model_total": {
      "total": 6767080,
      "trainable": 4165095
    }
  },
  "threshold_sweep": {
    "0.4": {
      "Jaccard": 0.531524,
      "Avg Meds": 24.85821,
      "Avg True Meds": 19.901327,
      "DDI Rate": 0.074492
    },
    "0.45": {
      "Jaccard": 0.535244,
      "Avg Meds": 23.874792,
      "Avg True Meds": 19.901327,
      "DDI Rate": 0.074718
    },
    "0.5": {
      "Jaccard": 0.537026,
      "Avg Meds": 22.961857,
      "Avg True Meds": 19.901327,
      "DDI Rate": 0.075109
    },
    "0.55": {
      "Jaccard": 0.539189,
      "Avg Meds": 22.046434,
      "Avg True Meds": 19.901327,
      "DDI Rate": 0.07546
    },
    "0.6": {
      "Jaccard": 0.538907,
      "Avg Meds": 21.155058,
      "Avg True Meds": 19.901327,
      "DDI Rate": 0.075292
    },
    "0.65": {
      "Jaccard": 0.538452,
      "Avg Meds": 20.288557,
      "Avg True Meds": 19.901327,
      "DDI Rate": 0.075949
    },
    "0.7": {
      "Jaccard": 0.535218,
      "Avg Meds": 19.38806,
      "Avg True Meds": 19.901327,
      "DDI Rate": 0.075919
    },
    "0.75": {
      "Jaccard": 0.529956,
      "Avg Meds": 18.435324,
      "Avg True Meds": 19.901327,
      "DDI Rate": 0.075861
    }
  },
  "calibrated_threshold": 0.65,
  "calibrated_metrics": {
    "Jaccard": 0.538452,
    "Avg Meds": 20.288557,
    "Avg True Meds": 19.901327,
    "DDI Rate": 0.075949
  },
  "config": {
    "hidden_dim": 256,
    "use_notes": false,
    "use_labs": true,
    "use_copy": false,
    "fusion_strategy": "film",
    "lab_dim": 200,
    "pos_weight_cap": 5.0,
    "use_cosine_lr": false,
    "contrastive_weight": 0.0,
    "margin_loss_weight": 0.0,
    "alignment_loss_weight": 0.1,
    "alignment_start_epoch": 1,
    "alignment_ramp_epochs": 0
  }
}