{
  "seed": 42,
  "ablation": "full",
  "mimic_version": 3,
  "mimic4_full": false,
  "cohort_tag": "mimic3",
  "best_val_jaccard": 0.5013911724090576,
  "test_metrics": {
    "Jaccard": 0.5042217373847961,
    "F1": 0.6623659729957581,
    "PRAUC": 0.7526141940661192,
    "DDI Rate": 0.08526023736729339,
    "Avg Meds": 23.08955192565918,
    "Avg True Meds": 19.90132713317871,
    "Precision": 0.634566605091095,
    "Recall": 0.7396263480186462,
    "NHJ_new": 0.2357465828719892,
    "NHJ_dropped": 0.2923194499392259,
    "CVR": 0.0
  },
  "data_diagnostics": {
    "split_mode_requested": "hidr_vita",
    "require_cohort_split": false,
    "split_source": "hidr_vita_sequential",
    "split_seed_used": "n/a",
    "split_patient_counts": {
      "train": 4233,
      "val": 1059,
      "test": 1058
    },
    "split_example_counts": {
      "train": 6256,
      "val": 1220,
      "test": 1206
    },
    "ddi_density": 0.05261303581914269,
    "ddi_upper_pairs": 448,
    "ddi_total_pairs": 8515,
    "loaded_artifacts": {
      "records": "data/processed/records_final.pkl",
      "cohort": "data/processed/cohort_mimic3.pkl",
      "ddi": "data/processed/ddi_A_final.pkl",
      "ehr": "data/processed/ehr_adj_final.pkl",
      "embeddings": "data/embeddings/code_embeddings.pt"
    }
  },
  "param_counts": {
    "visit_encoder": {
      "total": 4583681,
      "trainable": 1981697
    },
    "drug_gnn": {
      "total": 1974080,
      "trainable": 1974080
    },
    "predictor": {
      "total": 262406,
      "trainable": 262404
    },
    "model_total": {
      "total": 7083335,
      "trainable": 4481349
    }
  },
  "threshold_sweep": {
    "0.4": {
      "Jaccard": 0.502749,
      "Avg Meds": 25.364843,
      "Avg True Meds": 19.901327,
      "DDI Rate": 0.081775
    },
    "0.45": {
      "Jaccard": 0.504007,
      "Avg Meds": 24.207296,
      "Avg True Meds": 19.901327,
      "DDI Rate": 0.083247
    },
    "0.5": {
      "Jaccard": 0.504222,
      "Avg Meds": 23.089552,
      "Avg True Meds": 19.901327,
      "DDI Rate": 0.08526
    },
    "0.55": {
      "Jaccard": 0.504032,
      "Avg Meds": 22.042288,
      "Avg True Meds": 19.901327,
      "DDI Rate": 0.086742
    },
    "0.6": {
      "Jaccard": 0.503118,
      "Avg Meds": 20.993366,
      "Avg True Meds": 19.901327,
      "DDI Rate": 0.088001
    },
    "0.65": {
      "Jaccard": 0.501485,
      "Avg Meds": 19.95854,
      "Avg True Meds": 19.901327,
      "DDI Rate": 0.089819
    },
    "0.7": {
      "Jaccard": 0.498572,
      "Avg Meds": 18.888889,
      "Avg True Meds": 19.901327,
      "DDI Rate": 0.090708
    },
    "0.75": {
      "Jaccard": 0.493059,
      "Avg Meds": 17.694031,
      "Avg True Meds": 19.901327,
      "DDI Rate": 0.092842
    }
  },
  "calibrated_threshold": 0.65,
  "calibrated_metrics": {
    "Jaccard": 0.501485,
    "Avg Meds": 19.95854,
    "Avg True Meds": 19.901327,
    "DDI Rate": 0.089819
  },
  "config": {
    "hidden_dim": 256,
    "use_notes": false,
    "use_labs": false,
    "use_copy": false,
    "fusion_strategy": "film",
    "lab_dim": 0,
    "pos_weight_cap": 5.0,
    "use_cosine_lr": false,
    "contrastive_weight": 0.0,
    "margin_loss_weight": 0.0,
    "alignment_loss_weight": 0.1,
    "alignment_start_epoch": 1,
    "alignment_ramp_epochs": 0
  }
}