{
  "seed": 42,
  "ablation": "full",
  "mimic_version": 3,
  "mimic4_full": false,
  "cohort_tag": "mimic3",
  "best_val_jaccard": 0.5576977133750916,
  "test_metrics": {
    "Jaccard": 0.5633836388587952,
    "F1": 0.7130250930786133,
    "PRAUC": 0.7912310151287338,
    "DDI Rate": 0.07779695139488065,
    "Avg Meds": 22.444063186645508,
    "Avg True Meds": 19.807077407836914,
    "Precision": 0.6766647100448608,
    "Recall": 0.7770774364471436,
    "NHJ_new": 0.3064237641436713,
    "NHJ_dropped": 0.33702998076166424,
    "CVR": 0.0
  },
  "data_diagnostics": {
    "split_mode_requested": "hidr_vita",
    "require_cohort_split": false,
    "split_source": "hidr_vita_sequential",
    "split_seed_used": "n/a",
    "split_patient_counts": {
      "train": 4233,
      "val": 1059,
      "test": 1058
    },
    "split_example_counts": {
      "train": 3707,
      "val": 859,
      "test": 876
    },
    "ddi_density": 0.05261303581914269,
    "ddi_upper_pairs": 448,
    "ddi_total_pairs": 8515,
    "loaded_artifacts": {
      "records": "data/processed/records_final.pkl",
      "cohort": "data/processed/cohort_mimic3.pkl",
      "ddi": "data/processed/ddi_A_final.pkl",
      "ehr": "data/processed/ehr_adj_final.pkl",
      "embeddings": "data/embeddings/code_embeddings.pt",
      "notes": "data/processed/note_embeddings_mimic3.pkl",
      "labs": "data/processed/lab_vectors_200labs.pkl"
    }
  },
  "param_counts": {
    "visit_encoder": {
      "total": 5108993,
      "trainable": 2507009
    },
    "fusion": {
      "total": 423808,
      "trainable": 423808
    },
    "drug_gnn": {
      "total": 395008,
      "trainable": 395008
    },
    "predictor": {
      "total": 1613513,
      "trainable": 1423943
    },
    "model_total": {
      "total": 7804490,
      "trainable": 5012936
    }
  },
  "threshold_sweep": {
    "0.4": {
      "Jaccard": 0.562065,
      "Avg Meds": 23.424658,
      "Avg True Meds": 19.807077,
      "DDI Rate": 0.077577
    },
    "0.45": {
      "Jaccard": 0.563455,
      "Avg Meds": 22.936073,
      "Avg True Meds": 19.807077,
      "DDI Rate": 0.077508
    },
    "0.5": {
      "Jaccard": 0.563384,
      "Avg Meds": 22.444063,
      "Avg True Meds": 19.807077,
      "DDI Rate": 0.077797
    },
    "0.55": {
      "Jaccard": 0.563425,
      "Avg Meds": 21.906393,
      "Avg True Meds": 19.807077,
      "DDI Rate": 0.07814
    },
    "0.6": {
      "Jaccard": 0.563716,
      "Avg Meds": 21.417809,
      "Avg True Meds": 19.807077,
      "DDI Rate": 0.077851
    },
    "0.65": {
      "Jaccard": 0.563613,
      "Avg Meds": 20.863014,
      "Avg True Meds": 19.807077,
      "DDI Rate": 0.077405
    },
    "0.7": {
      "Jaccard": 0.56236,
      "Avg Meds": 20.360731,
      "Avg True Meds": 19.807077,
      "DDI Rate": 0.07741
    },
    "0.75": {
      "Jaccard": 0.559348,
      "Avg Meds": 19.820776,
      "Avg True Meds": 19.807077,
      "DDI Rate": 0.077479
    }
  },
  "calibrated_threshold": 0.75,
  "calibrated_metrics": {
    "Jaccard": 0.559348,
    "Avg Meds": 19.820776,
    "Avg True Meds": 19.807077,
    "DDI Rate": 0.077479
  },
  "config": {
    "hidden_dim": 256,
    "use_notes": true,
    "use_labs": true,
    "use_copy": true,
    "fusion_strategy": "film",
    "lab_dim": 400,
    "pos_weight_cap": 5.0,
    "use_cosine_lr": false,
    "contrastive_weight": 0.0,
    "margin_loss_weight": 0.0,
    "alignment_loss_weight": 0.1,
    "alignment_start_epoch": 1,
    "alignment_ramp_epochs": 0
  }
}