{
  "seed": 123,
  "ablation": "full",
  "mimic_version": 3,
  "mimic4_full": false,
  "cohort_tag": "mimic3",
  "best_val_jaccard": 0.5015631914138794,
  "test_metrics": {
    "Jaccard": 0.5026509165763855,
    "F1": 0.6611931324005127,
    "PRAUC": 0.7563445622060205,
    "DDI Rate": 0.0852338604044848,
    "Avg Meds": 22.802654266357422,
    "Avg True Meds": 19.90132713317871,
    "Precision": 0.6344923377037048,
    "Recall": 0.7358682751655579,
    "NHJ_new": 0.24089124720347554,
    "NHJ_dropped": 0.30675017206292404,
    "CVR": 0.0
  },
  "data_diagnostics": {
    "split_mode_requested": "hidr_vita",
    "require_cohort_split": false,
    "split_source": "hidr_vita_sequential",
    "split_seed_used": "n/a",
    "split_patient_counts": {
      "train": 4233,
      "val": 1059,
      "test": 1058
    },
    "split_example_counts": {
      "train": 6256,
      "val": 1220,
      "test": 1206
    },
    "ddi_density": 0.05261303581914269,
    "ddi_upper_pairs": 448,
    "ddi_total_pairs": 8515,
    "loaded_artifacts": {
      "records": "data/processed/records_final.pkl",
      "cohort": "data/processed/cohort_mimic3.pkl",
      "ddi": "data/processed/ddi_A_final.pkl",
      "ehr": "data/processed/ehr_adj_final.pkl",
      "embeddings": "data/embeddings/code_embeddings.pt"
    }
  },
  "param_counts": {
    "visit_encoder": {
      "total": 4649474,
      "trainable": 2047490
    },
    "drug_gnn": {
      "total": 1151776,
      "trainable": 1151776
    },
    "predictor": {
      "total": 262406,
      "trainable": 262404
    },
    "model_total": {
      "total": 6326824,
      "trainable": 3724838
    }
  },
  "threshold_sweep": {
    "0.4": {
      "Jaccard": 0.498748,
      "Avg Meds": 25.270315,
      "Avg True Meds": 19.901327,
      "DDI Rate": 0.082304
    },
    "0.45": {
      "Jaccard": 0.502113,
      "Avg Meds": 24.036484,
      "Avg True Meds": 19.901327,
      "DDI Rate": 0.083656
    },
    "0.5": {
      "Jaccard": 0.502651,
      "Avg Meds": 22.802654,
      "Avg True Meds": 19.901327,
      "DDI Rate": 0.085234
    },
    "0.55": {
      "Jaccard": 0.503433,
      "Avg Meds": 21.644279,
      "Avg True Meds": 19.901327,
      "DDI Rate": 0.087058
    },
    "0.6": {
      "Jaccard": 0.502162,
      "Avg Meds": 20.511608,
      "Avg True Meds": 19.901327,
      "DDI Rate": 0.088944
    },
    "0.65": {
      "Jaccard": 0.499835,
      "Avg Meds": 19.422886,
      "Avg True Meds": 19.901327,
      "DDI Rate": 0.090205
    },
    "0.7": {
      "Jaccard": 0.496271,
      "Avg Meds": 18.343283,
      "Avg True Meds": 19.901327,
      "DDI Rate": 0.090502
    },
    "0.75": {
      "Jaccard": 0.489753,
      "Avg Meds": 17.166666,
      "Avg True Meds": 19.901327,
      "DDI Rate": 0.091778
    }
  },
  "calibrated_threshold": 0.65,
  "calibrated_metrics": {
    "Jaccard": 0.499835,
    "Avg Meds": 19.422886,
    "Avg True Meds": 19.901327,
    "DDI Rate": 0.090205
  },
  "config": {
    "hidden_dim": 256,
    "use_notes": false,
    "use_labs": false,
    "use_copy": false,
    "fusion_strategy": "film",
    "lab_dim": 0,
    "pos_weight_cap": 5.0,
    "use_cosine_lr": false,
    "contrastive_weight": 0.0,
    "margin_loss_weight": 0.0,
    "alignment_loss_weight": 0.1,
    "alignment_start_epoch": 1,
    "alignment_ramp_epochs": 0
  }
}