{
  "seed": 42,
  "ablation": "full",
  "mimic_version": 3,
  "mimic4_full": false,
  "cohort_tag": "mimic3",
  "best_val_jaccard": 0.5533121228218079,
  "test_metrics": {
    "Jaccard": 0.5495544672012329,
    "F1": 0.7017767429351807,
    "PRAUC": 0.7906117594144365,
    "DDI Rate": 0.07804725096451406,
    "Avg Meds": 23.689884185791016,
    "Avg True Meds": 19.90132713317871,
    "Precision": 0.6567266583442688,
    "Recall": 0.777836263179779,
    "NHJ_new": 0.2749820382971513,
    "NHJ_dropped": 0.2559631231584047,
    "CVR": 0.0
  },
  "data_diagnostics": {
    "split_mode_requested": "hidr_vita",
    "require_cohort_split": false,
    "split_source": "hidr_vita_sequential",
    "split_seed_used": "n/a",
    "split_patient_counts": {
      "train": 4233,
      "val": 1059,
      "test": 1058
    },
    "split_example_counts": {
      "train": 6256,
      "val": 1220,
      "test": 1206
    },
    "ddi_density": 0.05261303581914269,
    "ddi_upper_pairs": 448,
    "ddi_total_pairs": 8515,
    "loaded_artifacts": {
      "records": "data/processed/records_final.pkl",
      "cohort": "data/processed/cohort_mimic3.pkl",
      "ddi": "data/processed/ddi_A_final.pkl",
      "ehr": "data/processed/ehr_adj_final.pkl",
      "embeddings": "data/embeddings/code_embeddings.pt",
      "notes": "data/processed/note_embeddings_mimic3.pkl",
      "labs": "data/processed/lab_vectors_200labs.pkl"
    }
  },
  "param_counts": {
    "visit_encoder": {
      "total": 4583681,
      "trainable": 1981697
    },
    "fusion": {
      "total": 423808,
      "trainable": 423808
    },
    "drug_gnn": {
      "total": 1974080,
      "trainable": 1974080
    },
    "predictor": {
      "total": 559560,
      "trainable": 559560
    },
    "model_total": {
      "total": 7804297,
      "trainable": 5202313
    }
  },
  "threshold_sweep": {
    "0.4": {
      "Jaccard": 0.540478,
      "Avg Meds": 26.536484,
      "Avg True Meds": 19.901327,
      "DDI Rate": 0.079009
    },
    "0.45": {
      "Jaccard": 0.546531,
      "Avg Meds": 25.018242,
      "Avg True Meds": 19.901327,
      "DDI Rate": 0.078133
    },
    "0.5": {
      "Jaccard": 0.549554,
      "Avg Meds": 23.689884,
      "Avg True Meds": 19.901327,
      "DDI Rate": 0.078047
    },
    "0.55": {
      "Jaccard": 0.553708,
      "Avg Meds": 22.452736,
      "Avg True Meds": 19.901327,
      "DDI Rate": 0.078197
    },
    "0.6": {
      "Jaccard": 0.552625,
      "Avg Meds": 21.210613,
      "Avg True Meds": 19.901327,
      "DDI Rate": 0.077384
    },
    "0.65": {
      "Jaccard": 0.551278,
      "Avg Meds": 20.033167,
      "Avg True Meds": 19.901327,
      "DDI Rate": 0.077306
    },
    "0.7": {
      "Jaccard": 0.544586,
      "Avg Meds": 18.75539,
      "Avg True Meds": 19.901327,
      "DDI Rate": 0.076775
    },
    "0.75": {
      "Jaccard": 0.534,
      "Avg Meds": 17.42786,
      "Avg True Meds": 19.901327,
      "DDI Rate": 0.076045
    }
  },
  "calibrated_threshold": 0.65,
  "calibrated_metrics": {
    "Jaccard": 0.551278,
    "Avg Meds": 20.033167,
    "Avg True Meds": 19.901327,
    "DDI Rate": 0.077306
  },
  "config": {
    "hidden_dim": 256,
    "use_notes": true,
    "use_labs": true,
    "use_copy": true,
    "fusion_strategy": "film",
    "lab_dim": 400,
    "pos_weight_cap": 5.0,
    "use_cosine_lr": false,
    "contrastive_weight": 0.0,
    "margin_loss_weight": 0.0,
    "alignment_loss_weight": 0.1,
    "alignment_start_epoch": 1,
    "alignment_ramp_epochs": 0
  }
}