{
  "seed": 456,
  "ablation": "full",
  "mimic_version": 3,
  "mimic4_full": false,
  "cohort_tag": "mimic3",
  "best_val_jaccard": 0.5550323128700256,
  "test_metrics": {
    "Jaccard": 0.5515983700752258,
    "F1": 0.7031998038291931,
    "PRAUC": 0.7915585496609086,
    "DDI Rate": 0.07607648176668198,
    "Avg Meds": 22.289386749267578,
    "Avg True Meds": 19.90132713317871,
    "Precision": 0.6815614700317383,
    "Recall": 0.7521466612815857,
    "NHJ_new": 0.2521228821654069,
    "NHJ_dropped": 0.2784676708673176,
    "CVR": 0.0
  },
  "data_diagnostics": {
    "split_mode_requested": "hidr_vita",
    "require_cohort_split": false,
    "split_source": "hidr_vita_sequential",
    "split_seed_used": "n/a",
    "split_patient_counts": {
      "train": 4233,
      "val": 1059,
      "test": 1058
    },
    "split_example_counts": {
      "train": 6256,
      "val": 1220,
      "test": 1206
    },
    "ddi_density": 0.05261303581914269,
    "ddi_upper_pairs": 448,
    "ddi_total_pairs": 8515,
    "loaded_artifacts": {
      "records": "data/processed/records_final.pkl",
      "cohort": "data/processed/cohort_mimic3.pkl",
      "ddi": "data/processed/ddi_A_final.pkl",
      "ehr": "data/processed/ehr_adj_final.pkl",
      "embeddings": "data/embeddings/code_embeddings.pt",
      "notes": "data/processed/note_embeddings_mimic3.pkl",
      "labs": "data/processed/lab_vectors_200labs.pkl"
    }
  },
  "param_counts": {
    "visit_encoder": {
      "total": 4583681,
      "trainable": 1981697
    },
    "fusion": {
      "total": 423808,
      "trainable": 423808
    },
    "drug_gnn": {
      "total": 1974080,
      "trainable": 1974080
    },
    "predictor": {
      "total": 559560,
      "trainable": 559560
    },
    "model_total": {
      "total": 7804297,
      "trainable": 5202313
    }
  },
  "threshold_sweep": {
    "0.4": {
      "Jaccard": 0.545277,
      "Avg Meds": 25.234659,
      "Avg True Meds": 19.901327,
      "DDI Rate": 0.07708
    },
    "0.45": {
      "Jaccard": 0.549415,
      "Avg Meds": 23.689054,
      "Avg True Meds": 19.901327,
      "DDI Rate": 0.07668
    },
    "0.5": {
      "Jaccard": 0.551598,
      "Avg Meds": 22.289387,
      "Avg True Meds": 19.901327,
      "DDI Rate": 0.076076
    },
    "0.55": {
      "Jaccard": 0.550147,
      "Avg Meds": 21.001657,
      "Avg True Meds": 19.901327,
      "DDI Rate": 0.075353
    },
    "0.6": {
      "Jaccard": 0.547998,
      "Avg Meds": 19.708956,
      "Avg True Meds": 19.901327,
      "DDI Rate": 0.075266
    },
    "0.65": {
      "Jaccard": 0.541826,
      "Avg Meds": 18.412935,
      "Avg True Meds": 19.901327,
      "DDI Rate": 0.07463
    },
    "0.7": {
      "Jaccard": 0.528943,
      "Avg Meds": 17.053068,
      "Avg True Meds": 19.901327,
      "DDI Rate": 0.074041
    },
    "0.75": {
      "Jaccard": 0.51043,
      "Avg Meds": 15.610282,
      "Avg True Meds": 19.901327,
      "DDI Rate": 0.072643
    }
  },
  "calibrated_threshold": 0.6,
  "calibrated_metrics": {
    "Jaccard": 0.547998,
    "Avg Meds": 19.708956,
    "Avg True Meds": 19.901327,
    "DDI Rate": 0.075266
  },
  "config": {
    "hidden_dim": 256,
    "use_notes": true,
    "use_labs": true,
    "use_copy": true,
    "fusion_strategy": "film",
    "lab_dim": 400,
    "pos_weight_cap": 5.0,
    "use_cosine_lr": false,
    "contrastive_weight": 0.0,
    "margin_loss_weight": 0.0,
    "alignment_loss_weight": 0.1,
    "alignment_start_epoch": 1,
    "alignment_ramp_epochs": 0
  }
}