{
  "seed": 456,
  "ablation": "full",
  "mimic_version": 3,
  "mimic4_full": false,
  "cohort_tag": "mimic3",
  "best_val_jaccard": 0.500178873538971,
  "test_metrics": {
    "Jaccard": 0.5017756819725037,
    "F1": 0.6601319313049316,
    "PRAUC": 0.7547861852310366,
    "DDI Rate": 0.08120526004983508,
    "Avg Meds": 23.640132904052734,
    "Avg True Meds": 19.90132713317871,
    "Precision": 0.624931275844574,
    "Recall": 0.7468669414520264,
    "NHJ_new": 0.23476010874698036,
    "NHJ_dropped": 0.280438369041995,
    "CVR": 0.0
  },
  "data_diagnostics": {
    "split_mode_requested": "hidr_vita",
    "require_cohort_split": false,
    "split_source": "hidr_vita_sequential",
    "split_seed_used": "n/a",
    "split_patient_counts": {
      "train": 4233,
      "val": 1059,
      "test": 1058
    },
    "split_example_counts": {
      "train": 6256,
      "val": 1220,
      "test": 1206
    },
    "ddi_density": 0.05261303581914269,
    "ddi_upper_pairs": 448,
    "ddi_total_pairs": 8515,
    "loaded_artifacts": {
      "records": "data/processed/records_final.pkl",
      "cohort": "data/processed/cohort_mimic3.pkl",
      "ddi": "data/processed/ddi_A_final.pkl",
      "ehr": "data/processed/ehr_adj_final.pkl",
      "embeddings": "data/embeddings/code_embeddings.pt"
    }
  },
  "param_counts": {
    "visit_encoder": {
      "total": 4649474,
      "trainable": 2047490
    },
    "drug_gnn": {
      "total": 2007616,
      "trainable": 2007616
    },
    "predictor": {
      "total": 262406,
      "trainable": 262404
    },
    "model_total": {
      "total": 7182664,
      "trainable": 4580678
    }
  },
  "threshold_sweep": {
    "0.4": {
      "Jaccard": 0.496737,
      "Avg Meds": 25.911278,
      "Avg True Meds": 19.901327,
      "DDI Rate": 0.078914
    },
    "0.45": {
      "Jaccard": 0.499841,
      "Avg Meds": 24.756218,
      "Avg True Meds": 19.901327,
      "DDI Rate": 0.080131
    },
    "0.5": {
      "Jaccard": 0.501776,
      "Avg Meds": 23.640133,
      "Avg True Meds": 19.901327,
      "DDI Rate": 0.081205
    },
    "0.55": {
      "Jaccard": 0.504636,
      "Avg Meds": 22.538143,
      "Avg True Meds": 19.901327,
      "DDI Rate": 0.08264
    },
    "0.6": {
      "Jaccard": 0.50358,
      "Avg Meds": 21.417082,
      "Avg True Meds": 19.901327,
      "DDI Rate": 0.084142
    },
    "0.65": {
      "Jaccard": 0.502935,
      "Avg Meds": 20.298508,
      "Avg True Meds": 19.901327,
      "DDI Rate": 0.085644
    },
    "0.7": {
      "Jaccard": 0.500667,
      "Avg Meds": 19.271973,
      "Avg True Meds": 19.901327,
      "DDI Rate": 0.087064
    },
    "0.75": {
      "Jaccard": 0.496736,
      "Avg Meds": 18.145107,
      "Avg True Meds": 19.901327,
      "DDI Rate": 0.088775
    }
  },
  "calibrated_threshold": 0.65,
  "calibrated_metrics": {
    "Jaccard": 0.502935,
    "Avg Meds": 20.298508,
    "Avg True Meds": 19.901327,
    "DDI Rate": 0.085644
  },
  "config": {
    "hidden_dim": 256,
    "use_notes": false,
    "use_labs": false,
    "use_copy": false,
    "fusion_strategy": "film",
    "lab_dim": 0,
    "pos_weight_cap": 5.0,
    "use_cosine_lr": false,
    "contrastive_weight": 0.0,
    "margin_loss_weight": 0.0,
    "alignment_loss_weight": 0.1,
    "alignment_start_epoch": 1,
    "alignment_ramp_epochs": 0
  }
}