{
  "seed": 42,
  "ablation": "full",
  "mimic_version": 3,
  "mimic4_full": false,
  "cohort_tag": "mimic3",
  "best_val_jaccard": 0.5541871786117554,
  "test_metrics": {
    "Jaccard": 0.5498826503753662,
    "F1": 0.7023117542266846,
    "PRAUC": 0.791317274582082,
    "DDI Rate": 0.08074720635081155,
    "Avg Meds": 22.084577560424805,
    "Avg True Meds": 19.90132713317871,
    "Precision": 0.6782737374305725,
    "Recall": 0.751130998134613,
    "NHJ_new": 0.3000110278004094,
    "NHJ_dropped": 0.3915404896987112,
    "CVR": 0.0
  },
  "data_diagnostics": {
    "split_mode_requested": "hidr_vita",
    "require_cohort_split": false,
    "split_source": "hidr_vita_sequential",
    "split_seed_used": "n/a",
    "split_patient_counts": {
      "train": 4233,
      "val": 1059,
      "test": 1058
    },
    "split_example_counts": {
      "train": 6256,
      "val": 1220,
      "test": 1206
    },
    "ddi_density": 0.05261303581914269,
    "ddi_upper_pairs": 448,
    "ddi_total_pairs": 8515,
    "loaded_artifacts": {
      "records": "data/processed/records_final.pkl",
      "cohort": "data/processed/cohort_mimic3.pkl",
      "ddi": "data/processed/ddi_A_final.pkl",
      "ehr": "data/processed/ehr_adj_final.pkl",
      "embeddings": "data/embeddings/code_embeddings.pt",
      "notes": "data/processed/note_embeddings_mimic3.pkl",
      "labs": "data/processed/lab_vectors_200labs.pkl"
    }
  },
  "param_counts": {
    "visit_encoder": {
      "total": 4583681,
      "trainable": 1981697
    },
    "fusion": {
      "total": 423808,
      "trainable": 423808
    },
    "drug_gnn": {
      "total": 262400,
      "trainable": 262400
    },
    "predictor": {
      "total": 369990,
      "trainable": 369990
    },
    "model_total": {
      "total": 5903047,
      "trainable": 3301063
    }
  },
  "threshold_sweep": {
    "0.4": {
      "Jaccard": 0.54444,
      "Avg Meds": 23.883913,
      "Avg True Meds": 19.901327,
      "DDI Rate": 0.080412
    },
    "0.45": {
      "Jaccard": 0.546512,
      "Avg Meds": 22.954395,
      "Avg True Meds": 19.901327,
      "DDI Rate": 0.080835
    },
    "0.5": {
      "Jaccard": 0.549883,
      "Avg Meds": 22.084578,
      "Avg True Meds": 19.901327,
      "DDI Rate": 0.080747
    },
    "0.55": {
      "Jaccard": 0.549889,
      "Avg Meds": 21.270315,
      "Avg True Meds": 19.901327,
      "DDI Rate": 0.080997
    },
    "0.6": {
      "Jaccard": 0.548854,
      "Avg Meds": 20.445274,
      "Avg True Meds": 19.901327,
      "DDI Rate": 0.081478
    },
    "0.65": {
      "Jaccard": 0.547891,
      "Avg Meds": 19.609453,
      "Avg True Meds": 19.901327,
      "DDI Rate": 0.081016
    },
    "0.7": {
      "Jaccard": 0.544463,
      "Avg Meds": 18.716417,
      "Avg True Meds": 19.901327,
      "DDI Rate": 0.08124
    },
    "0.75": {
      "Jaccard": 0.542193,
      "Avg Meds": 17.833334,
      "Avg True Meds": 19.901327,
      "DDI Rate": 0.081151
    }
  },
  "calibrated_threshold": 0.65,
  "calibrated_metrics": {
    "Jaccard": 0.547891,
    "Avg Meds": 19.609453,
    "Avg True Meds": 19.901327,
    "DDI Rate": 0.081016
  },
  "config": {
    "hidden_dim": 256,
    "use_notes": true,
    "use_labs": true,
    "use_copy": false,
    "fusion_strategy": "film",
    "lab_dim": 400,
    "pos_weight_cap": 5.0,
    "use_cosine_lr": false,
    "contrastive_weight": 0.0,
    "margin_loss_weight": 0.0,
    "alignment_loss_weight": 0.1,
    "alignment_start_epoch": 1,
    "alignment_ramp_epochs": 0
  }
}