{
  "seed": 42,
  "ablation": "full",
  "mimic_version": 3,
  "mimic4_full": false,
  "cohort_tag": "mimic3",
  "best_val_jaccard": 0.5422250032424927,
  "test_metrics": {
    "Jaccard": 0.5392601490020752,
    "F1": 0.6932721734046936,
    "PRAUC": 0.7829824948690094,
    "DDI Rate": 0.08067508584797675,
    "Avg Meds": 22.205638885498047,
    "Avg True Meds": 19.90132713317871,
    "Precision": 0.6688293218612671,
    "Recall": 0.746545672416687,
    "NHJ_new": 0.28146981800857346,
    "NHJ_dropped": 0.36671161494757,
    "CVR": 0.0
  },
  "data_diagnostics": {
    "split_mode_requested": "hidr_vita",
    "require_cohort_split": false,
    "split_source": "hidr_vita_sequential",
    "split_seed_used": "n/a",
    "split_patient_counts": {
      "train": 4233,
      "val": 1059,
      "test": 1058
    },
    "split_example_counts": {
      "train": 6256,
      "val": 1220,
      "test": 1206
    },
    "ddi_density": 0.05261303581914269,
    "ddi_upper_pairs": 448,
    "ddi_total_pairs": 8515,
    "loaded_artifacts": {
      "records": "data/processed/records_final.pkl",
      "cohort": "data/processed/cohort_mimic3.pkl",
      "ddi": "data/processed/ddi_A_final.pkl",
      "ehr": "data/processed/ehr_adj_final.pkl",
      "embeddings": "data/embeddings/code_embeddings.pt",
      "labs": "data/processed/lab_vectors_200labs.pkl"
    }
  },
  "param_counts": {
    "visit_encoder": {
      "total": 4583681,
      "trainable": 1981697
    },
    "fusion": {
      "total": 423808,
      "trainable": 423808
    },
    "drug_gnn": {
      "total": 262400,
      "trainable": 262400
    },
    "predictor": {
      "total": 304454,
      "trainable": 304453
    },
    "model_total": {
      "total": 5837511,
      "trainable": 3235526
    }
  },
  "threshold_sweep": {
    "0.4": {
      "Jaccard": 0.536156,
      "Avg Meds": 24.163349,
      "Avg True Meds": 19.901327,
      "DDI Rate": 0.080594
    },
    "0.45": {
      "Jaccard": 0.537975,
      "Avg Meds": 23.154228,
      "Avg True Meds": 19.901327,
      "DDI Rate": 0.080426
    },
    "0.5": {
      "Jaccard": 0.53926,
      "Avg Meds": 22.205639,
      "Avg True Meds": 19.901327,
      "DDI Rate": 0.080675
    },
    "0.55": {
      "Jaccard": 0.540077,
      "Avg Meds": 21.329187,
      "Avg True Meds": 19.901327,
      "DDI Rate": 0.081284
    },
    "0.6": {
      "Jaccard": 0.540282,
      "Avg Meds": 20.452736,
      "Avg True Meds": 19.901327,
      "DDI Rate": 0.081487
    },
    "0.65": {
      "Jaccard": 0.538031,
      "Avg Meds": 19.561359,
      "Avg True Meds": 19.901327,
      "DDI Rate": 0.081981
    },
    "0.7": {
      "Jaccard": 0.534722,
      "Avg Meds": 18.613598,
      "Avg True Meds": 19.901327,
      "DDI Rate": 0.082149
    },
    "0.75": {
      "Jaccard": 0.52914,
      "Avg Meds": 17.614428,
      "Avg True Meds": 19.901327,
      "DDI Rate": 0.082147
    }
  },
  "calibrated_threshold": 0.65,
  "calibrated_metrics": {
    "Jaccard": 0.538031,
    "Avg Meds": 19.561359,
    "Avg True Meds": 19.901327,
    "DDI Rate": 0.081981
  },
  "config": {
    "hidden_dim": 256,
    "use_notes": false,
    "use_labs": true,
    "use_copy": false,
    "fusion_strategy": "film",
    "lab_dim": 400,
    "pos_weight_cap": 5.0,
    "use_cosine_lr": false,
    "contrastive_weight": 0.0,
    "margin_loss_weight": 0.0,
    "alignment_loss_weight": 0.1,
    "alignment_start_epoch": 1,
    "alignment_ramp_epochs": 0
  }
}