{
  "seed": 42,
  "ablation": "full",
  "mimic_version": 3,
  "mimic4_full": false,
  "cohort_tag": "mimic3",
  "best_val_jaccard": 0.5656741857528687,
  "test_metrics": {
    "Jaccard": 0.5659583806991577,
    "F1": 0.71550053358078,
    "PRAUC": 0.7996487959059644,
    "DDI Rate": 0.07883865825565459,
    "Avg Meds": 21.97512435913086,
    "Avg True Meds": 19.90132713317871,
    "Precision": 0.6891454458236694,
    "Recall": 0.765457808971405,
    "NHJ_new": 0.29588707026682404,
    "NHJ_dropped": 0.32112918558873627,
    "CVR": 0.0
  },
  "data_diagnostics": {
    "split_mode_requested": "hidr_vita",
    "require_cohort_split": false,
    "split_source": "hidr_vita_sequential",
    "split_seed_used": "n/a",
    "split_patient_counts": {
      "train": 4233,
      "val": 1059,
      "test": 1058
    },
    "split_example_counts": {
      "train": 6256,
      "val": 1220,
      "test": 1206
    },
    "ddi_density": 0.05261303581914269,
    "ddi_upper_pairs": 448,
    "ddi_total_pairs": 8515,
    "loaded_artifacts": {
      "records": "data/processed/records_final.pkl",
      "cohort": "data/processed/cohort_mimic3.pkl",
      "ddi": "data/processed/ddi_A_final.pkl",
      "ehr": "data/processed/ehr_adj_final.pkl",
      "embeddings": "data/embeddings/code_embeddings.pt",
      "notes": "data/processed/note_embeddings_mimic3.pkl",
      "labs": "data/processed/lab_vectors_200labs.pkl"
    }
  },
  "param_counts": {
    "visit_encoder": {
      "total": 4649474,
      "trainable": 2047490
    },
    "fusion": {
      "total": 423808,
      "trainable": 423808
    },
    "drug_gnn": {
      "total": 1151776,
      "trainable": 1151776
    },
    "predictor": {
      "total": 559560,
      "trainable": 559560
    },
    "model_total": {
      "total": 7047786,
      "trainable": 4445802
    }
  },
  "threshold_sweep": {
    "0.4": {
      "Jaccard": 0.562013,
      "Avg Meds": 23.645937,
      "Avg True Meds": 19.901327,
      "DDI Rate": 0.079454
    },
    "0.45": {
      "Jaccard": 0.565198,
      "Avg Meds": 22.772802,
      "Avg True Meds": 19.901327,
      "DDI Rate": 0.078792
    },
    "0.5": {
      "Jaccard": 0.565958,
      "Avg Meds": 21.975124,
      "Avg True Meds": 19.901327,
      "DDI Rate": 0.078839
    },
    "0.55": {
      "Jaccard": 0.566318,
      "Avg Meds": 21.185738,
      "Avg True Meds": 19.901327,
      "DDI Rate": 0.078451
    },
    "0.6": {
      "Jaccard": 0.564621,
      "Avg Meds": 20.369818,
      "Avg True Meds": 19.901327,
      "DDI Rate": 0.078022
    },
    "0.65": {
      "Jaccard": 0.562218,
      "Avg Meds": 19.546434,
      "Avg True Meds": 19.901327,
      "DDI Rate": 0.078209
    },
    "0.7": {
      "Jaccard": 0.556714,
      "Avg Meds": 18.698175,
      "Avg True Meds": 19.901327,
      "DDI Rate": 0.07842
    },
    "0.75": {
      "Jaccard": 0.55093,
      "Avg Meds": 17.776119,
      "Avg True Meds": 19.901327,
      "DDI Rate": 0.077718
    }
  },
  "calibrated_threshold": 0.65,
  "calibrated_metrics": {
    "Jaccard": 0.562218,
    "Avg Meds": 19.546434,
    "Avg True Meds": 19.901327,
    "DDI Rate": 0.078209
  },
  "config": {
    "hidden_dim": 256,
    "use_notes": true,
    "use_labs": true,
    "use_copy": true,
    "fusion_strategy": "film",
    "lab_dim": 400,
    "pos_weight_cap": 5.0,
    "use_cosine_lr": false,
    "contrastive_weight": 0.0,
    "margin_loss_weight": 0.0,
    "alignment_loss_weight": 0.1,
    "alignment_start_epoch": 1,
    "alignment_ramp_epochs": 0
  }
}