{
  "seed": 42,
  "ablation": "full",
  "mimic_version": 3,
  "mimic4_full": false,
  "cohort_tag": "mimic3",
  "best_val_jaccard": 0.5454152226448059,
  "test_metrics": {
    "Jaccard": 0.5413602590560913,
    "F1": 0.6947044134140015,
    "PRAUC": 0.7868155489567046,
    "DDI Rate": 0.07881565855014089,
    "Avg Meds": 23.127695083618164,
    "Avg True Meds": 19.90132713317871,
    "Precision": 0.6544598340988159,
    "Recall": 0.7684049010276794,
    "NHJ_new": 0.29059029880322906,
    "NHJ_dropped": 0.3439029988489653,
    "CVR": 0.0
  },
  "data_diagnostics": {
    "split_mode_requested": "hidr_vita",
    "require_cohort_split": false,
    "split_source": "hidr_vita_sequential",
    "split_seed_used": "n/a",
    "split_patient_counts": {
      "train": 4233,
      "val": 1059,
      "test": 1058
    },
    "split_example_counts": {
      "train": 6256,
      "val": 1220,
      "test": 1206
    },
    "ddi_density": 0.05261303581914269,
    "ddi_upper_pairs": 448,
    "ddi_total_pairs": 8515,
    "loaded_artifacts": {
      "records": "data/processed/records_final.pkl",
      "cohort": "data/processed/cohort_mimic3.pkl",
      "ddi": "data/processed/ddi_A_final.pkl",
      "ehr": "data/processed/ehr_adj_final.pkl",
      "embeddings": "data/embeddings/code_embeddings.pt",
      "notes": "data/processed/note_embeddings_mimic3.pkl"
    }
  },
  "param_counts": {
    "visit_encoder": {
      "total": 4649474,
      "trainable": 2047490
    },
    "fusion": {
      "total": 400512,
      "trainable": 400512
    },
    "drug_gnn": {
      "total": 1151776,
      "trainable": 1151776
    },
    "predictor": {
      "total": 327942,
      "trainable": 327941
    },
    "model_total": {
      "total": 6792872,
      "trainable": 4190887
    }
  },
  "threshold_sweep": {
    "0.4": {
      "Jaccard": 0.5358,
      "Avg Meds": 24.942785,
      "Avg True Meds": 19.901327,
      "DDI Rate": 0.077751
    },
    "0.45": {
      "Jaccard": 0.538507,
      "Avg Meds": 23.97015,
      "Avg True Meds": 19.901327,
      "DDI Rate": 0.078479
    },
    "0.5": {
      "Jaccard": 0.54136,
      "Avg Meds": 23.127695,
      "Avg True Meds": 19.901327,
      "DDI Rate": 0.078816
    },
    "0.55": {
      "Jaccard": 0.54214,
      "Avg Meds": 22.319237,
      "Avg True Meds": 19.901327,
      "DDI Rate": 0.079276
    },
    "0.6": {
      "Jaccard": 0.542425,
      "Avg Meds": 21.461029,
      "Avg True Meds": 19.901327,
      "DDI Rate": 0.07893
    },
    "0.65": {
      "Jaccard": 0.542632,
      "Avg Meds": 20.636816,
      "Avg True Meds": 19.901327,
      "DDI Rate": 0.079234
    },
    "0.7": {
      "Jaccard": 0.542447,
      "Avg Meds": 19.760365,
      "Avg True Meds": 19.901327,
      "DDI Rate": 0.079987
    },
    "0.75": {
      "Jaccard": 0.540071,
      "Avg Meds": 18.842455,
      "Avg True Meds": 19.901327,
      "DDI Rate": 0.080532
    }
  },
  "calibrated_threshold": 0.7,
  "calibrated_metrics": {
    "Jaccard": 0.542447,
    "Avg Meds": 19.760365,
    "Avg True Meds": 19.901327,
    "DDI Rate": 0.079987
  },
  "config": {
    "hidden_dim": 256,
    "use_notes": true,
    "use_labs": false,
    "use_copy": false,
    "fusion_strategy": "film",
    "lab_dim": 0,
    "pos_weight_cap": 5.0,
    "use_cosine_lr": false,
    "contrastive_weight": 0.0,
    "margin_loss_weight": 0.0,
    "alignment_loss_weight": 0.1,
    "alignment_start_epoch": 1,
    "alignment_ramp_epochs": 0
  }
}