{
  "seed": 456,
  "ablation": "full",
  "mimic_version": 3,
  "mimic4_full": false,
  "cohort_tag": "mimic3",
  "best_val_jaccard": 0.5525956153869629,
  "test_metrics": {
    "Jaccard": 0.5490266680717468,
    "F1": 0.7014463543891907,
    "PRAUC": 0.7886191131441187,
    "DDI Rate": 0.07617371875436392,
    "Avg Meds": 23.66086196899414,
    "Avg True Meds": 19.90132713317871,
    "Precision": 0.6538657546043396,
    "Recall": 0.7793564796447754,
    "NHJ_new": 0.3072840343964727,
    "NHJ_dropped": 0.37792533165530157,
    "CVR": 0.0
  },
  "data_diagnostics": {
    "split_mode_requested": "hidr_vita",
    "require_cohort_split": false,
    "split_source": "hidr_vita_sequential",
    "split_seed_used": "n/a",
    "split_patient_counts": {
      "train": 4233,
      "val": 1059,
      "test": 1058
    },
    "split_example_counts": {
      "train": 6256,
      "val": 1220,
      "test": 1206
    },
    "ddi_density": 0.05261303581914269,
    "ddi_upper_pairs": 448,
    "ddi_total_pairs": 8515,
    "loaded_artifacts": {
      "records": "data/processed/records_final.pkl",
      "cohort": "data/processed/cohort_mimic3.pkl",
      "ddi": "data/processed/ddi_A_final.pkl",
      "ehr": "data/processed/ehr_adj_final.pkl",
      "embeddings": "data/embeddings/code_embeddings.pt",
      "notes": "data/processed/note_embeddings_mimic3.pkl",
      "labs": "data/processed/lab_vectors_200labs.pkl"
    }
  },
  "param_counts": {
    "visit_encoder": {
      "total": 4583681,
      "trainable": 1981697
    },
    "fusion": {
      "total": 423808,
      "trainable": 423808
    },
    "drug_gnn": {
      "total": 789792,
      "trainable": 789792
    },
    "predictor": {
      "total": 369990,
      "trainable": 369990
    },
    "model_total": {
      "total": 6430439,
      "trainable": 3828455
    }
  },
  "threshold_sweep": {
    "0.4": {
      "Jaccard": 0.54146,
      "Avg Meds": 25.378109,
      "Avg True Meds": 19.901327,
      "DDI Rate": 0.076129
    },
    "0.45": {
      "Jaccard": 0.545271,
      "Avg Meds": 24.486732,
      "Avg True Meds": 19.901327,
      "DDI Rate": 0.076228
    },
    "0.5": {
      "Jaccard": 0.549027,
      "Avg Meds": 23.660862,
      "Avg True Meds": 19.901327,
      "DDI Rate": 0.076174
    },
    "0.55": {
      "Jaccard": 0.551849,
      "Avg Meds": 22.825041,
      "Avg True Meds": 19.901327,
      "DDI Rate": 0.076249
    },
    "0.6": {
      "Jaccard": 0.551827,
      "Avg Meds": 22.020729,
      "Avg True Meds": 19.901327,
      "DDI Rate": 0.076457
    },
    "0.65": {
      "Jaccard": 0.551513,
      "Avg Meds": 21.212273,
      "Avg True Meds": 19.901327,
      "DDI Rate": 0.076662
    },
    "0.7": {
      "Jaccard": 0.551701,
      "Avg Meds": 20.352406,
      "Avg True Meds": 19.901327,
      "DDI Rate": 0.076779
    },
    "0.75": {
      "Jaccard": 0.550338,
      "Avg Meds": 19.427031,
      "Avg True Meds": 19.901327,
      "DDI Rate": 0.076712
    }
  },
  "calibrated_threshold": 0.7,
  "calibrated_metrics": {
    "Jaccard": 0.551701,
    "Avg Meds": 20.352406,
    "Avg True Meds": 19.901327,
    "DDI Rate": 0.076779
  },
  "config": {
    "hidden_dim": 256,
    "use_notes": true,
    "use_labs": true,
    "use_copy": false,
    "fusion_strategy": "film",
    "lab_dim": 400,
    "pos_weight_cap": 5.0,
    "use_cosine_lr": false,
    "contrastive_weight": 0.0,
    "margin_loss_weight": 0.0,
    "alignment_loss_weight": 0.1,
    "alignment_start_epoch": 1,
    "alignment_ramp_epochs": 0
  }
}