{
  "seed": 42,
  "ablation": "full",
  "mimic_version": 3,
  "mimic4_full": false,
  "cohort_tag": "mimic3",
  "best_val_jaccard": 0.5063575506210327,
  "test_metrics": {
    "Jaccard": 0.5059894323348999,
    "F1": 0.6639266610145569,
    "PRAUC": 0.7517067395158962,
    "DDI Rate": 0.08438979269818815,
    "Avg Meds": 21.764511108398438,
    "Avg True Meds": 19.90132713317871,
    "Precision": 0.6530969142913818,
    "Recall": 0.7204014658927917,
    "NHJ_new": 0.22759011544679342,
    "NHJ_dropped": 0.30743053712342916,
    "CVR": 0.0
  },
  "data_diagnostics": {
    "split_mode_requested": "hidr_vita",
    "require_cohort_split": false,
    "split_source": "hidr_vita_sequential",
    "split_seed_used": "n/a",
    "split_patient_counts": {
      "train": 4233,
      "val": 1059,
      "test": 1058
    },
    "split_example_counts": {
      "train": 6256,
      "val": 1220,
      "test": 1206
    },
    "ddi_density": 0.05261303581914269,
    "ddi_upper_pairs": 448,
    "ddi_total_pairs": 8515,
    "loaded_artifacts": {
      "records": "data/processed/records_final.pkl",
      "cohort": "data/processed/cohort_mimic3.pkl",
      "ddi": "data/processed/ddi_A_final.pkl",
      "ehr": "data/processed/ehr_adj_final.pkl",
      "embeddings": "data/embeddings/code_embeddings.pt"
    }
  },
  "param_counts": {
    "visit_encoder": {
      "total": 5108993,
      "trainable": 2507009
    },
    "drug_gnn": {
      "total": 1974080,
      "trainable": 1974080
    },
    "predictor": {
      "total": 262406,
      "trainable": 262404
    },
    "model_total": {
      "total": 7608647,
      "trainable": 5006661
    }
  },
  "threshold_sweep": {
    "0.4": {
      "Jaccard": 0.503427,
      "Avg Meds": 23.787727,
      "Avg True Meds": 19.901327,
      "DDI Rate": 0.081552
    },
    "0.45": {
      "Jaccard": 0.505001,
      "Avg Meds": 22.736319,
      "Avg True Meds": 19.901327,
      "DDI Rate": 0.082879
    },
    "0.5": {
      "Jaccard": 0.505989,
      "Avg Meds": 21.764511,
      "Avg True Meds": 19.901327,
      "DDI Rate": 0.08439
    },
    "0.55": {
      "Jaccard": 0.505888,
      "Avg Meds": 20.8267,
      "Avg True Meds": 19.901327,
      "DDI Rate": 0.085963
    },
    "0.6": {
      "Jaccard": 0.504358,
      "Avg Meds": 19.917082,
      "Avg True Meds": 19.901327,
      "DDI Rate": 0.087266
    },
    "0.65": {
      "Jaccard": 0.502869,
      "Avg Meds": 19.039801,
      "Avg True Meds": 19.901327,
      "DDI Rate": 0.087986
    },
    "0.7": {
      "Jaccard": 0.49821,
      "Avg Meds": 18.100332,
      "Avg True Meds": 19.901327,
      "DDI Rate": 0.089083
    },
    "0.75": {
      "Jaccard": 0.491476,
      "Avg Meds": 17.074627,
      "Avg True Meds": 19.901327,
      "DDI Rate": 0.090932
    }
  },
  "calibrated_threshold": 0.6,
  "calibrated_metrics": {
    "Jaccard": 0.504358,
    "Avg Meds": 19.917082,
    "Avg True Meds": 19.901327,
    "DDI Rate": 0.087266
  },
  "config": {
    "hidden_dim": 256,
    "use_notes": false,
    "use_labs": false,
    "use_copy": false,
    "fusion_strategy": "film",
    "lab_dim": 0,
    "pos_weight_cap": 5.0,
    "use_cosine_lr": false,
    "contrastive_weight": 0.0,
    "margin_loss_weight": 0.0,
    "alignment_loss_weight": 0.1,
    "alignment_start_epoch": 1,
    "alignment_ramp_epochs": 0
  }
}