{
  "seed": 123,
  "ablation": "full",
  "mimic_version": 3,
  "mimic4_full": false,
  "cohort_tag": "mimic3",
  "best_val_jaccard": 0.5046975016593933,
  "test_metrics": {
    "Jaccard": 0.507768988609314,
    "F1": 0.6655409932136536,
    "PRAUC": 0.7557597362653428,
    "DDI Rate": 0.08317904759614807,
    "Avg Meds": 23.278606414794922,
    "Avg True Meds": 19.90132713317871,
    "Precision": 0.6320438385009766,
    "Recall": 0.7485319375991821,
    "NHJ_new": 0.23970571709306618,
    "NHJ_dropped": 0.289461706814013,
    "CVR": 0.0
  },
  "data_diagnostics": {
    "split_mode_requested": "hidr_vita",
    "require_cohort_split": false,
    "split_source": "hidr_vita_sequential",
    "split_seed_used": "n/a",
    "split_patient_counts": {
      "train": 4233,
      "val": 1059,
      "test": 1058
    },
    "split_example_counts": {
      "train": 6256,
      "val": 1220,
      "test": 1206
    },
    "ddi_density": 0.05261303581914269,
    "ddi_upper_pairs": 448,
    "ddi_total_pairs": 8515,
    "loaded_artifacts": {
      "records": "data/processed/records_final.pkl",
      "cohort": "data/processed/cohort_mimic3.pkl",
      "ddi": "data/processed/ddi_A_final.pkl",
      "ehr": "data/processed/ehr_adj_final.pkl",
      "embeddings": "data/embeddings/code_embeddings.pt"
    }
  },
  "param_counts": {
    "visit_encoder": {
      "total": 4583681,
      "trainable": 1981697
    },
    "drug_gnn": {
      "total": 1974080,
      "trainable": 1974080
    },
    "predictor": {
      "total": 262406,
      "trainable": 262404
    },
    "model_total": {
      "total": 7083335,
      "trainable": 4481349
    }
  },
  "threshold_sweep": {
    "0.4": {
      "Jaccard": 0.502077,
      "Avg Meds": 25.752073,
      "Avg True Meds": 19.901327,
      "DDI Rate": 0.080351
    },
    "0.45": {
      "Jaccard": 0.505438,
      "Avg Meds": 24.493366,
      "Avg True Meds": 19.901327,
      "DDI Rate": 0.081634
    },
    "0.5": {
      "Jaccard": 0.507769,
      "Avg Meds": 23.278606,
      "Avg True Meds": 19.901327,
      "DDI Rate": 0.083179
    },
    "0.55": {
      "Jaccard": 0.507843,
      "Avg Meds": 22.14179,
      "Avg True Meds": 19.901327,
      "DDI Rate": 0.084448
    },
    "0.6": {
      "Jaccard": 0.507836,
      "Avg Meds": 21.094528,
      "Avg True Meds": 19.901327,
      "DDI Rate": 0.086059
    },
    "0.65": {
      "Jaccard": 0.506536,
      "Avg Meds": 20.048094,
      "Avg True Meds": 19.901327,
      "DDI Rate": 0.087063
    },
    "0.7": {
      "Jaccard": 0.503858,
      "Avg Meds": 18.951078,
      "Avg True Meds": 19.901327,
      "DDI Rate": 0.088568
    },
    "0.75": {
      "Jaccard": 0.500013,
      "Avg Meds": 17.937811,
      "Avg True Meds": 19.901327,
      "DDI Rate": 0.090089
    }
  },
  "calibrated_threshold": 0.65,
  "calibrated_metrics": {
    "Jaccard": 0.506536,
    "Avg Meds": 20.048094,
    "Avg True Meds": 19.901327,
    "DDI Rate": 0.087063
  },
  "config": {
    "hidden_dim": 256,
    "use_notes": false,
    "use_labs": false,
    "use_copy": false,
    "fusion_strategy": "film",
    "lab_dim": 0,
    "pos_weight_cap": 5.0,
    "use_cosine_lr": false,
    "contrastive_weight": 0.0,
    "margin_loss_weight": 0.0,
    "alignment_loss_weight": 0.1,
    "alignment_start_epoch": 1,
    "alignment_ramp_epochs": 0
  }
}