{
  "seed": 42,
  "ablation": "full",
  "mimic_version": 3,
  "mimic4_full": false,
  "cohort_tag": "mimic3",
  "best_val_jaccard": 0.5021048188209534,
  "test_metrics": {
    "Jaccard": 0.5029999017715454,
    "F1": 0.6616933345794678,
    "PRAUC": 0.7571118358010452,
    "DDI Rate": 0.08453147392276152,
    "Avg Meds": 22.933664321899414,
    "Avg True Meds": 19.90132713317871,
    "Precision": 0.6318007111549377,
    "Recall": 0.7388878464698792,
    "NHJ_new": 0.24173304673872495,
    "NHJ_dropped": 0.3013396686629245,
    "CVR": 0.0
  },
  "data_diagnostics": {
    "split_mode_requested": "hidr_vita",
    "require_cohort_split": false,
    "split_source": "hidr_vita_sequential",
    "split_seed_used": "n/a",
    "split_patient_counts": {
      "train": 4233,
      "val": 1059,
      "test": 1058
    },
    "split_example_counts": {
      "train": 6256,
      "val": 1220,
      "test": 1206
    },
    "ddi_density": 0.05261303581914269,
    "ddi_upper_pairs": 448,
    "ddi_total_pairs": 8515,
    "loaded_artifacts": {
      "records": "data/processed/records_final.pkl",
      "cohort": "data/processed/cohort_mimic3.pkl",
      "ddi": "data/processed/ddi_A_final.pkl",
      "ehr": "data/processed/ehr_adj_final.pkl",
      "embeddings": "data/embeddings/code_embeddings.pt"
    }
  },
  "param_counts": {
    "visit_encoder": {
      "total": 4649474,
      "trainable": 2047490
    },
    "drug_gnn": {
      "total": 1151776,
      "trainable": 1151776
    },
    "predictor": {
      "total": 262406,
      "trainable": 262404
    },
    "model_total": {
      "total": 6326824,
      "trainable": 3724838
    }
  },
  "threshold_sweep": {
    "0.4": {
      "Jaccard": 0.497995,
      "Avg Meds": 25.296848,
      "Avg True Meds": 19.901327,
      "DDI Rate": 0.080889
    },
    "0.45": {
      "Jaccard": 0.500535,
      "Avg Meds": 24.077944,
      "Avg True Meds": 19.901327,
      "DDI Rate": 0.082331
    },
    "0.5": {
      "Jaccard": 0.503,
      "Avg Meds": 22.933664,
      "Avg True Meds": 19.901327,
      "DDI Rate": 0.084531
    },
    "0.55": {
      "Jaccard": 0.503323,
      "Avg Meds": 21.808458,
      "Avg True Meds": 19.901327,
      "DDI Rate": 0.085933
    },
    "0.6": {
      "Jaccard": 0.50251,
      "Avg Meds": 20.692371,
      "Avg True Meds": 19.901327,
      "DDI Rate": 0.087494
    },
    "0.65": {
      "Jaccard": 0.499972,
      "Avg Meds": 19.583748,
      "Avg True Meds": 19.901327,
      "DDI Rate": 0.089665
    },
    "0.7": {
      "Jaccard": 0.497074,
      "Avg Meds": 18.483416,
      "Avg True Meds": 19.901327,
      "DDI Rate": 0.091871
    },
    "0.75": {
      "Jaccard": 0.493443,
      "Avg Meds": 17.335821,
      "Avg True Meds": 19.901327,
      "DDI Rate": 0.093334
    }
  },
  "calibrated_threshold": 0.65,
  "calibrated_metrics": {
    "Jaccard": 0.499972,
    "Avg Meds": 19.583748,
    "Avg True Meds": 19.901327,
    "DDI Rate": 0.089665
  },
  "config": {
    "hidden_dim": 256,
    "use_notes": false,
    "use_labs": false,
    "use_copy": false,
    "fusion_strategy": "film",
    "lab_dim": 0,
    "pos_weight_cap": 5.0,
    "use_cosine_lr": false,
    "contrastive_weight": 0.0,
    "margin_loss_weight": 0.0,
    "alignment_loss_weight": 0.1,
    "alignment_start_epoch": 1,
    "alignment_ramp_epochs": 0
  }
}