{
  "seed": 1024,
  "ablation": "full",
  "mimic_version": 3,
  "mimic4_full": false,
  "cohort_tag": "mimic3",
  "best_val_jaccard": 0.5558677911758423,
  "test_metrics": {
    "Jaccard": 0.5555754899978638,
    "F1": 0.7065005302429199,
    "PRAUC": 0.7857494659927386,
    "DDI Rate": 0.0810511256187203,
    "Avg Meds": 22.23797607421875,
    "Avg True Meds": 19.90132713317871,
    "Precision": 0.6756813526153564,
    "Recall": 0.7696216106414795,
    "NHJ_new": 0.2786389675579573,
    "NHJ_dropped": 0.29643013132245916,
    "CVR": 0.0
  },
  "data_diagnostics": {
    "split_mode_requested": "hidr_vita",
    "require_cohort_split": false,
    "split_source": "hidr_vita_sequential",
    "split_seed_used": "n/a",
    "split_patient_counts": {
      "train": 4233,
      "val": 1059,
      "test": 1058
    },
    "split_example_counts": {
      "train": 6256,
      "val": 1220,
      "test": 1206
    },
    "ddi_density": 0.05261303581914269,
    "ddi_upper_pairs": 448,
    "ddi_total_pairs": 8515,
    "loaded_artifacts": {
      "records": "data/processed/records_final.pkl",
      "cohort": "data/processed/cohort_mimic3.pkl",
      "ddi": "data/processed/ddi_A_final.pkl",
      "ehr": "data/processed/ehr_adj_final.pkl",
      "embeddings": "data/embeddings/code_embeddings.pt",
      "notes": "data/processed/note_embeddings_mimic3.pkl"
    }
  },
  "param_counts": {
    "visit_encoder": {
      "total": 5108993,
      "trainable": 2507009
    },
    "fusion": {
      "total": 400512,
      "trainable": 400512
    },
    "drug_gnn": {
      "total": 395008,
      "trainable": 395008
    },
    "predictor": {
      "total": 1571465,
      "trainable": 1381894
    },
    "model_total": {
      "total": 7739146,
      "trainable": 4947591
    }
  },
  "threshold_sweep": {
    "0.4": {
      "Jaccard": 0.554327,
      "Avg Meds": 23.2869,
      "Avg True Meds": 19.901327,
      "DDI Rate": 0.080261
    },
    "0.45": {
      "Jaccard": 0.554775,
      "Avg Meds": 22.734659,
      "Avg True Meds": 19.901327,
      "DDI Rate": 0.080777
    },
    "0.5": {
      "Jaccard": 0.555575,
      "Avg Meds": 22.237976,
      "Avg True Meds": 19.901327,
      "DDI Rate": 0.081051
    },
    "0.55": {
      "Jaccard": 0.555403,
      "Avg Meds": 21.72471,
      "Avg True Meds": 19.901327,
      "DDI Rate": 0.08141
    },
    "0.6": {
      "Jaccard": 0.554643,
      "Avg Meds": 21.207296,
      "Avg True Meds": 19.901327,
      "DDI Rate": 0.081768
    },
    "0.65": {
      "Jaccard": 0.553656,
      "Avg Meds": 20.677446,
      "Avg True Meds": 19.901327,
      "DDI Rate": 0.082145
    },
    "0.7": {
      "Jaccard": 0.552505,
      "Avg Meds": 20.122719,
      "Avg True Meds": 19.901327,
      "DDI Rate": 0.082758
    },
    "0.75": {
      "Jaccard": 0.550585,
      "Avg Meds": 19.523218,
      "Avg True Meds": 19.901327,
      "DDI Rate": 0.083152
    }
  },
  "calibrated_threshold": 0.7,
  "calibrated_metrics": {
    "Jaccard": 0.552505,
    "Avg Meds": 20.122719,
    "Avg True Meds": 19.901327,
    "DDI Rate": 0.082758
  },
  "config": {
    "hidden_dim": 256,
    "use_notes": true,
    "use_labs": false,
    "use_copy": true,
    "fusion_strategy": "film",
    "lab_dim": 0,
    "pos_weight_cap": 5.0,
    "use_cosine_lr": false,
    "contrastive_weight": 0.0,
    "margin_loss_weight": 0.0,
    "alignment_loss_weight": 0.1,
    "alignment_start_epoch": 1,
    "alignment_ramp_epochs": 0
  }
}