{
  "seed": 456,
  "ablation": "full",
  "mimic_version": 3,
  "mimic4_full": false,
  "cohort_tag": "mimic3",
  "best_val_jaccard": 0.56136155128479,
  "test_metrics": {
    "Jaccard": 0.5574020147323608,
    "F1": 0.708622932434082,
    "PRAUC": 0.7938971379341176,
    "DDI Rate": 0.07829968157585178,
    "Avg Meds": 22.63930320739746,
    "Avg True Meds": 19.90132713317871,
    "Precision": 0.6758146286010742,
    "Recall": 0.7690820097923279,
    "NHJ_new": 0.2827662551089337,
    "NHJ_dropped": 0.2849088358251672,
    "CVR": 0.0
  },
  "data_diagnostics": {
    "split_mode_requested": "hidr_vita",
    "require_cohort_split": false,
    "split_source": "hidr_vita_sequential",
    "split_seed_used": "n/a",
    "split_patient_counts": {
      "train": 4233,
      "val": 1059,
      "test": 1058
    },
    "split_example_counts": {
      "train": 6256,
      "val": 1220,
      "test": 1206
    },
    "ddi_density": 0.05261303581914269,
    "ddi_upper_pairs": 448,
    "ddi_total_pairs": 8515,
    "loaded_artifacts": {
      "records": "data/processed/records_final.pkl",
      "cohort": "data/processed/cohort_mimic3.pkl",
      "ddi": "data/processed/ddi_A_final.pkl",
      "ehr": "data/processed/ehr_adj_final.pkl",
      "embeddings": "data/embeddings/code_embeddings.pt",
      "notes": "data/processed/note_embeddings_mimic3.pkl",
      "labs": "data/processed/lab_vectors_200labs.pkl"
    }
  },
  "param_counts": {
    "visit_encoder": {
      "total": 3990529,
      "trainable": 1388545
    },
    "fusion": {
      "total": 423808,
      "trainable": 423808
    },
    "drug_gnn": {
      "total": 1974080,
      "trainable": 1974080
    },
    "predictor": {
      "total": 559560,
      "trainable": 559560
    },
    "model_total": {
      "total": 7211145,
      "trainable": 4609161
    }
  },
  "threshold_sweep": {
    "0.4": {
      "Jaccard": 0.553033,
      "Avg Meds": 24.360697,
      "Avg True Meds": 19.901327,
      "DDI Rate": 0.07886
    },
    "0.45": {
      "Jaccard": 0.55626,
      "Avg Meds": 23.445274,
      "Avg True Meds": 19.901327,
      "DDI Rate": 0.07886
    },
    "0.5": {
      "Jaccard": 0.557402,
      "Avg Meds": 22.639303,
      "Avg True Meds": 19.901327,
      "DDI Rate": 0.0783
    },
    "0.55": {
      "Jaccard": 0.558398,
      "Avg Meds": 21.861526,
      "Avg True Meds": 19.901327,
      "DDI Rate": 0.077918
    },
    "0.6": {
      "Jaccard": 0.559053,
      "Avg Meds": 21.072969,
      "Avg True Meds": 19.901327,
      "DDI Rate": 0.077773
    },
    "0.65": {
      "Jaccard": 0.556357,
      "Avg Meds": 20.291874,
      "Avg True Meds": 19.901327,
      "DDI Rate": 0.077254
    },
    "0.7": {
      "Jaccard": 0.55379,
      "Avg Meds": 19.456053,
      "Avg True Meds": 19.901327,
      "DDI Rate": 0.076947
    },
    "0.75": {
      "Jaccard": 0.549607,
      "Avg Meds": 18.536484,
      "Avg True Meds": 19.901327,
      "DDI Rate": 0.076301
    }
  },
  "calibrated_threshold": 0.65,
  "calibrated_metrics": {
    "Jaccard": 0.556357,
    "Avg Meds": 20.291874,
    "Avg True Meds": 19.901327,
    "DDI Rate": 0.077254
  },
  "config": {
    "hidden_dim": 256,
    "use_notes": true,
    "use_labs": true,
    "use_copy": true,
    "fusion_strategy": "film",
    "lab_dim": 400,
    "pos_weight_cap": 5.0,
    "use_cosine_lr": false,
    "contrastive_weight": 0.0,
    "margin_loss_weight": 0.0,
    "alignment_loss_weight": 0.1,
    "alignment_start_epoch": 1,
    "alignment_ramp_epochs": 0
  }
}