{
  "seed": 42,
  "ablation": "full",
  "mimic_version": 3,
  "mimic4_full": false,
  "cohort_tag": "mimic3",
  "best_val_jaccard": 0.541239857673645,
  "test_metrics": {
    "Jaccard": 0.5419172644615173,
    "F1": 0.6952673196792603,
    "PRAUC": 0.7845177274308076,
    "DDI Rate": 0.07779561552244549,
    "Avg Meds": 22.76616859436035,
    "Avg True Meds": 19.90132713317871,
    "Precision": 0.662691056728363,
    "Recall": 0.7592360973358154,
    "NHJ_new": 0.28449154057000814,
    "NHJ_dropped": 0.36035263381506266,
    "CVR": 0.0
  },
  "data_diagnostics": {
    "split_mode_requested": "hidr_vita",
    "require_cohort_split": false,
    "split_source": "hidr_vita_sequential",
    "split_seed_used": "n/a",
    "split_patient_counts": {
      "train": 4233,
      "val": 1059,
      "test": 1058
    },
    "split_example_counts": {
      "train": 6256,
      "val": 1220,
      "test": 1206
    },
    "ddi_density": 0.05261303581914269,
    "ddi_upper_pairs": 448,
    "ddi_total_pairs": 8515,
    "loaded_artifacts": {
      "records": "data/processed/records_final.pkl",
      "cohort": "data/processed/cohort_mimic3.pkl",
      "ddi": "data/processed/ddi_A_final.pkl",
      "ehr": "data/processed/ehr_adj_final.pkl",
      "embeddings": "data/embeddings/code_embeddings.pt",
      "labs": "data/processed/lab_vectors_200labs.pkl"
    }
  },
  "param_counts": {
    "visit_encoder": {
      "total": 4583681,
      "trainable": 1981697
    },
    "fusion": {
      "total": 423808,
      "trainable": 423808
    },
    "drug_gnn": {
      "total": 1151776,
      "trainable": 1151776
    },
    "predictor": {
      "total": 304454,
      "trainable": 304453
    },
    "model_total": {
      "total": 6726887,
      "trainable": 4124902
    }
  },
  "threshold_sweep": {
    "0.4": {
      "Jaccard": 0.538085,
      "Avg Meds": 24.400497,
      "Avg True Meds": 19.901327,
      "DDI Rate": 0.077031
    },
    "0.45": {
      "Jaccard": 0.540087,
      "Avg Meds": 23.567993,
      "Avg True Meds": 19.901327,
      "DDI Rate": 0.077228
    },
    "0.5": {
      "Jaccard": 0.541917,
      "Avg Meds": 22.766169,
      "Avg True Meds": 19.901327,
      "DDI Rate": 0.077796
    },
    "0.55": {
      "Jaccard": 0.543266,
      "Avg Meds": 21.98922,
      "Avg True Meds": 19.901327,
      "DDI Rate": 0.078254
    },
    "0.6": {
      "Jaccard": 0.544,
      "Avg Meds": 21.267828,
      "Avg True Meds": 19.901327,
      "DDI Rate": 0.078654
    },
    "0.65": {
      "Jaccard": 0.543429,
      "Avg Meds": 20.509121,
      "Avg True Meds": 19.901327,
      "DDI Rate": 0.079004
    },
    "0.7": {
      "Jaccard": 0.540696,
      "Avg Meds": 19.703979,
      "Avg True Meds": 19.901327,
      "DDI Rate": 0.079265
    },
    "0.75": {
      "Jaccard": 0.538316,
      "Avg Meds": 18.899668,
      "Avg True Meds": 19.901327,
      "DDI Rate": 0.07928
    }
  },
  "calibrated_threshold": 0.7,
  "calibrated_metrics": {
    "Jaccard": 0.540696,
    "Avg Meds": 19.703979,
    "Avg True Meds": 19.901327,
    "DDI Rate": 0.079265
  },
  "config": {
    "hidden_dim": 256,
    "use_notes": false,
    "use_labs": true,
    "use_copy": false,
    "fusion_strategy": "film",
    "lab_dim": 400,
    "pos_weight_cap": 5.0,
    "use_cosine_lr": false,
    "contrastive_weight": 0.0,
    "margin_loss_weight": 0.0,
    "alignment_loss_weight": 0.1,
    "alignment_start_epoch": 1,
    "alignment_ramp_epochs": 0
  }
}