{
  "seed": 42,
  "ablation": "full",
  "mimic_version": 3,
  "mimic4_full": false,
  "cohort_tag": "mimic3",
  "best_val_jaccard": 0.5407997369766235,
  "test_metrics": {
    "Jaccard": 0.5386965870857239,
    "F1": 0.6925437450408936,
    "PRAUC": 0.7837235223100839,
    "DDI Rate": 0.08025659301496793,
    "Avg Meds": 22.577943801879883,
    "Avg True Meds": 19.90132713317871,
    "Precision": 0.6633744835853577,
    "Recall": 0.7519593834877014,
    "NHJ_new": 0.2824569062182778,
    "NHJ_dropped": 0.36172431393673543,
    "CVR": 0.0
  },
  "data_diagnostics": {
    "split_mode_requested": "hidr_vita",
    "require_cohort_split": false,
    "split_source": "hidr_vita_sequential",
    "split_seed_used": "n/a",
    "split_patient_counts": {
      "train": 4233,
      "val": 1059,
      "test": 1058
    },
    "split_example_counts": {
      "train": 6256,
      "val": 1220,
      "test": 1206
    },
    "ddi_density": 0.05261303581914269,
    "ddi_upper_pairs": 448,
    "ddi_total_pairs": 8515,
    "loaded_artifacts": {
      "records": "data/processed/records_final.pkl",
      "cohort": "data/processed/cohort_mimic3.pkl",
      "ddi": "data/processed/ddi_A_final.pkl",
      "ehr": "data/processed/ehr_adj_final.pkl",
      "embeddings": "data/embeddings/code_embeddings.pt",
      "labs": "data/processed/lab_vectors_200labs.pkl"
    }
  },
  "param_counts": {
    "visit_encoder": {
      "total": 4649474,
      "trainable": 2047490
    },
    "fusion": {
      "total": 423808,
      "trainable": 423808
    },
    "drug_gnn": {
      "total": 1151776,
      "trainable": 1151776
    },
    "predictor": {
      "total": 304454,
      "trainable": 304453
    },
    "model_total": {
      "total": 6792680,
      "trainable": 4190695
    }
  },
  "threshold_sweep": {
    "0.4": {
      "Jaccard": 0.533613,
      "Avg Meds": 24.355721,
      "Avg True Meds": 19.901327,
      "DDI Rate": 0.079501
    },
    "0.45": {
      "Jaccard": 0.536346,
      "Avg Meds": 23.46932,
      "Avg True Meds": 19.901327,
      "DDI Rate": 0.079923
    },
    "0.5": {
      "Jaccard": 0.538697,
      "Avg Meds": 22.577944,
      "Avg True Meds": 19.901327,
      "DDI Rate": 0.080257
    },
    "0.55": {
      "Jaccard": 0.539584,
      "Avg Meds": 21.720564,
      "Avg True Meds": 19.901327,
      "DDI Rate": 0.080249
    },
    "0.6": {
      "Jaccard": 0.539567,
      "Avg Meds": 20.889719,
      "Avg True Meds": 19.901327,
      "DDI Rate": 0.080637
    },
    "0.65": {
      "Jaccard": 0.539744,
      "Avg Meds": 20.093699,
      "Avg True Meds": 19.901327,
      "DDI Rate": 0.080521
    },
    "0.7": {
      "Jaccard": 0.537833,
      "Avg Meds": 19.24544,
      "Avg True Meds": 19.901327,
      "DDI Rate": 0.080843
    },
    "0.75": {
      "Jaccard": 0.533567,
      "Avg Meds": 18.302654,
      "Avg True Meds": 19.901327,
      "DDI Rate": 0.081143
    }
  },
  "calibrated_threshold": 0.65,
  "calibrated_metrics": {
    "Jaccard": 0.539744,
    "Avg Meds": 20.093699,
    "Avg True Meds": 19.901327,
    "DDI Rate": 0.080521
  },
  "config": {
    "hidden_dim": 256,
    "use_notes": false,
    "use_labs": true,
    "use_copy": false,
    "fusion_strategy": "film",
    "lab_dim": 400,
    "pos_weight_cap": 5.0,
    "use_cosine_lr": false,
    "contrastive_weight": 0.0,
    "margin_loss_weight": 0.0,
    "alignment_loss_weight": 0.1,
    "alignment_start_epoch": 1,
    "alignment_ramp_epochs": 0
  }
}