{
  "seed": 42,
  "ablation": "full",
  "mimic_version": 3,
  "mimic4_full": false,
  "cohort_tag": "mimic3",
  "best_val_jaccard": 0.5443572402000427,
  "test_metrics": {
    "Jaccard": 0.541108250617981,
    "F1": 0.6942737102508545,
    "PRAUC": 0.7829928745044323,
    "DDI Rate": 0.0801957931727205,
    "Avg Meds": 23.09286880493164,
    "Avg True Meds": 19.90132713317871,
    "Precision": 0.6557893753051758,
    "Recall": 0.7651866674423218,
    "NHJ_new": 0.2985106188999979,
    "NHJ_dropped": 0.3578440625416605,
    "CVR": 0.0
  },
  "data_diagnostics": {
    "split_mode_requested": "hidr_vita",
    "require_cohort_split": false,
    "split_source": "hidr_vita_sequential",
    "split_seed_used": "n/a",
    "split_patient_counts": {
      "train": 4233,
      "val": 1059,
      "test": 1058
    },
    "split_example_counts": {
      "train": 6256,
      "val": 1220,
      "test": 1206
    },
    "ddi_density": 0.05261303581914269,
    "ddi_upper_pairs": 448,
    "ddi_total_pairs": 8515,
    "loaded_artifacts": {
      "records": "data/processed/records_final.pkl",
      "cohort": "data/processed/cohort_mimic3.pkl",
      "ddi": "data/processed/ddi_A_final.pkl",
      "ehr": "data/processed/ehr_adj_final.pkl",
      "embeddings": "data/embeddings/code_embeddings.pt",
      "notes": "data/processed/note_embeddings_mimic3.pkl"
    }
  },
  "param_counts": {
    "visit_encoder": {
      "total": 4583681,
      "trainable": 1981697
    },
    "fusion": {
      "total": 400512,
      "trainable": 400512
    },
    "drug_gnn": {
      "total": 789792,
      "trainable": 789792
    },
    "predictor": {
      "total": 327942,
      "trainable": 327941
    },
    "model_total": {
      "total": 6365095,
      "trainable": 3763110
    }
  },
  "threshold_sweep": {
    "0.4": {
      "Jaccard": 0.536311,
      "Avg Meds": 24.918739,
      "Avg True Meds": 19.901327,
      "DDI Rate": 0.079551
    },
    "0.45": {
      "Jaccard": 0.538757,
      "Avg Meds": 23.985905,
      "Avg True Meds": 19.901327,
      "DDI Rate": 0.079752
    },
    "0.5": {
      "Jaccard": 0.541108,
      "Avg Meds": 23.092869,
      "Avg True Meds": 19.901327,
      "DDI Rate": 0.080196
    },
    "0.55": {
      "Jaccard": 0.543064,
      "Avg Meds": 22.21393,
      "Avg True Meds": 19.901327,
      "DDI Rate": 0.08047
    },
    "0.6": {
      "Jaccard": 0.543779,
      "Avg Meds": 21.355721,
      "Avg True Meds": 19.901327,
      "DDI Rate": 0.080529
    },
    "0.65": {
      "Jaccard": 0.542146,
      "Avg Meds": 20.497513,
      "Avg True Meds": 19.901327,
      "DDI Rate": 0.081113
    },
    "0.7": {
      "Jaccard": 0.538487,
      "Avg Meds": 19.615257,
      "Avg True Meds": 19.901327,
      "DDI Rate": 0.081261
    },
    "0.75": {
      "Jaccard": 0.534508,
      "Avg Meds": 18.707296,
      "Avg True Meds": 19.901327,
      "DDI Rate": 0.081579
    }
  },
  "calibrated_threshold": 0.7,
  "calibrated_metrics": {
    "Jaccard": 0.538487,
    "Avg Meds": 19.615257,
    "Avg True Meds": 19.901327,
    "DDI Rate": 0.081261
  },
  "config": {
    "hidden_dim": 256,
    "use_notes": true,
    "use_labs": false,
    "use_copy": false,
    "fusion_strategy": "film",
    "lab_dim": 0,
    "pos_weight_cap": 5.0,
    "use_cosine_lr": false,
    "contrastive_weight": 0.0,
    "margin_loss_weight": 0.0,
    "alignment_loss_weight": 0.1,
    "alignment_start_epoch": 1,
    "alignment_ramp_epochs": 0
  }
}