{
  "seed": 456,
  "ablation": "full",
  "mimic_version": 3,
  "mimic4_full": false,
  "cohort_tag": "mimic3",
  "best_val_jaccard": 0.5347039103507996,
  "test_metrics": {
    "Jaccard": 0.5333138704299927,
    "F1": 0.6879439949989319,
    "PRAUC": 0.7773062351430181,
    "DDI Rate": 0.08144107340521169,
    "Avg Meds": 22.63266944885254,
    "Avg True Meds": 19.90132713317871,
    "Precision": 0.6583327651023865,
    "Recall": 0.7499434947967529,
    "NHJ_new": 0.2710821063894975,
    "NHJ_dropped": 0.34519277277745697,
    "CVR": 0.0
  },
  "data_diagnostics": {
    "split_mode_requested": "hidr_vita",
    "require_cohort_split": false,
    "split_source": "hidr_vita_sequential",
    "split_seed_used": "n/a",
    "split_patient_counts": {
      "train": 4233,
      "val": 1059,
      "test": 1058
    },
    "split_example_counts": {
      "train": 6256,
      "val": 1220,
      "test": 1206
    },
    "ddi_density": 0.05261303581914269,
    "ddi_upper_pairs": 448,
    "ddi_total_pairs": 8515,
    "loaded_artifacts": {
      "records": "data/processed/records_final.pkl",
      "cohort": "data/processed/cohort_mimic3.pkl",
      "ddi": "data/processed/ddi_A_final.pkl",
      "ehr": "data/processed/ehr_adj_final.pkl",
      "embeddings": "data/embeddings/code_embeddings.pt",
      "labs": "data/processed/lab_vectors_50labs.pkl"
    }
  },
  "param_counts": {
    "visit_encoder": {
      "total": 4649474,
      "trainable": 2047490
    },
    "fusion": {
      "total": 404608,
      "trainable": 404608
    },
    "drug_gnn": {
      "total": 1151776,
      "trainable": 1151776
    },
    "predictor": {
      "total": 285254,
      "trainable": 285253
    },
    "model_total": {
      "total": 6754280,
      "trainable": 4152295
    }
  },
  "threshold_sweep": {
    "0.4": {
      "Jaccard": 0.529911,
      "Avg Meds": 24.512438,
      "Avg True Meds": 19.901327,
      "DDI Rate": 0.080539
    },
    "0.45": {
      "Jaccard": 0.532292,
      "Avg Meds": 23.538971,
      "Avg True Meds": 19.901327,
      "DDI Rate": 0.080815
    },
    "0.5": {
      "Jaccard": 0.533314,
      "Avg Meds": 22.632669,
      "Avg True Meds": 19.901327,
      "DDI Rate": 0.081441
    },
    "0.55": {
      "Jaccard": 0.533834,
      "Avg Meds": 21.677446,
      "Avg True Meds": 19.901327,
      "DDI Rate": 0.081631
    },
    "0.6": {
      "Jaccard": 0.533687,
      "Avg Meds": 20.837479,
      "Avg True Meds": 19.901327,
      "DDI Rate": 0.081959
    },
    "0.65": {
      "Jaccard": 0.530987,
      "Avg Meds": 19.981758,
      "Avg True Meds": 19.901327,
      "DDI Rate": 0.082479
    },
    "0.7": {
      "Jaccard": 0.528837,
      "Avg Meds": 19.048094,
      "Avg True Meds": 19.901327,
      "DDI Rate": 0.08296
    },
    "0.75": {
      "Jaccard": 0.523715,
      "Avg Meds": 18.136816,
      "Avg True Meds": 19.901327,
      "DDI Rate": 0.083768
    }
  },
  "calibrated_threshold": 0.65,
  "calibrated_metrics": {
    "Jaccard": 0.530987,
    "Avg Meds": 19.981758,
    "Avg True Meds": 19.901327,
    "DDI Rate": 0.082479
  },
  "config": {
    "hidden_dim": 256,
    "use_notes": false,
    "use_labs": true,
    "use_copy": false,
    "fusion_strategy": "film",
    "lab_dim": 100,
    "pos_weight_cap": 5.0,
    "use_cosine_lr": false,
    "contrastive_weight": 0.0,
    "margin_loss_weight": 0.0,
    "alignment_loss_weight": 0.1,
    "alignment_start_epoch": 1,
    "alignment_ramp_epochs": 0
  }
}