{
  "seed": 123,
  "ablation": "full",
  "mimic_version": 3,
  "mimic4_full": false,
  "cohort_tag": "mimic3",
  "best_val_jaccard": 0.5642707347869873,
  "test_metrics": {
    "Jaccard": 0.5616046190261841,
    "F1": 0.7116262912750244,
    "PRAUC": 0.7944290722586188,
    "DDI Rate": 0.08223063710400626,
    "Avg Meds": 23.531509399414062,
    "Avg True Meds": 19.90132713317871,
    "Precision": 0.6657052636146545,
    "Recall": 0.7884440422058105,
    "NHJ_new": 0.29843268190559585,
    "NHJ_dropped": 0.2578711015613456,
    "CVR": 0.0
  },
  "data_diagnostics": {
    "split_mode_requested": "hidr_vita",
    "require_cohort_split": false,
    "split_source": "hidr_vita_sequential",
    "split_seed_used": "n/a",
    "split_patient_counts": {
      "train": 4233,
      "val": 1059,
      "test": 1058
    },
    "split_example_counts": {
      "train": 6256,
      "val": 1220,
      "test": 1206
    },
    "ddi_density": 0.05261303581914269,
    "ddi_upper_pairs": 448,
    "ddi_total_pairs": 8515,
    "loaded_artifacts": {
      "records": "data/processed/records_final.pkl",
      "cohort": "data/processed/cohort_mimic3.pkl",
      "ddi": "data/processed/ddi_A_final.pkl",
      "ehr": "data/processed/ehr_adj_final.pkl",
      "embeddings": "data/embeddings/code_embeddings.pt",
      "notes": "data/processed/note_embeddings_mimic3.pkl",
      "labs": "data/processed/lab_vectors_200labs.pkl"
    }
  },
  "param_counts": {
    "visit_encoder": {
      "total": 4583681,
      "trainable": 1981697
    },
    "fusion": {
      "total": 423808,
      "trainable": 423808
    },
    "drug_gnn": {
      "total": 1974080,
      "trainable": 1974080
    },
    "predictor": {
      "total": 559560,
      "trainable": 559560
    },
    "model_total": {
      "total": 7804297,
      "trainable": 5202313
    }
  },
  "threshold_sweep": {
    "0.4": {
      "Jaccard": 0.552001,
      "Avg Meds": 26.08209,
      "Avg True Meds": 19.901327,
      "DDI Rate": 0.082105
    },
    "0.45": {
      "Jaccard": 0.557861,
      "Avg Meds": 24.776949,
      "Avg True Meds": 19.901327,
      "DDI Rate": 0.082283
    },
    "0.5": {
      "Jaccard": 0.561605,
      "Avg Meds": 23.531509,
      "Avg True Meds": 19.901327,
      "DDI Rate": 0.082231
    },
    "0.55": {
      "Jaccard": 0.564852,
      "Avg Meds": 22.391376,
      "Avg True Meds": 19.901327,
      "DDI Rate": 0.082485
    },
    "0.6": {
      "Jaccard": 0.566245,
      "Avg Meds": 21.279436,
      "Avg True Meds": 19.901327,
      "DDI Rate": 0.082637
    },
    "0.65": {
      "Jaccard": 0.56407,
      "Avg Meds": 20.132669,
      "Avg True Meds": 19.901327,
      "DDI Rate": 0.08248
    },
    "0.7": {
      "Jaccard": 0.558191,
      "Avg Meds": 19.022388,
      "Avg True Meds": 19.901327,
      "DDI Rate": 0.081795
    },
    "0.75": {
      "Jaccard": 0.550987,
      "Avg Meds": 17.820066,
      "Avg True Meds": 19.901327,
      "DDI Rate": 0.081418
    }
  },
  "calibrated_threshold": 0.65,
  "calibrated_metrics": {
    "Jaccard": 0.56407,
    "Avg Meds": 20.132669,
    "Avg True Meds": 19.901327,
    "DDI Rate": 0.08248
  },
  "config": {
    "hidden_dim": 256,
    "use_notes": true,
    "use_labs": true,
    "use_copy": true,
    "fusion_strategy": "film",
    "lab_dim": 400,
    "pos_weight_cap": 5.0,
    "use_cosine_lr": false,
    "contrastive_weight": 0.0,
    "margin_loss_weight": 0.0,
    "alignment_loss_weight": 0.1,
    "alignment_start_epoch": 1,
    "alignment_ramp_epochs": 0
  }
}