{
  "seed": 123,
  "ablation": "full",
  "mimic_version": 3,
  "mimic4_full": false,
  "cohort_tag": "mimic3",
  "best_val_jaccard": 0.5658068060874939,
  "test_metrics": {
    "Jaccard": 0.5632211565971375,
    "F1": 0.7133240103721619,
    "PRAUC": 0.7997314470875784,
    "DDI Rate": 0.08225206245446849,
    "Avg Meds": 21.757877349853516,
    "Avg True Meds": 19.90132713317871,
    "Precision": 0.6912960410118103,
    "Recall": 0.7585262656211853,
    "NHJ_new": 0.293317962633936,
    "NHJ_dropped": 0.3215774548681159,
    "CVR": 0.0
  },
  "data_diagnostics": {
    "split_mode_requested": "hidr_vita",
    "require_cohort_split": false,
    "split_source": "hidr_vita_sequential",
    "split_seed_used": "n/a",
    "split_patient_counts": {
      "train": 4233,
      "val": 1059,
      "test": 1058
    },
    "split_example_counts": {
      "train": 6256,
      "val": 1220,
      "test": 1206
    },
    "ddi_density": 0.05261303581914269,
    "ddi_upper_pairs": 448,
    "ddi_total_pairs": 8515,
    "loaded_artifacts": {
      "records": "data/processed/records_final.pkl",
      "cohort": "data/processed/cohort_mimic3.pkl",
      "ddi": "data/processed/ddi_A_final.pkl",
      "ehr": "data/processed/ehr_adj_final.pkl",
      "embeddings": "data/embeddings/code_embeddings.pt",
      "notes": "data/processed/note_embeddings_mimic3.pkl",
      "labs": "data/processed/lab_vectors_200labs.pkl"
    }
  },
  "param_counts": {
    "visit_encoder": {
      "total": 4583681,
      "trainable": 1981697
    },
    "fusion": {
      "total": 423808,
      "trainable": 423808
    },
    "drug_gnn": {
      "total": 1974080,
      "trainable": 1974080
    },
    "predictor": {
      "total": 559560,
      "trainable": 559560
    },
    "model_total": {
      "total": 7804297,
      "trainable": 5202313
    }
  },
  "threshold_sweep": {
    "0.4": {
      "Jaccard": 0.560863,
      "Avg Meds": 23.38723,
      "Avg True Meds": 19.901327,
      "DDI Rate": 0.082343
    },
    "0.45": {
      "Jaccard": 0.56248,
      "Avg Meds": 22.559702,
      "Avg True Meds": 19.901327,
      "DDI Rate": 0.082239
    },
    "0.5": {
      "Jaccard": 0.563221,
      "Avg Meds": 21.757877,
      "Avg True Meds": 19.901327,
      "DDI Rate": 0.082252
    },
    "0.55": {
      "Jaccard": 0.563263,
      "Avg Meds": 21.001657,
      "Avg True Meds": 19.901327,
      "DDI Rate": 0.082031
    },
    "0.6": {
      "Jaccard": 0.56199,
      "Avg Meds": 20.24544,
      "Avg True Meds": 19.901327,
      "DDI Rate": 0.081945
    },
    "0.65": {
      "Jaccard": 0.560927,
      "Avg Meds": 19.514095,
      "Avg True Meds": 19.901327,
      "DDI Rate": 0.081621
    },
    "0.7": {
      "Jaccard": 0.558669,
      "Avg Meds": 18.728855,
      "Avg True Meds": 19.901327,
      "DDI Rate": 0.081359
    },
    "0.75": {
      "Jaccard": 0.554147,
      "Avg Meds": 17.871475,
      "Avg True Meds": 19.901327,
      "DDI Rate": 0.080678
    }
  },
  "calibrated_threshold": 0.6,
  "calibrated_metrics": {
    "Jaccard": 0.56199,
    "Avg Meds": 20.24544,
    "Avg True Meds": 19.901327,
    "DDI Rate": 0.081945
  },
  "config": {
    "hidden_dim": 256,
    "use_notes": true,
    "use_labs": true,
    "use_copy": true,
    "fusion_strategy": "film",
    "lab_dim": 400,
    "pos_weight_cap": 5.0,
    "use_cosine_lr": false,
    "contrastive_weight": 0.0,
    "margin_loss_weight": 0.0,
    "alignment_loss_weight": 0.1,
    "alignment_start_epoch": 1,
    "alignment_ramp_epochs": 0
  }
}