{
  "seed": 42,
  "ablation": "full",
  "mimic_version": 3,
  "mimic4_full": false,
  "cohort_tag": "mimic3",
  "best_val_jaccard": 0.5494462847709656,
  "test_metrics": {
    "Jaccard": 0.5483576655387878,
    "F1": 0.700930655002594,
    "PRAUC": 0.7919030031557743,
    "DDI Rate": 0.07802662177894949,
    "Avg Meds": 23.189884185791016,
    "Avg True Meds": 19.90132713317871,
    "Precision": 0.6583101749420166,
    "Recall": 0.7723021507263184,
    "NHJ_new": 0.30720314226652445,
    "NHJ_dropped": 0.3756178272397895,
    "CVR": 0.0
  },
  "data_diagnostics": {
    "split_mode_requested": "hidr_vita",
    "require_cohort_split": false,
    "split_source": "hidr_vita_sequential",
    "split_seed_used": "n/a",
    "split_patient_counts": {
      "train": 4233,
      "val": 1059,
      "test": 1058
    },
    "split_example_counts": {
      "train": 6256,
      "val": 1220,
      "test": 1206
    },
    "ddi_density": 0.05261303581914269,
    "ddi_upper_pairs": 448,
    "ddi_total_pairs": 8515,
    "loaded_artifacts": {
      "records": "data/processed/records_final.pkl",
      "cohort": "data/processed/cohort_mimic3.pkl",
      "ddi": "data/processed/ddi_A_final.pkl",
      "ehr": "data/processed/ehr_adj_final.pkl",
      "embeddings": "data/embeddings/code_embeddings.pt",
      "notes": "data/processed/note_embeddings_mimic3.pkl",
      "labs": "data/processed/lab_vectors_200labs.pkl"
    }
  },
  "param_counts": {
    "visit_encoder": {
      "total": 3731473,
      "trainable": 1129489
    },
    "fusion": {
      "total": 423808,
      "trainable": 423808
    },
    "drug_gnn": {
      "total": 1974080,
      "trainable": 1974080
    },
    "predictor": {
      "total": 369990,
      "trainable": 369990
    },
    "model_total": {
      "total": 6762519,
      "trainable": 4160535
    }
  },
  "threshold_sweep": {
    "0.4": {
      "Jaccard": 0.542463,
      "Avg Meds": 24.948591,
      "Avg True Meds": 19.901327,
      "DDI Rate": 0.078029
    },
    "0.45": {
      "Jaccard": 0.546254,
      "Avg Meds": 24.055555,
      "Avg True Meds": 19.901327,
      "DDI Rate": 0.07799
    },
    "0.5": {
      "Jaccard": 0.548358,
      "Avg Meds": 23.189884,
      "Avg True Meds": 19.901327,
      "DDI Rate": 0.078027
    },
    "0.55": {
      "Jaccard": 0.550478,
      "Avg Meds": 22.354893,
      "Avg True Meds": 19.901327,
      "DDI Rate": 0.077986
    },
    "0.6": {
      "Jaccard": 0.551254,
      "Avg Meds": 21.584578,
      "Avg True Meds": 19.901327,
      "DDI Rate": 0.077976
    },
    "0.65": {
      "Jaccard": 0.551347,
      "Avg Meds": 20.774462,
      "Avg True Meds": 19.901327,
      "DDI Rate": 0.078246
    },
    "0.7": {
      "Jaccard": 0.5503,
      "Avg Meds": 19.955223,
      "Avg True Meds": 19.901327,
      "DDI Rate": 0.078049
    },
    "0.75": {
      "Jaccard": 0.547984,
      "Avg Meds": 19.109453,
      "Avg True Meds": 19.901327,
      "DDI Rate": 0.077738
    }
  },
  "calibrated_threshold": 0.7,
  "calibrated_metrics": {
    "Jaccard": 0.5503,
    "Avg Meds": 19.955223,
    "Avg True Meds": 19.901327,
    "DDI Rate": 0.078049
  },
  "config": {
    "hidden_dim": 256,
    "use_notes": true,
    "use_labs": true,
    "use_copy": false,
    "fusion_strategy": "film",
    "lab_dim": 400,
    "pos_weight_cap": 5.0,
    "use_cosine_lr": false,
    "contrastive_weight": 0.0,
    "margin_loss_weight": 0.0,
    "alignment_loss_weight": 0.1,
    "alignment_start_epoch": 1,
    "alignment_ramp_epochs": 0
  }
}