{
  "seed": 42,
  "ablation": "full",
  "mimic_version": 3,
  "mimic4_full": false,
  "cohort_tag": "mimic3",
  "best_val_jaccard": 0.5500324368476868,
  "test_metrics": {
    "Jaccard": 0.547753095626831,
    "F1": 0.7003059983253479,
    "PRAUC": 0.7896242943014543,
    "DDI Rate": 0.0804801222083349,
    "Avg Meds": 22.40132713317871,
    "Avg True Meds": 19.90132713317871,
    "Precision": 0.6700807213783264,
    "Recall": 0.7612751126289368,
    "NHJ_new": 0.25868346032343414,
    "NHJ_dropped": 0.29043999314308167,
    "CVR": 0.0
  },
  "data_diagnostics": {
    "split_mode_requested": "hidr_vita",
    "require_cohort_split": false,
    "split_source": "hidr_vita_sequential",
    "split_seed_used": "n/a",
    "split_patient_counts": {
      "train": 4233,
      "val": 1059,
      "test": 1058
    },
    "split_example_counts": {
      "train": 6256,
      "val": 1220,
      "test": 1206
    },
    "ddi_density": 0.05261303581914269,
    "ddi_upper_pairs": 448,
    "ddi_total_pairs": 8515,
    "loaded_artifacts": {
      "records": "data/processed/records_final.pkl",
      "cohort": "data/processed/cohort_mimic3.pkl",
      "ddi": "data/processed/ddi_A_final.pkl",
      "ehr": "data/processed/ehr_adj_final.pkl",
      "embeddings": "data/embeddings/code_embeddings.pt",
      "labs": "data/processed/lab_vectors_200labs.pkl"
    }
  },
  "param_counts": {
    "visit_encoder": {
      "total": 4583681,
      "trainable": 1981697
    },
    "fusion": {
      "total": 423808,
      "trainable": 423808
    },
    "drug_gnn": {
      "total": 1974080,
      "trainable": 1974080
    },
    "predictor": {
      "total": 832327,
      "trainable": 832326
    },
    "model_total": {
      "total": 8077064,
      "trainable": 5475079
    }
  },
  "threshold_sweep": {
    "0.4": {
      "Jaccard": 0.548052,
      "Avg Meds": 23.766169,
      "Avg True Meds": 19.901327,
      "DDI Rate": 0.078446
    },
    "0.45": {
      "Jaccard": 0.548914,
      "Avg Meds": 23.077944,
      "Avg True Meds": 19.901327,
      "DDI Rate": 0.079281
    },
    "0.5": {
      "Jaccard": 0.547753,
      "Avg Meds": 22.401327,
      "Avg True Meds": 19.901327,
      "DDI Rate": 0.08048
    },
    "0.55": {
      "Jaccard": 0.548627,
      "Avg Meds": 21.728027,
      "Avg True Meds": 19.901327,
      "DDI Rate": 0.081725
    },
    "0.6": {
      "Jaccard": 0.548112,
      "Avg Meds": 21.077944,
      "Avg True Meds": 19.901327,
      "DDI Rate": 0.082724
    },
    "0.65": {
      "Jaccard": 0.546057,
      "Avg Meds": 20.402157,
      "Avg True Meds": 19.901327,
      "DDI Rate": 0.083895
    },
    "0.7": {
      "Jaccard": 0.54493,
      "Avg Meds": 19.682421,
      "Avg True Meds": 19.901327,
      "DDI Rate": 0.085076
    },
    "0.75": {
      "Jaccard": 0.541557,
      "Avg Meds": 18.893034,
      "Avg True Meds": 19.901327,
      "DDI Rate": 0.08586
    }
  },
  "calibrated_threshold": 0.7,
  "calibrated_metrics": {
    "Jaccard": 0.54493,
    "Avg Meds": 19.682421,
    "Avg True Meds": 19.901327,
    "DDI Rate": 0.085076
  },
  "config": {
    "hidden_dim": 256,
    "use_notes": false,
    "use_labs": true,
    "use_copy": false,
    "fusion_strategy": "film",
    "lab_dim": 400,
    "pos_weight_cap": 5.0,
    "use_cosine_lr": false,
    "contrastive_weight": 0.0,
    "margin_loss_weight": 0.0,
    "alignment_loss_weight": 0.1,
    "alignment_start_epoch": 1,
    "alignment_ramp_epochs": 0
  }
}