{
  "seed": 123,
  "ablation": "full",
  "mimic_version": 3,
  "mimic4_full": false,
  "cohort_tag": "mimic3",
  "best_val_jaccard": 0.4972801208496094,
  "test_metrics": {
    "Jaccard": 0.4971102476119995,
    "F1": 0.6564106941223145,
    "PRAUC": 0.7488415024960728,
    "DDI Rate": 0.08215943275951942,
    "Avg Meds": 22.847429275512695,
    "Avg True Meds": 19.90132713317871,
    "Precision": 0.6283518671989441,
    "Recall": 0.7342890501022339,
    "NHJ_new": 0.2332799654257925,
    "NHJ_dropped": 0.2917598140867133,
    "CVR": 0.0
  },
  "data_diagnostics": {
    "split_mode_requested": "hidr_vita",
    "require_cohort_split": false,
    "split_source": "hidr_vita_sequential",
    "split_seed_used": "n/a",
    "split_patient_counts": {
      "train": 4233,
      "val": 1059,
      "test": 1058
    },
    "split_example_counts": {
      "train": 6256,
      "val": 1220,
      "test": 1206
    },
    "ddi_density": 0.05261303581914269,
    "ddi_upper_pairs": 448,
    "ddi_total_pairs": 8515,
    "loaded_artifacts": {
      "records": "data/processed/records_final.pkl",
      "cohort": "data/processed/cohort_mimic3.pkl",
      "ddi": "data/processed/ddi_A_final.pkl",
      "ehr": "data/processed/ehr_adj_final.pkl",
      "embeddings": "data/embeddings/code_embeddings.pt"
    }
  },
  "param_counts": {
    "visit_encoder": {
      "total": 4583681,
      "trainable": 1981697
    },
    "drug_gnn": {
      "total": 1974080,
      "trainable": 1974080
    },
    "predictor": {
      "total": 756998,
      "trainable": 756996
    },
    "model_total": {
      "total": 7577927,
      "trainable": 4975941
    }
  },
  "threshold_sweep": {
    "0.4": {
      "Jaccard": 0.492978,
      "Avg Meds": 25.121061,
      "Avg True Meds": 19.901327,
      "DDI Rate": 0.080643
    },
    "0.45": {
      "Jaccard": 0.495506,
      "Avg Meds": 23.943615,
      "Avg True Meds": 19.901327,
      "DDI Rate": 0.081748
    },
    "0.5": {
      "Jaccard": 0.49711,
      "Avg Meds": 22.847429,
      "Avg True Meds": 19.901327,
      "DDI Rate": 0.082159
    },
    "0.55": {
      "Jaccard": 0.498059,
      "Avg Meds": 21.762024,
      "Avg True Meds": 19.901327,
      "DDI Rate": 0.082622
    },
    "0.6": {
      "Jaccard": 0.496982,
      "Avg Meds": 20.701492,
      "Avg True Meds": 19.901327,
      "DDI Rate": 0.083592
    },
    "0.65": {
      "Jaccard": 0.494341,
      "Avg Meds": 19.617744,
      "Avg True Meds": 19.901327,
      "DDI Rate": 0.084528
    },
    "0.7": {
      "Jaccard": 0.491782,
      "Avg Meds": 18.587065,
      "Avg True Meds": 19.901327,
      "DDI Rate": 0.085117
    },
    "0.75": {
      "Jaccard": 0.487529,
      "Avg Meds": 17.47015,
      "Avg True Meds": 19.901327,
      "DDI Rate": 0.085823
    }
  },
  "calibrated_threshold": 0.65,
  "calibrated_metrics": {
    "Jaccard": 0.494341,
    "Avg Meds": 19.617744,
    "Avg True Meds": 19.901327,
    "DDI Rate": 0.084528
  },
  "config": {
    "hidden_dim": 256,
    "use_notes": false,
    "use_labs": false,
    "use_copy": false,
    "fusion_strategy": "film",
    "lab_dim": 0,
    "pos_weight_cap": 5.0,
    "use_cosine_lr": false,
    "contrastive_weight": 0.0,
    "margin_loss_weight": 0.0,
    "alignment_loss_weight": 0.1,
    "alignment_start_epoch": 1,
    "alignment_ramp_epochs": 0
  }
}