{
  "seed": 456,
  "ablation": "full",
  "mimic_version": 3,
  "mimic4_full": false,
  "cohort_tag": "mimic3",
  "best_val_jaccard": 0.5541951060295105,
  "test_metrics": {
    "Jaccard": 0.5542757511138916,
    "F1": 0.705966055393219,
    "PRAUC": 0.7895432653181322,
    "DDI Rate": 0.08498417906579044,
    "Avg Meds": 22.23383140563965,
    "Avg True Meds": 19.90132713317871,
    "Precision": 0.6776729226112366,
    "Recall": 0.7616942524909973,
    "NHJ_new": 0.25870358159667567,
    "NHJ_dropped": 0.22992713984690213,
    "CVR": 0.0
  },
  "data_diagnostics": {
    "split_mode_requested": "hidr_vita",
    "require_cohort_split": false,
    "split_source": "hidr_vita_sequential",
    "split_seed_used": "n/a",
    "split_patient_counts": {
      "train": 4233,
      "val": 1059,
      "test": 1058
    },
    "split_example_counts": {
      "train": 6256,
      "val": 1220,
      "test": 1206
    },
    "ddi_density": 0.05261303581914269,
    "ddi_upper_pairs": 448,
    "ddi_total_pairs": 8515,
    "loaded_artifacts": {
      "records": "data/processed/records_final.pkl",
      "cohort": "data/processed/cohort_mimic3.pkl",
      "ddi": "data/processed/ddi_A_final.pkl",
      "ehr": "data/processed/ehr_adj_final.pkl",
      "embeddings": "data/embeddings/code_embeddings.pt",
      "notes": "data/processed/note_embeddings_mimic3.pkl",
      "labs": "data/processed/lab_vectors_200labs.pkl"
    }
  },
  "param_counts": {
    "visit_encoder": {
      "total": 4583681,
      "trainable": 1981697
    },
    "fusion": {
      "total": 423808,
      "trainable": 423808
    },
    "drug_gnn": {
      "total": 1974080,
      "trainable": 1974080
    },
    "predictor": {
      "total": 817544,
      "trainable": 817542
    },
    "model_total": {
      "total": 8062281,
      "trainable": 5460295
    }
  },
  "threshold_sweep": {
    "0.4": {
      "Jaccard": 0.548841,
      "Avg Meds": 24.485905,
      "Avg True Meds": 19.901327,
      "DDI Rate": 0.085902
    },
    "0.45": {
      "Jaccard": 0.552288,
      "Avg Meds": 23.305141,
      "Avg True Meds": 19.901327,
      "DDI Rate": 0.08567
    },
    "0.5": {
      "Jaccard": 0.554276,
      "Avg Meds": 22.233831,
      "Avg True Meds": 19.901327,
      "DDI Rate": 0.084984
    },
    "0.55": {
      "Jaccard": 0.554843,
      "Avg Meds": 21.237148,
      "Avg True Meds": 19.901327,
      "DDI Rate": 0.084627
    },
    "0.6": {
      "Jaccard": 0.552815,
      "Avg Meds": 20.21476,
      "Avg True Meds": 19.901327,
      "DDI Rate": 0.083753
    },
    "0.65": {
      "Jaccard": 0.548349,
      "Avg Meds": 19.218077,
      "Avg True Meds": 19.901327,
      "DDI Rate": 0.0843
    },
    "0.7": {
      "Jaccard": 0.542095,
      "Avg Meds": 18.249586,
      "Avg True Meds": 19.901327,
      "DDI Rate": 0.084105
    },
    "0.75": {
      "Jaccard": 0.532053,
      "Avg Meds": 17.150084,
      "Avg True Meds": 19.901327,
      "DDI Rate": 0.083344
    }
  },
  "calibrated_threshold": 0.6,
  "calibrated_metrics": {
    "Jaccard": 0.552815,
    "Avg Meds": 20.21476,
    "Avg True Meds": 19.901327,
    "DDI Rate": 0.083753
  },
  "config": {
    "hidden_dim": 256,
    "use_notes": true,
    "use_labs": true,
    "use_copy": true,
    "fusion_strategy": "film",
    "lab_dim": 400,
    "pos_weight_cap": 5.0,
    "use_cosine_lr": false,
    "contrastive_weight": 0.0,
    "margin_loss_weight": 0.0,
    "alignment_loss_weight": 0.1,
    "alignment_start_epoch": 1,
    "alignment_ramp_epochs": 0
  }
}