{
  "seed": 42,
  "ablation": "full",
  "mimic_version": 3,
  "mimic4_full": false,
  "cohort_tag": "mimic3",
  "best_val_jaccard": 0.5669252276420593,
  "test_metrics": {
    "Jaccard": 0.5648438334465027,
    "F1": 0.714347243309021,
    "PRAUC": 0.7941312615028415,
    "DDI Rate": 0.0816323107629862,
    "Avg Meds": 21.735488891601562,
    "Avg True Meds": 19.90132713317871,
    "Precision": 0.6902428865432739,
    "Recall": 0.76214599609375,
    "NHJ_new": 0.29440736613775553,
    "NHJ_dropped": 0.34710493683815,
    "CVR": 0.0
  },
  "data_diagnostics": {
    "split_mode_requested": "hidr_vita",
    "require_cohort_split": false,
    "split_source": "hidr_vita_sequential",
    "split_seed_used": "n/a",
    "split_patient_counts": {
      "train": 4233,
      "val": 1059,
      "test": 1058
    },
    "split_example_counts": {
      "train": 6256,
      "val": 1220,
      "test": 1206
    },
    "ddi_density": 0.05261303581914269,
    "ddi_upper_pairs": 448,
    "ddi_total_pairs": 8515,
    "loaded_artifacts": {
      "records": "data/processed/records_final.pkl",
      "cohort": "data/processed/cohort_mimic3.pkl",
      "ddi": "data/processed/ddi_A_final.pkl",
      "ehr": "data/processed/ehr_adj_final.pkl",
      "embeddings": "data/embeddings/code_embeddings.pt",
      "notes": "data/processed/note_embeddings_mimic3.pkl",
      "labs": "data/processed/lab_vectors_200labs.pkl"
    }
  },
  "param_counts": {
    "visit_encoder": {
      "total": 5108993,
      "trainable": 2507009
    },
    "fusion": {
      "total": 423808,
      "trainable": 423808
    },
    "drug_gnn": {
      "total": 395008,
      "trainable": 395008
    },
    "predictor": {
      "total": 1613513,
      "trainable": 1423943
    },
    "model_total": {
      "total": 7738186,
      "trainable": 4946632
    }
  },
  "threshold_sweep": {
    "0.4": {
      "Jaccard": 0.564303,
      "Avg Meds": 22.830017,
      "Avg True Meds": 19.901327,
      "DDI Rate": 0.081104
    },
    "0.45": {
      "Jaccard": 0.564686,
      "Avg Meds": 22.257877,
      "Avg True Meds": 19.901327,
      "DDI Rate": 0.081312
    },
    "0.5": {
      "Jaccard": 0.564844,
      "Avg Meds": 21.735489,
      "Avg True Meds": 19.901327,
      "DDI Rate": 0.081632
    },
    "0.55": {
      "Jaccard": 0.564931,
      "Avg Meds": 21.236319,
      "Avg True Meds": 19.901327,
      "DDI Rate": 0.081801
    },
    "0.6": {
      "Jaccard": 0.565452,
      "Avg Meds": 20.762024,
      "Avg True Meds": 19.901327,
      "DDI Rate": 0.081987
    },
    "0.65": {
      "Jaccard": 0.564196,
      "Avg Meds": 20.251244,
      "Avg True Meds": 19.901327,
      "DDI Rate": 0.082146
    },
    "0.7": {
      "Jaccard": 0.561527,
      "Avg Meds": 19.709784,
      "Avg True Meds": 19.901327,
      "DDI Rate": 0.082135
    },
    "0.75": {
      "Jaccard": 0.559247,
      "Avg Meds": 19.14262,
      "Avg True Meds": 19.901327,
      "DDI Rate": 0.082519
    }
  },
  "calibrated_threshold": 0.7,
  "calibrated_metrics": {
    "Jaccard": 0.561527,
    "Avg Meds": 19.709784,
    "Avg True Meds": 19.901327,
    "DDI Rate": 0.082135
  },
  "config": {
    "hidden_dim": 256,
    "use_notes": true,
    "use_labs": true,
    "use_copy": true,
    "fusion_strategy": "film",
    "lab_dim": 400,
    "pos_weight_cap": 5.0,
    "use_cosine_lr": false,
    "contrastive_weight": 0.0,
    "margin_loss_weight": 0.0,
    "alignment_loss_weight": 0.1,
    "alignment_start_epoch": 1,
    "alignment_ramp_epochs": 0
  }
}