{
  "seed": 456,
  "ablation": "full",
  "mimic_version": 3,
  "mimic4_full": false,
  "cohort_tag": "mimic3",
  "best_val_jaccard": 0.5412523746490479,
  "test_metrics": {
    "Jaccard": 0.5407045483589172,
    "F1": 0.6940340399742126,
    "PRAUC": 0.7826714904948799,
    "DDI Rate": 0.08040308939742431,
    "Avg Meds": 22.873964309692383,
    "Avg True Meds": 19.90132713317871,
    "Precision": 0.6597968935966492,
    "Recall": 0.7594200968742371,
    "NHJ_new": 0.28952996668062714,
    "NHJ_dropped": 0.3617856878983347,
    "CVR": 0.0
  },
  "data_diagnostics": {
    "split_mode_requested": "hidr_vita",
    "require_cohort_split": false,
    "split_source": "hidr_vita_sequential",
    "split_seed_used": "n/a",
    "split_patient_counts": {
      "train": 4233,
      "val": 1059,
      "test": 1058
    },
    "split_example_counts": {
      "train": 6256,
      "val": 1220,
      "test": 1206
    },
    "ddi_density": 0.05261303581914269,
    "ddi_upper_pairs": 448,
    "ddi_total_pairs": 8515,
    "loaded_artifacts": {
      "records": "data/processed/records_final.pkl",
      "cohort": "data/processed/cohort_mimic3.pkl",
      "ddi": "data/processed/ddi_A_final.pkl",
      "ehr": "data/processed/ehr_adj_final.pkl",
      "embeddings": "data/embeddings/code_embeddings.pt",
      "labs": "data/processed/lab_vectors_200labs.pkl"
    }
  },
  "param_counts": {
    "visit_encoder": {
      "total": 4649474,
      "trainable": 2047490
    },
    "fusion": {
      "total": 423808,
      "trainable": 423808
    },
    "drug_gnn": {
      "total": 1151776,
      "trainable": 1151776
    },
    "predictor": {
      "total": 304454,
      "trainable": 304453
    },
    "model_total": {
      "total": 6726376,
      "trainable": 4124391
    }
  },
  "threshold_sweep": {
    "0.4": {
      "Jaccard": 0.534502,
      "Avg Meds": 24.627695,
      "Avg True Meds": 19.901327,
      "DDI Rate": 0.080022
    },
    "0.45": {
      "Jaccard": 0.538515,
      "Avg Meds": 23.706469,
      "Avg True Meds": 19.901327,
      "DDI Rate": 0.080324
    },
    "0.5": {
      "Jaccard": 0.540705,
      "Avg Meds": 22.873964,
      "Avg True Meds": 19.901327,
      "DDI Rate": 0.080403
    },
    "0.55": {
      "Jaccard": 0.541169,
      "Avg Meds": 22.082918,
      "Avg True Meds": 19.901327,
      "DDI Rate": 0.08077
    },
    "0.6": {
      "Jaccard": 0.541955,
      "Avg Meds": 21.328358,
      "Avg True Meds": 19.901327,
      "DDI Rate": 0.080746
    },
    "0.65": {
      "Jaccard": 0.541095,
      "Avg Meds": 20.551409,
      "Avg True Meds": 19.901327,
      "DDI Rate": 0.081162
    },
    "0.7": {
      "Jaccard": 0.539263,
      "Avg Meds": 19.750414,
      "Avg True Meds": 19.901327,
      "DDI Rate": 0.081583
    },
    "0.75": {
      "Jaccard": 0.536685,
      "Avg Meds": 18.882256,
      "Avg True Meds": 19.901327,
      "DDI Rate": 0.082054
    }
  },
  "calibrated_threshold": 0.7,
  "calibrated_metrics": {
    "Jaccard": 0.539263,
    "Avg Meds": 19.750414,
    "Avg True Meds": 19.901327,
    "DDI Rate": 0.081583
  },
  "config": {
    "hidden_dim": 256,
    "use_notes": false,
    "use_labs": true,
    "use_copy": false,
    "fusion_strategy": "film",
    "lab_dim": 400,
    "pos_weight_cap": 5.0,
    "use_cosine_lr": false,
    "contrastive_weight": 0.0,
    "margin_loss_weight": 0.0,
    "alignment_loss_weight": 0.1,
    "alignment_start_epoch": 1,
    "alignment_ramp_epochs": 0
  }
}