{
  "seed": 456,
  "ablation": "full",
  "mimic_version": 3,
  "mimic4_full": false,
  "cohort_tag": "mimic3",
  "best_val_jaccard": 0.5672860741615295,
  "test_metrics": {
    "Jaccard": 0.5631049871444702,
    "F1": 0.713028609752655,
    "PRAUC": 0.799323970942528,
    "DDI Rate": 0.0763570505458787,
    "Avg Meds": 22.82670021057129,
    "Avg True Meds": 19.90132713317871,
    "Precision": 0.6758964657783508,
    "Recall": 0.7779808044433594,
    "NHJ_new": 0.29173844425301804,
    "NHJ_dropped": 0.26628770012604563,
    "CVR": 0.0
  },
  "data_diagnostics": {
    "split_mode_requested": "hidr_vita",
    "require_cohort_split": false,
    "split_source": "hidr_vita_sequential",
    "split_seed_used": "n/a",
    "split_patient_counts": {
      "train": 4233,
      "val": 1059,
      "test": 1058
    },
    "split_example_counts": {
      "train": 6256,
      "val": 1220,
      "test": 1206
    },
    "ddi_density": 0.05261303581914269,
    "ddi_upper_pairs": 448,
    "ddi_total_pairs": 8515,
    "loaded_artifacts": {
      "records": "data/processed/records_final.pkl",
      "cohort": "data/processed/cohort_mimic3.pkl",
      "ddi": "data/processed/ddi_A_final.pkl",
      "ehr": "data/processed/ehr_adj_final.pkl",
      "embeddings": "data/embeddings/code_embeddings.pt",
      "notes": "data/processed/note_embeddings_mimic3.pkl",
      "labs": "data/processed/lab_vectors_200labs.pkl"
    }
  },
  "param_counts": {
    "visit_encoder": {
      "total": 4649474,
      "trainable": 2047490
    },
    "fusion": {
      "total": 423808,
      "trainable": 423808
    },
    "drug_gnn": {
      "total": 1151776,
      "trainable": 1151776
    },
    "predictor": {
      "total": 559560,
      "trainable": 559560
    },
    "model_total": {
      "total": 7047786,
      "trainable": 4445802
    }
  },
  "threshold_sweep": {
    "0.4": {
      "Jaccard": 0.559544,
      "Avg Meds": 24.400497,
      "Avg True Meds": 19.901327,
      "DDI Rate": 0.076612
    },
    "0.45": {
      "Jaccard": 0.562011,
      "Avg Meds": 23.603649,
      "Avg True Meds": 19.901327,
      "DDI Rate": 0.076474
    },
    "0.5": {
      "Jaccard": 0.563105,
      "Avg Meds": 22.8267,
      "Avg True Meds": 19.901327,
      "DDI Rate": 0.076357
    },
    "0.55": {
      "Jaccard": 0.564192,
      "Avg Meds": 22.104477,
      "Avg True Meds": 19.901327,
      "DDI Rate": 0.076276
    },
    "0.6": {
      "Jaccard": 0.564113,
      "Avg Meds": 21.410448,
      "Avg True Meds": 19.901327,
      "DDI Rate": 0.076239
    },
    "0.65": {
      "Jaccard": 0.562701,
      "Avg Meds": 20.652571,
      "Avg True Meds": 19.901327,
      "DDI Rate": 0.076207
    },
    "0.7": {
      "Jaccard": 0.560515,
      "Avg Meds": 19.905472,
      "Avg True Meds": 19.901327,
      "DDI Rate": 0.075635
    },
    "0.75": {
      "Jaccard": 0.558578,
      "Avg Meds": 19.068823,
      "Avg True Meds": 19.901327,
      "DDI Rate": 0.075513
    }
  },
  "calibrated_threshold": 0.7,
  "calibrated_metrics": {
    "Jaccard": 0.560515,
    "Avg Meds": 19.905472,
    "Avg True Meds": 19.901327,
    "DDI Rate": 0.075635
  },
  "config": {
    "hidden_dim": 256,
    "use_notes": true,
    "use_labs": true,
    "use_copy": true,
    "fusion_strategy": "film",
    "lab_dim": 400,
    "pos_weight_cap": 5.0,
    "use_cosine_lr": false,
    "contrastive_weight": 0.0,
    "margin_loss_weight": 0.0,
    "alignment_loss_weight": 0.1,
    "alignment_start_epoch": 1,
    "alignment_ramp_epochs": 0
  }
}