{
  "seed": 42,
  "ablation": "full",
  "mimic_version": 3,
  "mimic4_full": false,
  "cohort_tag": "mimic3",
  "best_val_jaccard": 0.5680565237998962,
  "test_metrics": {
    "Jaccard": 0.5624560713768005,
    "F1": 0.7123498916625977,
    "PRAUC": 0.7996617515539001,
    "DDI Rate": 0.08089547782400706,
    "Avg Meds": 22.029850006103516,
    "Avg True Meds": 19.90132713317871,
    "Precision": 0.6859272122383118,
    "Recall": 0.764589250087738,
    "NHJ_new": 0.27444180846214294,
    "NHJ_dropped": 0.2689010947942734,
    "CVR": 0.0
  },
  "data_diagnostics": {
    "split_mode_requested": "hidr_vita",
    "require_cohort_split": false,
    "split_source": "hidr_vita_sequential",
    "split_seed_used": "n/a",
    "split_patient_counts": {
      "train": 4233,
      "val": 1059,
      "test": 1058
    },
    "split_example_counts": {
      "train": 6256,
      "val": 1220,
      "test": 1206
    },
    "ddi_density": 0.05261303581914269,
    "ddi_upper_pairs": 448,
    "ddi_total_pairs": 8515,
    "loaded_artifacts": {
      "records": "data/processed/records_final.pkl",
      "cohort": "data/processed/cohort_mimic3.pkl",
      "ddi": "data/processed/ddi_A_final.pkl",
      "ehr": "data/processed/ehr_adj_final.pkl",
      "embeddings": "data/embeddings/code_embeddings.pt",
      "notes": "data/processed/note_embeddings_mimic3.pkl",
      "labs": "data/processed/lab_vectors_200labs.pkl"
    }
  },
  "param_counts": {
    "visit_encoder": {
      "total": 4583681,
      "trainable": 1981697
    },
    "fusion": {
      "total": 423808,
      "trainable": 423808
    },
    "drug_gnn": {
      "total": 1974080,
      "trainable": 1974080
    },
    "predictor": {
      "total": 559560,
      "trainable": 559560
    },
    "model_total": {
      "total": 7804297,
      "trainable": 5202313
    }
  },
  "threshold_sweep": {
    "0.4": {
      "Jaccard": 0.559025,
      "Avg Meds": 23.631012,
      "Avg True Meds": 19.901327,
      "DDI Rate": 0.081816
    },
    "0.45": {
      "Jaccard": 0.56188,
      "Avg Meds": 22.78524,
      "Avg True Meds": 19.901327,
      "DDI Rate": 0.081287
    },
    "0.5": {
      "Jaccard": 0.562456,
      "Avg Meds": 22.02985,
      "Avg True Meds": 19.901327,
      "DDI Rate": 0.080895
    },
    "0.55": {
      "Jaccard": 0.563427,
      "Avg Meds": 21.31675,
      "Avg True Meds": 19.901327,
      "DDI Rate": 0.080613
    },
    "0.6": {
      "Jaccard": 0.562922,
      "Avg Meds": 20.555555,
      "Avg True Meds": 19.901327,
      "DDI Rate": 0.080327
    },
    "0.65": {
      "Jaccard": 0.560562,
      "Avg Meds": 19.776949,
      "Avg True Meds": 19.901327,
      "DDI Rate": 0.080089
    },
    "0.7": {
      "Jaccard": 0.558257,
      "Avg Meds": 19.033997,
      "Avg True Meds": 19.901327,
      "DDI Rate": 0.0803
    },
    "0.75": {
      "Jaccard": 0.553097,
      "Avg Meds": 18.14345,
      "Avg True Meds": 19.901327,
      "DDI Rate": 0.07981
    }
  },
  "calibrated_threshold": 0.65,
  "calibrated_metrics": {
    "Jaccard": 0.560562,
    "Avg Meds": 19.776949,
    "Avg True Meds": 19.901327,
    "DDI Rate": 0.080089
  },
  "config": {
    "hidden_dim": 256,
    "use_notes": true,
    "use_labs": true,
    "use_copy": true,
    "fusion_strategy": "film",
    "lab_dim": 400,
    "pos_weight_cap": 5.0,
    "use_cosine_lr": false,
    "contrastive_weight": 0.0,
    "margin_loss_weight": 0.0,
    "alignment_loss_weight": 0.1,
    "alignment_start_epoch": 1,
    "alignment_ramp_epochs": 0
  }
}