{
  "seed": 456,
  "ablation": "full",
  "mimic_version": 3,
  "mimic4_full": false,
  "cohort_tag": "mimic3",
  "best_val_jaccard": 0.5405606627464294,
  "test_metrics": {
    "Jaccard": 0.5359448194503784,
    "F1": 0.6903089284896851,
    "PRAUC": 0.7739251546253755,
    "DDI Rate": 0.07810334773421285,
    "Avg Meds": 22.211442947387695,
    "Avg True Meds": 19.90132713317871,
    "Precision": 0.6666308045387268,
    "Recall": 0.7426198124885559,
    "NHJ_new": 0.27456959454636826,
    "NHJ_dropped": 0.37142541690876607,
    "CVR": 0.0
  },
  "data_diagnostics": {
    "split_mode_requested": "hidr_vita",
    "require_cohort_split": false,
    "split_source": "hidr_vita_sequential",
    "split_seed_used": "n/a",
    "split_patient_counts": {
      "train": 4233,
      "val": 1059,
      "test": 1058
    },
    "split_example_counts": {
      "train": 6256,
      "val": 1220,
      "test": 1206
    },
    "ddi_density": 0.05261303581914269,
    "ddi_upper_pairs": 448,
    "ddi_total_pairs": 8515,
    "loaded_artifacts": {
      "records": "data/processed/records_final.pkl",
      "cohort": "data/processed/cohort_mimic3.pkl",
      "ddi": "data/processed/ddi_A_final.pkl",
      "ehr": "data/processed/ehr_adj_final.pkl",
      "embeddings": "data/embeddings/code_embeddings.pt",
      "labs": "data/processed/lab_vectors_200labs.pkl"
    }
  },
  "param_counts": {
    "visit_encoder": {
      "total": 4583681,
      "trainable": 1981697
    },
    "fusion": {
      "total": 423808,
      "trainable": 423808
    },
    "drug_gnn": {
      "total": 2960480,
      "trainable": 2960480
    },
    "predictor": {
      "total": 304454,
      "trainable": 304453
    },
    "model_total": {
      "total": 8535591,
      "trainable": 5933606
    }
  },
  "threshold_sweep": {
    "0.4": {
      "Jaccard": 0.533001,
      "Avg Meds": 24.020729,
      "Avg True Meds": 19.901327,
      "DDI Rate": 0.077785
    },
    "0.45": {
      "Jaccard": 0.534592,
      "Avg Meds": 23.069653,
      "Avg True Meds": 19.901327,
      "DDI Rate": 0.078059
    },
    "0.5": {
      "Jaccard": 0.535945,
      "Avg Meds": 22.211443,
      "Avg True Meds": 19.901327,
      "DDI Rate": 0.078103
    },
    "0.55": {
      "Jaccard": 0.537475,
      "Avg Meds": 21.314262,
      "Avg True Meds": 19.901327,
      "DDI Rate": 0.078081
    },
    "0.6": {
      "Jaccard": 0.537209,
      "Avg Meds": 20.524046,
      "Avg True Meds": 19.901327,
      "DDI Rate": 0.078284
    },
    "0.65": {
      "Jaccard": 0.534371,
      "Avg Meds": 19.698175,
      "Avg True Meds": 19.901327,
      "DDI Rate": 0.078644
    },
    "0.7": {
      "Jaccard": 0.532046,
      "Avg Meds": 18.88723,
      "Avg True Meds": 19.901327,
      "DDI Rate": 0.079102
    },
    "0.75": {
      "Jaccard": 0.52823,
      "Avg Meds": 17.977612,
      "Avg True Meds": 19.901327,
      "DDI Rate": 0.079814
    }
  },
  "calibrated_threshold": 0.65,
  "calibrated_metrics": {
    "Jaccard": 0.534371,
    "Avg Meds": 19.698175,
    "Avg True Meds": 19.901327,
    "DDI Rate": 0.078644
  },
  "config": {
    "hidden_dim": 256,
    "use_notes": false,
    "use_labs": true,
    "use_copy": false,
    "fusion_strategy": "film",
    "lab_dim": 400,
    "pos_weight_cap": 5.0,
    "use_cosine_lr": false,
    "contrastive_weight": 0.0,
    "margin_loss_weight": 0.0,
    "alignment_loss_weight": 0.1,
    "alignment_start_epoch": 1,
    "alignment_ramp_epochs": 0
  }
}