{
  "seed": 456,
  "ablation": "full",
  "mimic_version": 3,
  "mimic4_full": false,
  "cohort_tag": "mimic3",
  "best_val_jaccard": 0.5562350749969482,
  "test_metrics": {
    "Jaccard": 0.5517382025718689,
    "F1": 0.7036079168319702,
    "PRAUC": 0.7937978444712361,
    "DDI Rate": 0.07734261641814907,
    "Avg Meds": 22.85820960998535,
    "Avg True Meds": 19.90132713317871,
    "Precision": 0.6650206446647644,
    "Recall": 0.7697408199310303,
    "NHJ_new": 0.3087681006444128,
    "NHJ_dropped": 0.37100344268899216,
    "CVR": 0.0
  },
  "data_diagnostics": {
    "split_mode_requested": "hidr_vita",
    "require_cohort_split": false,
    "split_source": "hidr_vita_sequential",
    "split_seed_used": "n/a",
    "split_patient_counts": {
      "train": 4233,
      "val": 1059,
      "test": 1058
    },
    "split_example_counts": {
      "train": 6256,
      "val": 1220,
      "test": 1206
    },
    "ddi_density": 0.05261303581914269,
    "ddi_upper_pairs": 448,
    "ddi_total_pairs": 8515,
    "loaded_artifacts": {
      "records": "data/processed/records_final.pkl",
      "cohort": "data/processed/cohort_mimic3.pkl",
      "ddi": "data/processed/ddi_A_final.pkl",
      "ehr": "data/processed/ehr_adj_final.pkl",
      "embeddings": "data/embeddings/code_embeddings.pt",
      "notes": "data/processed/note_embeddings_mimic3.pkl",
      "labs": "data/processed/lab_vectors_200labs.pkl"
    }
  },
  "param_counts": {
    "visit_encoder": {
      "total": 4649474,
      "trainable": 2047490
    },
    "fusion": {
      "total": 423808,
      "trainable": 423808
    },
    "drug_gnn": {
      "total": 1151776,
      "trainable": 1151776
    },
    "predictor": {
      "total": 369990,
      "trainable": 369990
    },
    "model_total": {
      "total": 6858216,
      "trainable": 4256232
    }
  },
  "threshold_sweep": {
    "0.4": {
      "Jaccard": 0.546284,
      "Avg Meds": 24.542288,
      "Avg True Meds": 19.901327,
      "DDI Rate": 0.076884
    },
    "0.45": {
      "Jaccard": 0.549617,
      "Avg Meds": 23.679104,
      "Avg True Meds": 19.901327,
      "DDI Rate": 0.077193
    },
    "0.5": {
      "Jaccard": 0.551738,
      "Avg Meds": 22.85821,
      "Avg True Meds": 19.901327,
      "DDI Rate": 0.077343
    },
    "0.55": {
      "Jaccard": 0.552781,
      "Avg Meds": 22.109453,
      "Avg True Meds": 19.901327,
      "DDI Rate": 0.077437
    },
    "0.6": {
      "Jaccard": 0.552058,
      "Avg Meds": 21.287727,
      "Avg True Meds": 19.901327,
      "DDI Rate": 0.077885
    },
    "0.65": {
      "Jaccard": 0.552699,
      "Avg Meds": 20.512438,
      "Avg True Meds": 19.901327,
      "DDI Rate": 0.078047
    },
    "0.7": {
      "Jaccard": 0.552168,
      "Avg Meds": 19.646767,
      "Avg True Meds": 19.901327,
      "DDI Rate": 0.078706
    },
    "0.75": {
      "Jaccard": 0.551209,
      "Avg Meds": 18.787727,
      "Avg True Meds": 19.901327,
      "DDI Rate": 0.078793
    }
  },
  "calibrated_threshold": 0.7,
  "calibrated_metrics": {
    "Jaccard": 0.552168,
    "Avg Meds": 19.646767,
    "Avg True Meds": 19.901327,
    "DDI Rate": 0.078706
  },
  "config": {
    "hidden_dim": 256,
    "use_notes": true,
    "use_labs": true,
    "use_copy": false,
    "fusion_strategy": "film",
    "lab_dim": 400,
    "pos_weight_cap": 5.0,
    "use_cosine_lr": false,
    "contrastive_weight": 0.0,
    "margin_loss_weight": 0.0,
    "alignment_loss_weight": 0.1,
    "alignment_start_epoch": 1,
    "alignment_ramp_epochs": 0
  }
}