{
  "seed": 123,
  "ablation": "full",
  "mimic_version": 3,
  "mimic4_full": false,
  "cohort_tag": "mimic3",
  "best_val_jaccard": 0.5664031505584717,
  "test_metrics": {
    "Jaccard": 0.5630256533622742,
    "F1": 0.7131609916687012,
    "PRAUC": 0.8000474438704167,
    "DDI Rate": 0.08043875685557587,
    "Avg Meds": 22.23714828491211,
    "Avg True Meds": 19.90132713317871,
    "Precision": 0.6852167844772339,
    "Recall": 0.7659512162208557,
    "NHJ_new": 0.29152434750607137,
    "NHJ_dropped": 0.3159746182592292,
    "CVR": 0.0
  },
  "data_diagnostics": {
    "split_mode_requested": "hidr_vita",
    "require_cohort_split": false,
    "split_source": "hidr_vita_sequential",
    "split_seed_used": "n/a",
    "split_patient_counts": {
      "train": 4233,
      "val": 1059,
      "test": 1058
    },
    "split_example_counts": {
      "train": 6256,
      "val": 1220,
      "test": 1206
    },
    "ddi_density": 0.05261303581914269,
    "ddi_upper_pairs": 448,
    "ddi_total_pairs": 8515,
    "loaded_artifacts": {
      "records": "data/processed/records_final.pkl",
      "cohort": "data/processed/cohort_mimic3.pkl",
      "ddi": "data/processed/ddi_A_final.pkl",
      "ehr": "data/processed/ehr_adj_final.pkl",
      "embeddings": "data/embeddings/code_embeddings.pt",
      "notes": "data/processed/note_embeddings_mimic3.pkl",
      "labs": "data/processed/lab_vectors_200labs.pkl"
    }
  },
  "param_counts": {
    "visit_encoder": {
      "total": 4649474,
      "trainable": 2047490
    },
    "fusion": {
      "total": 423808,
      "trainable": 423808
    },
    "drug_gnn": {
      "total": 1151776,
      "trainable": 1151776
    },
    "predictor": {
      "total": 559560,
      "trainable": 559560
    },
    "model_total": {
      "total": 7047786,
      "trainable": 4445802
    }
  },
  "threshold_sweep": {
    "0.4": {
      "Jaccard": 0.55934,
      "Avg Meds": 23.882256,
      "Avg True Meds": 19.901327,
      "DDI Rate": 0.0804
    },
    "0.45": {
      "Jaccard": 0.561258,
      "Avg Meds": 23.03068,
      "Avg True Meds": 19.901327,
      "DDI Rate": 0.080158
    },
    "0.5": {
      "Jaccard": 0.563026,
      "Avg Meds": 22.237148,
      "Avg True Meds": 19.901327,
      "DDI Rate": 0.080439
    },
    "0.55": {
      "Jaccard": 0.564029,
      "Avg Meds": 21.441957,
      "Avg True Meds": 19.901327,
      "DDI Rate": 0.080077
    },
    "0.6": {
      "Jaccard": 0.562488,
      "Avg Meds": 20.684908,
      "Avg True Meds": 19.901327,
      "DDI Rate": 0.079814
    },
    "0.65": {
      "Jaccard": 0.562957,
      "Avg Meds": 19.945274,
      "Avg True Meds": 19.901327,
      "DDI Rate": 0.079583
    },
    "0.7": {
      "Jaccard": 0.560238,
      "Avg Meds": 19.135157,
      "Avg True Meds": 19.901327,
      "DDI Rate": 0.079276
    },
    "0.75": {
      "Jaccard": 0.555752,
      "Avg Meds": 18.300995,
      "Avg True Meds": 19.901327,
      "DDI Rate": 0.078651
    }
  },
  "calibrated_threshold": 0.65,
  "calibrated_metrics": {
    "Jaccard": 0.562957,
    "Avg Meds": 19.945274,
    "Avg True Meds": 19.901327,
    "DDI Rate": 0.079583
  },
  "config": {
    "hidden_dim": 256,
    "use_notes": true,
    "use_labs": true,
    "use_copy": true,
    "fusion_strategy": "film",
    "lab_dim": 400,
    "pos_weight_cap": 5.0,
    "use_cosine_lr": false,
    "contrastive_weight": 0.0,
    "margin_loss_weight": 0.0,
    "alignment_loss_weight": 0.1,
    "alignment_start_epoch": 1,
    "alignment_ramp_epochs": 0
  }
}