{
  "seed": 42,
  "ablation": "full",
  "mimic_version": 3,
  "mimic4_full": false,
  "cohort_tag": "mimic3",
  "best_val_jaccard": 0.5659227967262268,
  "test_metrics": {
    "Jaccard": 0.5651963949203491,
    "F1": 0.7147241234779358,
    "PRAUC": 0.7970415584072952,
    "DDI Rate": 0.07450468390426085,
    "Avg Meds": 20.42288589477539,
    "Avg True Meds": 19.90132713317871,
    "Precision": 0.708711564540863,
    "Recall": 0.7424459457397461,
    "NHJ_new": 0.28920410181346695,
    "NHJ_dropped": 0.37836806554543345,
    "CVR": 0.0
  },
  "data_diagnostics": {
    "split_mode_requested": "hidr_vita",
    "require_cohort_split": false,
    "split_source": "hidr_vita_sequential",
    "split_seed_used": "n/a",
    "split_patient_counts": {
      "train": 4233,
      "val": 1059,
      "test": 1058
    },
    "split_example_counts": {
      "train": 6256,
      "val": 1220,
      "test": 1206
    },
    "ddi_density": 0.05261303581914269,
    "ddi_upper_pairs": 448,
    "ddi_total_pairs": 8515,
    "loaded_artifacts": {
      "records": "data/processed/records_final.pkl",
      "cohort": "data/processed/cohort_mimic3.pkl",
      "ddi": "data/processed/ddi_A_final.pkl",
      "ehr": "data/processed/ehr_adj_final.pkl",
      "embeddings": "data/embeddings/code_embeddings.pt",
      "notes": "data/processed/note_embeddings_mimic3.pkl",
      "labs": "data/processed/lab_vectors_200labs.pkl"
    }
  },
  "param_counts": {
    "visit_encoder": {
      "total": 5108993,
      "trainable": 2507009
    },
    "fusion": {
      "total": 423808,
      "trainable": 423808
    },
    "drug_gnn": {
      "total": 395008,
      "trainable": 395008
    },
    "predictor": {
      "total": 1613513,
      "trainable": 1423943
    },
    "model_total": {
      "total": 7804490,
      "trainable": 5012936
    }
  },
  "threshold_sweep": {
    "0.4": {
      "Jaccard": 0.565089,
      "Avg Meds": 21.417082,
      "Avg True Meds": 19.901327,
      "DDI Rate": 0.074229
    },
    "0.45": {
      "Jaccard": 0.564901,
      "Avg Meds": 20.88723,
      "Avg True Meds": 19.901327,
      "DDI Rate": 0.074335
    },
    "0.5": {
      "Jaccard": 0.565196,
      "Avg Meds": 20.422886,
      "Avg True Meds": 19.901327,
      "DDI Rate": 0.074505
    },
    "0.55": {
      "Jaccard": 0.56416,
      "Avg Meds": 19.966003,
      "Avg True Meds": 19.901327,
      "DDI Rate": 0.075017
    },
    "0.6": {
      "Jaccard": 0.563404,
      "Avg Meds": 19.502487,
      "Avg True Meds": 19.901327,
      "DDI Rate": 0.075318
    },
    "0.65": {
      "Jaccard": 0.560605,
      "Avg Meds": 19.04146,
      "Avg True Meds": 19.901327,
      "DDI Rate": 0.076002
    },
    "0.7": {
      "Jaccard": 0.558024,
      "Avg Meds": 18.508291,
      "Avg True Meds": 19.901327,
      "DDI Rate": 0.075961
    },
    "0.75": {
      "Jaccard": 0.554432,
      "Avg Meds": 17.980928,
      "Avg True Meds": 19.901327,
      "DDI Rate": 0.075532
    }
  },
  "calibrated_threshold": 0.55,
  "calibrated_metrics": {
    "Jaccard": 0.56416,
    "Avg Meds": 19.966003,
    "Avg True Meds": 19.901327,
    "DDI Rate": 0.075017
  },
  "config": {
    "hidden_dim": 256,
    "use_notes": true,
    "use_labs": true,
    "use_copy": true,
    "fusion_strategy": "film",
    "lab_dim": 400,
    "pos_weight_cap": 5.0,
    "use_cosine_lr": false,
    "contrastive_weight": 0.0,
    "margin_loss_weight": 0.0,
    "alignment_loss_weight": 0.1,
    "alignment_start_epoch": 1,
    "alignment_ramp_epochs": 0
  }
}