{
  "seed": 123,
  "ablation": "full",
  "mimic_version": 3,
  "mimic4_full": false,
  "cohort_tag": "mimic3",
  "best_val_jaccard": 0.5606166124343872,
  "test_metrics": {
    "Jaccard": 0.5566583871841431,
    "F1": 0.7077712416648865,
    "PRAUC": 0.7904199421350279,
    "DDI Rate": 0.076031230332205,
    "Avg Meds": 21.306798934936523,
    "Avg True Meds": 19.90132713317871,
    "Precision": 0.6951287388801575,
    "Recall": 0.7445285320281982,
    "NHJ_new": 0.2675705803068061,
    "NHJ_dropped": 0.29911196702405024,
    "CVR": 0.0
  },
  "data_diagnostics": {
    "split_mode_requested": "hidr_vita",
    "require_cohort_split": false,
    "split_source": "hidr_vita_sequential",
    "split_seed_used": "n/a",
    "split_patient_counts": {
      "train": 4233,
      "val": 1059,
      "test": 1058
    },
    "split_example_counts": {
      "train": 6256,
      "val": 1220,
      "test": 1206
    },
    "ddi_density": 0.05261303581914269,
    "ddi_upper_pairs": 448,
    "ddi_total_pairs": 8515,
    "loaded_artifacts": {
      "records": "data/processed/records_final.pkl",
      "cohort": "data/processed/cohort_mimic3.pkl",
      "ddi": "data/processed/ddi_A_final.pkl",
      "ehr": "data/processed/ehr_adj_final.pkl",
      "embeddings": "data/embeddings/code_embeddings.pt",
      "notes": "data/processed/note_embeddings_mimic3.pkl",
      "labs": "data/processed/lab_vectors_200labs.pkl"
    }
  },
  "param_counts": {
    "visit_encoder": {
      "total": 3990529,
      "trainable": 1388545
    },
    "fusion": {
      "total": 423808,
      "trainable": 423808
    },
    "drug_gnn": {
      "total": 1974080,
      "trainable": 1974080
    },
    "predictor": {
      "total": 559560,
      "trainable": 559560
    },
    "model_total": {
      "total": 7211145,
      "trainable": 4609161
    }
  },
  "threshold_sweep": {
    "0.4": {
      "Jaccard": 0.555599,
      "Avg Meds": 22.91791,
      "Avg True Meds": 19.901327,
      "DDI Rate": 0.076959
    },
    "0.45": {
      "Jaccard": 0.557138,
      "Avg Meds": 22.078773,
      "Avg True Meds": 19.901327,
      "DDI Rate": 0.076508
    },
    "0.5": {
      "Jaccard": 0.556658,
      "Avg Meds": 21.306799,
      "Avg True Meds": 19.901327,
      "DDI Rate": 0.076031
    },
    "0.55": {
      "Jaccard": 0.555748,
      "Avg Meds": 20.567993,
      "Avg True Meds": 19.901327,
      "DDI Rate": 0.075839
    },
    "0.6": {
      "Jaccard": 0.553086,
      "Avg Meds": 19.781094,
      "Avg True Meds": 19.901327,
      "DDI Rate": 0.075443
    },
    "0.65": {
      "Jaccard": 0.550266,
      "Avg Meds": 19.022388,
      "Avg True Meds": 19.901327,
      "DDI Rate": 0.0747
    },
    "0.7": {
      "Jaccard": 0.545231,
      "Avg Meds": 18.186567,
      "Avg True Meds": 19.901327,
      "DDI Rate": 0.074496
    },
    "0.75": {
      "Jaccard": 0.536939,
      "Avg Meds": 17.256218,
      "Avg True Meds": 19.901327,
      "DDI Rate": 0.073196
    }
  },
  "calibrated_threshold": 0.6,
  "calibrated_metrics": {
    "Jaccard": 0.553086,
    "Avg Meds": 19.781094,
    "Avg True Meds": 19.901327,
    "DDI Rate": 0.075443
  },
  "config": {
    "hidden_dim": 256,
    "use_notes": true,
    "use_labs": true,
    "use_copy": true,
    "fusion_strategy": "film",
    "lab_dim": 400,
    "pos_weight_cap": 5.0,
    "use_cosine_lr": false,
    "contrastive_weight": 0.0,
    "margin_loss_weight": 0.0,
    "alignment_loss_weight": 0.1,
    "alignment_start_epoch": 1,
    "alignment_ramp_epochs": 0
  }
}