{
  "seed": 123,
  "ablation": "full",
  "mimic_version": 3,
  "mimic4_full": false,
  "cohort_tag": "mimic3",
  "best_val_jaccard": 0.5645501017570496,
  "test_metrics": {
    "Jaccard": 0.566827654838562,
    "F1": 0.7162010073661804,
    "PRAUC": 0.7965891715857776,
    "DDI Rate": 0.08172127208983646,
    "Avg Meds": 21.140962600708008,
    "Avg True Meds": 19.90132713317871,
    "Precision": 0.700469970703125,
    "Recall": 0.753230631351471,
    "NHJ_new": 0.2978902741482383,
    "NHJ_dropped": 0.3714324345714168,
    "CVR": 0.0
  },
  "data_diagnostics": {
    "split_mode_requested": "hidr_vita",
    "require_cohort_split": false,
    "split_source": "hidr_vita_sequential",
    "split_seed_used": "n/a",
    "split_patient_counts": {
      "train": 4233,
      "val": 1059,
      "test": 1058
    },
    "split_example_counts": {
      "train": 6256,
      "val": 1220,
      "test": 1206
    },
    "ddi_density": 0.05261303581914269,
    "ddi_upper_pairs": 448,
    "ddi_total_pairs": 8515,
    "loaded_artifacts": {
      "records": "data/processed/records_final.pkl",
      "cohort": "data/processed/cohort_mimic3.pkl",
      "ddi": "data/processed/ddi_A_final.pkl",
      "ehr": "data/processed/ehr_adj_final.pkl",
      "embeddings": "data/embeddings/code_embeddings.pt",
      "notes": "data/processed/note_embeddings_mimic3.pkl",
      "labs": "data/processed/lab_vectors_200labs.pkl"
    }
  },
  "param_counts": {
    "visit_encoder": {
      "total": 5108993,
      "trainable": 2507009
    },
    "fusion": {
      "total": 423808,
      "trainable": 423808
    },
    "drug_gnn": {
      "total": 395008,
      "trainable": 395008
    },
    "predictor": {
      "total": 1613513,
      "trainable": 1423943
    },
    "model_total": {
      "total": 7804490,
      "trainable": 5012936
    }
  },
  "threshold_sweep": {
    "0.4": {
      "Jaccard": 0.567432,
      "Avg Meds": 22.124378,
      "Avg True Meds": 19.901327,
      "DDI Rate": 0.081246
    },
    "0.45": {
      "Jaccard": 0.567174,
      "Avg Meds": 21.611111,
      "Avg True Meds": 19.901327,
      "DDI Rate": 0.081551
    },
    "0.5": {
      "Jaccard": 0.566828,
      "Avg Meds": 21.140963,
      "Avg True Meds": 19.901327,
      "DDI Rate": 0.081721
    },
    "0.55": {
      "Jaccard": 0.566484,
      "Avg Meds": 20.6534,
      "Avg True Meds": 19.901327,
      "DDI Rate": 0.081927
    },
    "0.6": {
      "Jaccard": 0.566189,
      "Avg Meds": 20.155888,
      "Avg True Meds": 19.901327,
      "DDI Rate": 0.081889
    },
    "0.65": {
      "Jaccard": 0.56457,
      "Avg Meds": 19.700663,
      "Avg True Meds": 19.901327,
      "DDI Rate": 0.082265
    },
    "0.7": {
      "Jaccard": 0.562769,
      "Avg Meds": 19.182421,
      "Avg True Meds": 19.901327,
      "DDI Rate": 0.082158
    },
    "0.75": {
      "Jaccard": 0.560664,
      "Avg Meds": 18.624378,
      "Avg True Meds": 19.901327,
      "DDI Rate": 0.082514
    }
  },
  "calibrated_threshold": 0.65,
  "calibrated_metrics": {
    "Jaccard": 0.56457,
    "Avg Meds": 19.700663,
    "Avg True Meds": 19.901327,
    "DDI Rate": 0.082265
  },
  "config": {
    "hidden_dim": 256,
    "use_notes": true,
    "use_labs": true,
    "use_copy": true,
    "fusion_strategy": "film",
    "lab_dim": 400,
    "pos_weight_cap": 5.0,
    "use_cosine_lr": false,
    "contrastive_weight": 0.0,
    "margin_loss_weight": 0.0,
    "alignment_loss_weight": 0.1,
    "alignment_start_epoch": 1,
    "alignment_ramp_epochs": 0
  }
}