{
  "seed": 456,
  "ablation": "full",
  "mimic_version": 3,
  "mimic4_full": false,
  "cohort_tag": "mimic3",
  "best_val_jaccard": 0.5045682787895203,
  "test_metrics": {
    "Jaccard": 0.5045859813690186,
    "F1": 0.6628406047821045,
    "PRAUC": 0.7544796792499396,
    "DDI Rate": 0.08264338716717591,
    "Avg Meds": 21.597843170166016,
    "Avg True Meds": 19.90132713317871,
    "Precision": 0.6522356271743774,
    "Recall": 0.7174620032310486,
    "NHJ_new": 0.2313311280388581,
    "NHJ_dropped": 0.32534285752396835,
    "CVR": 0.0
  },
  "data_diagnostics": {
    "split_mode_requested": "hidr_vita",
    "require_cohort_split": false,
    "split_source": "hidr_vita_sequential",
    "split_seed_used": "n/a",
    "split_patient_counts": {
      "train": 4233,
      "val": 1059,
      "test": 1058
    },
    "split_example_counts": {
      "train": 6256,
      "val": 1220,
      "test": 1206
    },
    "ddi_density": 0.05261303581914269,
    "ddi_upper_pairs": 448,
    "ddi_total_pairs": 8515,
    "loaded_artifacts": {
      "records": "data/processed/records_final.pkl",
      "cohort": "data/processed/cohort_mimic3.pkl",
      "ddi": "data/processed/ddi_A_final.pkl",
      "ehr": "data/processed/ehr_adj_final.pkl",
      "embeddings": "data/embeddings/code_embeddings.pt"
    }
  },
  "param_counts": {
    "visit_encoder": {
      "total": 4616835,
      "trainable": 2014851
    },
    "drug_gnn": {
      "total": 1974080,
      "trainable": 1974080
    },
    "predictor": {
      "total": 262406,
      "trainable": 262404
    },
    "model_total": {
      "total": 7116489,
      "trainable": 4514503
    }
  },
  "threshold_sweep": {
    "0.4": {
      "Jaccard": 0.502756,
      "Avg Meds": 24.166666,
      "Avg True Meds": 19.901327,
      "DDI Rate": 0.080614
    },
    "0.45": {
      "Jaccard": 0.505192,
      "Avg Meds": 22.867331,
      "Avg True Meds": 19.901327,
      "DDI Rate": 0.081444
    },
    "0.5": {
      "Jaccard": 0.504586,
      "Avg Meds": 21.597843,
      "Avg True Meds": 19.901327,
      "DDI Rate": 0.082643
    },
    "0.55": {
      "Jaccard": 0.502915,
      "Avg Meds": 20.39884,
      "Avg True Meds": 19.901327,
      "DDI Rate": 0.083797
    },
    "0.6": {
      "Jaccard": 0.500569,
      "Avg Meds": 19.242123,
      "Avg True Meds": 19.901327,
      "DDI Rate": 0.085048
    },
    "0.65": {
      "Jaccard": 0.495262,
      "Avg Meds": 18.053068,
      "Avg True Meds": 19.901327,
      "DDI Rate": 0.085494
    },
    "0.7": {
      "Jaccard": 0.489241,
      "Avg Meds": 16.869818,
      "Avg True Meds": 19.901327,
      "DDI Rate": 0.086222
    },
    "0.75": {
      "Jaccard": 0.480522,
      "Avg Meds": 15.650912,
      "Avg True Meds": 19.901327,
      "DDI Rate": 0.086889
    }
  },
  "calibrated_threshold": 0.55,
  "calibrated_metrics": {
    "Jaccard": 0.502915,
    "Avg Meds": 20.39884,
    "Avg True Meds": 19.901327,
    "DDI Rate": 0.083797
  },
  "config": {
    "hidden_dim": 256,
    "use_notes": false,
    "use_labs": false,
    "use_copy": false,
    "fusion_strategy": "film",
    "lab_dim": 0,
    "pos_weight_cap": 5.0,
    "use_cosine_lr": false,
    "contrastive_weight": 0.0,
    "margin_loss_weight": 0.0,
    "alignment_loss_weight": 0.1,
    "alignment_start_epoch": 1,
    "alignment_ramp_epochs": 0
  }
}