{
  "seed": 42,
  "ablation": "full",
  "mimic_version": 3,
  "mimic4_full": false,
  "cohort_tag": "mimic3",
  "best_val_jaccard": 0.5090625286102295,
  "test_metrics": {
    "Jaccard": 0.5077534914016724,
    "F1": 0.6653593182563782,
    "PRAUC": 0.7618768393821594,
    "DDI Rate": 0.08064555904152566,
    "Avg Meds": 24.336650848388672,
    "Avg True Meds": 19.90132713317871,
    "Precision": 0.620101809501648,
    "Recall": 0.7667660117149353,
    "NHJ_new": 0.23353588737939535,
    "NHJ_dropped": 0.22727189095396744,
    "CVR": 0.0
  },
  "data_diagnostics": {
    "split_mode_requested": "hidr_vita",
    "require_cohort_split": false,
    "split_source": "hidr_vita_sequential",
    "split_seed_used": "n/a",
    "split_patient_counts": {
      "train": 4233,
      "val": 1059,
      "test": 1058
    },
    "split_example_counts": {
      "train": 6256,
      "val": 1220,
      "test": 1206
    },
    "ddi_density": 0.05261303581914269,
    "ddi_upper_pairs": 448,
    "ddi_total_pairs": 8515,
    "loaded_artifacts": {
      "records": "data/processed/records_final.pkl",
      "cohort": "data/processed/cohort_mimic3.pkl",
      "ddi": "data/processed/ddi_A_final.pkl",
      "ehr": "data/processed/ehr_adj_final.pkl",
      "embeddings": "data/embeddings/code_embeddings.pt"
    }
  },
  "param_counts": {
    "visit_encoder": {
      "total": 4583681,
      "trainable": 1981697
    },
    "drug_gnn": {
      "total": 1974080,
      "trainable": 1974080
    },
    "predictor": {
      "total": 790279,
      "trainable": 790277
    },
    "model_total": {
      "total": 7611208,
      "trainable": 5009222
    }
  },
  "threshold_sweep": {
    "0.4": {
      "Jaccard": 0.503088,
      "Avg Meds": 26.077944,
      "Avg True Meds": 19.901327,
      "DDI Rate": 0.077918
    },
    "0.45": {
      "Jaccard": 0.50564,
      "Avg Meds": 25.196518,
      "Avg True Meds": 19.901327,
      "DDI Rate": 0.079171
    },
    "0.5": {
      "Jaccard": 0.507753,
      "Avg Meds": 24.336651,
      "Avg True Meds": 19.901327,
      "DDI Rate": 0.080646
    },
    "0.55": {
      "Jaccard": 0.507494,
      "Avg Meds": 23.519072,
      "Avg True Meds": 19.901327,
      "DDI Rate": 0.082376
    },
    "0.6": {
      "Jaccard": 0.507647,
      "Avg Meds": 22.640963,
      "Avg True Meds": 19.901327,
      "DDI Rate": 0.084065
    },
    "0.65": {
      "Jaccard": 0.50862,
      "Avg Meds": 21.792704,
      "Avg True Meds": 19.901327,
      "DDI Rate": 0.086053
    },
    "0.7": {
      "Jaccard": 0.508935,
      "Avg Meds": 20.81592,
      "Avg True Meds": 19.901327,
      "DDI Rate": 0.088629
    },
    "0.75": {
      "Jaccard": 0.50574,
      "Avg Meds": 19.837479,
      "Avg True Meds": 19.901327,
      "DDI Rate": 0.091169
    }
  },
  "calibrated_threshold": 0.75,
  "calibrated_metrics": {
    "Jaccard": 0.50574,
    "Avg Meds": 19.837479,
    "Avg True Meds": 19.901327,
    "DDI Rate": 0.091169
  },
  "config": {
    "hidden_dim": 256,
    "use_notes": false,
    "use_labs": false,
    "use_copy": false,
    "fusion_strategy": "film",
    "lab_dim": 0,
    "pos_weight_cap": 5.0,
    "use_cosine_lr": false,
    "contrastive_weight": 0.0,
    "margin_loss_weight": 0.0,
    "alignment_loss_weight": 0.1,
    "alignment_start_epoch": 1,
    "alignment_ramp_epochs": 0
  }
}