{
  "seed": 456,
  "ablation": "full",
  "mimic_version": 3,
  "mimic4_full": false,
  "cohort_tag": "mimic3",
  "best_val_jaccard": 0.5664805173873901,
  "test_metrics": {
    "Jaccard": 0.5633834600448608,
    "F1": 0.7132020592689514,
    "PRAUC": 0.7994869301409333,
    "DDI Rate": 0.0784604286272506,
    "Avg Meds": 22.70729637145996,
    "Avg True Meds": 19.90132713317871,
    "Precision": 0.6786938309669495,
    "Recall": 0.7744171023368835,
    "NHJ_new": 0.2952157157032113,
    "NHJ_dropped": 0.29343870125318827,
    "CVR": 0.0
  },
  "data_diagnostics": {
    "split_mode_requested": "hidr_vita",
    "require_cohort_split": false,
    "split_source": "hidr_vita_sequential",
    "split_seed_used": "n/a",
    "split_patient_counts": {
      "train": 4233,
      "val": 1059,
      "test": 1058
    },
    "split_example_counts": {
      "train": 6256,
      "val": 1220,
      "test": 1206
    },
    "ddi_density": 0.05261303581914269,
    "ddi_upper_pairs": 448,
    "ddi_total_pairs": 8515,
    "loaded_artifacts": {
      "records": "data/processed/records_final.pkl",
      "cohort": "data/processed/cohort_mimic3.pkl",
      "ddi": "data/processed/ddi_A_final.pkl",
      "ehr": "data/processed/ehr_adj_final.pkl",
      "embeddings": "data/embeddings/code_embeddings.pt",
      "notes": "data/processed/note_embeddings_mimic3.pkl",
      "labs": "data/processed/lab_vectors_200labs.pkl"
    }
  },
  "param_counts": {
    "visit_encoder": {
      "total": 4616835,
      "trainable": 2014851
    },
    "fusion": {
      "total": 423808,
      "trainable": 423808
    },
    "drug_gnn": {
      "total": 1974080,
      "trainable": 1974080
    },
    "predictor": {
      "total": 559560,
      "trainable": 559560
    },
    "model_total": {
      "total": 7837451,
      "trainable": 5235467
    }
  },
  "threshold_sweep": {
    "0.4": {
      "Jaccard": 0.560335,
      "Avg Meds": 24.348259,
      "Avg True Meds": 19.901327,
      "DDI Rate": 0.079142
    },
    "0.45": {
      "Jaccard": 0.562888,
      "Avg Meds": 23.508291,
      "Avg True Meds": 19.901327,
      "DDI Rate": 0.078697
    },
    "0.5": {
      "Jaccard": 0.563383,
      "Avg Meds": 22.707296,
      "Avg True Meds": 19.901327,
      "DDI Rate": 0.07846
    },
    "0.55": {
      "Jaccard": 0.564436,
      "Avg Meds": 21.947762,
      "Avg True Meds": 19.901327,
      "DDI Rate": 0.078361
    },
    "0.6": {
      "Jaccard": 0.563978,
      "Avg Meds": 21.194859,
      "Avg True Meds": 19.901327,
      "DDI Rate": 0.078656
    },
    "0.65": {
      "Jaccard": 0.563199,
      "Avg Meds": 20.446932,
      "Avg True Meds": 19.901327,
      "DDI Rate": 0.07829
    },
    "0.7": {
      "Jaccard": 0.561909,
      "Avg Meds": 19.623549,
      "Avg True Meds": 19.901327,
      "DDI Rate": 0.077832
    },
    "0.75": {
      "Jaccard": 0.557617,
      "Avg Meds": 18.762852,
      "Avg True Meds": 19.901327,
      "DDI Rate": 0.077384
    }
  },
  "calibrated_threshold": 0.7,
  "calibrated_metrics": {
    "Jaccard": 0.561909,
    "Avg Meds": 19.623549,
    "Avg True Meds": 19.901327,
    "DDI Rate": 0.077832
  },
  "config": {
    "hidden_dim": 256,
    "use_notes": true,
    "use_labs": true,
    "use_copy": true,
    "fusion_strategy": "film",
    "lab_dim": 400,
    "pos_weight_cap": 5.0,
    "use_cosine_lr": false,
    "contrastive_weight": 0.0,
    "margin_loss_weight": 0.0,
    "alignment_loss_weight": 0.1,
    "alignment_start_epoch": 1,
    "alignment_ramp_epochs": 0
  }
}