{
  "seed": 456,
  "ablation": "full",
  "mimic_version": 3,
  "mimic4_full": false,
  "cohort_tag": "mimic3",
  "best_val_jaccard": 0.5439831018447876,
  "test_metrics": {
    "Jaccard": 0.5407807230949402,
    "F1": 0.6941158771514893,
    "PRAUC": 0.7840098431007017,
    "DDI Rate": 0.07881473152784078,
    "Avg Meds": 23.85157585144043,
    "Avg True Meds": 19.90132713317871,
    "Precision": 0.6458645462989807,
    "Recall": 0.7784538269042969,
    "NHJ_new": 0.29935182395734283,
    "NHJ_dropped": 0.33932017182048996,
    "CVR": 0.0
  },
  "data_diagnostics": {
    "split_mode_requested": "hidr_vita",
    "require_cohort_split": false,
    "split_source": "hidr_vita_sequential",
    "split_seed_used": "n/a",
    "split_patient_counts": {
      "train": 4233,
      "val": 1059,
      "test": 1058
    },
    "split_example_counts": {
      "train": 6256,
      "val": 1220,
      "test": 1206
    },
    "ddi_density": 0.05261303581914269,
    "ddi_upper_pairs": 448,
    "ddi_total_pairs": 8515,
    "loaded_artifacts": {
      "records": "data/processed/records_final.pkl",
      "cohort": "data/processed/cohort_mimic3.pkl",
      "ddi": "data/processed/ddi_A_final.pkl",
      "ehr": "data/processed/ehr_adj_final.pkl",
      "embeddings": "data/embeddings/code_embeddings.pt",
      "notes": "data/processed/note_embeddings_mimic3.pkl"
    }
  },
  "param_counts": {
    "visit_encoder": {
      "total": 4583681,
      "trainable": 1981697
    },
    "fusion": {
      "total": 400512,
      "trainable": 400512
    },
    "drug_gnn": {
      "total": 1316608,
      "trainable": 1316608
    },
    "predictor": {
      "total": 327942,
      "trainable": 327941
    },
    "model_total": {
      "total": 6891911,
      "trainable": 4289926
    }
  },
  "threshold_sweep": {
    "0.4": {
      "Jaccard": 0.533737,
      "Avg Meds": 25.710613,
      "Avg True Meds": 19.901327,
      "DDI Rate": 0.078177
    },
    "0.45": {
      "Jaccard": 0.537812,
      "Avg Meds": 24.783583,
      "Avg True Meds": 19.901327,
      "DDI Rate": 0.078315
    },
    "0.5": {
      "Jaccard": 0.540781,
      "Avg Meds": 23.851576,
      "Avg True Meds": 19.901327,
      "DDI Rate": 0.078815
    },
    "0.55": {
      "Jaccard": 0.543043,
      "Avg Meds": 22.952736,
      "Avg True Meds": 19.901327,
      "DDI Rate": 0.078872
    },
    "0.6": {
      "Jaccard": 0.544081,
      "Avg Meds": 22.038971,
      "Avg True Meds": 19.901327,
      "DDI Rate": 0.078993
    },
    "0.65": {
      "Jaccard": 0.544411,
      "Avg Meds": 21.187397,
      "Avg True Meds": 19.901327,
      "DDI Rate": 0.078787
    },
    "0.7": {
      "Jaccard": 0.543842,
      "Avg Meds": 20.300165,
      "Avg True Meds": 19.901327,
      "DDI Rate": 0.078832
    },
    "0.75": {
      "Jaccard": 0.54244,
      "Avg Meds": 19.361526,
      "Avg True Meds": 19.901327,
      "DDI Rate": 0.079181
    }
  },
  "calibrated_threshold": 0.7,
  "calibrated_metrics": {
    "Jaccard": 0.543842,
    "Avg Meds": 20.300165,
    "Avg True Meds": 19.901327,
    "DDI Rate": 0.078832
  },
  "config": {
    "hidden_dim": 256,
    "use_notes": true,
    "use_labs": false,
    "use_copy": false,
    "fusion_strategy": "film",
    "lab_dim": 0,
    "pos_weight_cap": 5.0,
    "use_cosine_lr": false,
    "contrastive_weight": 0.0,
    "margin_loss_weight": 0.0,
    "alignment_loss_weight": 0.1,
    "alignment_start_epoch": 1,
    "alignment_ramp_epochs": 0
  }
}