{
  "seed": 42,
  "ablation": "full",
  "mimic_version": 3,
  "mimic4_full": false,
  "cohort_tag": "mimic3",
  "best_val_jaccard": 0.5443307161331177,
  "test_metrics": {
    "Jaccard": 0.5434622168540955,
    "F1": 0.6966116428375244,
    "PRAUC": 0.783558746744537,
    "DDI Rate": 0.08058582051017246,
    "Avg Meds": 22.152570724487305,
    "Avg True Meds": 19.90132713317871,
    "Precision": 0.6701511144638062,
    "Recall": 0.7523915767669678,
    "NHJ_new": 0.28452658966967936,
    "NHJ_dropped": 0.35319784754200984,
    "CVR": 0.0
  },
  "data_diagnostics": {
    "split_mode_requested": "hidr_vita",
    "require_cohort_split": false,
    "split_source": "hidr_vita_sequential",
    "split_seed_used": "n/a",
    "split_patient_counts": {
      "train": 4233,
      "val": 1059,
      "test": 1058
    },
    "split_example_counts": {
      "train": 6256,
      "val": 1220,
      "test": 1206
    },
    "ddi_density": 0.05261303581914269,
    "ddi_upper_pairs": 448,
    "ddi_total_pairs": 8515,
    "loaded_artifacts": {
      "records": "data/processed/records_final.pkl",
      "cohort": "data/processed/cohort_mimic3.pkl",
      "ddi": "data/processed/ddi_A_final.pkl",
      "ehr": "data/processed/ehr_adj_final.pkl",
      "embeddings": "data/embeddings/code_embeddings.pt",
      "notes": "data/processed/note_embeddings_mimic3.pkl"
    }
  },
  "param_counts": {
    "visit_encoder": {
      "total": 3534609,
      "trainable": 932625
    },
    "fusion": {
      "total": 400512,
      "trainable": 400512
    },
    "drug_gnn": {
      "total": 1974080,
      "trainable": 1974080
    },
    "predictor": {
      "total": 327942,
      "trainable": 327941
    },
    "model_total": {
      "total": 6500311,
      "trainable": 3898326
    }
  },
  "threshold_sweep": {
    "0.4": {
      "Jaccard": 0.539322,
      "Avg Meds": 23.936153,
      "Avg True Meds": 19.901327,
      "DDI Rate": 0.080447
    },
    "0.45": {
      "Jaccard": 0.542166,
      "Avg Meds": 23.044777,
      "Avg True Meds": 19.901327,
      "DDI Rate": 0.080086
    },
    "0.5": {
      "Jaccard": 0.543462,
      "Avg Meds": 22.152571,
      "Avg True Meds": 19.901327,
      "DDI Rate": 0.080586
    },
    "0.55": {
      "Jaccard": 0.543632,
      "Avg Meds": 21.297678,
      "Avg True Meds": 19.901327,
      "DDI Rate": 0.080585
    },
    "0.6": {
      "Jaccard": 0.543078,
      "Avg Meds": 20.457712,
      "Avg True Meds": 19.901327,
      "DDI Rate": 0.081023
    },
    "0.65": {
      "Jaccard": 0.542224,
      "Avg Meds": 19.588722,
      "Avg True Meds": 19.901327,
      "DDI Rate": 0.080417
    },
    "0.7": {
      "Jaccard": 0.538461,
      "Avg Meds": 18.737148,
      "Avg True Meds": 19.901327,
      "DDI Rate": 0.080647
    },
    "0.75": {
      "Jaccard": 0.532569,
      "Avg Meds": 17.8466,
      "Avg True Meds": 19.901327,
      "DDI Rate": 0.0811
    }
  },
  "calibrated_threshold": 0.65,
  "calibrated_metrics": {
    "Jaccard": 0.542224,
    "Avg Meds": 19.588722,
    "Avg True Meds": 19.901327,
    "DDI Rate": 0.080417
  },
  "config": {
    "hidden_dim": 256,
    "use_notes": true,
    "use_labs": false,
    "use_copy": false,
    "fusion_strategy": "film",
    "lab_dim": 0,
    "pos_weight_cap": 5.0,
    "use_cosine_lr": false,
    "contrastive_weight": 0.0,
    "margin_loss_weight": 0.0,
    "alignment_loss_weight": 0.1,
    "alignment_start_epoch": 1,
    "alignment_ramp_epochs": 0
  }
}