{
  "seed": 42,
  "ablation": "full",
  "mimic_version": 3,
  "mimic4_full": false,
  "cohort_tag": "mimic3",
  "best_val_jaccard": 0.5019094347953796,
  "test_metrics": {
    "Jaccard": 0.5037555694580078,
    "F1": 0.661950945854187,
    "PRAUC": 0.7499215425523781,
    "DDI Rate": 0.08653620793040577,
    "Avg Meds": 22.97512435913086,
    "Avg True Meds": 19.90132713317871,
    "Precision": 0.6359604001045227,
    "Recall": 0.7374981045722961,
    "NHJ_new": 0.23162457033207542,
    "NHJ_dropped": 0.2961414158344269,
    "CVR": 0.0
  },
  "data_diagnostics": {
    "split_mode_requested": "hidr_vita",
    "require_cohort_split": false,
    "split_source": "hidr_vita_sequential",
    "split_seed_used": "n/a",
    "split_patient_counts": {
      "train": 4233,
      "val": 1059,
      "test": 1058
    },
    "split_example_counts": {
      "train": 6256,
      "val": 1220,
      "test": 1206
    },
    "ddi_density": 0.05261303581914269,
    "ddi_upper_pairs": 448,
    "ddi_total_pairs": 8515,
    "loaded_artifacts": {
      "records": "data/processed/records_final.pkl",
      "cohort": "data/processed/cohort_mimic3.pkl",
      "ddi": "data/processed/ddi_A_final.pkl",
      "ehr": "data/processed/ehr_adj_final.pkl",
      "embeddings": "data/embeddings/code_embeddings.pt"
    }
  },
  "param_counts": {
    "visit_encoder": {
      "total": 4583681,
      "trainable": 1981697
    },
    "drug_gnn": {
      "total": 1974080,
      "trainable": 1974080
    },
    "predictor": {
      "total": 262406,
      "trainable": 262404
    },
    "model_total": {
      "total": 7083335,
      "trainable": 4481349
    }
  },
  "threshold_sweep": {
    "0.4": {
      "Jaccard": 0.499207,
      "Avg Meds": 25.461029,
      "Avg True Meds": 19.901327,
      "DDI Rate": 0.083375
    },
    "0.45": {
      "Jaccard": 0.501287,
      "Avg Meds": 24.192371,
      "Avg True Meds": 19.901327,
      "DDI Rate": 0.084831
    },
    "0.5": {
      "Jaccard": 0.503756,
      "Avg Meds": 22.975124,
      "Avg True Meds": 19.901327,
      "DDI Rate": 0.086536
    },
    "0.55": {
      "Jaccard": 0.503788,
      "Avg Meds": 21.852406,
      "Avg True Meds": 19.901327,
      "DDI Rate": 0.088382
    },
    "0.6": {
      "Jaccard": 0.504501,
      "Avg Meds": 20.737976,
      "Avg True Meds": 19.901327,
      "DDI Rate": 0.090473
    },
    "0.65": {
      "Jaccard": 0.50196,
      "Avg Meds": 19.606136,
      "Avg True Meds": 19.901327,
      "DDI Rate": 0.092897
    },
    "0.7": {
      "Jaccard": 0.496973,
      "Avg Meds": 18.495853,
      "Avg True Meds": 19.901327,
      "DDI Rate": 0.094994
    },
    "0.75": {
      "Jaccard": 0.491492,
      "Avg Meds": 17.379768,
      "Avg True Meds": 19.901327,
      "DDI Rate": 0.096609
    }
  },
  "calibrated_threshold": 0.65,
  "calibrated_metrics": {
    "Jaccard": 0.50196,
    "Avg Meds": 19.606136,
    "Avg True Meds": 19.901327,
    "DDI Rate": 0.092897
  },
  "config": {
    "hidden_dim": 256,
    "use_notes": false,
    "use_labs": false,
    "use_copy": false,
    "fusion_strategy": "film",
    "lab_dim": 0,
    "pos_weight_cap": 5.0,
    "use_cosine_lr": false,
    "contrastive_weight": 0.0,
    "margin_loss_weight": 0.0,
    "alignment_loss_weight": 0.1,
    "alignment_start_epoch": 1,
    "alignment_ramp_epochs": 0
  }
}