{
  "seed": 123,
  "ablation": "full",
  "mimic_version": 3,
  "mimic4_full": false,
  "cohort_tag": "mimic3",
  "best_val_jaccard": 0.5432265996932983,
  "test_metrics": {
    "Jaccard": 0.538205087184906,
    "F1": 0.6921464204788208,
    "PRAUC": 0.7797654186986643,
    "DDI Rate": 0.07874460446165638,
    "Avg Meds": 22.62354850769043,
    "Avg True Meds": 19.90132713317871,
    "Precision": 0.6599489450454712,
    "Recall": 0.7564936876296997,
    "NHJ_new": 0.29015395045280457,
    "NHJ_dropped": 0.3604976330932818,
    "CVR": 0.0
  },
  "data_diagnostics": {
    "split_mode_requested": "hidr_vita",
    "require_cohort_split": false,
    "split_source": "hidr_vita_sequential",
    "split_seed_used": "n/a",
    "split_patient_counts": {
      "train": 4233,
      "val": 1059,
      "test": 1058
    },
    "split_example_counts": {
      "train": 6256,
      "val": 1220,
      "test": 1206
    },
    "ddi_density": 0.05261303581914269,
    "ddi_upper_pairs": 448,
    "ddi_total_pairs": 8515,
    "loaded_artifacts": {
      "records": "data/processed/records_final.pkl",
      "cohort": "data/processed/cohort_mimic3.pkl",
      "ddi": "data/processed/ddi_A_final.pkl",
      "ehr": "data/processed/ehr_adj_final.pkl",
      "embeddings": "data/embeddings/code_embeddings.pt",
      "notes": "data/processed/note_embeddings_mimic3.pkl"
    }
  },
  "param_counts": {
    "visit_encoder": {
      "total": 4583681,
      "trainable": 1981697
    },
    "fusion": {
      "total": 400512,
      "trainable": 400512
    },
    "drug_gnn": {
      "total": 1974080,
      "trainable": 1974080
    },
    "predictor": {
      "total": 723206,
      "trainable": 723205
    },
    "model_total": {
      "total": 7944647,
      "trainable": 5342662
    }
  },
  "threshold_sweep": {
    "0.4": {
      "Jaccard": 0.532353,
      "Avg Meds": 24.451906,
      "Avg True Meds": 19.901327,
      "DDI Rate": 0.078508
    },
    "0.45": {
      "Jaccard": 0.535643,
      "Avg Meds": 23.524046,
      "Avg True Meds": 19.901327,
      "DDI Rate": 0.078653
    },
    "0.5": {
      "Jaccard": 0.538205,
      "Avg Meds": 22.623549,
      "Avg True Meds": 19.901327,
      "DDI Rate": 0.078745
    },
    "0.55": {
      "Jaccard": 0.539131,
      "Avg Meds": 21.78441,
      "Avg True Meds": 19.901327,
      "DDI Rate": 0.07915
    },
    "0.6": {
      "Jaccard": 0.538861,
      "Avg Meds": 20.975124,
      "Avg True Meds": 19.901327,
      "DDI Rate": 0.079406
    },
    "0.65": {
      "Jaccard": 0.538511,
      "Avg Meds": 20.17247,
      "Avg True Meds": 19.901327,
      "DDI Rate": 0.080126
    },
    "0.7": {
      "Jaccard": 0.536262,
      "Avg Meds": 19.319237,
      "Avg True Meds": 19.901327,
      "DDI Rate": 0.080289
    },
    "0.75": {
      "Jaccard": 0.532794,
      "Avg Meds": 18.45854,
      "Avg True Meds": 19.901327,
      "DDI Rate": 0.080943
    }
  },
  "calibrated_threshold": 0.65,
  "calibrated_metrics": {
    "Jaccard": 0.538511,
    "Avg Meds": 20.17247,
    "Avg True Meds": 19.901327,
    "DDI Rate": 0.080126
  },
  "config": {
    "hidden_dim": 256,
    "use_notes": true,
    "use_labs": false,
    "use_copy": false,
    "fusion_strategy": "film",
    "lab_dim": 0,
    "pos_weight_cap": 5.0,
    "use_cosine_lr": false,
    "contrastive_weight": 0.0,
    "margin_loss_weight": 0.0,
    "alignment_loss_weight": 0.1,
    "alignment_start_epoch": 1,
    "alignment_ramp_epochs": 0
  }
}