{
  "seed": 123,
  "ablation": "full",
  "mimic_version": 3,
  "mimic4_full": false,
  "cohort_tag": "mimic3",
  "best_val_jaccard": 0.5424098968505859,
  "test_metrics": {
    "Jaccard": 0.542129635810852,
    "F1": 0.6955947279930115,
    "PRAUC": 0.7844816490495092,
    "DDI Rate": 0.08401237301338471,
    "Avg Meds": 22.108623504638672,
    "Avg True Meds": 19.90132713317871,
    "Precision": 0.669981062412262,
    "Recall": 0.749220609664917,
    "NHJ_new": 0.29461659177353505,
    "NHJ_dropped": 0.37723492478069504,
    "CVR": 0.0
  },
  "data_diagnostics": {
    "split_mode_requested": "hidr_vita",
    "require_cohort_split": false,
    "split_source": "hidr_vita_sequential",
    "split_seed_used": "n/a",
    "split_patient_counts": {
      "train": 4233,
      "val": 1059,
      "test": 1058
    },
    "split_example_counts": {
      "train": 6256,
      "val": 1220,
      "test": 1206
    },
    "ddi_density": 0.05261303581914269,
    "ddi_upper_pairs": 448,
    "ddi_total_pairs": 8515,
    "loaded_artifacts": {
      "records": "data/processed/records_final.pkl",
      "cohort": "data/processed/cohort_mimic3.pkl",
      "ddi": "data/processed/ddi_A_final.pkl",
      "ehr": "data/processed/ehr_adj_final.pkl",
      "embeddings": "data/embeddings/code_embeddings.pt",
      "notes": "data/processed/note_embeddings_mimic3.pkl"
    }
  },
  "param_counts": {
    "visit_encoder": {
      "total": 4583681,
      "trainable": 1981697
    },
    "fusion": {
      "total": 400512,
      "trainable": 400512
    },
    "drug_gnn": {
      "total": 1974080,
      "trainable": 1974080
    },
    "predictor": {
      "total": 327942,
      "trainable": 327941
    },
    "model_total": {
      "total": 7549383,
      "trainable": 4947398
    }
  },
  "threshold_sweep": {
    "0.4": {
      "Jaccard": 0.536993,
      "Avg Meds": 24.176617,
      "Avg True Meds": 19.901327,
      "DDI Rate": 0.083097
    },
    "0.45": {
      "Jaccard": 0.539619,
      "Avg Meds": 23.083748,
      "Avg True Meds": 19.901327,
      "DDI Rate": 0.083547
    },
    "0.5": {
      "Jaccard": 0.54213,
      "Avg Meds": 22.108624,
      "Avg True Meds": 19.901327,
      "DDI Rate": 0.084012
    },
    "0.55": {
      "Jaccard": 0.543083,
      "Avg Meds": 21.061359,
      "Avg True Meds": 19.901327,
      "DDI Rate": 0.084792
    },
    "0.6": {
      "Jaccard": 0.542247,
      "Avg Meds": 20.150084,
      "Avg True Meds": 19.901327,
      "DDI Rate": 0.085264
    },
    "0.65": {
      "Jaccard": 0.540359,
      "Avg Meds": 19.250414,
      "Avg True Meds": 19.901327,
      "DDI Rate": 0.085734
    },
    "0.7": {
      "Jaccard": 0.536782,
      "Avg Meds": 18.328358,
      "Avg True Meds": 19.901327,
      "DDI Rate": 0.085506
    },
    "0.75": {
      "Jaccard": 0.530793,
      "Avg Meds": 17.418739,
      "Avg True Meds": 19.901327,
      "DDI Rate": 0.086395
    }
  },
  "calibrated_threshold": 0.6,
  "calibrated_metrics": {
    "Jaccard": 0.542247,
    "Avg Meds": 20.150084,
    "Avg True Meds": 19.901327,
    "DDI Rate": 0.085264
  },
  "config": {
    "hidden_dim": 256,
    "use_notes": true,
    "use_labs": false,
    "use_copy": false,
    "fusion_strategy": "film",
    "lab_dim": 0,
    "pos_weight_cap": 5.0,
    "use_cosine_lr": false,
    "contrastive_weight": 0.0,
    "margin_loss_weight": 0.0,
    "alignment_loss_weight": 0.1,
    "alignment_start_epoch": 1,
    "alignment_ramp_epochs": 0
  }
}