{
  "seed": 42,
  "ablation": "full",
  "mimic_version": 3,
  "mimic4_full": false,
  "cohort_tag": "mimic3",
  "best_val_jaccard": 0.5016021728515625,
  "test_metrics": {
    "Jaccard": 0.5053356885910034,
    "F1": 0.6635146141052246,
    "PRAUC": 0.7504639758235138,
    "DDI Rate": 0.0863283803489717,
    "Avg Meds": 22.600332260131836,
    "Avg True Meds": 19.90132713317871,
    "Precision": 0.6422210335731506,
    "Recall": 0.7336669564247131,
    "NHJ_new": 0.23248141062887093,
    "NHJ_dropped": 0.3026801426159708,
    "CVR": 0.0
  },
  "data_diagnostics": {
    "split_mode_requested": "hidr_vita",
    "require_cohort_split": false,
    "split_source": "hidr_vita_sequential",
    "split_seed_used": "n/a",
    "split_patient_counts": {
      "train": 4233,
      "val": 1059,
      "test": 1058
    },
    "split_example_counts": {
      "train": 6256,
      "val": 1220,
      "test": 1206
    },
    "ddi_density": 0.05261303581914269,
    "ddi_upper_pairs": 448,
    "ddi_total_pairs": 8515,
    "loaded_artifacts": {
      "records": "data/processed/records_final.pkl",
      "cohort": "data/processed/cohort_mimic3.pkl",
      "ddi": "data/processed/ddi_A_final.pkl",
      "ehr": "data/processed/ehr_adj_final.pkl",
      "embeddings": "data/embeddings/code_embeddings.pt"
    }
  },
  "param_counts": {
    "visit_encoder": {
      "total": 4583681,
      "trainable": 1981697
    },
    "drug_gnn": {
      "total": 1974080,
      "trainable": 1974080
    },
    "predictor": {
      "total": 262406,
      "trainable": 262404
    },
    "model_total": {
      "total": 7083335,
      "trainable": 4481349
    }
  },
  "threshold_sweep": {
    "0.4": {
      "Jaccard": 0.500877,
      "Avg Meds": 24.975954,
      "Avg True Meds": 19.901327,
      "DDI Rate": 0.082723
    },
    "0.45": {
      "Jaccard": 0.504335,
      "Avg Meds": 23.811775,
      "Avg True Meds": 19.901327,
      "DDI Rate": 0.08387
    },
    "0.5": {
      "Jaccard": 0.505336,
      "Avg Meds": 22.600332,
      "Avg True Meds": 19.901327,
      "DDI Rate": 0.086328
    },
    "0.55": {
      "Jaccard": 0.50587,
      "Avg Meds": 21.562189,
      "Avg True Meds": 19.901327,
      "DDI Rate": 0.087655
    },
    "0.6": {
      "Jaccard": 0.504513,
      "Avg Meds": 20.531509,
      "Avg True Meds": 19.901327,
      "DDI Rate": 0.089292
    },
    "0.65": {
      "Jaccard": 0.501823,
      "Avg Meds": 19.491709,
      "Avg True Meds": 19.901327,
      "DDI Rate": 0.091541
    },
    "0.7": {
      "Jaccard": 0.497438,
      "Avg Meds": 18.412106,
      "Avg True Meds": 19.901327,
      "DDI Rate": 0.093357
    },
    "0.75": {
      "Jaccard": 0.492013,
      "Avg Meds": 17.28524,
      "Avg True Meds": 19.901327,
      "DDI Rate": 0.095115
    }
  },
  "calibrated_threshold": 0.65,
  "calibrated_metrics": {
    "Jaccard": 0.501823,
    "Avg Meds": 19.491709,
    "Avg True Meds": 19.901327,
    "DDI Rate": 0.091541
  },
  "config": {
    "hidden_dim": 256,
    "use_notes": false,
    "use_labs": false,
    "use_copy": false,
    "fusion_strategy": "film",
    "lab_dim": 0,
    "pos_weight_cap": 5.0,
    "use_cosine_lr": false,
    "contrastive_weight": 0.0,
    "margin_loss_weight": 0.0,
    "alignment_loss_weight": 0.1,
    "alignment_start_epoch": 1,
    "alignment_ramp_epochs": 0
  }
}