{
  "seed": 123,
  "ablation": "full",
  "mimic_version": 3,
  "mimic4_full": false,
  "cohort_tag": "mimic3",
  "best_val_jaccard": 0.5100914835929871,
  "test_metrics": {
    "Jaccard": 0.5111023783683777,
    "F1": 0.6687372922897339,
    "PRAUC": 0.763372548403239,
    "DDI Rate": 0.08431590933130907,
    "Avg Meds": 22.704809188842773,
    "Avg True Meds": 19.90132713317871,
    "Precision": 0.6434378027915955,
    "Recall": 0.7384260296821594,
    "NHJ_new": 0.24871974163933805,
    "NHJ_dropped": 0.31278765828985916,
    "CVR": 0.0
  },
  "data_diagnostics": {
    "split_mode_requested": "hidr_vita",
    "require_cohort_split": false,
    "split_source": "hidr_vita_sequential",
    "split_seed_used": "n/a",
    "split_patient_counts": {
      "train": 4233,
      "val": 1059,
      "test": 1058
    },
    "split_example_counts": {
      "train": 6256,
      "val": 1220,
      "test": 1206
    },
    "ddi_density": 0.05261303581914269,
    "ddi_upper_pairs": 448,
    "ddi_total_pairs": 8515,
    "loaded_artifacts": {
      "records": "data/processed/records_final.pkl",
      "cohort": "data/processed/cohort_mimic3.pkl",
      "ddi": "data/processed/ddi_A_final.pkl",
      "ehr": "data/processed/ehr_adj_final.pkl",
      "embeddings": "data/embeddings/code_embeddings.pt",
      "labs": "data/processed/lab_vectors_5labs.pkl"
    }
  },
  "param_counts": {
    "visit_encoder": {
      "total": 4649474,
      "trainable": 2047490
    },
    "fusion": {
      "total": 398848,
      "trainable": 398848
    },
    "drug_gnn": {
      "total": 1151776,
      "trainable": 1151776
    },
    "predictor": {
      "total": 279494,
      "trainable": 279493
    },
    "model_total": {
      "total": 6742760,
      "trainable": 4140775
    }
  },
  "threshold_sweep": {
    "0.4": {
      "Jaccard": 0.508353,
      "Avg Meds": 24.946102,
      "Avg True Meds": 19.901327,
      "DDI Rate": 0.081038
    },
    "0.45": {
      "Jaccard": 0.510024,
      "Avg Meds": 23.810946,
      "Avg True Meds": 19.901327,
      "DDI Rate": 0.08256
    },
    "0.5": {
      "Jaccard": 0.511102,
      "Avg Meds": 22.704809,
      "Avg True Meds": 19.901327,
      "DDI Rate": 0.084316
    },
    "0.55": {
      "Jaccard": 0.511458,
      "Avg Meds": 21.680763,
      "Avg True Meds": 19.901327,
      "DDI Rate": 0.085851
    },
    "0.6": {
      "Jaccard": 0.510763,
      "Avg Meds": 20.696518,
      "Avg True Meds": 19.901327,
      "DDI Rate": 0.087336
    },
    "0.65": {
      "Jaccard": 0.508966,
      "Avg Meds": 19.706469,
      "Avg True Meds": 19.901327,
      "DDI Rate": 0.089001
    },
    "0.7": {
      "Jaccard": 0.506206,
      "Avg Meds": 18.668325,
      "Avg True Meds": 19.901327,
      "DDI Rate": 0.090096
    },
    "0.75": {
      "Jaccard": 0.501009,
      "Avg Meds": 17.621891,
      "Avg True Meds": 19.901327,
      "DDI Rate": 0.090547
    }
  },
  "calibrated_threshold": 0.65,
  "calibrated_metrics": {
    "Jaccard": 0.508966,
    "Avg Meds": 19.706469,
    "Avg True Meds": 19.901327,
    "DDI Rate": 0.089001
  },
  "config": {
    "hidden_dim": 256,
    "use_notes": false,
    "use_labs": true,
    "use_copy": false,
    "fusion_strategy": "film",
    "lab_dim": 10,
    "pos_weight_cap": 5.0,
    "use_cosine_lr": false,
    "contrastive_weight": 0.0,
    "margin_loss_weight": 0.0,
    "alignment_loss_weight": 0.1,
    "alignment_start_epoch": 1,
    "alignment_ramp_epochs": 0
  }
}