{
  "seed": 456,
  "ablation": "full",
  "mimic_version": 3,
  "mimic4_full": false,
  "cohort_tag": "mimic3",
  "best_val_jaccard": 0.5644994974136353,
  "test_metrics": {
    "Jaccard": 0.564292848110199,
    "F1": 0.7139499187469482,
    "PRAUC": 0.7961576242061396,
    "DDI Rate": 0.08293790946590818,
    "Avg Meds": 21.723051071166992,
    "Avg True Meds": 19.90132713317871,
    "Precision": 0.6902967095375061,
    "Recall": 0.7621769905090332,
    "NHJ_new": 0.300634428858757,
    "NHJ_dropped": 0.35026685344545466,
    "CVR": 0.0
  },
  "data_diagnostics": {
    "split_mode_requested": "hidr_vita",
    "require_cohort_split": false,
    "split_source": "hidr_vita_sequential",
    "split_seed_used": "n/a",
    "split_patient_counts": {
      "train": 4233,
      "val": 1059,
      "test": 1058
    },
    "split_example_counts": {
      "train": 6256,
      "val": 1220,
      "test": 1206
    },
    "ddi_density": 0.05261303581914269,
    "ddi_upper_pairs": 448,
    "ddi_total_pairs": 8515,
    "loaded_artifacts": {
      "records": "data/processed/records_final.pkl",
      "cohort": "data/processed/cohort_mimic3.pkl",
      "ddi": "data/processed/ddi_A_final.pkl",
      "ehr": "data/processed/ehr_adj_final.pkl",
      "embeddings": "data/embeddings/code_embeddings.pt",
      "notes": "data/processed/note_embeddings_mimic3.pkl",
      "labs": "data/processed/lab_vectors_200labs.pkl"
    }
  },
  "param_counts": {
    "visit_encoder": {
      "total": 5108993,
      "trainable": 2507009
    },
    "fusion": {
      "total": 423808,
      "trainable": 423808
    },
    "drug_gnn": {
      "total": 395008,
      "trainable": 395008
    },
    "predictor": {
      "total": 1613513,
      "trainable": 1423943
    },
    "model_total": {
      "total": 7804490,
      "trainable": 5012936
    }
  },
  "threshold_sweep": {
    "0.4": {
      "Jaccard": 0.563318,
      "Avg Meds": 22.781094,
      "Avg True Meds": 19.901327,
      "DDI Rate": 0.082492
    },
    "0.45": {
      "Jaccard": 0.564002,
      "Avg Meds": 22.260365,
      "Avg True Meds": 19.901327,
      "DDI Rate": 0.082671
    },
    "0.5": {
      "Jaccard": 0.564293,
      "Avg Meds": 21.723051,
      "Avg True Meds": 19.901327,
      "DDI Rate": 0.082938
    },
    "0.55": {
      "Jaccard": 0.564726,
      "Avg Meds": 21.206469,
      "Avg True Meds": 19.901327,
      "DDI Rate": 0.083219
    },
    "0.6": {
      "Jaccard": 0.563838,
      "Avg Meds": 20.71476,
      "Avg True Meds": 19.901327,
      "DDI Rate": 0.083703
    },
    "0.65": {
      "Jaccard": 0.562696,
      "Avg Meds": 20.238806,
      "Avg True Meds": 19.901327,
      "DDI Rate": 0.083883
    },
    "0.7": {
      "Jaccard": 0.561357,
      "Avg Meds": 19.689884,
      "Avg True Meds": 19.901327,
      "DDI Rate": 0.083924
    },
    "0.75": {
      "Jaccard": 0.558888,
      "Avg Meds": 19.111111,
      "Avg True Meds": 19.901327,
      "DDI Rate": 0.083571
    }
  },
  "calibrated_threshold": 0.7,
  "calibrated_metrics": {
    "Jaccard": 0.561357,
    "Avg Meds": 19.689884,
    "Avg True Meds": 19.901327,
    "DDI Rate": 0.083924
  },
  "config": {
    "hidden_dim": 256,
    "use_notes": true,
    "use_labs": true,
    "use_copy": true,
    "fusion_strategy": "film",
    "lab_dim": 400,
    "pos_weight_cap": 5.0,
    "use_cosine_lr": false,
    "contrastive_weight": 0.0,
    "margin_loss_weight": 0.0,
    "alignment_loss_weight": 0.1,
    "alignment_start_epoch": 1,
    "alignment_ramp_epochs": 0
  }
}