{
  "seed": 456,
  "ablation": "full",
  "mimic_version": 3,
  "mimic4_full": false,
  "cohort_tag": "mimic3",
  "best_val_jaccard": 0.5015426278114319,
  "test_metrics": {
    "Jaccard": 0.5012635588645935,
    "F1": 0.6600930094718933,
    "PRAUC": 0.7512451781501595,
    "DDI Rate": 0.08125165617636249,
    "Avg Meds": 23.883913040161133,
    "Avg True Meds": 19.90132713317871,
    "Precision": 0.6197218894958496,
    "Recall": 0.7520608305931091,
    "NHJ_new": 0.24676437754380076,
    "NHJ_dropped": 0.29126248626332535,
    "CVR": 0.0
  },
  "data_diagnostics": {
    "split_mode_requested": "hidr_vita",
    "require_cohort_split": false,
    "split_source": "hidr_vita_sequential",
    "split_seed_used": "n/a",
    "split_patient_counts": {
      "train": 4233,
      "val": 1059,
      "test": 1058
    },
    "split_example_counts": {
      "train": 6256,
      "val": 1220,
      "test": 1206
    },
    "ddi_density": 0.05261303581914269,
    "ddi_upper_pairs": 448,
    "ddi_total_pairs": 8515,
    "loaded_artifacts": {
      "records": "data/processed/records_final.pkl",
      "cohort": "data/processed/cohort_mimic3.pkl",
      "ddi": "data/processed/ddi_A_final.pkl",
      "ehr": "data/processed/ehr_adj_final.pkl",
      "embeddings": "data/embeddings/code_embeddings.pt"
    }
  },
  "param_counts": {
    "visit_encoder": {
      "total": 4583681,
      "trainable": 1981697
    },
    "drug_gnn": {
      "total": 1974080,
      "trainable": 1974080
    },
    "predictor": {
      "total": 262406,
      "trainable": 262404
    },
    "model_total": {
      "total": 7083335,
      "trainable": 4481349
    }
  },
  "threshold_sweep": {
    "0.4": {
      "Jaccard": 0.495374,
      "Avg Meds": 26.628525,
      "Avg True Meds": 19.901327,
      "DDI Rate": 0.078023
    },
    "0.45": {
      "Jaccard": 0.498726,
      "Avg Meds": 25.233002,
      "Avg True Meds": 19.901327,
      "DDI Rate": 0.079573
    },
    "0.5": {
      "Jaccard": 0.501264,
      "Avg Meds": 23.883913,
      "Avg True Meds": 19.901327,
      "DDI Rate": 0.081252
    },
    "0.55": {
      "Jaccard": 0.502982,
      "Avg Meds": 22.610281,
      "Avg True Meds": 19.901327,
      "DDI Rate": 0.083087
    },
    "0.6": {
      "Jaccard": 0.502895,
      "Avg Meds": 21.336651,
      "Avg True Meds": 19.901327,
      "DDI Rate": 0.084782
    },
    "0.65": {
      "Jaccard": 0.500712,
      "Avg Meds": 20.150084,
      "Avg True Meds": 19.901327,
      "DDI Rate": 0.086878
    },
    "0.7": {
      "Jaccard": 0.4974,
      "Avg Meds": 18.889719,
      "Avg True Meds": 19.901327,
      "DDI Rate": 0.08834
    },
    "0.75": {
      "Jaccard": 0.492675,
      "Avg Meds": 17.52985,
      "Avg True Meds": 19.901327,
      "DDI Rate": 0.08912
    }
  },
  "calibrated_threshold": 0.65,
  "calibrated_metrics": {
    "Jaccard": 0.500712,
    "Avg Meds": 20.150084,
    "Avg True Meds": 19.901327,
    "DDI Rate": 0.086878
  },
  "config": {
    "hidden_dim": 256,
    "use_notes": false,
    "use_labs": false,
    "use_copy": false,
    "fusion_strategy": "film",
    "lab_dim": 0,
    "pos_weight_cap": 5.0,
    "use_cosine_lr": false,
    "contrastive_weight": 0.0,
    "margin_loss_weight": 0.0,
    "alignment_loss_weight": 0.1,
    "alignment_start_epoch": 1,
    "alignment_ramp_epochs": 0
  }
}