{
  "seed": 123,
  "ablation": "full",
  "mimic_version": 3,
  "mimic4_full": false,
  "cohort_tag": "mimic3",
  "best_val_jaccard": 0.5429754257202148,
  "test_metrics": {
    "Jaccard": 0.5405868887901306,
    "F1": 0.6940760016441345,
    "PRAUC": 0.7843694274157075,
    "DDI Rate": 0.08093620864573281,
    "Avg Meds": 22.67329978942871,
    "Avg True Meds": 19.90132713317871,
    "Precision": 0.6598009467124939,
    "Recall": 0.7584887742996216,
    "NHJ_new": 0.2978820667455071,
    "NHJ_dropped": 0.3714869069425683,
    "CVR": 0.0
  },
  "data_diagnostics": {
    "split_mode_requested": "hidr_vita",
    "require_cohort_split": false,
    "split_source": "hidr_vita_sequential",
    "split_seed_used": "n/a",
    "split_patient_counts": {
      "train": 4233,
      "val": 1059,
      "test": 1058
    },
    "split_example_counts": {
      "train": 6256,
      "val": 1220,
      "test": 1206
    },
    "ddi_density": 0.05261303581914269,
    "ddi_upper_pairs": 448,
    "ddi_total_pairs": 8515,
    "loaded_artifacts": {
      "records": "data/processed/records_final.pkl",
      "cohort": "data/processed/cohort_mimic3.pkl",
      "ddi": "data/processed/ddi_A_final.pkl",
      "ehr": "data/processed/ehr_adj_final.pkl",
      "embeddings": "data/embeddings/code_embeddings.pt",
      "notes": "data/processed/note_embeddings_mimic3.pkl"
    }
  },
  "param_counts": {
    "visit_encoder": {
      "total": 4583681,
      "trainable": 1981697
    },
    "fusion": {
      "total": 400512,
      "trainable": 400512
    },
    "drug_gnn": {
      "total": 1974080,
      "trainable": 1974080
    },
    "predictor": {
      "total": 327942,
      "trainable": 327941
    },
    "model_total": {
      "total": 7549383,
      "trainable": 4947398
    }
  },
  "threshold_sweep": {
    "0.4": {
      "Jaccard": 0.534606,
      "Avg Meds": 24.72471,
      "Avg True Meds": 19.901327,
      "DDI Rate": 0.080774
    },
    "0.45": {
      "Jaccard": 0.539498,
      "Avg Meds": 23.660862,
      "Avg True Meds": 19.901327,
      "DDI Rate": 0.080895
    },
    "0.5": {
      "Jaccard": 0.540587,
      "Avg Meds": 22.6733,
      "Avg True Meds": 19.901327,
      "DDI Rate": 0.080936
    },
    "0.55": {
      "Jaccard": 0.541278,
      "Avg Meds": 21.693201,
      "Avg True Meds": 19.901327,
      "DDI Rate": 0.081236
    },
    "0.6": {
      "Jaccard": 0.541466,
      "Avg Meds": 20.75456,
      "Avg True Meds": 19.901327,
      "DDI Rate": 0.081636
    },
    "0.65": {
      "Jaccard": 0.540956,
      "Avg Meds": 19.8466,
      "Avg True Meds": 19.901327,
      "DDI Rate": 0.082124
    },
    "0.7": {
      "Jaccard": 0.539523,
      "Avg Meds": 18.905472,
      "Avg True Meds": 19.901327,
      "DDI Rate": 0.082322
    },
    "0.75": {
      "Jaccard": 0.535062,
      "Avg Meds": 17.92869,
      "Avg True Meds": 19.901327,
      "DDI Rate": 0.08303
    }
  },
  "calibrated_threshold": 0.65,
  "calibrated_metrics": {
    "Jaccard": 0.540956,
    "Avg Meds": 19.8466,
    "Avg True Meds": 19.901327,
    "DDI Rate": 0.082124
  },
  "config": {
    "hidden_dim": 256,
    "use_notes": true,
    "use_labs": false,
    "use_copy": false,
    "fusion_strategy": "film",
    "lab_dim": 0,
    "pos_weight_cap": 5.0,
    "use_cosine_lr": false,
    "contrastive_weight": 0.0,
    "margin_loss_weight": 0.0,
    "alignment_loss_weight": 0.1,
    "alignment_start_epoch": 1,
    "alignment_ramp_epochs": 0
  }
}