{
  "seed": 456,
  "ablation": "full",
  "mimic_version": 3,
  "mimic4_full": false,
  "cohort_tag": "mimic3",
  "best_val_jaccard": 0.5396878123283386,
  "test_metrics": {
    "Jaccard": 0.5399937629699707,
    "F1": 0.6936973333358765,
    "PRAUC": 0.7789513041139855,
    "DDI Rate": 0.08108058253322635,
    "Avg Meds": 22.556385040283203,
    "Avg True Meds": 19.90132713317871,
    "Precision": 0.6637210845947266,
    "Recall": 0.7539868354797363,
    "NHJ_new": 0.28686794717060893,
    "NHJ_dropped": 0.35719182616785955,
    "CVR": 0.0
  },
  "data_diagnostics": {
    "split_mode_requested": "hidr_vita",
    "require_cohort_split": false,
    "split_source": "hidr_vita_sequential",
    "split_seed_used": "n/a",
    "split_patient_counts": {
      "train": 4233,
      "val": 1059,
      "test": 1058
    },
    "split_example_counts": {
      "train": 6256,
      "val": 1220,
      "test": 1206
    },
    "ddi_density": 0.05261303581914269,
    "ddi_upper_pairs": 448,
    "ddi_total_pairs": 8515,
    "loaded_artifacts": {
      "records": "data/processed/records_final.pkl",
      "cohort": "data/processed/cohort_mimic3.pkl",
      "ddi": "data/processed/ddi_A_final.pkl",
      "ehr": "data/processed/ehr_adj_final.pkl",
      "embeddings": "data/embeddings/code_embeddings.pt",
      "labs": "data/processed/lab_vectors_200labs.pkl"
    }
  },
  "param_counts": {
    "visit_encoder": {
      "total": 4583681,
      "trainable": 1981697
    },
    "fusion": {
      "total": 423808,
      "trainable": 423808
    },
    "drug_gnn": {
      "total": 1974080,
      "trainable": 1974080
    },
    "predictor": {
      "total": 1029702,
      "trainable": 1029701
    },
    "model_total": {
      "total": 8274439,
      "trainable": 5672454
    }
  },
  "threshold_sweep": {
    "0.4": {
      "Jaccard": 0.53433,
      "Avg Meds": 24.195688,
      "Avg True Meds": 19.901327,
      "DDI Rate": 0.080223
    },
    "0.45": {
      "Jaccard": 0.53826,
      "Avg Meds": 23.334162,
      "Avg True Meds": 19.901327,
      "DDI Rate": 0.080671
    },
    "0.5": {
      "Jaccard": 0.539994,
      "Avg Meds": 22.556385,
      "Avg True Meds": 19.901327,
      "DDI Rate": 0.081081
    },
    "0.55": {
      "Jaccard": 0.540139,
      "Avg Meds": 21.800995,
      "Avg True Meds": 19.901327,
      "DDI Rate": 0.081625
    },
    "0.6": {
      "Jaccard": 0.540216,
      "Avg Meds": 21.035656,
      "Avg True Meds": 19.901327,
      "DDI Rate": 0.082031
    },
    "0.65": {
      "Jaccard": 0.53894,
      "Avg Meds": 20.250414,
      "Avg True Meds": 19.901327,
      "DDI Rate": 0.082031
    },
    "0.7": {
      "Jaccard": 0.536613,
      "Avg Meds": 19.488392,
      "Avg True Meds": 19.901327,
      "DDI Rate": 0.082575
    },
    "0.75": {
      "Jaccard": 0.533244,
      "Avg Meds": 18.64262,
      "Avg True Meds": 19.901327,
      "DDI Rate": 0.083202
    }
  },
  "calibrated_threshold": 0.65,
  "calibrated_metrics": {
    "Jaccard": 0.53894,
    "Avg Meds": 20.250414,
    "Avg True Meds": 19.901327,
    "DDI Rate": 0.082031
  },
  "config": {
    "hidden_dim": 256,
    "use_notes": false,
    "use_labs": true,
    "use_copy": false,
    "fusion_strategy": "film",
    "lab_dim": 400,
    "pos_weight_cap": 5.0,
    "use_cosine_lr": false,
    "contrastive_weight": 0.0,
    "margin_loss_weight": 0.0,
    "alignment_loss_weight": 0.1,
    "alignment_start_epoch": 1,
    "alignment_ramp_epochs": 0
  }
}