{
  "seed": 456,
  "ablation": "full",
  "mimic_version": 3,
  "mimic4_full": false,
  "cohort_tag": "mimic3",
  "best_val_jaccard": 0.5523855686187744,
  "test_metrics": {
    "Jaccard": 0.551415205001831,
    "F1": 0.7034498453140259,
    "PRAUC": 0.7923332140160977,
    "DDI Rate": 0.08325651037843869,
    "Avg Meds": 22.96600341796875,
    "Avg True Meds": 19.90132713317871,
    "Precision": 0.6664010882377625,
    "Recall": 0.7679734826087952,
    "NHJ_new": 0.30482155476745804,
    "NHJ_dropped": 0.3913343784056212,
    "CVR": 0.0
  },
  "data_diagnostics": {
    "split_mode_requested": "hidr_vita",
    "require_cohort_split": false,
    "split_source": "hidr_vita_sequential",
    "split_seed_used": "n/a",
    "split_patient_counts": {
      "train": 4233,
      "val": 1059,
      "test": 1058
    },
    "split_example_counts": {
      "train": 6256,
      "val": 1220,
      "test": 1206
    },
    "ddi_density": 0.05261303581914269,
    "ddi_upper_pairs": 448,
    "ddi_total_pairs": 8515,
    "loaded_artifacts": {
      "records": "data/processed/records_final.pkl",
      "cohort": "data/processed/cohort_mimic3.pkl",
      "ddi": "data/processed/ddi_A_final.pkl",
      "ehr": "data/processed/ehr_adj_final.pkl",
      "embeddings": "data/embeddings/code_embeddings.pt",
      "notes": "data/processed/note_embeddings_mimic3.pkl",
      "labs": "data/processed/lab_vectors_200labs.pkl"
    }
  },
  "param_counts": {
    "visit_encoder": {
      "total": 5108993,
      "trainable": 2507009
    },
    "fusion": {
      "total": 423808,
      "trainable": 423808
    },
    "drug_gnn": {
      "total": 1974080,
      "trainable": 1974080
    },
    "predictor": {
      "total": 369990,
      "trainable": 369990
    },
    "model_total": {
      "total": 8140039,
      "trainable": 5538055
    }
  },
  "threshold_sweep": {
    "0.4": {
      "Jaccard": 0.543608,
      "Avg Meds": 24.863184,
      "Avg True Meds": 19.901327,
      "DDI Rate": 0.082788
    },
    "0.45": {
      "Jaccard": 0.54823,
      "Avg Meds": 23.878939,
      "Avg True Meds": 19.901327,
      "DDI Rate": 0.083112
    },
    "0.5": {
      "Jaccard": 0.551415,
      "Avg Meds": 22.966003,
      "Avg True Meds": 19.901327,
      "DDI Rate": 0.083257
    },
    "0.55": {
      "Jaccard": 0.553509,
      "Avg Meds": 22.129353,
      "Avg True Meds": 19.901327,
      "DDI Rate": 0.083496
    },
    "0.6": {
      "Jaccard": 0.55498,
      "Avg Meds": 21.290216,
      "Avg True Meds": 19.901327,
      "DDI Rate": 0.083593
    },
    "0.65": {
      "Jaccard": 0.553919,
      "Avg Meds": 20.45854,
      "Avg True Meds": 19.901327,
      "DDI Rate": 0.083686
    },
    "0.7": {
      "Jaccard": 0.552119,
      "Avg Meds": 19.578773,
      "Avg True Meds": 19.901327,
      "DDI Rate": 0.084003
    },
    "0.75": {
      "Jaccard": 0.548853,
      "Avg Meds": 18.553068,
      "Avg True Meds": 19.901327,
      "DDI Rate": 0.08466
    }
  },
  "calibrated_threshold": 0.7,
  "calibrated_metrics": {
    "Jaccard": 0.552119,
    "Avg Meds": 19.578773,
    "Avg True Meds": 19.901327,
    "DDI Rate": 0.084003
  },
  "config": {
    "hidden_dim": 256,
    "use_notes": true,
    "use_labs": true,
    "use_copy": false,
    "fusion_strategy": "film",
    "lab_dim": 400,
    "pos_weight_cap": 5.0,
    "use_cosine_lr": false,
    "contrastive_weight": 0.0,
    "margin_loss_weight": 0.0,
    "alignment_loss_weight": 0.1,
    "alignment_start_epoch": 1,
    "alignment_ramp_epochs": 0
  }
}