{
  "seed": 456,
  "ablation": "full",
  "mimic_version": 3,
  "mimic4_full": false,
  "cohort_tag": "mimic3",
  "best_val_jaccard": 0.5512782335281372,
  "test_metrics": {
    "Jaccard": 0.5510329604148865,
    "F1": 0.7032066583633423,
    "PRAUC": 0.7908144285057892,
    "DDI Rate": 0.08181714292588159,
    "Avg Meds": 22.733001708984375,
    "Avg True Meds": 19.90132713317871,
    "Precision": 0.6676120758056641,
    "Recall": 0.7641582489013672,
    "NHJ_new": 0.3117876531262147,
    "NHJ_dropped": 0.39861449285557393,
    "CVR": 0.0
  },
  "data_diagnostics": {
    "split_mode_requested": "hidr_vita",
    "require_cohort_split": false,
    "split_source": "hidr_vita_sequential",
    "split_seed_used": "n/a",
    "split_patient_counts": {
      "train": 4233,
      "val": 1059,
      "test": 1058
    },
    "split_example_counts": {
      "train": 6256,
      "val": 1220,
      "test": 1206
    },
    "ddi_density": 0.05261303581914269,
    "ddi_upper_pairs": 448,
    "ddi_total_pairs": 8515,
    "loaded_artifacts": {
      "records": "data/processed/records_final.pkl",
      "cohort": "data/processed/cohort_mimic3.pkl",
      "ddi": "data/processed/ddi_A_final.pkl",
      "ehr": "data/processed/ehr_adj_final.pkl",
      "embeddings": "data/embeddings/code_embeddings.pt",
      "notes": "data/processed/note_embeddings_mimic3.pkl",
      "labs": "data/processed/lab_vectors_200labs.pkl"
    }
  },
  "param_counts": {
    "visit_encoder": {
      "total": 4583681,
      "trainable": 1981697
    },
    "fusion": {
      "total": 423808,
      "trainable": 423808
    },
    "drug_gnn": {
      "total": 1974080,
      "trainable": 1974080
    },
    "predictor": {
      "total": 369990,
      "trainable": 369990
    },
    "model_total": {
      "total": 7614727,
      "trainable": 5012743
    }
  },
  "threshold_sweep": {
    "0.4": {
      "Jaccard": 0.545047,
      "Avg Meds": 24.586235,
      "Avg True Meds": 19.901327,
      "DDI Rate": 0.081321
    },
    "0.45": {
      "Jaccard": 0.54936,
      "Avg Meds": 23.60116,
      "Avg True Meds": 19.901327,
      "DDI Rate": 0.08173
    },
    "0.5": {
      "Jaccard": 0.551033,
      "Avg Meds": 22.733002,
      "Avg True Meds": 19.901327,
      "DDI Rate": 0.081817
    },
    "0.55": {
      "Jaccard": 0.551206,
      "Avg Meds": 21.837479,
      "Avg True Meds": 19.901327,
      "DDI Rate": 0.081947
    },
    "0.6": {
      "Jaccard": 0.551425,
      "Avg Meds": 20.916252,
      "Avg True Meds": 19.901327,
      "DDI Rate": 0.081771
    },
    "0.65": {
      "Jaccard": 0.550305,
      "Avg Meds": 20.028193,
      "Avg True Meds": 19.901327,
      "DDI Rate": 0.081789
    },
    "0.7": {
      "Jaccard": 0.5472,
      "Avg Meds": 19.107794,
      "Avg True Meds": 19.901327,
      "DDI Rate": 0.081515
    },
    "0.75": {
      "Jaccard": 0.542034,
      "Avg Meds": 18.110281,
      "Avg True Meds": 19.901327,
      "DDI Rate": 0.081569
    }
  },
  "calibrated_threshold": 0.65,
  "calibrated_metrics": {
    "Jaccard": 0.550305,
    "Avg Meds": 20.028193,
    "Avg True Meds": 19.901327,
    "DDI Rate": 0.081789
  },
  "config": {
    "hidden_dim": 256,
    "use_notes": true,
    "use_labs": true,
    "use_copy": false,
    "fusion_strategy": "film",
    "lab_dim": 400,
    "pos_weight_cap": 5.0,
    "use_cosine_lr": false,
    "contrastive_weight": 0.0,
    "margin_loss_weight": 0.0,
    "alignment_loss_weight": 0.1,
    "alignment_start_epoch": 1,
    "alignment_ramp_epochs": 0
  }
}