{
  "seed": 42,
  "ablation": "full",
  "mimic_version": 3,
  "mimic4_full": false,
  "cohort_tag": "mimic3",
  "best_val_jaccard": 0.5416430830955505,
  "test_metrics": {
    "Jaccard": 0.5388748645782471,
    "F1": 0.6928628087043762,
    "PRAUC": 0.7851817482467809,
    "DDI Rate": 0.08197250983379624,
    "Avg Meds": 22.834991455078125,
    "Avg True Meds": 19.90132713317871,
    "Precision": 0.6604280471801758,
    "Recall": 0.7562961578369141,
    "NHJ_new": 0.2845930637497651,
    "NHJ_dropped": 0.35467211823714406,
    "CVR": 0.0
  },
  "data_diagnostics": {
    "split_mode_requested": "hidr_vita",
    "require_cohort_split": false,
    "split_source": "hidr_vita_sequential",
    "split_seed_used": "n/a",
    "split_patient_counts": {
      "train": 4233,
      "val": 1059,
      "test": 1058
    },
    "split_example_counts": {
      "train": 6256,
      "val": 1220,
      "test": 1206
    },
    "ddi_density": 0.05261303581914269,
    "ddi_upper_pairs": 448,
    "ddi_total_pairs": 8515,
    "loaded_artifacts": {
      "records": "data/processed/records_final.pkl",
      "cohort": "data/processed/cohort_mimic3.pkl",
      "ddi": "data/processed/ddi_A_final.pkl",
      "ehr": "data/processed/ehr_adj_final.pkl",
      "embeddings": "data/embeddings/code_embeddings.pt",
      "labs": "data/processed/lab_vectors_200labs.pkl"
    }
  },
  "param_counts": {
    "visit_encoder": {
      "total": 4649474,
      "trainable": 2047490
    },
    "fusion": {
      "total": 423808,
      "trainable": 423808
    },
    "drug_gnn": {
      "total": 1151776,
      "trainable": 1151776
    },
    "predictor": {
      "total": 304454,
      "trainable": 304453
    },
    "model_total": {
      "total": 6792680,
      "trainable": 4190695
    }
  },
  "threshold_sweep": {
    "0.4": {
      "Jaccard": 0.532652,
      "Avg Meds": 24.766998,
      "Avg True Meds": 19.901327,
      "DDI Rate": 0.081514
    },
    "0.45": {
      "Jaccard": 0.536814,
      "Avg Meds": 23.814262,
      "Avg True Meds": 19.901327,
      "DDI Rate": 0.081686
    },
    "0.5": {
      "Jaccard": 0.538875,
      "Avg Meds": 22.834991,
      "Avg True Meds": 19.901327,
      "DDI Rate": 0.081973
    },
    "0.55": {
      "Jaccard": 0.541783,
      "Avg Meds": 21.902985,
      "Avg True Meds": 19.901327,
      "DDI Rate": 0.082763
    },
    "0.6": {
      "Jaccard": 0.542812,
      "Avg Meds": 21.034826,
      "Avg True Meds": 19.901327,
      "DDI Rate": 0.082777
    },
    "0.65": {
      "Jaccard": 0.541493,
      "Avg Meds": 20.199835,
      "Avg True Meds": 19.901327,
      "DDI Rate": 0.082967
    },
    "0.7": {
      "Jaccard": 0.53753,
      "Avg Meds": 19.28441,
      "Avg True Meds": 19.901327,
      "DDI Rate": 0.083168
    },
    "0.75": {
      "Jaccard": 0.533113,
      "Avg Meds": 18.376451,
      "Avg True Meds": 19.901327,
      "DDI Rate": 0.083326
    }
  },
  "calibrated_threshold": 0.65,
  "calibrated_metrics": {
    "Jaccard": 0.541493,
    "Avg Meds": 20.199835,
    "Avg True Meds": 19.901327,
    "DDI Rate": 0.082967
  },
  "config": {
    "hidden_dim": 256,
    "use_notes": false,
    "use_labs": true,
    "use_copy": false,
    "fusion_strategy": "film",
    "lab_dim": 400,
    "pos_weight_cap": 5.0,
    "use_cosine_lr": false,
    "contrastive_weight": 0.0,
    "margin_loss_weight": 0.0,
    "alignment_loss_weight": 0.1,
    "alignment_start_epoch": 1,
    "alignment_ramp_epochs": 0
  }
}