{
  "seed": 123,
  "ablation": "full",
  "mimic_version": 3,
  "mimic4_full": false,
  "cohort_tag": "mimic3",
  "best_val_jaccard": 0.5646439790725708,
  "test_metrics": {
    "Jaccard": 0.5647017359733582,
    "F1": 0.7144734859466553,
    "PRAUC": 0.7962898966861751,
    "DDI Rate": 0.08100054546871348,
    "Avg Meds": 22.320066452026367,
    "Avg True Meds": 19.90132713317871,
    "Precision": 0.6855590343475342,
    "Recall": 0.7696449756622314,
    "NHJ_new": 0.2800185437265195,
    "NHJ_dropped": 0.26185615909726995,
    "CVR": 0.0
  },
  "data_diagnostics": {
    "split_mode_requested": "hidr_vita",
    "require_cohort_split": false,
    "split_source": "hidr_vita_sequential",
    "split_seed_used": "n/a",
    "split_patient_counts": {
      "train": 4233,
      "val": 1059,
      "test": 1058
    },
    "split_example_counts": {
      "train": 6256,
      "val": 1220,
      "test": 1206
    },
    "ddi_density": 0.05261303581914269,
    "ddi_upper_pairs": 448,
    "ddi_total_pairs": 8515,
    "loaded_artifacts": {
      "records": "data/processed/records_final.pkl",
      "cohort": "data/processed/cohort_mimic3.pkl",
      "ddi": "data/processed/ddi_A_final.pkl",
      "ehr": "data/processed/ehr_adj_final.pkl",
      "embeddings": "data/embeddings/code_embeddings.pt",
      "notes": "data/processed/note_embeddings_mimic3.pkl",
      "labs": "data/processed/lab_vectors_200labs.pkl"
    }
  },
  "param_counts": {
    "visit_encoder": {
      "total": 5108993,
      "trainable": 2507009
    },
    "fusion": {
      "total": 423808,
      "trainable": 423808
    },
    "drug_gnn": {
      "total": 1974080,
      "trainable": 1974080
    },
    "predictor": {
      "total": 559560,
      "trainable": 559560
    },
    "model_total": {
      "total": 8329609,
      "trainable": 5727625
    }
  },
  "threshold_sweep": {
    "0.4": {
      "Jaccard": 0.561494,
      "Avg Meds": 23.95854,
      "Avg True Meds": 19.901327,
      "DDI Rate": 0.081921
    },
    "0.45": {
      "Jaccard": 0.563406,
      "Avg Meds": 23.094528,
      "Avg True Meds": 19.901327,
      "DDI Rate": 0.08135
    },
    "0.5": {
      "Jaccard": 0.564702,
      "Avg Meds": 22.320066,
      "Avg True Meds": 19.901327,
      "DDI Rate": 0.081001
    },
    "0.55": {
      "Jaccard": 0.564713,
      "Avg Meds": 21.583748,
      "Avg True Meds": 19.901327,
      "DDI Rate": 0.081079
    },
    "0.6": {
      "Jaccard": 0.563811,
      "Avg Meds": 20.848259,
      "Avg True Meds": 19.901327,
      "DDI Rate": 0.081387
    },
    "0.65": {
      "Jaccard": 0.561417,
      "Avg Meds": 20.045605,
      "Avg True Meds": 19.901327,
      "DDI Rate": 0.081641
    },
    "0.7": {
      "Jaccard": 0.557541,
      "Avg Meds": 19.202322,
      "Avg True Meds": 19.901327,
      "DDI Rate": 0.081138
    },
    "0.75": {
      "Jaccard": 0.551878,
      "Avg Meds": 18.332504,
      "Avg True Meds": 19.901327,
      "DDI Rate": 0.080807
    }
  },
  "calibrated_threshold": 0.65,
  "calibrated_metrics": {
    "Jaccard": 0.561417,
    "Avg Meds": 20.045605,
    "Avg True Meds": 19.901327,
    "DDI Rate": 0.081641
  },
  "config": {
    "hidden_dim": 256,
    "use_notes": true,
    "use_labs": true,
    "use_copy": true,
    "fusion_strategy": "film",
    "lab_dim": 400,
    "pos_weight_cap": 5.0,
    "use_cosine_lr": false,
    "contrastive_weight": 0.0,
    "margin_loss_weight": 0.0,
    "alignment_loss_weight": 0.1,
    "alignment_start_epoch": 1,
    "alignment_ramp_epochs": 0
  }
}