{
  "seed": 456,
  "ablation": "full",
  "mimic_version": 3,
  "mimic4_full": false,
  "cohort_tag": "mimic3",
  "best_val_jaccard": 0.5409829616546631,
  "test_metrics": {
    "Jaccard": 0.5377238392829895,
    "F1": 0.691689133644104,
    "PRAUC": 0.7805672362901065,
    "DDI Rate": 0.07791442274200895,
    "Avg Meds": 21.672470092773438,
    "Avg True Meds": 19.90132713317871,
    "Precision": 0.6729503273963928,
    "Recall": 0.7379316687583923,
    "NHJ_new": 0.27922239742780985,
    "NHJ_dropped": 0.37078293844273214,
    "CVR": 0.0
  },
  "data_diagnostics": {
    "split_mode_requested": "hidr_vita",
    "require_cohort_split": false,
    "split_source": "hidr_vita_sequential",
    "split_seed_used": "n/a",
    "split_patient_counts": {
      "train": 4233,
      "val": 1059,
      "test": 1058
    },
    "split_example_counts": {
      "train": 6256,
      "val": 1220,
      "test": 1206
    },
    "ddi_density": 0.05261303581914269,
    "ddi_upper_pairs": 448,
    "ddi_total_pairs": 8515,
    "loaded_artifacts": {
      "records": "data/processed/records_final.pkl",
      "cohort": "data/processed/cohort_mimic3.pkl",
      "ddi": "data/processed/ddi_A_final.pkl",
      "ehr": "data/processed/ehr_adj_final.pkl",
      "embeddings": "data/embeddings/code_embeddings.pt",
      "labs": "data/processed/lab_vectors_200labs.pkl"
    }
  },
  "param_counts": {
    "visit_encoder": {
      "total": 4649474,
      "trainable": 2047490
    },
    "fusion": {
      "total": 423808,
      "trainable": 423808
    },
    "drug_gnn": {
      "total": 1151776,
      "trainable": 1151776
    },
    "predictor": {
      "total": 304454,
      "trainable": 304453
    },
    "model_total": {
      "total": 6792680,
      "trainable": 4190695
    }
  },
  "threshold_sweep": {
    "0.4": {
      "Jaccard": 0.535089,
      "Avg Meds": 23.273632,
      "Avg True Meds": 19.901327,
      "DDI Rate": 0.077686
    },
    "0.45": {
      "Jaccard": 0.537007,
      "Avg Meds": 22.41791,
      "Avg True Meds": 19.901327,
      "DDI Rate": 0.077518
    },
    "0.5": {
      "Jaccard": 0.537724,
      "Avg Meds": 21.67247,
      "Avg True Meds": 19.901327,
      "DDI Rate": 0.077914
    },
    "0.55": {
      "Jaccard": 0.53715,
      "Avg Meds": 20.91791,
      "Avg True Meds": 19.901327,
      "DDI Rate": 0.077944
    },
    "0.6": {
      "Jaccard": 0.537354,
      "Avg Meds": 20.170813,
      "Avg True Meds": 19.901327,
      "DDI Rate": 0.078184
    },
    "0.65": {
      "Jaccard": 0.536102,
      "Avg Meds": 19.444445,
      "Avg True Meds": 19.901327,
      "DDI Rate": 0.078206
    },
    "0.7": {
      "Jaccard": 0.532874,
      "Avg Meds": 18.624378,
      "Avg True Meds": 19.901327,
      "DDI Rate": 0.078619
    },
    "0.75": {
      "Jaccard": 0.528805,
      "Avg Meds": 17.779436,
      "Avg True Meds": 19.901327,
      "DDI Rate": 0.078956
    }
  },
  "calibrated_threshold": 0.6,
  "calibrated_metrics": {
    "Jaccard": 0.537354,
    "Avg Meds": 20.170813,
    "Avg True Meds": 19.901327,
    "DDI Rate": 0.078184
  },
  "config": {
    "hidden_dim": 256,
    "use_notes": false,
    "use_labs": true,
    "use_copy": false,
    "fusion_strategy": "film",
    "lab_dim": 400,
    "pos_weight_cap": 5.0,
    "use_cosine_lr": false,
    "contrastive_weight": 0.0,
    "margin_loss_weight": 0.0,
    "alignment_loss_weight": 0.1,
    "alignment_start_epoch": 1,
    "alignment_ramp_epochs": 0
  }
}