{
  "seed": 42,
  "ablation": "full",
  "mimic_version": 3,
  "mimic4_full": false,
  "cohort_tag": "mimic3",
  "best_val_jaccard": 0.545705258846283,
  "test_metrics": {
    "Jaccard": 0.5434017181396484,
    "F1": 0.6966279149055481,
    "PRAUC": 0.7850125533132994,
    "DDI Rate": 0.07987269714716931,
    "Avg Meds": 22.065505981445312,
    "Avg True Meds": 19.90132713317871,
    "Precision": 0.669773519039154,
    "Recall": 0.7521317601203918,
    "NHJ_new": 0.29859953491311325,
    "NHJ_dropped": 0.37360948794766474,
    "CVR": 0.0
  },
  "data_diagnostics": {
    "split_mode_requested": "hidr_vita",
    "require_cohort_split": false,
    "split_source": "hidr_vita_sequential",
    "split_seed_used": "n/a",
    "split_patient_counts": {
      "train": 4233,
      "val": 1059,
      "test": 1058
    },
    "split_example_counts": {
      "train": 6256,
      "val": 1220,
      "test": 1206
    },
    "ddi_density": 0.05261303581914269,
    "ddi_upper_pairs": 448,
    "ddi_total_pairs": 8515,
    "loaded_artifacts": {
      "records": "data/processed/records_final.pkl",
      "cohort": "data/processed/cohort_mimic3.pkl",
      "ddi": "data/processed/ddi_A_final.pkl",
      "ehr": "data/processed/ehr_adj_final.pkl",
      "embeddings": "data/embeddings/code_embeddings.pt",
      "notes": "data/processed/note_embeddings_mimic3.pkl"
    }
  },
  "param_counts": {
    "visit_encoder": {
      "total": 4583681,
      "trainable": 1981697
    },
    "fusion": {
      "total": 400512,
      "trainable": 400512
    },
    "drug_gnn": {
      "total": 1974080,
      "trainable": 1974080
    },
    "predictor": {
      "total": 327942,
      "trainable": 327941
    },
    "model_total": {
      "total": 7549383,
      "trainable": 4947398
    }
  },
  "threshold_sweep": {
    "0.4": {
      "Jaccard": 0.536938,
      "Avg Meds": 23.985905,
      "Avg True Meds": 19.901327,
      "DDI Rate": 0.07944
    },
    "0.45": {
      "Jaccard": 0.541092,
      "Avg Meds": 22.997513,
      "Avg True Meds": 19.901327,
      "DDI Rate": 0.079883
    },
    "0.5": {
      "Jaccard": 0.543402,
      "Avg Meds": 22.065506,
      "Avg True Meds": 19.901327,
      "DDI Rate": 0.079873
    },
    "0.55": {
      "Jaccard": 0.541723,
      "Avg Meds": 21.21393,
      "Avg True Meds": 19.901327,
      "DDI Rate": 0.080319
    },
    "0.6": {
      "Jaccard": 0.542134,
      "Avg Meds": 20.315092,
      "Avg True Meds": 19.901327,
      "DDI Rate": 0.080347
    },
    "0.65": {
      "Jaccard": 0.540751,
      "Avg Meds": 19.50083,
      "Avg True Meds": 19.901327,
      "DDI Rate": 0.081058
    },
    "0.7": {
      "Jaccard": 0.538037,
      "Avg Meds": 18.64345,
      "Avg True Meds": 19.901327,
      "DDI Rate": 0.081083
    },
    "0.75": {
      "Jaccard": 0.533066,
      "Avg Meds": 17.689054,
      "Avg True Meds": 19.901327,
      "DDI Rate": 0.081455
    }
  },
  "calibrated_threshold": 0.65,
  "calibrated_metrics": {
    "Jaccard": 0.540751,
    "Avg Meds": 19.50083,
    "Avg True Meds": 19.901327,
    "DDI Rate": 0.081058
  },
  "config": {
    "hidden_dim": 256,
    "use_notes": true,
    "use_labs": false,
    "use_copy": false,
    "fusion_strategy": "film",
    "lab_dim": 0,
    "pos_weight_cap": 5.0,
    "use_cosine_lr": false,
    "contrastive_weight": 0.0,
    "margin_loss_weight": 0.0,
    "alignment_loss_weight": 0.1,
    "alignment_start_epoch": 1,
    "alignment_ramp_epochs": 0
  }
}