{
  "seed": 456,
  "ablation": "full",
  "mimic_version": 3,
  "mimic4_full": false,
  "cohort_tag": "mimic3",
  "best_val_jaccard": 0.49850574135780334,
  "test_metrics": {
    "Jaccard": 0.49463921785354614,
    "F1": 0.6502150297164917,
    "PRAUC": 0.6889863902703743,
    "DDI Rate": 0.07959041350641774,
    "Avg Meds": 25.313432693481445,
    "Avg True Meds": 19.90132713317871,
    "Precision": 0.5984672904014587,
    "Recall": 0.7426021099090576,
    "NHJ_new": 0.20503461125649905,
    "NHJ_dropped": 0.13508689717242592,
    "CVR": 0.0
  },
  "data_diagnostics": {
    "split_mode_requested": "hidr_vita",
    "require_cohort_split": false,
    "split_source": "hidr_vita_sequential",
    "split_seed_used": "n/a",
    "split_patient_counts": {
      "train": 4233,
      "val": 1059,
      "test": 1058
    },
    "split_example_counts": {
      "train": 6256,
      "val": 1220,
      "test": 1206
    },
    "ddi_density": 0.05261303581914269,
    "ddi_upper_pairs": 448,
    "ddi_total_pairs": 8515,
    "loaded_artifacts": {
      "records": "data/processed/records_final.pkl",
      "cohort": "data/processed/cohort_mimic3.pkl",
      "ddi": "data/processed/ddi_A_final.pkl",
      "ehr": "data/processed/ehr_adj_final.pkl",
      "embeddings": "data/embeddings/code_embeddings.pt",
      "notes": "data/processed/note_embeddings_mimic3.pkl",
      "labs": "data/processed/lab_vectors_200labs.pkl"
    }
  },
  "param_counts": {
    "visit_encoder": {
      "total": 4583681,
      "trainable": 1981697
    },
    "fusion": {
      "total": 423808,
      "trainable": 423808
    },
    "drug_gnn": {
      "total": 1974080,
      "trainable": 1974080
    },
    "predictor": {
      "total": 559560,
      "trainable": 559560
    },
    "model_total": {
      "total": 7804297,
      "trainable": 5202313
    }
  },
  "threshold_sweep": {
    "0.4": {
      "Jaccard": 0.48008,
      "Avg Meds": 30.318407,
      "Avg True Meds": 19.901327,
      "DDI Rate": 0.080176
    },
    "0.45": {
      "Jaccard": 0.490993,
      "Avg Meds": 27.674129,
      "Avg True Meds": 19.901327,
      "DDI Rate": 0.079342
    },
    "0.5": {
      "Jaccard": 0.494639,
      "Avg Meds": 25.313433,
      "Avg True Meds": 19.901327,
      "DDI Rate": 0.07959
    },
    "0.55": {
      "Jaccard": 0.492731,
      "Avg Meds": 23.203152,
      "Avg True Meds": 19.901327,
      "DDI Rate": 0.079955
    },
    "0.6": {
      "Jaccard": 0.485967,
      "Avg Meds": 21.236319,
      "Avg True Meds": 19.901327,
      "DDI Rate": 0.080566
    },
    "0.65": {
      "Jaccard": 0.469909,
      "Avg Meds": 19.307629,
      "Avg True Meds": 19.901327,
      "DDI Rate": 0.081968
    },
    "0.7": {
      "Jaccard": 0.443884,
      "Avg Meds": 17.335821,
      "Avg True Meds": 19.901327,
      "DDI Rate": 0.082269
    },
    "0.75": {
      "Jaccard": 0.410605,
      "Avg Meds": 15.160862,
      "Avg True Meds": 19.901327,
      "DDI Rate": 0.083037
    }
  },
  "calibrated_threshold": 0.65,
  "calibrated_metrics": {
    "Jaccard": 0.469909,
    "Avg Meds": 19.307629,
    "Avg True Meds": 19.901327,
    "DDI Rate": 0.081968
  },
  "config": {
    "hidden_dim": 256,
    "use_notes": true,
    "use_labs": true,
    "use_copy": true,
    "fusion_strategy": "film",
    "lab_dim": 400,
    "pos_weight_cap": 5.0,
    "use_cosine_lr": false,
    "contrastive_weight": 0.0,
    "margin_loss_weight": 0.0,
    "alignment_loss_weight": 0.1,
    "alignment_start_epoch": 1,
    "alignment_ramp_epochs": 0
  }
}