{
  "seed": 456,
  "ablation": "full",
  "mimic_version": 3,
  "mimic4_full": false,
  "cohort_tag": "mimic3",
  "best_val_jaccard": 0.5398528575897217,
  "test_metrics": {
    "Jaccard": 0.541021466255188,
    "F1": 0.6945767402648926,
    "PRAUC": 0.7857770943548591,
    "DDI Rate": 0.07940305133129665,
    "Avg Meds": 22.671642303466797,
    "Avg True Meds": 19.90132713317871,
    "Precision": 0.6623795032501221,
    "Recall": 0.7590413093566895,
    "NHJ_new": 0.28945300688869074,
    "NHJ_dropped": 0.35067911053958695,
    "CVR": 0.0
  },
  "data_diagnostics": {
    "split_mode_requested": "hidr_vita",
    "require_cohort_split": false,
    "split_source": "hidr_vita_sequential",
    "split_seed_used": "n/a",
    "split_patient_counts": {
      "train": 4233,
      "val": 1059,
      "test": 1058
    },
    "split_example_counts": {
      "train": 6256,
      "val": 1220,
      "test": 1206
    },
    "ddi_density": 0.05261303581914269,
    "ddi_upper_pairs": 448,
    "ddi_total_pairs": 8515,
    "loaded_artifacts": {
      "records": "data/processed/records_final.pkl",
      "cohort": "data/processed/cohort_mimic3.pkl",
      "ddi": "data/processed/ddi_A_final.pkl",
      "ehr": "data/processed/ehr_adj_final.pkl",
      "embeddings": "data/embeddings/code_embeddings.pt",
      "notes": "data/processed/note_embeddings_mimic3_with_meds.pkl"
    }
  },
  "param_counts": {
    "visit_encoder": {
      "total": 4649474,
      "trainable": 2047490
    },
    "fusion": {
      "total": 400512,
      "trainable": 400512
    },
    "drug_gnn": {
      "total": 1151776,
      "trainable": 1151776
    },
    "predictor": {
      "total": 327942,
      "trainable": 327941
    },
    "model_total": {
      "total": 6792872,
      "trainable": 4190887
    }
  },
  "threshold_sweep": {
    "0.4": {
      "Jaccard": 0.53695,
      "Avg Meds": 24.497513,
      "Avg True Meds": 19.901327,
      "DDI Rate": 0.079203
    },
    "0.45": {
      "Jaccard": 0.539651,
      "Avg Meds": 23.531509,
      "Avg True Meds": 19.901327,
      "DDI Rate": 0.079329
    },
    "0.5": {
      "Jaccard": 0.541021,
      "Avg Meds": 22.671642,
      "Avg True Meds": 19.901327,
      "DDI Rate": 0.079403
    },
    "0.55": {
      "Jaccard": 0.542014,
      "Avg Meds": 21.807629,
      "Avg True Meds": 19.901327,
      "DDI Rate": 0.079743
    },
    "0.6": {
      "Jaccard": 0.542265,
      "Avg Meds": 20.966833,
      "Avg True Meds": 19.901327,
      "DDI Rate": 0.080042
    },
    "0.65": {
      "Jaccard": 0.540969,
      "Avg Meds": 20.139303,
      "Avg True Meds": 19.901327,
      "DDI Rate": 0.080561
    },
    "0.7": {
      "Jaccard": 0.538521,
      "Avg Meds": 19.304312,
      "Avg True Meds": 19.901327,
      "DDI Rate": 0.081395
    },
    "0.75": {
      "Jaccard": 0.535001,
      "Avg Meds": 18.379768,
      "Avg True Meds": 19.901327,
      "DDI Rate": 0.081823
    }
  },
  "calibrated_threshold": 0.65,
  "calibrated_metrics": {
    "Jaccard": 0.540969,
    "Avg Meds": 20.139303,
    "Avg True Meds": 19.901327,
    "DDI Rate": 0.080561
  },
  "config": {
    "hidden_dim": 256,
    "use_notes": true,
    "use_labs": false,
    "use_copy": false,
    "fusion_strategy": "film",
    "lab_dim": 0,
    "pos_weight_cap": 5.0,
    "use_cosine_lr": false,
    "contrastive_weight": 0.0,
    "margin_loss_weight": 0.0,
    "alignment_loss_weight": 0.1,
    "alignment_start_epoch": 1,
    "alignment_ramp_epochs": 0
  }
}