{
  "seed": 42,
  "ablation": "full",
  "mimic_version": 3,
  "mimic4_full": false,
  "cohort_tag": "mimic3",
  "best_val_jaccard": 0.5442649722099304,
  "test_metrics": {
    "Jaccard": 0.539339005947113,
    "F1": 0.6932184100151062,
    "PRAUC": 0.7840703760445747,
    "DDI Rate": 0.08051982080433547,
    "Avg Meds": 22.128524780273438,
    "Avg True Meds": 19.90132713317871,
    "Precision": 0.6691031455993652,
    "Recall": 0.7465852499008179,
    "NHJ_new": 0.27913461860857514,
    "NHJ_dropped": 0.3612233933649565,
    "CVR": 0.0
  },
  "data_diagnostics": {
    "split_mode_requested": "hidr_vita",
    "require_cohort_split": false,
    "split_source": "hidr_vita_sequential",
    "split_seed_used": "n/a",
    "split_patient_counts": {
      "train": 4233,
      "val": 1059,
      "test": 1058
    },
    "split_example_counts": {
      "train": 6256,
      "val": 1220,
      "test": 1206
    },
    "ddi_density": 0.05261303581914269,
    "ddi_upper_pairs": 448,
    "ddi_total_pairs": 8515,
    "loaded_artifacts": {
      "records": "data/processed/records_final.pkl",
      "cohort": "data/processed/cohort_mimic3.pkl",
      "ddi": "data/processed/ddi_A_final.pkl",
      "ehr": "data/processed/ehr_adj_final.pkl",
      "embeddings": "data/embeddings/code_embeddings.pt",
      "labs": "data/processed/lab_vectors_200labs.pkl"
    }
  },
  "param_counts": {
    "visit_encoder": {
      "total": 4649474,
      "trainable": 2047490
    },
    "fusion": {
      "total": 423808,
      "trainable": 423808
    },
    "drug_gnn": {
      "total": 1151776,
      "trainable": 1151776
    },
    "predictor": {
      "total": 304454,
      "trainable": 304453
    },
    "model_total": {
      "total": 7055336,
      "trainable": 4453351
    }
  },
  "threshold_sweep": {
    "0.4": {
      "Jaccard": 0.536286,
      "Avg Meds": 23.781094,
      "Avg True Meds": 19.901327,
      "DDI Rate": 0.079877
    },
    "0.45": {
      "Jaccard": 0.538111,
      "Avg Meds": 22.945274,
      "Avg True Meds": 19.901327,
      "DDI Rate": 0.080016
    },
    "0.5": {
      "Jaccard": 0.539339,
      "Avg Meds": 22.128525,
      "Avg True Meds": 19.901327,
      "DDI Rate": 0.08052
    },
    "0.55": {
      "Jaccard": 0.539945,
      "Avg Meds": 21.349916,
      "Avg True Meds": 19.901327,
      "DDI Rate": 0.080831
    },
    "0.6": {
      "Jaccard": 0.539729,
      "Avg Meds": 20.581261,
      "Avg True Meds": 19.901327,
      "DDI Rate": 0.081184
    },
    "0.65": {
      "Jaccard": 0.539578,
      "Avg Meds": 19.864014,
      "Avg True Meds": 19.901327,
      "DDI Rate": 0.081598
    },
    "0.7": {
      "Jaccard": 0.536931,
      "Avg Meds": 19.077114,
      "Avg True Meds": 19.901327,
      "DDI Rate": 0.081558
    },
    "0.75": {
      "Jaccard": 0.534313,
      "Avg Meds": 18.262852,
      "Avg True Meds": 19.901327,
      "DDI Rate": 0.082074
    }
  },
  "calibrated_threshold": 0.65,
  "calibrated_metrics": {
    "Jaccard": 0.539578,
    "Avg Meds": 19.864014,
    "Avg True Meds": 19.901327,
    "DDI Rate": 0.081598
  },
  "config": {
    "hidden_dim": 256,
    "use_notes": false,
    "use_labs": true,
    "use_copy": false,
    "fusion_strategy": "film",
    "lab_dim": 400,
    "pos_weight_cap": 5.0,
    "use_cosine_lr": false,
    "contrastive_weight": 0.0,
    "margin_loss_weight": 0.0,
    "alignment_loss_weight": 0.1,
    "alignment_start_epoch": 1,
    "alignment_ramp_epochs": 0
  }
}