{
  "seed": 789,
  "ablation": "full",
  "mimic_version": 3,
  "mimic4_full": false,
  "cohort_tag": "mimic3",
  "best_val_jaccard": 0.5583614706993103,
  "test_metrics": {
    "Jaccard": 0.5598203539848328,
    "F1": 0.7100706696510315,
    "PRAUC": 0.7936523837451543,
    "DDI Rate": 0.07844947567142994,
    "Avg Meds": 21.876712799072266,
    "Avg True Meds": 19.807077407836914,
    "Precision": 0.6821856498718262,
    "Recall": 0.764856219291687,
    "NHJ_new": 0.30184656594480785,
    "NHJ_dropped": 0.3454467271055494,
    "CVR": 0.0
  },
  "data_diagnostics": {
    "split_mode_requested": "hidr_vita",
    "require_cohort_split": false,
    "split_source": "hidr_vita_sequential",
    "split_seed_used": "n/a",
    "split_patient_counts": {
      "train": 4233,
      "val": 1059,
      "test": 1058
    },
    "split_example_counts": {
      "train": 3707,
      "val": 859,
      "test": 876
    },
    "ddi_density": 0.05261303581914269,
    "ddi_upper_pairs": 448,
    "ddi_total_pairs": 8515,
    "loaded_artifacts": {
      "records": "data/processed/records_final.pkl",
      "cohort": "data/processed/cohort_mimic3.pkl",
      "ddi": "data/processed/ddi_A_final.pkl",
      "ehr": "data/processed/ehr_adj_final.pkl",
      "embeddings": "data/embeddings/code_embeddings.pt",
      "notes": "data/processed/note_embeddings_mimic3.pkl",
      "labs": "data/processed/lab_vectors_200labs.pkl"
    }
  },
  "param_counts": {
    "visit_encoder": {
      "total": 5108993,
      "trainable": 2507009
    },
    "fusion": {
      "total": 423808,
      "trainable": 423808
    },
    "drug_gnn": {
      "total": 395008,
      "trainable": 395008
    },
    "predictor": {
      "total": 1613513,
      "trainable": 1423943
    },
    "model_total": {
      "total": 7804490,
      "trainable": 5012936
    }
  },
  "threshold_sweep": {
    "0.4": {
      "Jaccard": 0.557389,
      "Avg Meds": 22.900684,
      "Avg True Meds": 19.807077,
      "DDI Rate": 0.077766
    },
    "0.45": {
      "Jaccard": 0.559194,
      "Avg Meds": 22.390411,
      "Avg True Meds": 19.807077,
      "DDI Rate": 0.078126
    },
    "0.5": {
      "Jaccard": 0.55982,
      "Avg Meds": 21.876713,
      "Avg True Meds": 19.807077,
      "DDI Rate": 0.078449
    },
    "0.55": {
      "Jaccard": 0.55935,
      "Avg Meds": 21.405251,
      "Avg True Meds": 19.807077,
      "DDI Rate": 0.0787
    },
    "0.6": {
      "Jaccard": 0.558844,
      "Avg Meds": 20.953196,
      "Avg True Meds": 19.807077,
      "DDI Rate": 0.078686
    },
    "0.65": {
      "Jaccard": 0.559162,
      "Avg Meds": 20.47032,
      "Avg True Meds": 19.807077,
      "DDI Rate": 0.078859
    },
    "0.7": {
      "Jaccard": 0.558149,
      "Avg Meds": 19.962328,
      "Avg True Meds": 19.807077,
      "DDI Rate": 0.078763
    },
    "0.75": {
      "Jaccard": 0.557081,
      "Avg Meds": 19.43379,
      "Avg True Meds": 19.807077,
      "DDI Rate": 0.078788
    }
  },
  "calibrated_threshold": 0.7,
  "calibrated_metrics": {
    "Jaccard": 0.558149,
    "Avg Meds": 19.962328,
    "Avg True Meds": 19.807077,
    "DDI Rate": 0.078763
  },
  "config": {
    "hidden_dim": 256,
    "use_notes": true,
    "use_labs": true,
    "use_copy": true,
    "fusion_strategy": "film",
    "lab_dim": 400,
    "pos_weight_cap": 5.0,
    "use_cosine_lr": false,
    "contrastive_weight": 0.0,
    "margin_loss_weight": 0.0,
    "alignment_loss_weight": 0.1,
    "alignment_start_epoch": 1,
    "alignment_ramp_epochs": 0
  }
}