{
  "seed": 123,
  "ablation": "full",
  "mimic_version": 3,
  "mimic4_full": false,
  "cohort_tag": "mimic3",
  "best_val_jaccard": 0.5426560640335083,
  "test_metrics": {
    "Jaccard": 0.5397614240646362,
    "F1": 0.6936051249504089,
    "PRAUC": 0.7858248360728578,
    "DDI Rate": 0.08096910297157661,
    "Avg Meds": 23.063846588134766,
    "Avg True Meds": 19.90132713317871,
    "Precision": 0.657401442527771,
    "Recall": 0.761184573173523,
    "NHJ_new": 0.29003912367318807,
    "NHJ_dropped": 0.3586658145252027,
    "CVR": 0.0
  },
  "data_diagnostics": {
    "split_mode_requested": "hidr_vita",
    "require_cohort_split": false,
    "split_source": "hidr_vita_sequential",
    "split_seed_used": "n/a",
    "split_patient_counts": {
      "train": 4233,
      "val": 1059,
      "test": 1058
    },
    "split_example_counts": {
      "train": 6256,
      "val": 1220,
      "test": 1206
    },
    "ddi_density": 0.05261303581914269,
    "ddi_upper_pairs": 448,
    "ddi_total_pairs": 8515,
    "loaded_artifacts": {
      "records": "data/processed/records_final.pkl",
      "cohort": "data/processed/cohort_mimic3.pkl",
      "ddi": "data/processed/ddi_A_final.pkl",
      "ehr": "data/processed/ehr_adj_final.pkl",
      "embeddings": "data/embeddings/code_embeddings.pt",
      "labs": "data/processed/lab_vectors_200labs.pkl"
    }
  },
  "param_counts": {
    "visit_encoder": {
      "total": 4649474,
      "trainable": 2047490
    },
    "fusion": {
      "total": 423808,
      "trainable": 423808
    },
    "drug_gnn": {
      "total": 1151776,
      "trainable": 1151776
    },
    "predictor": {
      "total": 379431,
      "trainable": 379430
    },
    "model_total": {
      "total": 6867657,
      "trainable": 4265672
    }
  },
  "threshold_sweep": {
    "0.4": {
      "Jaccard": 0.536395,
      "Avg Meds": 24.927031,
      "Avg True Meds": 19.901327,
      "DDI Rate": 0.080605
    },
    "0.45": {
      "Jaccard": 0.538586,
      "Avg Meds": 23.966003,
      "Avg True Meds": 19.901327,
      "DDI Rate": 0.080885
    },
    "0.5": {
      "Jaccard": 0.539761,
      "Avg Meds": 23.063847,
      "Avg True Meds": 19.901327,
      "DDI Rate": 0.080969
    },
    "0.55": {
      "Jaccard": 0.540526,
      "Avg Meds": 22.199005,
      "Avg True Meds": 19.901327,
      "DDI Rate": 0.081136
    },
    "0.6": {
      "Jaccard": 0.539585,
      "Avg Meds": 21.350746,
      "Avg True Meds": 19.901327,
      "DDI Rate": 0.081229
    },
    "0.65": {
      "Jaccard": 0.539992,
      "Avg Meds": 20.455223,
      "Avg True Meds": 19.901327,
      "DDI Rate": 0.08185
    },
    "0.7": {
      "Jaccard": 0.536899,
      "Avg Meds": 19.599503,
      "Avg True Meds": 19.901327,
      "DDI Rate": 0.082084
    },
    "0.75": {
      "Jaccard": 0.534517,
      "Avg Meds": 18.700663,
      "Avg True Meds": 19.901327,
      "DDI Rate": 0.081591
    }
  },
  "calibrated_threshold": 0.7,
  "calibrated_metrics": {
    "Jaccard": 0.536899,
    "Avg Meds": 19.599503,
    "Avg True Meds": 19.901327,
    "DDI Rate": 0.082084
  },
  "config": {
    "hidden_dim": 256,
    "use_notes": false,
    "use_labs": true,
    "use_copy": false,
    "fusion_strategy": "film",
    "lab_dim": 400,
    "pos_weight_cap": 5.0,
    "use_cosine_lr": false,
    "contrastive_weight": 0.0,
    "margin_loss_weight": 0.0,
    "alignment_loss_weight": 0.1,
    "alignment_start_epoch": 1,
    "alignment_ramp_epochs": 0
  }
}