{
  "seed": 123,
  "ablation": "full",
  "mimic_version": 3,
  "mimic4_full": false,
  "cohort_tag": "mimic3",
  "best_val_jaccard": 0.5454795360565186,
  "test_metrics": {
    "Jaccard": 0.5416993498802185,
    "F1": 0.6951339244842529,
    "PRAUC": 0.7873767243814979,
    "DDI Rate": 0.07807374060080485,
    "Avg Meds": 23.592039108276367,
    "Avg True Meds": 19.90132713317871,
    "Precision": 0.6491731405258179,
    "Recall": 0.7761379480361938,
    "NHJ_new": 0.2942025230119103,
    "NHJ_dropped": 0.3422759677234449,
    "CVR": 0.0
  },
  "data_diagnostics": {
    "split_mode_requested": "hidr_vita",
    "require_cohort_split": false,
    "split_source": "hidr_vita_sequential",
    "split_seed_used": "n/a",
    "split_patient_counts": {
      "train": 4233,
      "val": 1059,
      "test": 1058
    },
    "split_example_counts": {
      "train": 6256,
      "val": 1220,
      "test": 1206
    },
    "ddi_density": 0.05261303581914269,
    "ddi_upper_pairs": 448,
    "ddi_total_pairs": 8515,
    "loaded_artifacts": {
      "records": "data/processed/records_final.pkl",
      "cohort": "data/processed/cohort_mimic3.pkl",
      "ddi": "data/processed/ddi_A_final.pkl",
      "ehr": "data/processed/ehr_adj_final.pkl",
      "embeddings": "data/embeddings/code_embeddings.pt",
      "notes": "data/processed/note_embeddings_mimic3.pkl"
    }
  },
  "param_counts": {
    "visit_encoder": {
      "total": 4649474,
      "trainable": 2047490
    },
    "fusion": {
      "total": 400512,
      "trainable": 400512
    },
    "drug_gnn": {
      "total": 1151776,
      "trainable": 1151776
    },
    "predictor": {
      "total": 327942,
      "trainable": 327941
    },
    "model_total": {
      "total": 6792872,
      "trainable": 4190887
    }
  },
  "threshold_sweep": {
    "0.4": {
      "Jaccard": 0.535354,
      "Avg Meds": 25.380596,
      "Avg True Meds": 19.901327,
      "DDI Rate": 0.077127
    },
    "0.45": {
      "Jaccard": 0.540121,
      "Avg Meds": 24.490879,
      "Avg True Meds": 19.901327,
      "DDI Rate": 0.077623
    },
    "0.5": {
      "Jaccard": 0.541699,
      "Avg Meds": 23.592039,
      "Avg True Meds": 19.901327,
      "DDI Rate": 0.078074
    },
    "0.55": {
      "Jaccard": 0.544751,
      "Avg Meds": 22.697346,
      "Avg True Meds": 19.901327,
      "DDI Rate": 0.078351
    },
    "0.6": {
      "Jaccard": 0.546392,
      "Avg Meds": 21.879768,
      "Avg True Meds": 19.901327,
      "DDI Rate": 0.078925
    },
    "0.65": {
      "Jaccard": 0.54537,
      "Avg Meds": 21.01078,
      "Avg True Meds": 19.901327,
      "DDI Rate": 0.078911
    },
    "0.7": {
      "Jaccard": 0.543522,
      "Avg Meds": 20.065506,
      "Avg True Meds": 19.901327,
      "DDI Rate": 0.079368
    },
    "0.75": {
      "Jaccard": 0.54119,
      "Avg Meds": 19.169983,
      "Avg True Meds": 19.901327,
      "DDI Rate": 0.079691
    }
  },
  "calibrated_threshold": 0.7,
  "calibrated_metrics": {
    "Jaccard": 0.543522,
    "Avg Meds": 20.065506,
    "Avg True Meds": 19.901327,
    "DDI Rate": 0.079368
  },
  "config": {
    "hidden_dim": 256,
    "use_notes": true,
    "use_labs": false,
    "use_copy": false,
    "fusion_strategy": "film",
    "lab_dim": 0,
    "pos_weight_cap": 5.0,
    "use_cosine_lr": false,
    "contrastive_weight": 0.0,
    "margin_loss_weight": 0.0,
    "alignment_loss_weight": 0.1,
    "alignment_start_epoch": 1,
    "alignment_ramp_epochs": 0
  }
}