{
  "seed": 1024,
  "ablation": "full",
  "mimic_version": 3,
  "mimic4_full": false,
  "cohort_tag": "mimic3",
  "best_val_jaccard": 0.5183418393135071,
  "test_metrics": {
    "Jaccard": 0.517246425151825,
    "F1": 0.6739687323570251,
    "PRAUC": 0.7607160895317495,
    "DDI Rate": 0.08608749188811421,
    "Avg Meds": 22.140132904052734,
    "Avg True Meds": 19.90132713317871,
    "Precision": 0.6540430784225464,
    "Recall": 0.7402169108390808,
    "NHJ_new": 0.2177402243802422,
    "NHJ_dropped": 0.23622579558899529,
    "CVR": 0.0
  },
  "data_diagnostics": {
    "split_mode_requested": "hidr_vita",
    "require_cohort_split": false,
    "split_source": "hidr_vita_sequential",
    "split_seed_used": "n/a",
    "split_patient_counts": {
      "train": 4233,
      "val": 1059,
      "test": 1058
    },
    "split_example_counts": {
      "train": 6256,
      "val": 1220,
      "test": 1206
    },
    "ddi_density": 0.05261303581914269,
    "ddi_upper_pairs": 448,
    "ddi_total_pairs": 8515,
    "loaded_artifacts": {
      "records": "data/processed/records_final.pkl",
      "cohort": "data/processed/cohort_mimic3.pkl",
      "ddi": "data/processed/ddi_A_final.pkl",
      "ehr": "data/processed/ehr_adj_final.pkl",
      "embeddings": "data/embeddings/code_embeddings.pt"
    }
  },
  "param_counts": {
    "visit_encoder": {
      "total": 5108993,
      "trainable": 2507009
    },
    "drug_gnn": {
      "total": 395008,
      "trainable": 395008
    },
    "predictor": {
      "total": 1316359,
      "trainable": 1316357
    },
    "model_total": {
      "total": 7083528,
      "trainable": 4481542
    }
  },
  "threshold_sweep": {
    "0.4": {
      "Jaccard": 0.516701,
      "Avg Meds": 23.024876,
      "Avg True Meds": 19.901327,
      "DDI Rate": 0.083947
    },
    "0.45": {
      "Jaccard": 0.517059,
      "Avg Meds": 22.574627,
      "Avg True Meds": 19.901327,
      "DDI Rate": 0.085319
    },
    "0.5": {
      "Jaccard": 0.517246,
      "Avg Meds": 22.140133,
      "Avg True Meds": 19.901327,
      "DDI Rate": 0.086087
    },
    "0.55": {
      "Jaccard": 0.516971,
      "Avg Meds": 21.689054,
      "Avg True Meds": 19.901327,
      "DDI Rate": 0.087159
    },
    "0.6": {
      "Jaccard": 0.516589,
      "Avg Meds": 21.248756,
      "Avg True Meds": 19.901327,
      "DDI Rate": 0.087881
    },
    "0.65": {
      "Jaccard": 0.516774,
      "Avg Meds": 20.783583,
      "Avg True Meds": 19.901327,
      "DDI Rate": 0.088929
    },
    "0.7": {
      "Jaccard": 0.515393,
      "Avg Meds": 20.312603,
      "Avg True Meds": 19.901327,
      "DDI Rate": 0.089778
    },
    "0.75": {
      "Jaccard": 0.514152,
      "Avg Meds": 19.78607,
      "Avg True Meds": 19.901327,
      "DDI Rate": 0.091017
    }
  },
  "calibrated_threshold": 0.75,
  "calibrated_metrics": {
    "Jaccard": 0.514152,
    "Avg Meds": 19.78607,
    "Avg True Meds": 19.901327,
    "DDI Rate": 0.091017
  },
  "config": {
    "hidden_dim": 256,
    "use_notes": false,
    "use_labs": false,
    "use_copy": false,
    "fusion_strategy": "film",
    "lab_dim": 0,
    "pos_weight_cap": 5.0,
    "use_cosine_lr": false,
    "contrastive_weight": 0.0,
    "margin_loss_weight": 0.0,
    "alignment_loss_weight": 0.1,
    "alignment_start_epoch": 1,
    "alignment_ramp_epochs": 0
  }
}