{
  "seed": 456,
  "ablation": "full",
  "mimic_version": 3,
  "mimic4_full": false,
  "cohort_tag": "mimic3",
  "best_val_jaccard": 0.5421592593193054,
  "test_metrics": {
    "Jaccard": 0.539060652256012,
    "F1": 0.6927471160888672,
    "PRAUC": 0.780021185029215,
    "DDI Rate": 0.0794954458668503,
    "Avg Meds": 22.399667739868164,
    "Avg True Meds": 19.90132713317871,
    "Precision": 0.6645315885543823,
    "Recall": 0.7513037919998169,
    "NHJ_new": 0.2823970655077382,
    "NHJ_dropped": 0.35362785740902547,
    "CVR": 0.0
  },
  "data_diagnostics": {
    "split_mode_requested": "hidr_vita",
    "require_cohort_split": false,
    "split_source": "hidr_vita_sequential",
    "split_seed_used": "n/a",
    "split_patient_counts": {
      "train": 4233,
      "val": 1059,
      "test": 1058
    },
    "split_example_counts": {
      "train": 6256,
      "val": 1220,
      "test": 1206
    },
    "ddi_density": 0.05261303581914269,
    "ddi_upper_pairs": 448,
    "ddi_total_pairs": 8515,
    "loaded_artifacts": {
      "records": "data/processed/records_final.pkl",
      "cohort": "data/processed/cohort_mimic3.pkl",
      "ddi": "data/processed/ddi_A_final.pkl",
      "ehr": "data/processed/ehr_adj_final.pkl",
      "embeddings": "data/embeddings/code_embeddings.pt",
      "labs": "data/processed/lab_vectors_200labs.pkl"
    }
  },
  "param_counts": {
    "visit_encoder": {
      "total": 4649474,
      "trainable": 2047490
    },
    "fusion": {
      "total": 423808,
      "trainable": 423808
    },
    "drug_gnn": {
      "total": 1151776,
      "trainable": 1151776
    },
    "predictor": {
      "total": 304454,
      "trainable": 304453
    },
    "model_total": {
      "total": 6792680,
      "trainable": 4190695
    }
  },
  "threshold_sweep": {
    "0.4": {
      "Jaccard": 0.53503,
      "Avg Meds": 23.985905,
      "Avg True Meds": 19.901327,
      "DDI Rate": 0.079285
    },
    "0.45": {
      "Jaccard": 0.537237,
      "Avg Meds": 23.123549,
      "Avg True Meds": 19.901327,
      "DDI Rate": 0.079201
    },
    "0.5": {
      "Jaccard": 0.539061,
      "Avg Meds": 22.399668,
      "Avg True Meds": 19.901327,
      "DDI Rate": 0.079495
    },
    "0.55": {
      "Jaccard": 0.540109,
      "Avg Meds": 21.625208,
      "Avg True Meds": 19.901327,
      "DDI Rate": 0.079727
    },
    "0.6": {
      "Jaccard": 0.539704,
      "Avg Meds": 20.923716,
      "Avg True Meds": 19.901327,
      "DDI Rate": 0.080476
    },
    "0.65": {
      "Jaccard": 0.537506,
      "Avg Meds": 20.187397,
      "Avg True Meds": 19.901327,
      "DDI Rate": 0.080644
    },
    "0.7": {
      "Jaccard": 0.536319,
      "Avg Meds": 19.410448,
      "Avg True Meds": 19.901327,
      "DDI Rate": 0.081269
    },
    "0.75": {
      "Jaccard": 0.53386,
      "Avg Meds": 18.624378,
      "Avg True Meds": 19.901327,
      "DDI Rate": 0.081505
    }
  },
  "calibrated_threshold": 0.65,
  "calibrated_metrics": {
    "Jaccard": 0.537506,
    "Avg Meds": 20.187397,
    "Avg True Meds": 19.901327,
    "DDI Rate": 0.080644
  },
  "config": {
    "hidden_dim": 256,
    "use_notes": false,
    "use_labs": true,
    "use_copy": false,
    "fusion_strategy": "film",
    "lab_dim": 400,
    "pos_weight_cap": 5.0,
    "use_cosine_lr": false,
    "contrastive_weight": 0.0,
    "margin_loss_weight": 0.0,
    "alignment_loss_weight": 0.1,
    "alignment_start_epoch": 1,
    "alignment_ramp_epochs": 0
  }
}