{
  "seed": 123,
  "ablation": "full",
  "mimic_version": 3,
  "mimic4_full": false,
  "cohort_tag": "mimic3",
  "best_val_jaccard": 0.5590674877166748,
  "test_metrics": {
    "Jaccard": 0.5620579123497009,
    "F1": 0.711822509765625,
    "PRAUC": 0.791873651048687,
    "DDI Rate": 0.07904855451956347,
    "Avg Meds": 21.11187171936035,
    "Avg True Meds": 19.807077407836914,
    "Precision": 0.6955344676971436,
    "Recall": 0.7524635791778564,
    "NHJ_new": 0.29870751925877165,
    "NHJ_dropped": 0.3677138409444264,
    "CVR": 0.0
  },
  "data_diagnostics": {
    "split_mode_requested": "hidr_vita",
    "require_cohort_split": false,
    "split_source": "hidr_vita_sequential",
    "split_seed_used": "n/a",
    "split_patient_counts": {
      "train": 4233,
      "val": 1059,
      "test": 1058
    },
    "split_example_counts": {
      "train": 3707,
      "val": 859,
      "test": 876
    },
    "ddi_density": 0.05261303581914269,
    "ddi_upper_pairs": 448,
    "ddi_total_pairs": 8515,
    "loaded_artifacts": {
      "records": "data/processed/records_final.pkl",
      "cohort": "data/processed/cohort_mimic3.pkl",
      "ddi": "data/processed/ddi_A_final.pkl",
      "ehr": "data/processed/ehr_adj_final.pkl",
      "embeddings": "data/embeddings/code_embeddings.pt",
      "notes": "data/processed/note_embeddings_mimic3.pkl",
      "labs": "data/processed/lab_vectors_200labs.pkl"
    }
  },
  "param_counts": {
    "visit_encoder": {
      "total": 5108993,
      "trainable": 2507009
    },
    "fusion": {
      "total": 423808,
      "trainable": 423808
    },
    "drug_gnn": {
      "total": 395008,
      "trainable": 395008
    },
    "predictor": {
      "total": 1613513,
      "trainable": 1423943
    },
    "model_total": {
      "total": 7804490,
      "trainable": 5012936
    }
  },
  "threshold_sweep": {
    "0.4": {
      "Jaccard": 0.559381,
      "Avg Meds": 22.076485,
      "Avg True Meds": 19.807077,
      "DDI Rate": 0.079041
    },
    "0.45": {
      "Jaccard": 0.561453,
      "Avg Meds": 21.568493,
      "Avg True Meds": 19.807077,
      "DDI Rate": 0.079288
    },
    "0.5": {
      "Jaccard": 0.562058,
      "Avg Meds": 21.111872,
      "Avg True Meds": 19.807077,
      "DDI Rate": 0.079049
    },
    "0.55": {
      "Jaccard": 0.561735,
      "Avg Meds": 20.671232,
      "Avg True Meds": 19.807077,
      "DDI Rate": 0.079223
    },
    "0.6": {
      "Jaccard": 0.560838,
      "Avg Meds": 20.22831,
      "Avg True Meds": 19.807077,
      "DDI Rate": 0.079461
    },
    "0.65": {
      "Jaccard": 0.561297,
      "Avg Meds": 19.756849,
      "Avg True Meds": 19.807077,
      "DDI Rate": 0.079479
    },
    "0.7": {
      "Jaccard": 0.559094,
      "Avg Meds": 19.262558,
      "Avg True Meds": 19.807077,
      "DDI Rate": 0.079426
    },
    "0.75": {
      "Jaccard": 0.555574,
      "Avg Meds": 18.739725,
      "Avg True Meds": 19.807077,
      "DDI Rate": 0.079166
    }
  },
  "calibrated_threshold": 0.65,
  "calibrated_metrics": {
    "Jaccard": 0.561297,
    "Avg Meds": 19.756849,
    "Avg True Meds": 19.807077,
    "DDI Rate": 0.079479
  },
  "config": {
    "hidden_dim": 256,
    "use_notes": true,
    "use_labs": true,
    "use_copy": true,
    "fusion_strategy": "film",
    "lab_dim": 400,
    "pos_weight_cap": 5.0,
    "use_cosine_lr": false,
    "contrastive_weight": 0.0,
    "margin_loss_weight": 0.0,
    "alignment_loss_weight": 0.1,
    "alignment_start_epoch": 1,
    "alignment_ramp_epochs": 0
  }
}