{
  "seed": 42,
  "ablation": "full",
  "mimic_version": 3,
  "mimic4_full": false,
  "cohort_tag": "mimic3",
  "best_val_jaccard": 0.564756453037262,
  "test_metrics": {
    "Jaccard": 0.5616292357444763,
    "F1": 0.7117663621902466,
    "PRAUC": 0.797837761552885,
    "DDI Rate": 0.08137763185394432,
    "Avg Meds": 21.44776153564453,
    "Avg True Meds": 19.90132713317871,
    "Precision": 0.6951205134391785,
    "Recall": 0.751446008682251,
    "NHJ_new": 0.2763572688165464,
    "NHJ_dropped": 0.30618811594812495,
    "CVR": 0.0
  },
  "data_diagnostics": {
    "split_mode_requested": "hidr_vita",
    "require_cohort_split": false,
    "split_source": "hidr_vita_sequential",
    "split_seed_used": "n/a",
    "split_patient_counts": {
      "train": 4233,
      "val": 1059,
      "test": 1058
    },
    "split_example_counts": {
      "train": 6256,
      "val": 1220,
      "test": 1206
    },
    "ddi_density": 0.05261303581914269,
    "ddi_upper_pairs": 448,
    "ddi_total_pairs": 8515,
    "loaded_artifacts": {
      "records": "data/processed/records_final.pkl",
      "cohort": "data/processed/cohort_mimic3.pkl",
      "ddi": "data/processed/ddi_A_final.pkl",
      "ehr": "data/processed/ehr_adj_final.pkl",
      "embeddings": "data/embeddings/code_embeddings.pt",
      "notes": "data/processed/note_embeddings_mimic3.pkl",
      "labs": "data/processed/lab_vectors_200labs.pkl"
    }
  },
  "param_counts": {
    "visit_encoder": {
      "total": 4583681,
      "trainable": 1981697
    },
    "fusion": {
      "total": 423808,
      "trainable": 423808
    },
    "drug_gnn": {
      "total": 1974080,
      "trainable": 1974080
    },
    "predictor": {
      "total": 559560,
      "trainable": 559560
    },
    "model_total": {
      "total": 7804297,
      "trainable": 5202313
    }
  },
  "threshold_sweep": {
    "0.4": {
      "Jaccard": 0.560606,
      "Avg Meds": 22.998343,
      "Avg True Meds": 19.901327,
      "DDI Rate": 0.081381
    },
    "0.45": {
      "Jaccard": 0.561212,
      "Avg Meds": 22.191542,
      "Avg True Meds": 19.901327,
      "DDI Rate": 0.081455
    },
    "0.5": {
      "Jaccard": 0.561629,
      "Avg Meds": 21.447762,
      "Avg True Meds": 19.901327,
      "DDI Rate": 0.081378
    },
    "0.55": {
      "Jaccard": 0.559913,
      "Avg Meds": 20.677446,
      "Avg True Meds": 19.901327,
      "DDI Rate": 0.081291
    },
    "0.6": {
      "Jaccard": 0.55888,
      "Avg Meds": 19.947762,
      "Avg True Meds": 19.901327,
      "DDI Rate": 0.080875
    },
    "0.65": {
      "Jaccard": 0.558092,
      "Avg Meds": 19.203152,
      "Avg True Meds": 19.901327,
      "DDI Rate": 0.080108
    },
    "0.7": {
      "Jaccard": 0.554621,
      "Avg Meds": 18.371475,
      "Avg True Meds": 19.901327,
      "DDI Rate": 0.079263
    },
    "0.75": {
      "Jaccard": 0.549195,
      "Avg Meds": 17.562189,
      "Avg True Meds": 19.901327,
      "DDI Rate": 0.078083
    }
  },
  "calibrated_threshold": 0.6,
  "calibrated_metrics": {
    "Jaccard": 0.55888,
    "Avg Meds": 19.947762,
    "Avg True Meds": 19.901327,
    "DDI Rate": 0.080875
  },
  "config": {
    "hidden_dim": 256,
    "use_notes": true,
    "use_labs": true,
    "use_copy": true,
    "fusion_strategy": "film",
    "lab_dim": 400,
    "pos_weight_cap": 5.0,
    "use_cosine_lr": false,
    "contrastive_weight": 0.0,
    "margin_loss_weight": 0.0,
    "alignment_loss_weight": 0.1,
    "alignment_start_epoch": 1,
    "alignment_ramp_epochs": 0
  }
}