{
  "seed": 42,
  "ablation": "full",
  "mimic_version": 3,
  "mimic4_full": false,
  "cohort_tag": "mimic3",
  "best_val_jaccard": 0.5504077076911926,
  "test_metrics": {
    "Jaccard": 0.5491270422935486,
    "F1": 0.7015771269798279,
    "PRAUC": 0.7887467129868875,
    "DDI Rate": 0.08211643242847914,
    "Avg Meds": 22.48756217956543,
    "Avg True Meds": 19.90132713317871,
    "Precision": 0.671930193901062,
    "Recall": 0.7573186159133911,
    "NHJ_new": 0.301677405834198,
    "NHJ_dropped": 0.39337065188508286,
    "CVR": 0.0
  },
  "data_diagnostics": {
    "split_mode_requested": "hidr_vita",
    "require_cohort_split": false,
    "split_source": "hidr_vita_sequential",
    "split_seed_used": "n/a",
    "split_patient_counts": {
      "train": 4233,
      "val": 1059,
      "test": 1058
    },
    "split_example_counts": {
      "train": 6256,
      "val": 1220,
      "test": 1206
    },
    "ddi_density": 0.05261303581914269,
    "ddi_upper_pairs": 448,
    "ddi_total_pairs": 8515,
    "loaded_artifacts": {
      "records": "data/processed/records_final.pkl",
      "cohort": "data/processed/cohort_mimic3.pkl",
      "ddi": "data/processed/ddi_A_final.pkl",
      "ehr": "data/processed/ehr_adj_final.pkl",
      "embeddings": "data/embeddings/code_embeddings.pt",
      "notes": "data/processed/note_embeddings_mimic3.pkl",
      "labs": "data/processed/lab_vectors_200labs.pkl"
    }
  },
  "param_counts": {
    "visit_encoder": {
      "total": 4583681,
      "trainable": 1981697
    },
    "fusion": {
      "total": 423808,
      "trainable": 423808
    },
    "drug_gnn": {
      "total": 2960480,
      "trainable": 2960480
    },
    "predictor": {
      "total": 369990,
      "trainable": 369990
    },
    "model_total": {
      "total": 8601127,
      "trainable": 5999143
    }
  },
  "threshold_sweep": {
    "0.4": {
      "Jaccard": 0.543598,
      "Avg Meds": 24.353233,
      "Avg True Meds": 19.901327,
      "DDI Rate": 0.081525
    },
    "0.45": {
      "Jaccard": 0.54783,
      "Avg Meds": 23.385572,
      "Avg True Meds": 19.901327,
      "DDI Rate": 0.081695
    },
    "0.5": {
      "Jaccard": 0.549127,
      "Avg Meds": 22.487562,
      "Avg True Meds": 19.901327,
      "DDI Rate": 0.082116
    },
    "0.55": {
      "Jaccard": 0.549764,
      "Avg Meds": 21.626036,
      "Avg True Meds": 19.901327,
      "DDI Rate": 0.082359
    },
    "0.6": {
      "Jaccard": 0.549726,
      "Avg Meds": 20.853233,
      "Avg True Meds": 19.901327,
      "DDI Rate": 0.082373
    },
    "0.65": {
      "Jaccard": 0.54727,
      "Avg Meds": 19.996683,
      "Avg True Meds": 19.901327,
      "DDI Rate": 0.08277
    },
    "0.7": {
      "Jaccard": 0.546302,
      "Avg Meds": 19.136816,
      "Avg True Meds": 19.901327,
      "DDI Rate": 0.083137
    },
    "0.75": {
      "Jaccard": 0.542394,
      "Avg Meds": 18.246269,
      "Avg True Meds": 19.901327,
      "DDI Rate": 0.083747
    }
  },
  "calibrated_threshold": 0.65,
  "calibrated_metrics": {
    "Jaccard": 0.54727,
    "Avg Meds": 19.996683,
    "Avg True Meds": 19.901327,
    "DDI Rate": 0.08277
  },
  "config": {
    "hidden_dim": 256,
    "use_notes": true,
    "use_labs": true,
    "use_copy": false,
    "fusion_strategy": "film",
    "lab_dim": 400,
    "pos_weight_cap": 5.0,
    "use_cosine_lr": false,
    "contrastive_weight": 0.0,
    "margin_loss_weight": 0.0,
    "alignment_loss_weight": 0.1,
    "alignment_start_epoch": 1,
    "alignment_ramp_epochs": 0
  }
}