{
  "seed": 456,
  "ablation": "full",
  "mimic_version": 3,
  "mimic4_full": false,
  "cohort_tag": "mimic3",
  "best_val_jaccard": 0.4919620752334595,
  "test_metrics": {
    "Jaccard": 0.491035133600235,
    "F1": 0.6501548886299133,
    "PRAUC": 0.7486977809015619,
    "DDI Rate": 0.07976223189621509,
    "Avg Meds": 23.80596923828125,
    "Avg True Meds": 19.90132713317871,
    "Precision": 0.6037346124649048,
    "Recall": 0.7347133755683899,
    "NHJ_new": 0.2799943214968631,
    "NHJ_dropped": 0.36522521470722397,
    "CVR": 0.0
  },
  "data_diagnostics": {
    "split_mode_requested": "hidr_vita",
    "require_cohort_split": false,
    "split_source": "hidr_vita_sequential",
    "split_seed_used": "n/a",
    "split_patient_counts": {
      "train": 4233,
      "val": 1059,
      "test": 1058
    },
    "split_example_counts": {
      "train": 6256,
      "val": 1220,
      "test": 1206
    },
    "ddi_density": 0.05261303581914269,
    "ddi_upper_pairs": 448,
    "ddi_total_pairs": 8515,
    "loaded_artifacts": {
      "records": "data/processed/records_final.pkl",
      "cohort": "data/processed/cohort_mimic3.pkl",
      "ddi": "data/processed/ddi_A_final.pkl",
      "ehr": "data/processed/ehr_adj_final.pkl",
      "embeddings": "data/embeddings/code_embeddings.pt",
      "notes": "data/processed/note_embeddings_mimic3.pkl"
    }
  },
  "param_counts": {
    "visit_encoder": {
      "total": 4583681,
      "trainable": 1981697
    },
    "fusion": {
      "total": 400512,
      "trainable": 400512
    },
    "drug_gnn": {
      "total": 1974080,
      "trainable": 1974080
    },
    "predictor": {
      "total": 627974,
      "trainable": 627972
    },
    "model_total": {
      "total": 7849415,
      "trainable": 5247429
    }
  },
  "threshold_sweep": {
    "0.4": {
      "Jaccard": 0.478782,
      "Avg Meds": 28.127695,
      "Avg True Meds": 19.901327,
      "DDI Rate": 0.081409
    },
    "0.45": {
      "Jaccard": 0.4861,
      "Avg Meds": 25.842455,
      "Avg True Meds": 19.901327,
      "DDI Rate": 0.080759
    },
    "0.5": {
      "Jaccard": 0.491035,
      "Avg Meds": 23.805969,
      "Avg True Meds": 19.901327,
      "DDI Rate": 0.079762
    },
    "0.55": {
      "Jaccard": 0.492303,
      "Avg Meds": 21.885572,
      "Avg True Meds": 19.901327,
      "DDI Rate": 0.077959
    },
    "0.6": {
      "Jaccard": 0.492182,
      "Avg Meds": 20.105307,
      "Avg True Meds": 19.901327,
      "DDI Rate": 0.075725
    },
    "0.65": {
      "Jaccard": 0.48792,
      "Avg Meds": 18.418739,
      "Avg True Meds": 19.901327,
      "DDI Rate": 0.073804
    },
    "0.7": {
      "Jaccard": 0.479271,
      "Avg Meds": 16.685738,
      "Avg True Meds": 19.901327,
      "DDI Rate": 0.070227
    },
    "0.75": {
      "Jaccard": 0.467331,
      "Avg Meds": 14.970149,
      "Avg True Meds": 19.901327,
      "DDI Rate": 0.066016
    }
  },
  "calibrated_threshold": 0.6,
  "calibrated_metrics": {
    "Jaccard": 0.492182,
    "Avg Meds": 20.105307,
    "Avg True Meds": 19.901327,
    "DDI Rate": 0.075725
  },
  "config": {
    "hidden_dim": 256,
    "use_notes": true,
    "use_labs": false,
    "use_copy": false,
    "fusion_strategy": "film",
    "lab_dim": 0,
    "pos_weight_cap": 5.0,
    "use_cosine_lr": false,
    "contrastive_weight": 0.0,
    "margin_loss_weight": 0.0,
    "alignment_loss_weight": 0.1,
    "alignment_start_epoch": 1,
    "alignment_ramp_epochs": 0
  }
}