{
  "seed": 123,
  "ablation": "full",
  "mimic_version": 3,
  "mimic4_full": false,
  "cohort_tag": "mimic3",
  "best_val_jaccard": 0.5417683124542236,
  "test_metrics": {
    "Jaccard": 0.5422952175140381,
    "F1": 0.6957660913467407,
    "PRAUC": 0.7853772839157,
    "DDI Rate": 0.08051790721700201,
    "Avg Meds": 22.513267517089844,
    "Avg True Meds": 19.90132713317871,
    "Precision": 0.666309654712677,
    "Recall": 0.7554048895835876,
    "NHJ_new": 0.28580855225261886,
    "NHJ_dropped": 0.35984345015726593,
    "CVR": 0.0
  },
  "data_diagnostics": {
    "split_mode_requested": "hidr_vita",
    "require_cohort_split": false,
    "split_source": "hidr_vita_sequential",
    "split_seed_used": "n/a",
    "split_patient_counts": {
      "train": 4233,
      "val": 1059,
      "test": 1058
    },
    "split_example_counts": {
      "train": 6256,
      "val": 1220,
      "test": 1206
    },
    "ddi_density": 0.05261303581914269,
    "ddi_upper_pairs": 448,
    "ddi_total_pairs": 8515,
    "loaded_artifacts": {
      "records": "data/processed/records_final.pkl",
      "cohort": "data/processed/cohort_mimic3.pkl",
      "ddi": "data/processed/ddi_A_final.pkl",
      "ehr": "data/processed/ehr_adj_final.pkl",
      "embeddings": "data/embeddings/code_embeddings.pt",
      "labs": "data/processed/lab_vectors_200labs.pkl"
    }
  },
  "param_counts": {
    "visit_encoder": {
      "total": 4649474,
      "trainable": 2047490
    },
    "fusion": {
      "total": 423808,
      "trainable": 423808
    },
    "drug_gnn": {
      "total": 1151776,
      "trainable": 1151776
    },
    "predictor": {
      "total": 304454,
      "trainable": 304453
    },
    "model_total": {
      "total": 6792680,
      "trainable": 4190695
    }
  },
  "threshold_sweep": {
    "0.4": {
      "Jaccard": 0.537952,
      "Avg Meds": 24.273632,
      "Avg True Meds": 19.901327,
      "DDI Rate": 0.079967
    },
    "0.45": {
      "Jaccard": 0.540609,
      "Avg Meds": 23.371475,
      "Avg True Meds": 19.901327,
      "DDI Rate": 0.080278
    },
    "0.5": {
      "Jaccard": 0.542295,
      "Avg Meds": 22.513268,
      "Avg True Meds": 19.901327,
      "DDI Rate": 0.080518
    },
    "0.55": {
      "Jaccard": 0.542341,
      "Avg Meds": 21.726368,
      "Avg True Meds": 19.901327,
      "DDI Rate": 0.080708
    },
    "0.6": {
      "Jaccard": 0.543131,
      "Avg Meds": 20.955223,
      "Avg True Meds": 19.901327,
      "DDI Rate": 0.080972
    },
    "0.65": {
      "Jaccard": 0.540649,
      "Avg Meds": 20.189884,
      "Avg True Meds": 19.901327,
      "DDI Rate": 0.081148
    },
    "0.7": {
      "Jaccard": 0.538287,
      "Avg Meds": 19.347429,
      "Avg True Meds": 19.901327,
      "DDI Rate": 0.081354
    },
    "0.75": {
      "Jaccard": 0.535412,
      "Avg Meds": 18.466833,
      "Avg True Meds": 19.901327,
      "DDI Rate": 0.08175
    }
  },
  "calibrated_threshold": 0.65,
  "calibrated_metrics": {
    "Jaccard": 0.540649,
    "Avg Meds": 20.189884,
    "Avg True Meds": 19.901327,
    "DDI Rate": 0.081148
  },
  "config": {
    "hidden_dim": 256,
    "use_notes": false,
    "use_labs": true,
    "use_copy": false,
    "fusion_strategy": "film",
    "lab_dim": 400,
    "pos_weight_cap": 5.0,
    "use_cosine_lr": false,
    "contrastive_weight": 0.0,
    "margin_loss_weight": 0.0,
    "alignment_loss_weight": 0.1,
    "alignment_start_epoch": 1,
    "alignment_ramp_epochs": 0
  }
}