{
  "seed": 123,
  "ablation": "full",
  "mimic_version": 3,
  "mimic4_full": false,
  "cohort_tag": "mimic3",
  "best_val_jaccard": 0.5044110417366028,
  "test_metrics": {
    "Jaccard": 0.5041179656982422,
    "F1": 0.6626648902893066,
    "PRAUC": 0.7568008850907718,
    "DDI Rate": 0.08728952103627018,
    "Avg Meds": 21.260364532470703,
    "Avg True Meds": 19.90132713317871,
    "Precision": 0.6574605107307434,
    "Recall": 0.711790919303894,
    "NHJ_new": 0.23067786662202133,
    "NHJ_dropped": 0.32881458809501246,
    "CVR": 0.0
  },
  "data_diagnostics": {
    "split_mode_requested": "hidr_vita",
    "require_cohort_split": false,
    "split_source": "hidr_vita_sequential",
    "split_seed_used": "n/a",
    "split_patient_counts": {
      "train": 4233,
      "val": 1059,
      "test": 1058
    },
    "split_example_counts": {
      "train": 6256,
      "val": 1220,
      "test": 1206
    },
    "ddi_density": 0.05261303581914269,
    "ddi_upper_pairs": 448,
    "ddi_total_pairs": 8515,
    "loaded_artifacts": {
      "records": "data/processed/records_final.pkl",
      "cohort": "data/processed/cohort_mimic3.pkl",
      "ddi": "data/processed/ddi_A_final.pkl",
      "ehr": "data/processed/ehr_adj_final.pkl",
      "embeddings": "data/embeddings/code_embeddings.pt"
    }
  },
  "param_counts": {
    "visit_encoder": {
      "total": 4583681,
      "trainable": 1981697
    },
    "drug_gnn": {
      "total": 395008,
      "trainable": 395008
    },
    "predictor": {
      "total": 262406,
      "trainable": 262404
    },
    "model_total": {
      "total": 5504263,
      "trainable": 2902277
    }
  },
  "threshold_sweep": {
    "0.4": {
      "Jaccard": 0.505314,
      "Avg Meds": 23.371475,
      "Avg True Meds": 19.901327,
      "DDI Rate": 0.083825
    },
    "0.45": {
      "Jaccard": 0.505764,
      "Avg Meds": 22.270315,
      "Avg True Meds": 19.901327,
      "DDI Rate": 0.085646
    },
    "0.5": {
      "Jaccard": 0.504118,
      "Avg Meds": 21.260365,
      "Avg True Meds": 19.901327,
      "DDI Rate": 0.08729
    },
    "0.55": {
      "Jaccard": 0.503178,
      "Avg Meds": 20.272802,
      "Avg True Meds": 19.901327,
      "DDI Rate": 0.088649
    },
    "0.6": {
      "Jaccard": 0.501125,
      "Avg Meds": 19.335821,
      "Avg True Meds": 19.901327,
      "DDI Rate": 0.089709
    },
    "0.65": {
      "Jaccard": 0.499331,
      "Avg Meds": 18.420399,
      "Avg True Meds": 19.901327,
      "DDI Rate": 0.090561
    },
    "0.7": {
      "Jaccard": 0.494033,
      "Avg Meds": 17.485905,
      "Avg True Meds": 19.901327,
      "DDI Rate": 0.091698
    },
    "0.75": {
      "Jaccard": 0.487844,
      "Avg Meds": 16.495853,
      "Avg True Meds": 19.901327,
      "DDI Rate": 0.09242
    }
  },
  "calibrated_threshold": 0.55,
  "calibrated_metrics": {
    "Jaccard": 0.503178,
    "Avg Meds": 20.272802,
    "Avg True Meds": 19.901327,
    "DDI Rate": 0.088649
  },
  "config": {
    "hidden_dim": 256,
    "use_notes": false,
    "use_labs": false,
    "use_copy": false,
    "fusion_strategy": "film",
    "lab_dim": 0,
    "pos_weight_cap": 5.0,
    "use_cosine_lr": false,
    "contrastive_weight": 0.0,
    "margin_loss_weight": 0.0,
    "alignment_loss_weight": 0.1,
    "alignment_start_epoch": 1,
    "alignment_ramp_epochs": 0
  }
}