{
  "seed": 123,
  "ablation": "full",
  "mimic_version": 3,
  "mimic4_full": false,
  "cohort_tag": "mimic3",
  "best_val_jaccard": 0.5554642677307129,
  "test_metrics": {
    "Jaccard": 0.5520691275596619,
    "F1": 0.703934907913208,
    "PRAUC": 0.7945352128578729,
    "DDI Rate": 0.08059225700950932,
    "Avg Meds": 22.242122650146484,
    "Avg True Meds": 19.90132713317871,
    "Precision": 0.6744299530982971,
    "Recall": 0.7589766979217529,
    "NHJ_new": 0.30444479223928955,
    "NHJ_dropped": 0.38563729587354156,
    "CVR": 0.0
  },
  "data_diagnostics": {
    "split_mode_requested": "hidr_vita",
    "require_cohort_split": false,
    "split_source": "hidr_vita_sequential",
    "split_seed_used": "n/a",
    "split_patient_counts": {
      "train": 4233,
      "val": 1059,
      "test": 1058
    },
    "split_example_counts": {
      "train": 6256,
      "val": 1220,
      "test": 1206
    },
    "ddi_density": 0.05261303581914269,
    "ddi_upper_pairs": 448,
    "ddi_total_pairs": 8515,
    "loaded_artifacts": {
      "records": "data/processed/records_final.pkl",
      "cohort": "data/processed/cohort_mimic3.pkl",
      "ddi": "data/processed/ddi_A_final.pkl",
      "ehr": "data/processed/ehr_adj_final.pkl",
      "embeddings": "data/embeddings/code_embeddings.pt",
      "notes": "data/processed/note_embeddings_mimic3.pkl",
      "labs": "data/processed/lab_vectors_200labs.pkl"
    }
  },
  "param_counts": {
    "visit_encoder": {
      "total": 4649474,
      "trainable": 2047490
    },
    "fusion": {
      "total": 423808,
      "trainable": 423808
    },
    "drug_gnn": {
      "total": 1151776,
      "trainable": 1151776
    },
    "predictor": {
      "total": 369990,
      "trainable": 369990
    },
    "model_total": {
      "total": 6858216,
      "trainable": 4256232
    }
  },
  "threshold_sweep": {
    "0.4": {
      "Jaccard": 0.549312,
      "Avg Meds": 23.730515,
      "Avg True Meds": 19.901327,
      "DDI Rate": 0.080122
    },
    "0.45": {
      "Jaccard": 0.551612,
      "Avg Meds": 22.968491,
      "Avg True Meds": 19.901327,
      "DDI Rate": 0.080347
    },
    "0.5": {
      "Jaccard": 0.552069,
      "Avg Meds": 22.242123,
      "Avg True Meds": 19.901327,
      "DDI Rate": 0.080592
    },
    "0.55": {
      "Jaccard": 0.552367,
      "Avg Meds": 21.544777,
      "Avg True Meds": 19.901327,
      "DDI Rate": 0.080684
    },
    "0.6": {
      "Jaccard": 0.552363,
      "Avg Meds": 20.835821,
      "Avg True Meds": 19.901327,
      "DDI Rate": 0.080602
    },
    "0.65": {
      "Jaccard": 0.551515,
      "Avg Meds": 20.14262,
      "Avg True Meds": 19.901327,
      "DDI Rate": 0.08093
    },
    "0.7": {
      "Jaccard": 0.550937,
      "Avg Meds": 19.420399,
      "Avg True Meds": 19.901327,
      "DDI Rate": 0.082061
    },
    "0.75": {
      "Jaccard": 0.54834,
      "Avg Meds": 18.580431,
      "Avg True Meds": 19.901327,
      "DDI Rate": 0.082072
    }
  },
  "calibrated_threshold": 0.65,
  "calibrated_metrics": {
    "Jaccard": 0.551515,
    "Avg Meds": 20.14262,
    "Avg True Meds": 19.901327,
    "DDI Rate": 0.08093
  },
  "config": {
    "hidden_dim": 256,
    "use_notes": true,
    "use_labs": true,
    "use_copy": false,
    "fusion_strategy": "film",
    "lab_dim": 400,
    "pos_weight_cap": 5.0,
    "use_cosine_lr": false,
    "contrastive_weight": 0.0,
    "margin_loss_weight": 0.0,
    "alignment_loss_weight": 0.1,
    "alignment_start_epoch": 1,
    "alignment_ramp_epochs": 0
  }
}