{
  "seed": 42,
  "ablation": "full",
  "mimic_version": 3,
  "mimic4_full": false,
  "cohort_tag": "mimic3",
  "best_val_jaccard": 0.5561779141426086,
  "test_metrics": {
    "Jaccard": 0.5475687384605408,
    "F1": 0.7005425691604614,
    "PRAUC": 0.7906520510161594,
    "DDI Rate": 0.08268424401625035,
    "Avg Meds": 21.815092086791992,
    "Avg True Meds": 19.90132713317871,
    "Precision": 0.6790552735328674,
    "Recall": 0.7453377842903137,
    "NHJ_new": 0.29895459664495366,
    "NHJ_dropped": 0.40099273857317475,
    "CVR": 0.0
  },
  "data_diagnostics": {
    "split_mode_requested": "hidr_vita",
    "require_cohort_split": false,
    "split_source": "hidr_vita_sequential",
    "split_seed_used": "n/a",
    "split_patient_counts": {
      "train": 4233,
      "val": 1059,
      "test": 1058
    },
    "split_example_counts": {
      "train": 6256,
      "val": 1220,
      "test": 1206
    },
    "ddi_density": 0.05261303581914269,
    "ddi_upper_pairs": 448,
    "ddi_total_pairs": 8515,
    "loaded_artifacts": {
      "records": "data/processed/records_final.pkl",
      "cohort": "data/processed/cohort_mimic3.pkl",
      "ddi": "data/processed/ddi_A_final.pkl",
      "ehr": "data/processed/ehr_adj_final.pkl",
      "embeddings": "data/embeddings/code_embeddings.pt",
      "notes": "data/processed/note_embeddings_mimic3.pkl",
      "labs": "data/processed/lab_vectors_200labs.pkl"
    }
  },
  "param_counts": {
    "visit_encoder": {
      "total": 4616835,
      "trainable": 2014851
    },
    "fusion": {
      "total": 423808,
      "trainable": 423808
    },
    "drug_gnn": {
      "total": 1974080,
      "trainable": 1974080
    },
    "predictor": {
      "total": 369990,
      "trainable": 369990
    },
    "model_total": {
      "total": 7647881,
      "trainable": 5045897
    }
  },
  "threshold_sweep": {
    "0.4": {
      "Jaccard": 0.54407,
      "Avg Meds": 23.412935,
      "Avg True Meds": 19.901327,
      "DDI Rate": 0.082483
    },
    "0.45": {
      "Jaccard": 0.547512,
      "Avg Meds": 22.582918,
      "Avg True Meds": 19.901327,
      "DDI Rate": 0.082542
    },
    "0.5": {
      "Jaccard": 0.547569,
      "Avg Meds": 21.815092,
      "Avg True Meds": 19.901327,
      "DDI Rate": 0.082684
    },
    "0.55": {
      "Jaccard": 0.54789,
      "Avg Meds": 21.049751,
      "Avg True Meds": 19.901327,
      "DDI Rate": 0.082562
    },
    "0.6": {
      "Jaccard": 0.548167,
      "Avg Meds": 20.31675,
      "Avg True Meds": 19.901327,
      "DDI Rate": 0.082461
    },
    "0.65": {
      "Jaccard": 0.547612,
      "Avg Meds": 19.58209,
      "Avg True Meds": 19.901327,
      "DDI Rate": 0.082373
    },
    "0.7": {
      "Jaccard": 0.546623,
      "Avg Meds": 18.804312,
      "Avg True Meds": 19.901327,
      "DDI Rate": 0.082831
    },
    "0.75": {
      "Jaccard": 0.543629,
      "Avg Meds": 17.990879,
      "Avg True Meds": 19.901327,
      "DDI Rate": 0.083057
    }
  },
  "calibrated_threshold": 0.65,
  "calibrated_metrics": {
    "Jaccard": 0.547612,
    "Avg Meds": 19.58209,
    "Avg True Meds": 19.901327,
    "DDI Rate": 0.082373
  },
  "config": {
    "hidden_dim": 256,
    "use_notes": true,
    "use_labs": true,
    "use_copy": false,
    "fusion_strategy": "film",
    "lab_dim": 400,
    "pos_weight_cap": 5.0,
    "use_cosine_lr": false,
    "contrastive_weight": 0.0,
    "margin_loss_weight": 0.0,
    "alignment_loss_weight": 0.1,
    "alignment_start_epoch": 1,
    "alignment_ramp_epochs": 0
  }
}