{
  "seed": 456,
  "ablation": "full",
  "mimic_version": 3,
  "mimic4_full": false,
  "cohort_tag": "mimic3",
  "best_val_jaccard": 0.5511268377304077,
  "test_metrics": {
    "Jaccard": 0.5490056872367859,
    "F1": 0.701431393623352,
    "PRAUC": 0.7865307692723054,
    "DDI Rate": 0.0815450099274944,
    "Avg Meds": 22.14510726928711,
    "Avg True Meds": 19.90132713317871,
    "Precision": 0.6748194694519043,
    "Recall": 0.7526055574417114,
    "NHJ_new": 0.3021431251576072,
    "NHJ_dropped": 0.39809618498149674,
    "CVR": 0.0
  },
  "data_diagnostics": {
    "split_mode_requested": "hidr_vita",
    "require_cohort_split": false,
    "split_source": "hidr_vita_sequential",
    "split_seed_used": "n/a",
    "split_patient_counts": {
      "train": 4233,
      "val": 1059,
      "test": 1058
    },
    "split_example_counts": {
      "train": 6256,
      "val": 1220,
      "test": 1206
    },
    "ddi_density": 0.05261303581914269,
    "ddi_upper_pairs": 448,
    "ddi_total_pairs": 8515,
    "loaded_artifacts": {
      "records": "data/processed/records_final.pkl",
      "cohort": "data/processed/cohort_mimic3.pkl",
      "ddi": "data/processed/ddi_A_final.pkl",
      "ehr": "data/processed/ehr_adj_final.pkl",
      "embeddings": "data/embeddings/code_embeddings.pt",
      "notes": "data/processed/note_embeddings_mimic3.pkl",
      "labs": "data/processed/lab_vectors_200labs.pkl"
    }
  },
  "param_counts": {
    "visit_encoder": {
      "total": 4583681,
      "trainable": 1981697
    },
    "fusion": {
      "total": 423808,
      "trainable": 423808
    },
    "drug_gnn": {
      "total": 1974080,
      "trainable": 1974080
    },
    "predictor": {
      "total": 369990,
      "trainable": 369990
    },
    "model_total": {
      "total": 7614727,
      "trainable": 5012743
    }
  },
  "threshold_sweep": {
    "0.4": {
      "Jaccard": 0.543118,
      "Avg Meds": 23.832504,
      "Avg True Meds": 19.901327,
      "DDI Rate": 0.080842
    },
    "0.45": {
      "Jaccard": 0.546691,
      "Avg Meds": 22.997513,
      "Avg True Meds": 19.901327,
      "DDI Rate": 0.081135
    },
    "0.5": {
      "Jaccard": 0.549006,
      "Avg Meds": 22.145107,
      "Avg True Meds": 19.901327,
      "DDI Rate": 0.081545
    },
    "0.55": {
      "Jaccard": 0.549327,
      "Avg Meds": 21.324213,
      "Avg True Meds": 19.901327,
      "DDI Rate": 0.08164
    },
    "0.6": {
      "Jaccard": 0.548136,
      "Avg Meds": 20.553898,
      "Avg True Meds": 19.901327,
      "DDI Rate": 0.081861
    },
    "0.65": {
      "Jaccard": 0.546922,
      "Avg Meds": 19.796021,
      "Avg True Meds": 19.901327,
      "DDI Rate": 0.082017
    },
    "0.7": {
      "Jaccard": 0.54513,
      "Avg Meds": 18.937811,
      "Avg True Meds": 19.901327,
      "DDI Rate": 0.082113
    },
    "0.75": {
      "Jaccard": 0.541554,
      "Avg Meds": 18.032339,
      "Avg True Meds": 19.901327,
      "DDI Rate": 0.082459
    }
  },
  "calibrated_threshold": 0.65,
  "calibrated_metrics": {
    "Jaccard": 0.546922,
    "Avg Meds": 19.796021,
    "Avg True Meds": 19.901327,
    "DDI Rate": 0.082017
  },
  "config": {
    "hidden_dim": 256,
    "use_notes": true,
    "use_labs": true,
    "use_copy": false,
    "fusion_strategy": "film",
    "lab_dim": 400,
    "pos_weight_cap": 5.0,
    "use_cosine_lr": false,
    "contrastive_weight": 0.0,
    "margin_loss_weight": 0.0,
    "alignment_loss_weight": 0.1,
    "alignment_start_epoch": 1,
    "alignment_ramp_epochs": 0
  }
}