{
  "seed": 42,
  "ablation": "full",
  "mimic_version": 3,
  "mimic4_full": false,
  "cohort_tag": "mimic3",
  "best_val_jaccard": 0.5662364363670349,
  "test_metrics": {
    "Jaccard": 0.5639126300811768,
    "F1": 0.7136669754981995,
    "PRAUC": 0.7932761634077552,
    "DDI Rate": 0.07999307973997764,
    "Avg Meds": 22.16666603088379,
    "Avg True Meds": 19.90132713317871,
    "Precision": 0.6844084858894348,
    "Recall": 0.7683911919593811,
    "NHJ_new": 0.29977540593398244,
    "NHJ_dropped": 0.3399602206129777,
    "CVR": 0.0
  },
  "data_diagnostics": {
    "split_mode_requested": "hidr_vita",
    "require_cohort_split": false,
    "split_source": "hidr_vita_sequential",
    "split_seed_used": "n/a",
    "split_patient_counts": {
      "train": 4233,
      "val": 1059,
      "test": 1058
    },
    "split_example_counts": {
      "train": 6256,
      "val": 1220,
      "test": 1206
    },
    "ddi_density": 0.05261303581914269,
    "ddi_upper_pairs": 448,
    "ddi_total_pairs": 8515,
    "loaded_artifacts": {
      "records": "data/processed/records_final.pkl",
      "cohort": "data/processed/cohort_mimic3.pkl",
      "ddi": "data/processed/ddi_A_final.pkl",
      "ehr": "data/processed/ehr_adj_final.pkl",
      "embeddings": "data/embeddings/code_embeddings.pt",
      "notes": "data/processed/note_embeddings_mimic3.pkl",
      "labs": "data/processed/lab_vectors_200labs.pkl"
    }
  },
  "param_counts": {
    "visit_encoder": {
      "total": 5108993,
      "trainable": 2507009
    },
    "fusion": {
      "total": 423808,
      "trainable": 423808
    },
    "drug_gnn": {
      "total": 395008,
      "trainable": 395008
    },
    "predictor": {
      "total": 1423943,
      "trainable": 1423943
    },
    "model_total": {
      "total": 7614920,
      "trainable": 5012936
    }
  },
  "threshold_sweep": {
    "0.4": {
      "Jaccard": 0.561089,
      "Avg Meds": 23.313433,
      "Avg True Meds": 19.901327,
      "DDI Rate": 0.079234
    },
    "0.45": {
      "Jaccard": 0.56335,
      "Avg Meds": 22.707296,
      "Avg True Meds": 19.901327,
      "DDI Rate": 0.079847
    },
    "0.5": {
      "Jaccard": 0.563913,
      "Avg Meds": 22.166666,
      "Avg True Meds": 19.901327,
      "DDI Rate": 0.079993
    },
    "0.55": {
      "Jaccard": 0.564001,
      "Avg Meds": 21.632669,
      "Avg True Meds": 19.901327,
      "DDI Rate": 0.080277
    },
    "0.6": {
      "Jaccard": 0.564297,
      "Avg Meds": 21.121061,
      "Avg True Meds": 19.901327,
      "DDI Rate": 0.080609
    },
    "0.65": {
      "Jaccard": 0.563191,
      "Avg Meds": 20.593699,
      "Avg True Meds": 19.901327,
      "DDI Rate": 0.080723
    },
    "0.7": {
      "Jaccard": 0.561936,
      "Avg Meds": 20.063019,
      "Avg True Meds": 19.901327,
      "DDI Rate": 0.081672
    },
    "0.75": {
      "Jaccard": 0.559711,
      "Avg Meds": 19.487562,
      "Avg True Meds": 19.901327,
      "DDI Rate": 0.082185
    }
  },
  "calibrated_threshold": 0.7,
  "calibrated_metrics": {
    "Jaccard": 0.561936,
    "Avg Meds": 20.063019,
    "Avg True Meds": 19.901327,
    "DDI Rate": 0.081672
  },
  "config": {
    "hidden_dim": 256,
    "use_notes": true,
    "use_labs": true,
    "use_copy": false,
    "fusion_strategy": "film",
    "lab_dim": 400,
    "pos_weight_cap": 5.0,
    "use_cosine_lr": false,
    "contrastive_weight": 0.0,
    "margin_loss_weight": 0.0,
    "alignment_loss_weight": 0.1,
    "alignment_start_epoch": 1,
    "alignment_ramp_epochs": 0
  }
}