{
  "seed": 456,
  "ablation": "full",
  "mimic_version": 3,
  "mimic4_full": false,
  "cohort_tag": "mimic3",
  "best_val_jaccard": 0.502907395362854,
  "test_metrics": {
    "Jaccard": 0.5022225379943848,
    "F1": 0.6605379581451416,
    "PRAUC": 0.7539349965702332,
    "DDI Rate": 0.07975515139593212,
    "Avg Meds": 23.508291244506836,
    "Avg True Meds": 19.90132713317871,
    "Precision": 0.6285310387611389,
    "Recall": 0.7440072298049927,
    "NHJ_new": 0.23961476275795385,
    "NHJ_dropped": 0.29269104254873174,
    "CVR": 0.0
  },
  "data_diagnostics": {
    "split_mode_requested": "hidr_vita",
    "require_cohort_split": false,
    "split_source": "hidr_vita_sequential",
    "split_seed_used": "n/a",
    "split_patient_counts": {
      "train": 4233,
      "val": 1059,
      "test": 1058
    },
    "split_example_counts": {
      "train": 6256,
      "val": 1220,
      "test": 1206
    },
    "ddi_density": 0.05261303581914269,
    "ddi_upper_pairs": 448,
    "ddi_total_pairs": 8515,
    "loaded_artifacts": {
      "records": "data/processed/records_final.pkl",
      "cohort": "data/processed/cohort_mimic3.pkl",
      "ddi": "data/processed/ddi_A_final.pkl",
      "ehr": "data/processed/ehr_adj_final.pkl",
      "embeddings": "data/embeddings/code_embeddings.pt"
    }
  },
  "param_counts": {
    "visit_encoder": {
      "total": 4583681,
      "trainable": 1981697
    },
    "drug_gnn": {
      "total": 1974080,
      "trainable": 1974080
    },
    "predictor": {
      "total": 262406,
      "trainable": 262404
    },
    "model_total": {
      "total": 7083335,
      "trainable": 4481349
    }
  },
  "threshold_sweep": {
    "0.4": {
      "Jaccard": 0.498364,
      "Avg Meds": 25.927031,
      "Avg True Meds": 19.901327,
      "DDI Rate": 0.077077
    },
    "0.45": {
      "Jaccard": 0.501473,
      "Avg Meds": 24.704809,
      "Avg True Meds": 19.901327,
      "DDI Rate": 0.078144
    },
    "0.5": {
      "Jaccard": 0.502223,
      "Avg Meds": 23.508291,
      "Avg True Meds": 19.901327,
      "DDI Rate": 0.079755
    },
    "0.55": {
      "Jaccard": 0.503229,
      "Avg Meds": 22.368988,
      "Avg True Meds": 19.901327,
      "DDI Rate": 0.081087
    },
    "0.6": {
      "Jaccard": 0.503968,
      "Avg Meds": 21.187397,
      "Avg True Meds": 19.901327,
      "DDI Rate": 0.082907
    },
    "0.65": {
      "Jaccard": 0.503327,
      "Avg Meds": 20.002487,
      "Avg True Meds": 19.901327,
      "DDI Rate": 0.083959
    },
    "0.7": {
      "Jaccard": 0.500598,
      "Avg Meds": 18.89801,
      "Avg True Meds": 19.901327,
      "DDI Rate": 0.085387
    },
    "0.75": {
      "Jaccard": 0.494815,
      "Avg Meds": 17.71559,
      "Avg True Meds": 19.901327,
      "DDI Rate": 0.086553
    }
  },
  "calibrated_threshold": 0.65,
  "calibrated_metrics": {
    "Jaccard": 0.503327,
    "Avg Meds": 20.002487,
    "Avg True Meds": 19.901327,
    "DDI Rate": 0.083959
  },
  "config": {
    "hidden_dim": 256,
    "use_notes": false,
    "use_labs": false,
    "use_copy": false,
    "fusion_strategy": "film",
    "lab_dim": 0,
    "pos_weight_cap": 5.0,
    "use_cosine_lr": false,
    "contrastive_weight": 0.0,
    "margin_loss_weight": 0.0,
    "alignment_loss_weight": 0.1,
    "alignment_start_epoch": 1,
    "alignment_ramp_epochs": 0
  }
}