{
  "seed": 123,
  "ablation": "full",
  "mimic_version": 3,
  "mimic4_full": false,
  "cohort_tag": "mimic3",
  "best_val_jaccard": 0.5527863502502441,
  "test_metrics": {
    "Jaccard": 0.5494483709335327,
    "F1": 0.7021041512489319,
    "PRAUC": 0.7890976967827588,
    "DDI Rate": 0.07895630481489463,
    "Avg Meds": 21.86733055114746,
    "Avg True Meds": 19.90132713317871,
    "Precision": 0.6786708831787109,
    "Recall": 0.7489826679229736,
    "NHJ_new": 0.3016028466977571,
    "NHJ_dropped": 0.4034454101010373,
    "CVR": 0.0
  },
  "data_diagnostics": {
    "split_mode_requested": "hidr_vita",
    "require_cohort_split": false,
    "split_source": "hidr_vita_sequential",
    "split_seed_used": "n/a",
    "split_patient_counts": {
      "train": 4233,
      "val": 1059,
      "test": 1058
    },
    "split_example_counts": {
      "train": 6256,
      "val": 1220,
      "test": 1206
    },
    "ddi_density": 0.05261303581914269,
    "ddi_upper_pairs": 448,
    "ddi_total_pairs": 8515,
    "loaded_artifacts": {
      "records": "data/processed/records_final.pkl",
      "cohort": "data/processed/cohort_mimic3.pkl",
      "ddi": "data/processed/ddi_A_final.pkl",
      "ehr": "data/processed/ehr_adj_final.pkl",
      "embeddings": "data/embeddings/code_embeddings.pt",
      "notes": "data/processed/note_embeddings_mimic3.pkl",
      "labs": "data/processed/lab_vectors_200labs.pkl"
    }
  },
  "param_counts": {
    "visit_encoder": {
      "total": 4616835,
      "trainable": 2014851
    },
    "fusion": {
      "total": 423808,
      "trainable": 423808
    },
    "drug_gnn": {
      "total": 1974080,
      "trainable": 1974080
    },
    "predictor": {
      "total": 369990,
      "trainable": 369990
    },
    "model_total": {
      "total": 7647881,
      "trainable": 5045897
    }
  },
  "threshold_sweep": {
    "0.4": {
      "Jaccard": 0.544849,
      "Avg Meds": 23.519072,
      "Avg True Meds": 19.901327,
      "DDI Rate": 0.078439
    },
    "0.45": {
      "Jaccard": 0.547413,
      "Avg Meds": 22.665009,
      "Avg True Meds": 19.901327,
      "DDI Rate": 0.078473
    },
    "0.5": {
      "Jaccard": 0.549448,
      "Avg Meds": 21.867331,
      "Avg True Meds": 19.901327,
      "DDI Rate": 0.078956
    },
    "0.55": {
      "Jaccard": 0.549345,
      "Avg Meds": 21.166666,
      "Avg True Meds": 19.901327,
      "DDI Rate": 0.079129
    },
    "0.6": {
      "Jaccard": 0.550088,
      "Avg Meds": 20.423716,
      "Avg True Meds": 19.901327,
      "DDI Rate": 0.079573
    },
    "0.65": {
      "Jaccard": 0.548636,
      "Avg Meds": 19.647594,
      "Avg True Meds": 19.901327,
      "DDI Rate": 0.079499
    },
    "0.7": {
      "Jaccard": 0.545646,
      "Avg Meds": 18.914595,
      "Avg True Meds": 19.901327,
      "DDI Rate": 0.07905
    },
    "0.75": {
      "Jaccard": 0.542213,
      "Avg Meds": 18.110281,
      "Avg True Meds": 19.901327,
      "DDI Rate": 0.079102
    }
  },
  "calibrated_threshold": 0.65,
  "calibrated_metrics": {
    "Jaccard": 0.548636,
    "Avg Meds": 19.647594,
    "Avg True Meds": 19.901327,
    "DDI Rate": 0.079499
  },
  "config": {
    "hidden_dim": 256,
    "use_notes": true,
    "use_labs": true,
    "use_copy": false,
    "fusion_strategy": "film",
    "lab_dim": 400,
    "pos_weight_cap": 5.0,
    "use_cosine_lr": false,
    "contrastive_weight": 0.0,
    "margin_loss_weight": 0.0,
    "alignment_loss_weight": 0.1,
    "alignment_start_epoch": 1,
    "alignment_ramp_epochs": 0
  }
}