{
  "seed": 456,
  "ablation": "full",
  "mimic_version": 3,
  "mimic4_full": false,
  "cohort_tag": "mimic3",
  "best_val_jaccard": 0.49508145451545715,
  "test_metrics": {
    "Jaccard": 0.4956377446651459,
    "F1": 0.6547834277153015,
    "PRAUC": 0.7507314534721224,
    "DDI Rate": 0.08322533418023659,
    "Avg Meds": 23.73797607421875,
    "Avg True Meds": 19.90132713317871,
    "Precision": 0.6202675700187683,
    "Recall": 0.7418851256370544,
    "NHJ_new": 0.23653815059285416,
    "NHJ_dropped": 0.2949821125519903,
    "CVR": 0.0
  },
  "data_diagnostics": {
    "split_mode_requested": "hidr_vita",
    "require_cohort_split": false,
    "split_source": "hidr_vita_sequential",
    "split_seed_used": "n/a",
    "split_patient_counts": {
      "train": 4233,
      "val": 1059,
      "test": 1058
    },
    "split_example_counts": {
      "train": 6256,
      "val": 1220,
      "test": 1206
    },
    "ddi_density": 0.05261303581914269,
    "ddi_upper_pairs": 448,
    "ddi_total_pairs": 8515,
    "loaded_artifacts": {
      "records": "data/processed/records_final.pkl",
      "cohort": "data/processed/cohort_mimic3.pkl",
      "ddi": "data/processed/ddi_A_final.pkl",
      "ehr": "data/processed/ehr_adj_final.pkl",
      "embeddings": "data/embeddings/code_embeddings.pt"
    }
  },
  "param_counts": {
    "visit_encoder": {
      "total": 3793665,
      "trainable": 1191681
    },
    "drug_gnn": {
      "total": 1974080,
      "trainable": 1974080
    },
    "predictor": {
      "total": 262406,
      "trainable": 262404
    },
    "model_total": {
      "total": 6293319,
      "trainable": 3691333
    }
  },
  "threshold_sweep": {
    "0.4": {
      "Jaccard": 0.490905,
      "Avg Meds": 26.596186,
      "Avg True Meds": 19.901327,
      "DDI Rate": 0.080539
    },
    "0.45": {
      "Jaccard": 0.493833,
      "Avg Meds": 25.134329,
      "Avg True Meds": 19.901327,
      "DDI Rate": 0.081774
    },
    "0.5": {
      "Jaccard": 0.495638,
      "Avg Meds": 23.737976,
      "Avg True Meds": 19.901327,
      "DDI Rate": 0.083225
    },
    "0.55": {
      "Jaccard": 0.497402,
      "Avg Meds": 22.32753,
      "Avg True Meds": 19.901327,
      "DDI Rate": 0.084322
    },
    "0.6": {
      "Jaccard": 0.496788,
      "Avg Meds": 21.027363,
      "Avg True Meds": 19.901327,
      "DDI Rate": 0.086014
    },
    "0.65": {
      "Jaccard": 0.494041,
      "Avg Meds": 19.693201,
      "Avg True Meds": 19.901327,
      "DDI Rate": 0.087938
    },
    "0.7": {
      "Jaccard": 0.490242,
      "Avg Meds": 18.42952,
      "Avg True Meds": 19.901327,
      "DDI Rate": 0.089531
    },
    "0.75": {
      "Jaccard": 0.484455,
      "Avg Meds": 17.082918,
      "Avg True Meds": 19.901327,
      "DDI Rate": 0.091596
    }
  },
  "calibrated_threshold": 0.65,
  "calibrated_metrics": {
    "Jaccard": 0.494041,
    "Avg Meds": 19.693201,
    "Avg True Meds": 19.901327,
    "DDI Rate": 0.087938
  },
  "config": {
    "hidden_dim": 256,
    "use_notes": false,
    "use_labs": false,
    "use_copy": false,
    "fusion_strategy": "film",
    "lab_dim": 0,
    "pos_weight_cap": 5.0,
    "use_cosine_lr": false,
    "contrastive_weight": 0.0,
    "margin_loss_weight": 0.0,
    "alignment_loss_weight": 0.1,
    "alignment_start_epoch": 1,
    "alignment_ramp_epochs": 0
  }
}