{
  "seed": 456,
  "ablation": "full",
  "mimic_version": 3,
  "mimic4_full": false,
  "cohort_tag": "mimic3",
  "best_val_jaccard": 0.5365131497383118,
  "test_metrics": {
    "Jaccard": 0.5339964032173157,
    "F1": 0.6885759830474854,
    "PRAUC": 0.7786145368148085,
    "DDI Rate": 0.08029125897994344,
    "Avg Meds": 23.026533126831055,
    "Avg True Meds": 19.90132713317871,
    "Precision": 0.6544343829154968,
    "Recall": 0.7568482756614685,
    "NHJ_new": 0.27854885004068675,
    "NHJ_dropped": 0.36002414163790253,
    "CVR": 0.0
  },
  "data_diagnostics": {
    "split_mode_requested": "hidr_vita",
    "require_cohort_split": false,
    "split_source": "hidr_vita_sequential",
    "split_seed_used": "n/a",
    "split_patient_counts": {
      "train": 4233,
      "val": 1059,
      "test": 1058
    },
    "split_example_counts": {
      "train": 6256,
      "val": 1220,
      "test": 1206
    },
    "ddi_density": 0.05261303581914269,
    "ddi_upper_pairs": 448,
    "ddi_total_pairs": 8515,
    "loaded_artifacts": {
      "records": "data/processed/records_final.pkl",
      "cohort": "data/processed/cohort_mimic3.pkl",
      "ddi": "data/processed/ddi_A_final.pkl",
      "ehr": "data/processed/ehr_adj_final.pkl",
      "embeddings": "data/embeddings/code_embeddings.pt",
      "notes": "data/processed/note_embeddings_mimic3.pkl"
    }
  },
  "param_counts": {
    "visit_encoder": {
      "total": 6292225,
      "trainable": 3690241
    },
    "fusion": {
      "total": 400512,
      "trainable": 400512
    },
    "drug_gnn": {
      "total": 1974080,
      "trainable": 1974080
    },
    "predictor": {
      "total": 327942,
      "trainable": 327941
    },
    "model_total": {
      "total": 9257927,
      "trainable": 6655942
    }
  },
  "threshold_sweep": {
    "0.4": {
      "Jaccard": 0.527082,
      "Avg Meds": 25.451906,
      "Avg True Meds": 19.901327,
      "DDI Rate": 0.079645
    },
    "0.45": {
      "Jaccard": 0.531602,
      "Avg Meds": 24.1534,
      "Avg True Meds": 19.901327,
      "DDI Rate": 0.080044
    },
    "0.5": {
      "Jaccard": 0.533996,
      "Avg Meds": 23.026533,
      "Avg True Meds": 19.901327,
      "DDI Rate": 0.080291
    },
    "0.55": {
      "Jaccard": 0.535939,
      "Avg Meds": 21.946932,
      "Avg True Meds": 19.901327,
      "DDI Rate": 0.081101
    },
    "0.6": {
      "Jaccard": 0.536492,
      "Avg Meds": 20.895523,
      "Avg True Meds": 19.901327,
      "DDI Rate": 0.081781
    },
    "0.65": {
      "Jaccard": 0.535319,
      "Avg Meds": 19.854893,
      "Avg True Meds": 19.901327,
      "DDI Rate": 0.082406
    },
    "0.7": {
      "Jaccard": 0.534162,
      "Avg Meds": 18.798508,
      "Avg True Meds": 19.901327,
      "DDI Rate": 0.08289
    },
    "0.75": {
      "Jaccard": 0.528187,
      "Avg Meds": 17.630182,
      "Avg True Meds": 19.901327,
      "DDI Rate": 0.082868
    }
  },
  "calibrated_threshold": 0.65,
  "calibrated_metrics": {
    "Jaccard": 0.535319,
    "Avg Meds": 19.854893,
    "Avg True Meds": 19.901327,
    "DDI Rate": 0.082406
  },
  "config": {
    "hidden_dim": 256,
    "use_notes": true,
    "use_labs": false,
    "use_copy": false,
    "fusion_strategy": "film",
    "lab_dim": 0,
    "pos_weight_cap": 5.0,
    "use_cosine_lr": false,
    "contrastive_weight": 0.0,
    "margin_loss_weight": 0.0,
    "alignment_loss_weight": 0.1,
    "alignment_start_epoch": 1,
    "alignment_ramp_epochs": 0
  }
}