{
  "seed": 42,
  "ablation": "full",
  "mimic_version": 3,
  "mimic4_full": false,
  "cohort_tag": "mimic3",
  "best_val_jaccard": 0.5169182419776917,
  "test_metrics": {
    "Jaccard": 0.5142602324485779,
    "F1": 0.6718855500221252,
    "PRAUC": 0.7684554746629849,
    "DDI Rate": 0.0876443425133014,
    "Avg Meds": 22.834991455078125,
    "Avg True Meds": 19.90132713317871,
    "Precision": 0.6431094408035278,
    "Recall": 0.7446079850196838,
    "NHJ_new": 0.2536779006845073,
    "NHJ_dropped": 0.31237882375717163,
    "CVR": 0.0
  },
  "data_diagnostics": {
    "split_mode_requested": "hidr_vita",
    "require_cohort_split": false,
    "split_source": "hidr_vita_sequential",
    "split_seed_used": "n/a",
    "split_patient_counts": {
      "train": 4233,
      "val": 1059,
      "test": 1058
    },
    "split_example_counts": {
      "train": 6256,
      "val": 1220,
      "test": 1206
    },
    "ddi_density": 0.05261303581914269,
    "ddi_upper_pairs": 448,
    "ddi_total_pairs": 8515,
    "loaded_artifacts": {
      "records": "data/processed/records_final.pkl",
      "cohort": "data/processed/cohort_mimic3.pkl",
      "ddi": "data/processed/ddi_A_final.pkl",
      "ehr": "data/processed/ehr_adj_final.pkl",
      "embeddings": "data/embeddings/code_embeddings.pt",
      "labs": "data/processed/lab_vectors_20labs.pkl"
    }
  },
  "param_counts": {
    "visit_encoder": {
      "total": 4649474,
      "trainable": 2047490
    },
    "fusion": {
      "total": 400768,
      "trainable": 400768
    },
    "drug_gnn": {
      "total": 1151776,
      "trainable": 1151776
    },
    "predictor": {
      "total": 281414,
      "trainable": 281413
    },
    "model_total": {
      "total": 6746600,
      "trainable": 4144615
    }
  },
  "threshold_sweep": {
    "0.4": {
      "Jaccard": 0.509725,
      "Avg Meds": 24.97015,
      "Avg True Meds": 19.901327,
      "DDI Rate": 0.085636
    },
    "0.45": {
      "Jaccard": 0.511732,
      "Avg Meds": 23.854893,
      "Avg True Meds": 19.901327,
      "DDI Rate": 0.086608
    },
    "0.5": {
      "Jaccard": 0.51426,
      "Avg Meds": 22.834991,
      "Avg True Meds": 19.901327,
      "DDI Rate": 0.087644
    },
    "0.55": {
      "Jaccard": 0.515756,
      "Avg Meds": 21.829187,
      "Avg True Meds": 19.901327,
      "DDI Rate": 0.088759
    },
    "0.6": {
      "Jaccard": 0.514512,
      "Avg Meds": 20.834991,
      "Avg True Meds": 19.901327,
      "DDI Rate": 0.090029
    },
    "0.65": {
      "Jaccard": 0.514228,
      "Avg Meds": 19.844942,
      "Avg True Meds": 19.901327,
      "DDI Rate": 0.091027
    },
    "0.7": {
      "Jaccard": 0.511266,
      "Avg Meds": 18.867331,
      "Avg True Meds": 19.901327,
      "DDI Rate": 0.091837
    },
    "0.75": {
      "Jaccard": 0.507236,
      "Avg Meds": 17.820066,
      "Avg True Meds": 19.901327,
      "DDI Rate": 0.093199
    }
  },
  "calibrated_threshold": 0.65,
  "calibrated_metrics": {
    "Jaccard": 0.514228,
    "Avg Meds": 19.844942,
    "Avg True Meds": 19.901327,
    "DDI Rate": 0.091027
  },
  "config": {
    "hidden_dim": 256,
    "use_notes": false,
    "use_labs": true,
    "use_copy": false,
    "fusion_strategy": "film",
    "lab_dim": 40,
    "pos_weight_cap": 5.0,
    "use_cosine_lr": false,
    "contrastive_weight": 0.0,
    "margin_loss_weight": 0.0,
    "alignment_loss_weight": 0.1,
    "alignment_start_epoch": 1,
    "alignment_ramp_epochs": 0
  }
}