{
  "seed": 42,
  "ablation": "full",
  "mimic_version": 3,
  "mimic4_full": false,
  "cohort_tag": "mimic3",
  "best_val_jaccard": 0.5401982665061951,
  "test_metrics": {
    "Jaccard": 0.5403709411621094,
    "F1": 0.6940131783485413,
    "PRAUC": 0.7809664083590642,
    "DDI Rate": 0.08432489633193468,
    "Avg Meds": 22.655057907104492,
    "Avg True Meds": 19.90132713317871,
    "Precision": 0.6607750058174133,
    "Recall": 0.757487416267395,
    "NHJ_new": 0.2822965336473365,
    "NHJ_dropped": 0.360419152598632,
    "CVR": 0.0
  },
  "data_diagnostics": {
    "split_mode_requested": "hidr_vita",
    "require_cohort_split": false,
    "split_source": "hidr_vita_sequential",
    "split_seed_used": "n/a",
    "split_patient_counts": {
      "train": 4233,
      "val": 1059,
      "test": 1058
    },
    "split_example_counts": {
      "train": 6256,
      "val": 1220,
      "test": 1206
    },
    "ddi_density": 0.05261303581914269,
    "ddi_upper_pairs": 448,
    "ddi_total_pairs": 8515,
    "loaded_artifacts": {
      "records": "data/processed/records_final.pkl",
      "cohort": "data/processed/cohort_mimic3.pkl",
      "ddi": "data/processed/ddi_A_final.pkl",
      "ehr": "data/processed/ehr_adj_final.pkl",
      "embeddings": "data/embeddings/code_embeddings.pt",
      "labs": "data/processed/lab_vectors_400labs.pkl"
    }
  },
  "param_counts": {
    "visit_encoder": {
      "total": 4649474,
      "trainable": 2047490
    },
    "fusion": {
      "total": 449408,
      "trainable": 449408
    },
    "drug_gnn": {
      "total": 1151776,
      "trainable": 1151776
    },
    "predictor": {
      "total": 330054,
      "trainable": 330053
    },
    "model_total": {
      "total": 6843880,
      "trainable": 4241895
    }
  },
  "threshold_sweep": {
    "0.4": {
      "Jaccard": 0.534798,
      "Avg Meds": 24.363184,
      "Avg True Meds": 19.901327,
      "DDI Rate": 0.083602
    },
    "0.45": {
      "Jaccard": 0.538367,
      "Avg Meds": 23.465174,
      "Avg True Meds": 19.901327,
      "DDI Rate": 0.083762
    },
    "0.5": {
      "Jaccard": 0.540371,
      "Avg Meds": 22.655058,
      "Avg True Meds": 19.901327,
      "DDI Rate": 0.084325
    },
    "0.55": {
      "Jaccard": 0.542814,
      "Avg Meds": 21.882256,
      "Avg True Meds": 19.901327,
      "DDI Rate": 0.08449
    },
    "0.6": {
      "Jaccard": 0.542037,
      "Avg Meds": 21.108624,
      "Avg True Meds": 19.901327,
      "DDI Rate": 0.084965
    },
    "0.65": {
      "Jaccard": 0.540576,
      "Avg Meds": 20.329187,
      "Avg True Meds": 19.901327,
      "DDI Rate": 0.08518
    },
    "0.7": {
      "Jaccard": 0.539136,
      "Avg Meds": 19.513268,
      "Avg True Meds": 19.901327,
      "DDI Rate": 0.086278
    },
    "0.75": {
      "Jaccard": 0.534332,
      "Avg Meds": 18.660032,
      "Avg True Meds": 19.901327,
      "DDI Rate": 0.086577
    }
  },
  "calibrated_threshold": 0.7,
  "calibrated_metrics": {
    "Jaccard": 0.539136,
    "Avg Meds": 19.513268,
    "Avg True Meds": 19.901327,
    "DDI Rate": 0.086278
  },
  "config": {
    "hidden_dim": 256,
    "use_notes": false,
    "use_labs": true,
    "use_copy": false,
    "fusion_strategy": "film",
    "lab_dim": 800,
    "pos_weight_cap": 5.0,
    "use_cosine_lr": false,
    "contrastive_weight": 0.0,
    "margin_loss_weight": 0.0,
    "alignment_loss_weight": 0.1,
    "alignment_start_epoch": 1,
    "alignment_ramp_epochs": 0
  }
}