{
  "seed": 42,
  "ablation": "full",
  "mimic_version": 3,
  "mimic4_full": false,
  "cohort_tag": "mimic3",
  "best_val_jaccard": 0.5410699248313904,
  "test_metrics": {
    "Jaccard": 0.5382918119430542,
    "F1": 0.6921222805976868,
    "PRAUC": 0.7818037987511262,
    "DDI Rate": 0.07881972771772384,
    "Avg Meds": 22.208955764770508,
    "Avg True Meds": 19.90132713317871,
    "Precision": 0.6657050848007202,
    "Recall": 0.7469262480735779,
    "NHJ_new": 0.28659714836823313,
    "NHJ_dropped": 0.3731638130388762,
    "CVR": 0.0
  },
  "data_diagnostics": {
    "split_mode_requested": "hidr_vita",
    "require_cohort_split": false,
    "split_source": "hidr_vita_sequential",
    "split_seed_used": "n/a",
    "split_patient_counts": {
      "train": 4233,
      "val": 1059,
      "test": 1058
    },
    "split_example_counts": {
      "train": 6256,
      "val": 1220,
      "test": 1206
    },
    "ddi_density": 0.05261303581914269,
    "ddi_upper_pairs": 448,
    "ddi_total_pairs": 8515,
    "loaded_artifacts": {
      "records": "data/processed/records_final.pkl",
      "cohort": "data/processed/cohort_mimic3.pkl",
      "ddi": "data/processed/ddi_A_final.pkl",
      "ehr": "data/processed/ehr_adj_final.pkl",
      "embeddings": "data/embeddings/code_embeddings.pt",
      "labs": "data/processed/lab_vectors_200labs.pkl"
    }
  },
  "param_counts": {
    "visit_encoder": {
      "total": 4583681,
      "trainable": 1981697
    },
    "fusion": {
      "total": 423808,
      "trainable": 423808
    },
    "drug_gnn": {
      "total": 395008,
      "trainable": 395008
    },
    "predictor": {
      "total": 304454,
      "trainable": 304453
    },
    "model_total": {
      "total": 5970119,
      "trainable": 3368134
    }
  },
  "threshold_sweep": {
    "0.4": {
      "Jaccard": 0.537099,
      "Avg Meds": 23.939468,
      "Avg True Meds": 19.901327,
      "DDI Rate": 0.078094
    },
    "0.45": {
      "Jaccard": 0.537605,
      "Avg Meds": 23.072969,
      "Avg True Meds": 19.901327,
      "DDI Rate": 0.078434
    },
    "0.5": {
      "Jaccard": 0.538292,
      "Avg Meds": 22.208956,
      "Avg True Meds": 19.901327,
      "DDI Rate": 0.07882
    },
    "0.55": {
      "Jaccard": 0.538563,
      "Avg Meds": 21.400497,
      "Avg True Meds": 19.901327,
      "DDI Rate": 0.078988
    },
    "0.6": {
      "Jaccard": 0.538476,
      "Avg Meds": 20.607794,
      "Avg True Meds": 19.901327,
      "DDI Rate": 0.079416
    },
    "0.65": {
      "Jaccard": 0.536529,
      "Avg Meds": 19.818407,
      "Avg True Meds": 19.901327,
      "DDI Rate": 0.079904
    },
    "0.7": {
      "Jaccard": 0.535071,
      "Avg Meds": 19.042288,
      "Avg True Meds": 19.901327,
      "DDI Rate": 0.080125
    },
    "0.75": {
      "Jaccard": 0.530724,
      "Avg Meds": 18.189884,
      "Avg True Meds": 19.901327,
      "DDI Rate": 0.080208
    }
  },
  "calibrated_threshold": 0.65,
  "calibrated_metrics": {
    "Jaccard": 0.536529,
    "Avg Meds": 19.818407,
    "Avg True Meds": 19.901327,
    "DDI Rate": 0.079904
  },
  "config": {
    "hidden_dim": 256,
    "use_notes": false,
    "use_labs": true,
    "use_copy": false,
    "fusion_strategy": "film",
    "lab_dim": 400,
    "pos_weight_cap": 5.0,
    "use_cosine_lr": false,
    "contrastive_weight": 0.0,
    "margin_loss_weight": 0.0,
    "alignment_loss_weight": 0.1,
    "alignment_start_epoch": 1,
    "alignment_ramp_epochs": 0
  }
}