{
  "seed": 42,
  "ablation": "full",
  "mimic_version": 3,
  "mimic4_full": false,
  "cohort_tag": "mimic3",
  "best_val_jaccard": 0.5398475527763367,
  "test_metrics": {
    "Jaccard": 0.5388306975364685,
    "F1": 0.6926425695419312,
    "PRAUC": 0.7815127237587692,
    "DDI Rate": 0.07747985588138019,
    "Avg Meds": 23.12354850769043,
    "Avg True Meds": 19.90132713317871,
    "Precision": 0.6545138955116272,
    "Recall": 0.7626287937164307,
    "NHJ_new": 0.2900599782404147,
    "NHJ_dropped": 0.35943092170514557,
    "CVR": 0.0
  },
  "data_diagnostics": {
    "split_mode_requested": "hidr_vita",
    "require_cohort_split": false,
    "split_source": "hidr_vita_sequential",
    "split_seed_used": "n/a",
    "split_patient_counts": {
      "train": 4233,
      "val": 1059,
      "test": 1058
    },
    "split_example_counts": {
      "train": 6256,
      "val": 1220,
      "test": 1206
    },
    "ddi_density": 0.05261303581914269,
    "ddi_upper_pairs": 448,
    "ddi_total_pairs": 8515,
    "loaded_artifacts": {
      "records": "data/processed/records_final.pkl",
      "cohort": "data/processed/cohort_mimic3.pkl",
      "ddi": "data/processed/ddi_A_final.pkl",
      "ehr": "data/processed/ehr_adj_final.pkl",
      "embeddings": "data/embeddings/code_embeddings.pt",
      "labs": "data/processed/lab_vectors_200labs.pkl"
    }
  },
  "param_counts": {
    "visit_encoder": {
      "total": 4583681,
      "trainable": 1981697
    },
    "fusion": {
      "total": 423808,
      "trainable": 423808
    },
    "drug_gnn": {
      "total": 1316608,
      "trainable": 1316608
    },
    "predictor": {
      "total": 304454,
      "trainable": 304453
    },
    "model_total": {
      "total": 6891719,
      "trainable": 4289734
    }
  },
  "threshold_sweep": {
    "0.4": {
      "Jaccard": 0.532216,
      "Avg Meds": 25.03068,
      "Avg True Meds": 19.901327,
      "DDI Rate": 0.076772
    },
    "0.45": {
      "Jaccard": 0.535689,
      "Avg Meds": 24.03068,
      "Avg True Meds": 19.901327,
      "DDI Rate": 0.077045
    },
    "0.5": {
      "Jaccard": 0.538831,
      "Avg Meds": 23.123549,
      "Avg True Meds": 19.901327,
      "DDI Rate": 0.07748
    },
    "0.55": {
      "Jaccard": 0.540121,
      "Avg Meds": 22.238806,
      "Avg True Meds": 19.901327,
      "DDI Rate": 0.077776
    },
    "0.6": {
      "Jaccard": 0.538643,
      "Avg Meds": 21.412106,
      "Avg True Meds": 19.901327,
      "DDI Rate": 0.078
    },
    "0.65": {
      "Jaccard": 0.536862,
      "Avg Meds": 20.589552,
      "Avg True Meds": 19.901327,
      "DDI Rate": 0.07826
    },
    "0.7": {
      "Jaccard": 0.534772,
      "Avg Meds": 19.712273,
      "Avg True Meds": 19.901327,
      "DDI Rate": 0.078188
    },
    "0.75": {
      "Jaccard": 0.532407,
      "Avg Meds": 18.798508,
      "Avg True Meds": 19.901327,
      "DDI Rate": 0.078421
    }
  },
  "calibrated_threshold": 0.7,
  "calibrated_metrics": {
    "Jaccard": 0.534772,
    "Avg Meds": 19.712273,
    "Avg True Meds": 19.901327,
    "DDI Rate": 0.078188
  },
  "config": {
    "hidden_dim": 256,
    "use_notes": false,
    "use_labs": true,
    "use_copy": false,
    "fusion_strategy": "film",
    "lab_dim": 400,
    "pos_weight_cap": 5.0,
    "use_cosine_lr": false,
    "contrastive_weight": 0.0,
    "margin_loss_weight": 0.0,
    "alignment_loss_weight": 0.1,
    "alignment_start_epoch": 1,
    "alignment_ramp_epochs": 0
  }
}