{
  "seed": 42,
  "ablation": "full",
  "mimic_version": 3,
  "mimic4_full": false,
  "cohort_tag": "mimic3",
  "best_val_jaccard": 0.5394464135169983,
  "test_metrics": {
    "Jaccard": 0.5377479195594788,
    "F1": 0.6915698051452637,
    "PRAUC": 0.7788773597723695,
    "DDI Rate": 0.07693093277103946,
    "Avg Meds": 22.781923294067383,
    "Avg True Meds": 19.90132713317871,
    "Precision": 0.6597749590873718,
    "Recall": 0.7561084628105164,
    "NHJ_new": 0.28069805157812017,
    "NHJ_dropped": 0.34641816741541814,
    "CVR": 0.0
  },
  "data_diagnostics": {
    "split_mode_requested": "hidr_vita",
    "require_cohort_split": false,
    "split_source": "hidr_vita_sequential",
    "split_seed_used": "n/a",
    "split_patient_counts": {
      "train": 4233,
      "val": 1059,
      "test": 1058
    },
    "split_example_counts": {
      "train": 6256,
      "val": 1220,
      "test": 1206
    },
    "ddi_density": 0.05261303581914269,
    "ddi_upper_pairs": 448,
    "ddi_total_pairs": 8515,
    "loaded_artifacts": {
      "records": "data/processed/records_final.pkl",
      "cohort": "data/processed/cohort_mimic3.pkl",
      "ddi": "data/processed/ddi_A_final.pkl",
      "ehr": "data/processed/ehr_adj_final.pkl",
      "embeddings": "data/embeddings/code_embeddings.pt",
      "labs": "data/processed/lab_vectors_200labs.pkl"
    }
  },
  "param_counts": {
    "visit_encoder": {
      "total": 4649474,
      "trainable": 2047490
    },
    "fusion": {
      "total": 423808,
      "trainable": 423808
    },
    "drug_gnn": {
      "total": 1151776,
      "trainable": 1151776
    },
    "predictor": {
      "total": 304454,
      "trainable": 304453
    },
    "model_total": {
      "total": 6792680,
      "trainable": 4190695
    }
  },
  "threshold_sweep": {
    "0.4": {
      "Jaccard": 0.532949,
      "Avg Meds": 24.574627,
      "Avg True Meds": 19.901327,
      "DDI Rate": 0.07618
    },
    "0.45": {
      "Jaccard": 0.536271,
      "Avg Meds": 23.633499,
      "Avg True Meds": 19.901327,
      "DDI Rate": 0.076331
    },
    "0.5": {
      "Jaccard": 0.537748,
      "Avg Meds": 22.781923,
      "Avg True Meds": 19.901327,
      "DDI Rate": 0.076931
    },
    "0.55": {
      "Jaccard": 0.537789,
      "Avg Meds": 21.944445,
      "Avg True Meds": 19.901327,
      "DDI Rate": 0.077138
    },
    "0.6": {
      "Jaccard": 0.538196,
      "Avg Meds": 21.135157,
      "Avg True Meds": 19.901327,
      "DDI Rate": 0.077691
    },
    "0.65": {
      "Jaccard": 0.53819,
      "Avg Meds": 20.329187,
      "Avg True Meds": 19.901327,
      "DDI Rate": 0.078535
    },
    "0.7": {
      "Jaccard": 0.535788,
      "Avg Meds": 19.493366,
      "Avg True Meds": 19.901327,
      "DDI Rate": 0.079211
    },
    "0.75": {
      "Jaccard": 0.532521,
      "Avg Meds": 18.609453,
      "Avg True Meds": 19.901327,
      "DDI Rate": 0.079301
    }
  },
  "calibrated_threshold": 0.7,
  "calibrated_metrics": {
    "Jaccard": 0.535788,
    "Avg Meds": 19.493366,
    "Avg True Meds": 19.901327,
    "DDI Rate": 0.079211
  },
  "config": {
    "hidden_dim": 256,
    "use_notes": false,
    "use_labs": true,
    "use_copy": false,
    "fusion_strategy": "film",
    "lab_dim": 400,
    "pos_weight_cap": 5.0,
    "use_cosine_lr": false,
    "contrastive_weight": 0.0,
    "margin_loss_weight": 0.0,
    "alignment_loss_weight": 0.1,
    "alignment_start_epoch": 1,
    "alignment_ramp_epochs": 0
  }
}