{
  "seed": 123,
  "ablation": "full",
  "mimic_version": 3,
  "mimic4_full": false,
  "cohort_tag": "mimic3",
  "best_val_jaccard": 0.5430072546005249,
  "test_metrics": {
    "Jaccard": 0.543406069278717,
    "F1": 0.6965678334236145,
    "PRAUC": 0.7831895793231473,
    "DDI Rate": 0.08234285714285715,
    "Avg Meds": 22.261194229125977,
    "Avg True Meds": 19.90132713317871,
    "Precision": 0.6688131093978882,
    "Recall": 0.7527673244476318,
    "NHJ_new": 0.28739212767073985,
    "NHJ_dropped": 0.3682501567037482,
    "CVR": 0.0
  },
  "data_diagnostics": {
    "split_mode_requested": "hidr_vita",
    "require_cohort_split": false,
    "split_source": "hidr_vita_sequential",
    "split_seed_used": "n/a",
    "split_patient_counts": {
      "train": 4233,
      "val": 1059,
      "test": 1058
    },
    "split_example_counts": {
      "train": 6256,
      "val": 1220,
      "test": 1206
    },
    "ddi_density": 0.05261303581914269,
    "ddi_upper_pairs": 448,
    "ddi_total_pairs": 8515,
    "loaded_artifacts": {
      "records": "data/processed/records_final.pkl",
      "cohort": "data/processed/cohort_mimic3.pkl",
      "ddi": "data/processed/ddi_A_final.pkl",
      "ehr": "data/processed/ehr_adj_final.pkl",
      "embeddings": "data/embeddings/code_embeddings.pt",
      "labs": "data/processed/lab_vectors_200labs.pkl"
    }
  },
  "param_counts": {
    "visit_encoder": {
      "total": 4649474,
      "trainable": 2047490
    },
    "fusion": {
      "total": 423808,
      "trainable": 423808
    },
    "drug_gnn": {
      "total": 1151776,
      "trainable": 1151776
    },
    "predictor": {
      "total": 13603846,
      "trainable": 13603845
    },
    "model_total": {
      "total": 20092072,
      "trainable": 17490087
    }
  },
  "threshold_sweep": {
    "0.4": {
      "Jaccard": 0.538894,
      "Avg Meds": 24.022388,
      "Avg True Meds": 19.901327,
      "DDI Rate": 0.081725
    },
    "0.45": {
      "Jaccard": 0.541499,
      "Avg Meds": 23.156717,
      "Avg True Meds": 19.901327,
      "DDI Rate": 0.082056
    },
    "0.5": {
      "Jaccard": 0.543406,
      "Avg Meds": 22.261194,
      "Avg True Meds": 19.901327,
      "DDI Rate": 0.082343
    },
    "0.55": {
      "Jaccard": 0.544171,
      "Avg Meds": 21.444445,
      "Avg True Meds": 19.901327,
      "DDI Rate": 0.082779
    },
    "0.6": {
      "Jaccard": 0.542861,
      "Avg Meds": 20.674959,
      "Avg True Meds": 19.901327,
      "DDI Rate": 0.083038
    },
    "0.65": {
      "Jaccard": 0.541234,
      "Avg Meds": 19.85655,
      "Avg True Meds": 19.901327,
      "DDI Rate": 0.083557
    },
    "0.7": {
      "Jaccard": 0.538063,
      "Avg Meds": 19.003317,
      "Avg True Meds": 19.901327,
      "DDI Rate": 0.083564
    },
    "0.75": {
      "Jaccard": 0.534811,
      "Avg Meds": 18.100332,
      "Avg True Meds": 19.901327,
      "DDI Rate": 0.08354
    }
  },
  "calibrated_threshold": 0.65,
  "calibrated_metrics": {
    "Jaccard": 0.541234,
    "Avg Meds": 19.85655,
    "Avg True Meds": 19.901327,
    "DDI Rate": 0.083557
  },
  "config": {
    "hidden_dim": 256,
    "use_notes": false,
    "use_labs": true,
    "use_copy": false,
    "fusion_strategy": "film",
    "lab_dim": 400,
    "pos_weight_cap": 5.0,
    "use_cosine_lr": false,
    "contrastive_weight": 0.0,
    "margin_loss_weight": 0.0,
    "alignment_loss_weight": 0.1,
    "alignment_start_epoch": 1,
    "alignment_ramp_epochs": 0
  }
}