{
  "seed": 123,
  "ablation": "full",
  "mimic_version": 3,
  "mimic4_full": false,
  "cohort_tag": "mimic3",
  "best_val_jaccard": 0.5427937507629395,
  "test_metrics": {
    "Jaccard": 0.5417670011520386,
    "F1": 0.6951068639755249,
    "PRAUC": 0.7835717069525572,
    "DDI Rate": 0.07847670268231106,
    "Avg Meds": 21.983415603637695,
    "Avg True Meds": 19.90132713317871,
    "Precision": 0.6727556586265564,
    "Recall": 0.7446853518486023,
    "NHJ_new": 0.28635564368022115,
    "NHJ_dropped": 0.3763195605654466,
    "CVR": 0.0
  },
  "data_diagnostics": {
    "split_mode_requested": "hidr_vita",
    "require_cohort_split": false,
    "split_source": "hidr_vita_sequential",
    "split_seed_used": "n/a",
    "split_patient_counts": {
      "train": 4233,
      "val": 1059,
      "test": 1058
    },
    "split_example_counts": {
      "train": 6256,
      "val": 1220,
      "test": 1206
    },
    "ddi_density": 0.05261303581914269,
    "ddi_upper_pairs": 448,
    "ddi_total_pairs": 8515,
    "loaded_artifacts": {
      "records": "data/processed/records_final.pkl",
      "cohort": "data/processed/cohort_mimic3.pkl",
      "ddi": "data/processed/ddi_A_final.pkl",
      "ehr": "data/processed/ehr_adj_final.pkl",
      "embeddings": "data/embeddings/code_embeddings.pt",
      "labs": "data/processed/lab_vectors_200labs.pkl"
    }
  },
  "param_counts": {
    "visit_encoder": {
      "total": 4649474,
      "trainable": 2047490
    },
    "fusion": {
      "total": 423808,
      "trainable": 423808
    },
    "drug_gnn": {
      "total": 1151776,
      "trainable": 1151776
    },
    "predictor": {
      "total": 304454,
      "trainable": 304453
    },
    "model_total": {
      "total": 6792680,
      "trainable": 4190695
    }
  },
  "threshold_sweep": {
    "0.4": {
      "Jaccard": 0.53787,
      "Avg Meds": 23.788557,
      "Avg True Meds": 19.901327,
      "DDI Rate": 0.078454
    },
    "0.45": {
      "Jaccard": 0.540923,
      "Avg Meds": 22.852406,
      "Avg True Meds": 19.901327,
      "DDI Rate": 0.078732
    },
    "0.5": {
      "Jaccard": 0.541767,
      "Avg Meds": 21.983416,
      "Avg True Meds": 19.901327,
      "DDI Rate": 0.078477
    },
    "0.55": {
      "Jaccard": 0.541289,
      "Avg Meds": 21.140963,
      "Avg True Meds": 19.901327,
      "DDI Rate": 0.078781
    },
    "0.6": {
      "Jaccard": 0.539325,
      "Avg Meds": 20.276949,
      "Avg True Meds": 19.901327,
      "DDI Rate": 0.079235
    },
    "0.65": {
      "Jaccard": 0.536126,
      "Avg Meds": 19.42786,
      "Avg True Meds": 19.901327,
      "DDI Rate": 0.078516
    },
    "0.7": {
      "Jaccard": 0.53303,
      "Avg Meds": 18.553068,
      "Avg True Meds": 19.901327,
      "DDI Rate": 0.07886
    },
    "0.75": {
      "Jaccard": 0.52712,
      "Avg Meds": 17.620232,
      "Avg True Meds": 19.901327,
      "DDI Rate": 0.078927
    }
  },
  "calibrated_threshold": 0.6,
  "calibrated_metrics": {
    "Jaccard": 0.539325,
    "Avg Meds": 20.276949,
    "Avg True Meds": 19.901327,
    "DDI Rate": 0.079235
  },
  "config": {
    "hidden_dim": 256,
    "use_notes": false,
    "use_labs": true,
    "use_copy": false,
    "fusion_strategy": "film",
    "lab_dim": 400,
    "pos_weight_cap": 5.0,
    "use_cosine_lr": false,
    "contrastive_weight": 0.0,
    "margin_loss_weight": 0.0,
    "alignment_loss_weight": 0.1,
    "alignment_start_epoch": 1,
    "alignment_ramp_epochs": 0
  }
}