{
  "seed": 42,
  "ablation": "full",
  "mimic_version": 3,
  "mimic4_full": false,
  "cohort_tag": "mimic3",
  "best_val_jaccard": 0.5385836958885193,
  "test_metrics": {
    "Jaccard": 0.5370816588401794,
    "F1": 0.6913670897483826,
    "PRAUC": 0.7823717168691964,
    "DDI Rate": 0.08081761095924772,
    "Avg Meds": 23.329187393188477,
    "Avg True Meds": 19.90132713317871,
    "Precision": 0.6520248651504517,
    "Recall": 0.763643205165863,
    "NHJ_new": 0.28156789745155136,
    "NHJ_dropped": 0.3468347285923205,
    "CVR": 0.0
  },
  "data_diagnostics": {
    "split_mode_requested": "hidr_vita",
    "require_cohort_split": false,
    "split_source": "hidr_vita_sequential",
    "split_seed_used": "n/a",
    "split_patient_counts": {
      "train": 4233,
      "val": 1059,
      "test": 1058
    },
    "split_example_counts": {
      "train": 6256,
      "val": 1220,
      "test": 1206
    },
    "ddi_density": 0.05261303581914269,
    "ddi_upper_pairs": 448,
    "ddi_total_pairs": 8515,
    "loaded_artifacts": {
      "records": "data/processed/records_final.pkl",
      "cohort": "data/processed/cohort_mimic3.pkl",
      "ddi": "data/processed/ddi_A_final.pkl",
      "ehr": "data/processed/ehr_adj_final.pkl",
      "embeddings": "data/embeddings/code_embeddings.pt",
      "labs": "data/processed/lab_vectors_100labs.pkl"
    }
  },
  "param_counts": {
    "visit_encoder": {
      "total": 4649474,
      "trainable": 2047490
    },
    "fusion": {
      "total": 411008,
      "trainable": 411008
    },
    "drug_gnn": {
      "total": 1151776,
      "trainable": 1151776
    },
    "predictor": {
      "total": 291654,
      "trainable": 291653
    },
    "model_total": {
      "total": 6767080,
      "trainable": 4165095
    }
  },
  "threshold_sweep": {
    "0.4": {
      "Jaccard": 0.532582,
      "Avg Meds": 25.1534,
      "Avg True Meds": 19.901327,
      "DDI Rate": 0.080764
    },
    "0.45": {
      "Jaccard": 0.535704,
      "Avg Meds": 24.222221,
      "Avg True Meds": 19.901327,
      "DDI Rate": 0.080742
    },
    "0.5": {
      "Jaccard": 0.537082,
      "Avg Meds": 23.329187,
      "Avg True Meds": 19.901327,
      "DDI Rate": 0.080818
    },
    "0.55": {
      "Jaccard": 0.53997,
      "Avg Meds": 22.477612,
      "Avg True Meds": 19.901327,
      "DDI Rate": 0.081124
    },
    "0.6": {
      "Jaccard": 0.541431,
      "Avg Meds": 21.578773,
      "Avg True Meds": 19.901327,
      "DDI Rate": 0.081461
    },
    "0.65": {
      "Jaccard": 0.541262,
      "Avg Meds": 20.704809,
      "Avg True Meds": 19.901327,
      "DDI Rate": 0.081711
    },
    "0.7": {
      "Jaccard": 0.538951,
      "Avg Meds": 19.793531,
      "Avg True Meds": 19.901327,
      "DDI Rate": 0.081576
    },
    "0.75": {
      "Jaccard": 0.535019,
      "Avg Meds": 18.860697,
      "Avg True Meds": 19.901327,
      "DDI Rate": 0.082159
    }
  },
  "calibrated_threshold": 0.7,
  "calibrated_metrics": {
    "Jaccard": 0.538951,
    "Avg Meds": 19.793531,
    "Avg True Meds": 19.901327,
    "DDI Rate": 0.081576
  },
  "config": {
    "hidden_dim": 256,
    "use_notes": false,
    "use_labs": true,
    "use_copy": false,
    "fusion_strategy": "film",
    "lab_dim": 200,
    "pos_weight_cap": 5.0,
    "use_cosine_lr": false,
    "contrastive_weight": 0.0,
    "margin_loss_weight": 0.0,
    "alignment_loss_weight": 0.1,
    "alignment_start_epoch": 1,
    "alignment_ramp_epochs": 0
  }
}