{
  "seed": 456,
  "ablation": "full",
  "mimic_version": 3,
  "mimic4_full": false,
  "cohort_tag": "mimic3",
  "best_val_jaccard": 0.5257087349891663,
  "test_metrics": {
    "Jaccard": 0.5279103517532349,
    "F1": 0.6834592223167419,
    "PRAUC": 0.7737644786594936,
    "DDI Rate": 0.08126894634202854,
    "Avg Meds": 23.717247009277344,
    "Avg True Meds": 19.90132713317871,
    "Precision": 0.640043318271637,
    "Recall": 0.7619886994361877,
    "NHJ_new": 0.28487495529024226,
    "NHJ_dropped": 0.35297356310643646,
    "CVR": 0.0
  },
  "data_diagnostics": {
    "split_mode_requested": "hidr_vita",
    "require_cohort_split": false,
    "split_source": "hidr_vita_sequential",
    "split_seed_used": "n/a",
    "split_patient_counts": {
      "train": 4233,
      "val": 1059,
      "test": 1058
    },
    "split_example_counts": {
      "train": 6256,
      "val": 1220,
      "test": 1206
    },
    "ddi_density": 0.05261303581914269,
    "ddi_upper_pairs": 448,
    "ddi_total_pairs": 8515,
    "loaded_artifacts": {
      "records": "data/processed/records_final.pkl",
      "cohort": "data/processed/cohort_mimic3.pkl",
      "ddi": "data/processed/ddi_A_final.pkl",
      "ehr": "data/processed/ehr_adj_final.pkl",
      "embeddings": "data/embeddings/code_embeddings.pt",
      "labs": "data/processed/lab_vectors_200labs.pkl"
    }
  },
  "param_counts": {
    "visit_encoder": {
      "total": 3793665,
      "trainable": 1191681
    },
    "fusion": {
      "total": 423808,
      "trainable": 423808
    },
    "drug_gnn": {
      "total": 1974080,
      "trainable": 1974080
    },
    "predictor": {
      "total": 304454,
      "trainable": 304453
    },
    "model_total": {
      "total": 6759175,
      "trainable": 4157190
    }
  },
  "threshold_sweep": {
    "0.4": {
      "Jaccard": 0.521512,
      "Avg Meds": 25.74544,
      "Avg True Meds": 19.901327,
      "DDI Rate": 0.081489
    },
    "0.45": {
      "Jaccard": 0.526195,
      "Avg Meds": 24.697346,
      "Avg True Meds": 19.901327,
      "DDI Rate": 0.081622
    },
    "0.5": {
      "Jaccard": 0.52791,
      "Avg Meds": 23.717247,
      "Avg True Meds": 19.901327,
      "DDI Rate": 0.081269
    },
    "0.55": {
      "Jaccard": 0.528738,
      "Avg Meds": 22.805969,
      "Avg True Meds": 19.901327,
      "DDI Rate": 0.081336
    },
    "0.6": {
      "Jaccard": 0.531058,
      "Avg Meds": 21.89801,
      "Avg True Meds": 19.901327,
      "DDI Rate": 0.080765
    },
    "0.65": {
      "Jaccard": 0.529639,
      "Avg Meds": 20.955223,
      "Avg True Meds": 19.901327,
      "DDI Rate": 0.080842
    },
    "0.7": {
      "Jaccard": 0.527571,
      "Avg Meds": 20.023218,
      "Avg True Meds": 19.901327,
      "DDI Rate": 0.080973
    },
    "0.75": {
      "Jaccard": 0.52461,
      "Avg Meds": 19.027363,
      "Avg True Meds": 19.901327,
      "DDI Rate": 0.080891
    }
  },
  "calibrated_threshold": 0.7,
  "calibrated_metrics": {
    "Jaccard": 0.527571,
    "Avg Meds": 20.023218,
    "Avg True Meds": 19.901327,
    "DDI Rate": 0.080973
  },
  "config": {
    "hidden_dim": 256,
    "use_notes": false,
    "use_labs": true,
    "use_copy": false,
    "fusion_strategy": "film",
    "lab_dim": 400,
    "pos_weight_cap": 5.0,
    "use_cosine_lr": false,
    "contrastive_weight": 0.0,
    "margin_loss_weight": 0.0,
    "alignment_loss_weight": 0.1,
    "alignment_start_epoch": 1,
    "alignment_ramp_epochs": 0
  }
}