{
  "seed": 42,
  "ablation": "full",
  "mimic_version": 3,
  "mimic4_full": false,
  "cohort_tag": "mimic3",
  "best_val_jaccard": 0.5388347506523132,
  "test_metrics": {
    "Jaccard": 0.5383564233779907,
    "F1": 0.6920246481895447,
    "PRAUC": 0.781597569368825,
    "DDI Rate": 0.0791644921593479,
    "Avg Meds": 22.218076705932617,
    "Avg True Meds": 19.90132713317871,
    "Precision": 0.6697174310684204,
    "Recall": 0.743246853351593,
    "NHJ_new": 0.2864487720163245,
    "NHJ_dropped": 0.3768919078927291,
    "CVR": 0.0
  },
  "data_diagnostics": {
    "split_mode_requested": "hidr_vita",
    "require_cohort_split": false,
    "split_source": "hidr_vita_sequential",
    "split_seed_used": "n/a",
    "split_patient_counts": {
      "train": 4233,
      "val": 1059,
      "test": 1058
    },
    "split_example_counts": {
      "train": 6256,
      "val": 1220,
      "test": 1206
    },
    "ddi_density": 0.05261303581914269,
    "ddi_upper_pairs": 448,
    "ddi_total_pairs": 8515,
    "loaded_artifacts": {
      "records": "data/processed/records_final.pkl",
      "cohort": "data/processed/cohort_mimic3.pkl",
      "ddi": "data/processed/ddi_A_final.pkl",
      "ehr": "data/processed/ehr_adj_final.pkl",
      "embeddings": "data/embeddings/code_embeddings.pt",
      "labs": "data/processed/lab_vectors_200labs.pkl"
    }
  },
  "param_counts": {
    "visit_encoder": {
      "total": 4583681,
      "trainable": 1981697
    },
    "fusion": {
      "total": 423808,
      "trainable": 423808
    },
    "drug_gnn": {
      "total": 526080,
      "trainable": 526080
    },
    "predictor": {
      "total": 304454,
      "trainable": 304453
    },
    "model_total": {
      "total": 6101191,
      "trainable": 3499206
    }
  },
  "threshold_sweep": {
    "0.4": {
      "Jaccard": 0.535378,
      "Avg Meds": 24.14262,
      "Avg True Meds": 19.901327,
      "DDI Rate": 0.078758
    },
    "0.45": {
      "Jaccard": 0.538194,
      "Avg Meds": 23.131842,
      "Avg True Meds": 19.901327,
      "DDI Rate": 0.079039
    },
    "0.5": {
      "Jaccard": 0.538356,
      "Avg Meds": 22.218077,
      "Avg True Meds": 19.901327,
      "DDI Rate": 0.079164
    },
    "0.55": {
      "Jaccard": 0.538619,
      "Avg Meds": 21.312603,
      "Avg True Meds": 19.901327,
      "DDI Rate": 0.079491
    },
    "0.6": {
      "Jaccard": 0.538125,
      "Avg Meds": 20.422886,
      "Avg True Meds": 19.901327,
      "DDI Rate": 0.080031
    },
    "0.65": {
      "Jaccard": 0.5356,
      "Avg Meds": 19.600332,
      "Avg True Meds": 19.901327,
      "DDI Rate": 0.080022
    },
    "0.7": {
      "Jaccard": 0.532061,
      "Avg Meds": 18.632669,
      "Avg True Meds": 19.901327,
      "DDI Rate": 0.080057
    },
    "0.75": {
      "Jaccard": 0.526104,
      "Avg Meds": 17.68325,
      "Avg True Meds": 19.901327,
      "DDI Rate": 0.080165
    }
  },
  "calibrated_threshold": 0.65,
  "calibrated_metrics": {
    "Jaccard": 0.5356,
    "Avg Meds": 19.600332,
    "Avg True Meds": 19.901327,
    "DDI Rate": 0.080022
  },
  "config": {
    "hidden_dim": 256,
    "use_notes": false,
    "use_labs": true,
    "use_copy": false,
    "fusion_strategy": "film",
    "lab_dim": 400,
    "pos_weight_cap": 5.0,
    "use_cosine_lr": false,
    "contrastive_weight": 0.0,
    "margin_loss_weight": 0.0,
    "alignment_loss_weight": 0.1,
    "alignment_start_epoch": 1,
    "alignment_ramp_epochs": 0
  }
}