{
  "seed": 456,
  "ablation": "full",
  "mimic_version": 3,
  "mimic4_full": false,
  "cohort_tag": "mimic3",
  "best_val_jaccard": 0.5507957935333252,
  "test_metrics": {
    "Jaccard": 0.5491703748703003,
    "F1": 0.7016546130180359,
    "PRAUC": 0.7885984914435429,
    "DDI Rate": 0.08336031606933325,
    "Avg Meds": 22.94776153564453,
    "Avg True Meds": 19.90132713317871,
    "Precision": 0.6628440618515015,
    "Recall": 0.7675449252128601,
    "NHJ_new": 0.3076017608768062,
    "NHJ_dropped": 0.39004300770006683,
    "CVR": 0.0
  },
  "data_diagnostics": {
    "split_mode_requested": "hidr_vita",
    "require_cohort_split": false,
    "split_source": "hidr_vita_sequential",
    "split_seed_used": "n/a",
    "split_patient_counts": {
      "train": 4233,
      "val": 1059,
      "test": 1058
    },
    "split_example_counts": {
      "train": 6256,
      "val": 1220,
      "test": 1206
    },
    "ddi_density": 0.05261303581914269,
    "ddi_upper_pairs": 448,
    "ddi_total_pairs": 8515,
    "loaded_artifacts": {
      "records": "data/processed/records_final.pkl",
      "cohort": "data/processed/cohort_mimic3.pkl",
      "ddi": "data/processed/ddi_A_final.pkl",
      "ehr": "data/processed/ehr_adj_final.pkl",
      "embeddings": "data/embeddings/code_embeddings.pt",
      "notes": "data/processed/note_embeddings_mimic3.pkl",
      "labs": "data/processed/lab_vectors_200labs.pkl"
    }
  },
  "param_counts": {
    "visit_encoder": {
      "total": 4583681,
      "trainable": 1981697
    },
    "fusion": {
      "total": 423808,
      "trainable": 423808
    },
    "drug_gnn": {
      "total": 1974080,
      "trainable": 1974080
    },
    "predictor": {
      "total": 369990,
      "trainable": 369990
    },
    "model_total": {
      "total": 7614727,
      "trainable": 5012743
    }
  },
  "threshold_sweep": {
    "0.4": {
      "Jaccard": 0.54355,
      "Avg Meds": 24.729685,
      "Avg True Meds": 19.901327,
      "DDI Rate": 0.082505
    },
    "0.45": {
      "Jaccard": 0.546521,
      "Avg Meds": 23.812603,
      "Avg True Meds": 19.901327,
      "DDI Rate": 0.082879
    },
    "0.5": {
      "Jaccard": 0.54917,
      "Avg Meds": 22.947762,
      "Avg True Meds": 19.901327,
      "DDI Rate": 0.08336
    },
    "0.55": {
      "Jaccard": 0.54999,
      "Avg Meds": 22.105307,
      "Avg True Meds": 19.901327,
      "DDI Rate": 0.083624
    },
    "0.6": {
      "Jaccard": 0.551209,
      "Avg Meds": 21.235489,
      "Avg True Meds": 19.901327,
      "DDI Rate": 0.083965
    },
    "0.65": {
      "Jaccard": 0.550709,
      "Avg Meds": 20.396351,
      "Avg True Meds": 19.901327,
      "DDI Rate": 0.084042
    },
    "0.7": {
      "Jaccard": 0.54777,
      "Avg Meds": 19.608624,
      "Avg True Meds": 19.901327,
      "DDI Rate": 0.084423
    },
    "0.75": {
      "Jaccard": 0.545006,
      "Avg Meds": 18.665009,
      "Avg True Meds": 19.901327,
      "DDI Rate": 0.084218
    }
  },
  "calibrated_threshold": 0.7,
  "calibrated_metrics": {
    "Jaccard": 0.54777,
    "Avg Meds": 19.608624,
    "Avg True Meds": 19.901327,
    "DDI Rate": 0.084423
  },
  "config": {
    "hidden_dim": 256,
    "use_notes": true,
    "use_labs": true,
    "use_copy": false,
    "fusion_strategy": "film",
    "lab_dim": 400,
    "pos_weight_cap": 5.0,
    "use_cosine_lr": false,
    "contrastive_weight": 0.0,
    "margin_loss_weight": 0.0,
    "alignment_loss_weight": 0.1,
    "alignment_start_epoch": 1,
    "alignment_ramp_epochs": 0
  }
}