{
  "seed": 456,
  "ablation": "full",
  "mimic_version": 3,
  "mimic4_full": false,
  "cohort_tag": "mimic3",
  "best_val_jaccard": 0.5422369837760925,
  "test_metrics": {
    "Jaccard": 0.5417519211769104,
    "F1": 0.6950146555900574,
    "PRAUC": 0.7810103120245302,
    "DDI Rate": 0.08472545150218505,
    "Avg Meds": 21.839967727661133,
    "Avg True Meds": 19.90132713317871,
    "Precision": 0.6750898957252502,
    "Recall": 0.7413154244422913,
    "NHJ_new": 0.2886930806072135,
    "NHJ_dropped": 0.376734711621937,
    "CVR": 0.0
  },
  "data_diagnostics": {
    "split_mode_requested": "hidr_vita",
    "require_cohort_split": false,
    "split_source": "hidr_vita_sequential",
    "split_seed_used": "n/a",
    "split_patient_counts": {
      "train": 4233,
      "val": 1059,
      "test": 1058
    },
    "split_example_counts": {
      "train": 6256,
      "val": 1220,
      "test": 1206
    },
    "ddi_density": 0.05261303581914269,
    "ddi_upper_pairs": 448,
    "ddi_total_pairs": 8515,
    "loaded_artifacts": {
      "records": "data/processed/records_final.pkl",
      "cohort": "data/processed/cohort_mimic3.pkl",
      "ddi": "data/processed/ddi_A_final.pkl",
      "ehr": "data/processed/ehr_adj_final.pkl",
      "embeddings": "data/embeddings/code_embeddings.pt",
      "labs": "data/processed/lab_vectors_400labs.pkl"
    }
  },
  "param_counts": {
    "visit_encoder": {
      "total": 4649474,
      "trainable": 2047490
    },
    "fusion": {
      "total": 449408,
      "trainable": 449408
    },
    "drug_gnn": {
      "total": 1151776,
      "trainable": 1151776
    },
    "predictor": {
      "total": 330054,
      "trainable": 330053
    },
    "model_total": {
      "total": 6843880,
      "trainable": 4241895
    }
  },
  "threshold_sweep": {
    "0.4": {
      "Jaccard": 0.538789,
      "Avg Meds": 23.730515,
      "Avg True Meds": 19.901327,
      "DDI Rate": 0.084145
    },
    "0.45": {
      "Jaccard": 0.540425,
      "Avg Meds": 22.776119,
      "Avg True Meds": 19.901327,
      "DDI Rate": 0.084457
    },
    "0.5": {
      "Jaccard": 0.541752,
      "Avg Meds": 21.839968,
      "Avg True Meds": 19.901327,
      "DDI Rate": 0.084725
    },
    "0.55": {
      "Jaccard": 0.541108,
      "Avg Meds": 21.00083,
      "Avg True Meds": 19.901327,
      "DDI Rate": 0.08477
    },
    "0.6": {
      "Jaccard": 0.540066,
      "Avg Meds": 20.18325,
      "Avg True Meds": 19.901327,
      "DDI Rate": 0.085218
    },
    "0.65": {
      "Jaccard": 0.538763,
      "Avg Meds": 19.354893,
      "Avg True Meds": 19.901327,
      "DDI Rate": 0.085191
    },
    "0.7": {
      "Jaccard": 0.535806,
      "Avg Meds": 18.511608,
      "Avg True Meds": 19.901327,
      "DDI Rate": 0.086295
    },
    "0.75": {
      "Jaccard": 0.528669,
      "Avg Meds": 17.563847,
      "Avg True Meds": 19.901327,
      "DDI Rate": 0.086001
    }
  },
  "calibrated_threshold": 0.6,
  "calibrated_metrics": {
    "Jaccard": 0.540066,
    "Avg Meds": 20.18325,
    "Avg True Meds": 19.901327,
    "DDI Rate": 0.085218
  },
  "config": {
    "hidden_dim": 256,
    "use_notes": false,
    "use_labs": true,
    "use_copy": false,
    "fusion_strategy": "film",
    "lab_dim": 800,
    "pos_weight_cap": 5.0,
    "use_cosine_lr": false,
    "contrastive_weight": 0.0,
    "margin_loss_weight": 0.0,
    "alignment_loss_weight": 0.1,
    "alignment_start_epoch": 1,
    "alignment_ramp_epochs": 0
  }
}