{
  "seed": 123,
  "ablation": "full",
  "mimic_version": 3,
  "mimic4_full": false,
  "cohort_tag": "mimic3",
  "best_val_jaccard": 0.5132939219474792,
  "test_metrics": {
    "Jaccard": 0.5153855085372925,
    "F1": 0.6720656752586365,
    "PRAUC": 0.7642145357148675,
    "DDI Rate": 0.08438271586328734,
    "Avg Meds": 23.20315170288086,
    "Avg True Meds": 19.90132713317871,
    "Precision": 0.6390599012374878,
    "Recall": 0.755033552646637,
    "NHJ_new": 0.22940472631078018,
    "NHJ_dropped": 0.2159268879576733,
    "CVR": 0.0
  },
  "data_diagnostics": {
    "split_mode_requested": "hidr_vita",
    "require_cohort_split": false,
    "split_source": "hidr_vita_sequential",
    "split_seed_used": "n/a",
    "split_patient_counts": {
      "train": 4233,
      "val": 1059,
      "test": 1058
    },
    "split_example_counts": {
      "train": 6256,
      "val": 1220,
      "test": 1206
    },
    "ddi_density": 0.05261303581914269,
    "ddi_upper_pairs": 448,
    "ddi_total_pairs": 8515,
    "loaded_artifacts": {
      "records": "data/processed/records_final.pkl",
      "cohort": "data/processed/cohort_mimic3.pkl",
      "ddi": "data/processed/ddi_A_final.pkl",
      "ehr": "data/processed/ehr_adj_final.pkl",
      "embeddings": "data/embeddings/code_embeddings.pt"
    }
  },
  "param_counts": {
    "visit_encoder": {
      "total": 4583681,
      "trainable": 1981697
    },
    "drug_gnn": {
      "total": 1974080,
      "trainable": 1974080
    },
    "predictor": {
      "total": 1316359,
      "trainable": 1316357
    },
    "model_total": {
      "total": 8137288,
      "trainable": 5535302
    }
  },
  "threshold_sweep": {
    "0.4": {
      "Jaccard": 0.513501,
      "Avg Meds": 24.739635,
      "Avg True Meds": 19.901327,
      "DDI Rate": 0.081625
    },
    "0.45": {
      "Jaccard": 0.514612,
      "Avg Meds": 23.946932,
      "Avg True Meds": 19.901327,
      "DDI Rate": 0.082818
    },
    "0.5": {
      "Jaccard": 0.515386,
      "Avg Meds": 23.203152,
      "Avg True Meds": 19.901327,
      "DDI Rate": 0.084383
    },
    "0.55": {
      "Jaccard": 0.515882,
      "Avg Meds": 22.48922,
      "Avg True Meds": 19.901327,
      "DDI Rate": 0.085894
    },
    "0.6": {
      "Jaccard": 0.516545,
      "Avg Meds": 21.733002,
      "Avg True Meds": 19.901327,
      "DDI Rate": 0.087583
    },
    "0.65": {
      "Jaccard": 0.514663,
      "Avg Meds": 20.961857,
      "Avg True Meds": 19.901327,
      "DDI Rate": 0.08896
    },
    "0.7": {
      "Jaccard": 0.512498,
      "Avg Meds": 20.170813,
      "Avg True Meds": 19.901327,
      "DDI Rate": 0.091268
    },
    "0.75": {
      "Jaccard": 0.509117,
      "Avg Meds": 19.280266,
      "Avg True Meds": 19.901327,
      "DDI Rate": 0.093344
    }
  },
  "calibrated_threshold": 0.7,
  "calibrated_metrics": {
    "Jaccard": 0.512498,
    "Avg Meds": 20.170813,
    "Avg True Meds": 19.901327,
    "DDI Rate": 0.091268
  },
  "config": {
    "hidden_dim": 256,
    "use_notes": false,
    "use_labs": false,
    "use_copy": false,
    "fusion_strategy": "film",
    "lab_dim": 0,
    "pos_weight_cap": 5.0,
    "use_cosine_lr": false,
    "contrastive_weight": 0.0,
    "margin_loss_weight": 0.0,
    "alignment_loss_weight": 0.1,
    "alignment_start_epoch": 1,
    "alignment_ramp_epochs": 0
  }
}