{
  "seed": 456,
  "ablation": "full",
  "mimic_version": 3,
  "mimic4_full": false,
  "cohort_tag": "mimic3",
  "best_val_jaccard": 0.5441387295722961,
  "test_metrics": {
    "Jaccard": 0.540188193321228,
    "F1": 0.6934205889701843,
    "PRAUC": 0.7824320455899201,
    "DDI Rate": 0.08167681575324888,
    "Avg Meds": 23.263681411743164,
    "Avg True Meds": 19.90132713317871,
    "Precision": 0.6526494026184082,
    "Recall": 0.7672353386878967,
    "NHJ_new": 0.29649443610718373,
    "NHJ_dropped": 0.3478735748090242,
    "CVR": 0.0
  },
  "data_diagnostics": {
    "split_mode_requested": "hidr_vita",
    "require_cohort_split": false,
    "split_source": "hidr_vita_sequential",
    "split_seed_used": "n/a",
    "split_patient_counts": {
      "train": 4233,
      "val": 1059,
      "test": 1058
    },
    "split_example_counts": {
      "train": 6256,
      "val": 1220,
      "test": 1206
    },
    "ddi_density": 0.05261303581914269,
    "ddi_upper_pairs": 448,
    "ddi_total_pairs": 8515,
    "loaded_artifacts": {
      "records": "data/processed/records_final.pkl",
      "cohort": "data/processed/cohort_mimic3.pkl",
      "ddi": "data/processed/ddi_A_final.pkl",
      "ehr": "data/processed/ehr_adj_final.pkl",
      "embeddings": "data/embeddings/code_embeddings.pt",
      "notes": "data/processed/note_embeddings_mimic3.pkl"
    }
  },
  "param_counts": {
    "visit_encoder": {
      "total": 4583681,
      "trainable": 1981697
    },
    "fusion": {
      "total": 400512,
      "trainable": 400512
    },
    "drug_gnn": {
      "total": 1974080,
      "trainable": 1974080
    },
    "predictor": {
      "total": 327942,
      "trainable": 327941
    },
    "model_total": {
      "total": 7549383,
      "trainable": 4947398
    }
  },
  "threshold_sweep": {
    "0.4": {
      "Jaccard": 0.534172,
      "Avg Meds": 25.131842,
      "Avg True Meds": 19.901327,
      "DDI Rate": 0.080698
    },
    "0.45": {
      "Jaccard": 0.536972,
      "Avg Meds": 24.167496,
      "Avg True Meds": 19.901327,
      "DDI Rate": 0.081094
    },
    "0.5": {
      "Jaccard": 0.540188,
      "Avg Meds": 23.263681,
      "Avg True Meds": 19.901327,
      "DDI Rate": 0.081677
    },
    "0.55": {
      "Jaccard": 0.542653,
      "Avg Meds": 22.393864,
      "Avg True Meds": 19.901327,
      "DDI Rate": 0.081677
    },
    "0.6": {
      "Jaccard": 0.543279,
      "Avg Meds": 21.573797,
      "Avg True Meds": 19.901327,
      "DDI Rate": 0.081991
    },
    "0.65": {
      "Jaccard": 0.543416,
      "Avg Meds": 20.731344,
      "Avg True Meds": 19.901327,
      "DDI Rate": 0.08274
    },
    "0.7": {
      "Jaccard": 0.541578,
      "Avg Meds": 19.829187,
      "Avg True Meds": 19.901327,
      "DDI Rate": 0.083322
    },
    "0.75": {
      "Jaccard": 0.537875,
      "Avg Meds": 18.873135,
      "Avg True Meds": 19.901327,
      "DDI Rate": 0.083989
    }
  },
  "calibrated_threshold": 0.7,
  "calibrated_metrics": {
    "Jaccard": 0.541578,
    "Avg Meds": 19.829187,
    "Avg True Meds": 19.901327,
    "DDI Rate": 0.083322
  },
  "config": {
    "hidden_dim": 256,
    "use_notes": true,
    "use_labs": false,
    "use_copy": false,
    "fusion_strategy": "film",
    "lab_dim": 0,
    "pos_weight_cap": 5.0,
    "use_cosine_lr": false,
    "contrastive_weight": 0.0,
    "margin_loss_weight": 0.0,
    "alignment_loss_weight": 0.1,
    "alignment_start_epoch": 1,
    "alignment_ramp_epochs": 0
  }
}