{
  "seed": 456,
  "ablation": "full",
  "mimic_version": 3,
  "mimic4_full": false,
  "cohort_tag": "mimic3",
  "best_val_jaccard": 0.526910662651062,
  "test_metrics": {
    "Jaccard": 0.5289950370788574,
    "F1": 0.68415367603302,
    "PRAUC": 0.7685196946370658,
    "DDI Rate": 0.08186728141933906,
    "Avg Meds": 22.920398712158203,
    "Avg True Meds": 19.90132713317871,
    "Precision": 0.6513240337371826,
    "Recall": 0.7508190870285034,
    "NHJ_new": 0.2768003862155111,
    "NHJ_dropped": 0.3621513937648974,
    "CVR": 0.0
  },
  "data_diagnostics": {
    "split_mode_requested": "hidr_vita",
    "require_cohort_split": false,
    "split_source": "hidr_vita_sequential",
    "split_seed_used": "n/a",
    "split_patient_counts": {
      "train": 4233,
      "val": 1059,
      "test": 1058
    },
    "split_example_counts": {
      "train": 6256,
      "val": 1220,
      "test": 1206
    },
    "ddi_density": 0.05261303581914269,
    "ddi_upper_pairs": 448,
    "ddi_total_pairs": 8515,
    "loaded_artifacts": {
      "records": "data/processed/records_final.pkl",
      "cohort": "data/processed/cohort_mimic3.pkl",
      "ddi": "data/processed/ddi_A_final.pkl",
      "ehr": "data/processed/ehr_adj_final.pkl",
      "embeddings": "data/embeddings/code_embeddings.pt",
      "notes": "data/processed/note_embeddings_mimic3.pkl"
    }
  },
  "param_counts": {
    "visit_encoder": {
      "total": 3793665,
      "trainable": 1191681
    },
    "fusion": {
      "total": 400512,
      "trainable": 400512
    },
    "drug_gnn": {
      "total": 1974080,
      "trainable": 1974080
    },
    "predictor": {
      "total": 327942,
      "trainable": 327941
    },
    "model_total": {
      "total": 6759367,
      "trainable": 4157382
    }
  },
  "threshold_sweep": {
    "0.4": {
      "Jaccard": 0.524458,
      "Avg Meds": 25.08209,
      "Avg True Meds": 19.901327,
      "DDI Rate": 0.080248
    },
    "0.45": {
      "Jaccard": 0.52803,
      "Avg Meds": 23.979271,
      "Avg True Meds": 19.901327,
      "DDI Rate": 0.080791
    },
    "0.5": {
      "Jaccard": 0.528995,
      "Avg Meds": 22.920399,
      "Avg True Meds": 19.901327,
      "DDI Rate": 0.081867
    },
    "0.55": {
      "Jaccard": 0.53087,
      "Avg Meds": 21.867331,
      "Avg True Meds": 19.901327,
      "DDI Rate": 0.082324
    },
    "0.6": {
      "Jaccard": 0.529774,
      "Avg Meds": 20.825871,
      "Avg True Meds": 19.901327,
      "DDI Rate": 0.083222
    },
    "0.65": {
      "Jaccard": 0.528945,
      "Avg Meds": 19.839138,
      "Avg True Meds": 19.901327,
      "DDI Rate": 0.083957
    },
    "0.7": {
      "Jaccard": 0.524778,
      "Avg Meds": 18.776949,
      "Avg True Meds": 19.901327,
      "DDI Rate": 0.084994
    },
    "0.75": {
      "Jaccard": 0.520787,
      "Avg Meds": 17.690714,
      "Avg True Meds": 19.901327,
      "DDI Rate": 0.086068
    }
  },
  "calibrated_threshold": 0.65,
  "calibrated_metrics": {
    "Jaccard": 0.528945,
    "Avg Meds": 19.839138,
    "Avg True Meds": 19.901327,
    "DDI Rate": 0.083957
  },
  "config": {
    "hidden_dim": 256,
    "use_notes": true,
    "use_labs": false,
    "use_copy": false,
    "fusion_strategy": "film",
    "lab_dim": 0,
    "pos_weight_cap": 5.0,
    "use_cosine_lr": false,
    "contrastive_weight": 0.0,
    "margin_loss_weight": 0.0,
    "alignment_loss_weight": 0.1,
    "alignment_start_epoch": 1,
    "alignment_ramp_epochs": 0
  }
}