{
  "seed": 456,
  "ablation": "full",
  "mimic_version": 3,
  "mimic4_full": false,
  "cohort_tag": "mimic3",
  "best_val_jaccard": 0.5384991765022278,
  "test_metrics": {
    "Jaccard": 0.5390792489051819,
    "F1": 0.6927668452262878,
    "PRAUC": 0.7830378810955848,
    "DDI Rate": 0.08009823842919013,
    "Avg Meds": 22.18822479248047,
    "Avg True Meds": 19.90132713317871,
    "Precision": 0.6701699495315552,
    "Recall": 0.7457127571105957,
    "NHJ_new": 0.2784515376153745,
    "NHJ_dropped": 0.35730743565057455,
    "CVR": 0.0
  },
  "data_diagnostics": {
    "split_mode_requested": "hidr_vita",
    "require_cohort_split": false,
    "split_source": "hidr_vita_sequential",
    "split_seed_used": "n/a",
    "split_patient_counts": {
      "train": 4233,
      "val": 1059,
      "test": 1058
    },
    "split_example_counts": {
      "train": 6256,
      "val": 1220,
      "test": 1206
    },
    "ddi_density": 0.05261303581914269,
    "ddi_upper_pairs": 448,
    "ddi_total_pairs": 8515,
    "loaded_artifacts": {
      "records": "data/processed/records_final.pkl",
      "cohort": "data/processed/cohort_mimic3.pkl",
      "ddi": "data/processed/ddi_A_final.pkl",
      "ehr": "data/processed/ehr_adj_final.pkl",
      "embeddings": "data/embeddings/code_embeddings.pt",
      "labs": "data/processed/lab_vectors_200labs.pkl"
    }
  },
  "param_counts": {
    "visit_encoder": {
      "total": 5762817,
      "trainable": 3160833
    },
    "fusion": {
      "total": 423808,
      "trainable": 423808
    },
    "drug_gnn": {
      "total": 1974080,
      "trainable": 1974080
    },
    "predictor": {
      "total": 304454,
      "trainable": 304453
    },
    "model_total": {
      "total": 8728327,
      "trainable": 6126342
    }
  },
  "threshold_sweep": {
    "0.4": {
      "Jaccard": 0.535154,
      "Avg Meds": 24.121061,
      "Avg True Meds": 19.901327,
      "DDI Rate": 0.079258
    },
    "0.45": {
      "Jaccard": 0.538077,
      "Avg Meds": 23.121061,
      "Avg True Meds": 19.901327,
      "DDI Rate": 0.079629
    },
    "0.5": {
      "Jaccard": 0.539079,
      "Avg Meds": 22.188225,
      "Avg True Meds": 19.901327,
      "DDI Rate": 0.080098
    },
    "0.55": {
      "Jaccard": 0.538956,
      "Avg Meds": 21.305141,
      "Avg True Meds": 19.901327,
      "DDI Rate": 0.08
    },
    "0.6": {
      "Jaccard": 0.537993,
      "Avg Meds": 20.426203,
      "Avg True Meds": 19.901327,
      "DDI Rate": 0.079687
    },
    "0.65": {
      "Jaccard": 0.535567,
      "Avg Meds": 19.533997,
      "Avg True Meds": 19.901327,
      "DDI Rate": 0.079936
    },
    "0.7": {
      "Jaccard": 0.532551,
      "Avg Meds": 18.676617,
      "Avg True Meds": 19.901327,
      "DDI Rate": 0.080173
    },
    "0.75": {
      "Jaccard": 0.52831,
      "Avg Meds": 17.733002,
      "Avg True Meds": 19.901327,
      "DDI Rate": 0.080471
    }
  },
  "calibrated_threshold": 0.65,
  "calibrated_metrics": {
    "Jaccard": 0.535567,
    "Avg Meds": 19.533997,
    "Avg True Meds": 19.901327,
    "DDI Rate": 0.079936
  },
  "config": {
    "hidden_dim": 256,
    "use_notes": false,
    "use_labs": true,
    "use_copy": false,
    "fusion_strategy": "film",
    "lab_dim": 400,
    "pos_weight_cap": 5.0,
    "use_cosine_lr": false,
    "contrastive_weight": 0.0,
    "margin_loss_weight": 0.0,
    "alignment_loss_weight": 0.1,
    "alignment_start_epoch": 1,
    "alignment_ramp_epochs": 0
  }
}