{
  "seed": 123,
  "ablation": "full",
  "mimic_version": 3,
  "mimic4_full": false,
  "cohort_tag": "mimic3",
  "best_val_jaccard": 0.5386896729469299,
  "test_metrics": {
    "Jaccard": 0.5383796691894531,
    "F1": 0.692081093788147,
    "PRAUC": 0.7837018803359393,
    "DDI Rate": 0.08064234341787264,
    "Avg Meds": 23.19485855102539,
    "Avg True Meds": 19.90132713317871,
    "Precision": 0.6527947783470154,
    "Recall": 0.7634720802307129,
    "NHJ_new": 0.2850512211260043,
    "NHJ_dropped": 0.3538020394350353,
    "CVR": 0.0
  },
  "data_diagnostics": {
    "split_mode_requested": "hidr_vita",
    "require_cohort_split": false,
    "split_source": "hidr_vita_sequential",
    "split_seed_used": "n/a",
    "split_patient_counts": {
      "train": 4233,
      "val": 1059,
      "test": 1058
    },
    "split_example_counts": {
      "train": 6256,
      "val": 1220,
      "test": 1206
    },
    "ddi_density": 0.05261303581914269,
    "ddi_upper_pairs": 448,
    "ddi_total_pairs": 8515,
    "loaded_artifacts": {
      "records": "data/processed/records_final.pkl",
      "cohort": "data/processed/cohort_mimic3.pkl",
      "ddi": "data/processed/ddi_A_final.pkl",
      "ehr": "data/processed/ehr_adj_final.pkl",
      "embeddings": "data/embeddings/code_embeddings.pt",
      "labs": "data/processed/lab_vectors_200labs.pkl"
    }
  },
  "param_counts": {
    "visit_encoder": {
      "total": 4583681,
      "trainable": 1981697
    },
    "fusion": {
      "total": 423808,
      "trainable": 423808
    },
    "drug_gnn": {
      "total": 2007616,
      "trainable": 2007616
    },
    "predictor": {
      "total": 304454,
      "trainable": 304453
    },
    "model_total": {
      "total": 7582727,
      "trainable": 4980742
    }
  },
  "threshold_sweep": {
    "0.4": {
      "Jaccard": 0.533732,
      "Avg Meds": 24.960199,
      "Avg True Meds": 19.901327,
      "DDI Rate": 0.079768
    },
    "0.45": {
      "Jaccard": 0.536774,
      "Avg Meds": 24.075457,
      "Avg True Meds": 19.901327,
      "DDI Rate": 0.080358
    },
    "0.5": {
      "Jaccard": 0.53838,
      "Avg Meds": 23.194859,
      "Avg True Meds": 19.901327,
      "DDI Rate": 0.080642
    },
    "0.55": {
      "Jaccard": 0.539355,
      "Avg Meds": 22.344112,
      "Avg True Meds": 19.901327,
      "DDI Rate": 0.080902
    },
    "0.6": {
      "Jaccard": 0.541376,
      "Avg Meds": 21.512438,
      "Avg True Meds": 19.901327,
      "DDI Rate": 0.081455
    },
    "0.65": {
      "Jaccard": 0.540308,
      "Avg Meds": 20.67247,
      "Avg True Meds": 19.901327,
      "DDI Rate": 0.081587
    },
    "0.7": {
      "Jaccard": 0.538649,
      "Avg Meds": 19.81675,
      "Avg True Meds": 19.901327,
      "DDI Rate": 0.082011
    },
    "0.75": {
      "Jaccard": 0.536204,
      "Avg Meds": 18.878939,
      "Avg True Meds": 19.901327,
      "DDI Rate": 0.082965
    }
  },
  "calibrated_threshold": 0.7,
  "calibrated_metrics": {
    "Jaccard": 0.538649,
    "Avg Meds": 19.81675,
    "Avg True Meds": 19.901327,
    "DDI Rate": 0.082011
  },
  "config": {
    "hidden_dim": 256,
    "use_notes": false,
    "use_labs": true,
    "use_copy": false,
    "fusion_strategy": "film",
    "lab_dim": 400,
    "pos_weight_cap": 5.0,
    "use_cosine_lr": false,
    "contrastive_weight": 0.0,
    "margin_loss_weight": 0.0,
    "alignment_loss_weight": 0.1,
    "alignment_start_epoch": 1,
    "alignment_ramp_epochs": 0
  }
}