{
  "seed": 456,
  "ablation": "full",
  "mimic_version": 3,
  "mimic4_full": false,
  "cohort_tag": "mimic3",
  "best_val_jaccard": 0.5179038047790527,
  "test_metrics": {
    "Jaccard": 0.5180546641349792,
    "F1": 0.6749666333198547,
    "PRAUC": 0.7691535482731024,
    "DDI Rate": 0.08345398104312507,
    "Avg Meds": 22.101160049438477,
    "Avg True Meds": 19.90132713317871,
    "Precision": 0.654722273349762,
    "Recall": 0.735044538974762,
    "NHJ_new": 0.2579985308019738,
    "NHJ_dropped": 0.335835409791846,
    "CVR": 0.0
  },
  "data_diagnostics": {
    "split_mode_requested": "hidr_vita",
    "require_cohort_split": false,
    "split_source": "hidr_vita_sequential",
    "split_seed_used": "n/a",
    "split_patient_counts": {
      "train": 4233,
      "val": 1059,
      "test": 1058
    },
    "split_example_counts": {
      "train": 6256,
      "val": 1220,
      "test": 1206
    },
    "ddi_density": 0.05261303581914269,
    "ddi_upper_pairs": 448,
    "ddi_total_pairs": 8515,
    "loaded_artifacts": {
      "records": "data/processed/records_final.pkl",
      "cohort": "data/processed/cohort_mimic3.pkl",
      "ddi": "data/processed/ddi_A_final.pkl",
      "ehr": "data/processed/ehr_adj_final.pkl",
      "embeddings": "data/embeddings/code_embeddings.pt",
      "notes": "data/processed/note_embeddings_groq_intent.pkl"
    }
  },
  "param_counts": {
    "visit_encoder": {
      "total": 4649474,
      "trainable": 2047490
    },
    "fusion": {
      "total": 400512,
      "trainable": 400512
    },
    "drug_gnn": {
      "total": 1151776,
      "trainable": 1151776
    },
    "predictor": {
      "total": 327942,
      "trainable": 327941
    },
    "model_total": {
      "total": 6792872,
      "trainable": 4190887
    }
  },
  "threshold_sweep": {
    "0.4": {
      "Jaccard": 0.514818,
      "Avg Meds": 24.240465,
      "Avg True Meds": 19.901327,
      "DDI Rate": 0.081668
    },
    "0.45": {
      "Jaccard": 0.517051,
      "Avg Meds": 23.152571,
      "Avg True Meds": 19.901327,
      "DDI Rate": 0.082443
    },
    "0.5": {
      "Jaccard": 0.518055,
      "Avg Meds": 22.10116,
      "Avg True Meds": 19.901327,
      "DDI Rate": 0.083454
    },
    "0.55": {
      "Jaccard": 0.518309,
      "Avg Meds": 21.080431,
      "Avg True Meds": 19.901327,
      "DDI Rate": 0.084575
    },
    "0.6": {
      "Jaccard": 0.518272,
      "Avg Meds": 20.119404,
      "Avg True Meds": 19.901327,
      "DDI Rate": 0.085456
    },
    "0.65": {
      "Jaccard": 0.516126,
      "Avg Meds": 19.116915,
      "Avg True Meds": 19.901327,
      "DDI Rate": 0.086722
    },
    "0.7": {
      "Jaccard": 0.510589,
      "Avg Meds": 18.124378,
      "Avg True Meds": 19.901327,
      "DDI Rate": 0.087339
    },
    "0.75": {
      "Jaccard": 0.505072,
      "Avg Meds": 17.157545,
      "Avg True Meds": 19.901327,
      "DDI Rate": 0.087707
    }
  },
  "calibrated_threshold": 0.6,
  "calibrated_metrics": {
    "Jaccard": 0.518272,
    "Avg Meds": 20.119404,
    "Avg True Meds": 19.901327,
    "DDI Rate": 0.085456
  },
  "config": {
    "hidden_dim": 256,
    "use_notes": true,
    "use_labs": false,
    "use_copy": false,
    "fusion_strategy": "film",
    "lab_dim": 0,
    "pos_weight_cap": 5.0,
    "use_cosine_lr": false,
    "contrastive_weight": 0.0,
    "margin_loss_weight": 0.0,
    "alignment_loss_weight": 0.1,
    "alignment_start_epoch": 1,
    "alignment_ramp_epochs": 0
  }
}