{
  "seed": 456,
  "ablation": "full",
  "mimic_version": 3,
  "mimic4_full": false,
  "cohort_tag": "mimic3",
  "best_val_jaccard": 0.5641428232192993,
  "test_metrics": {
    "Jaccard": 0.5635206699371338,
    "F1": 0.7133851647377014,
    "PRAUC": 0.7982093371463045,
    "DDI Rate": 0.07974774318737872,
    "Avg Meds": 22.74958610534668,
    "Avg True Meds": 19.90132713317871,
    "Precision": 0.6769834160804749,
    "Recall": 0.7766091227531433,
    "NHJ_new": 0.2884717881679535,
    "NHJ_dropped": 0.2613434556283449,
    "CVR": 0.0
  },
  "data_diagnostics": {
    "split_mode_requested": "hidr_vita",
    "require_cohort_split": false,
    "split_source": "hidr_vita_sequential",
    "split_seed_used": "n/a",
    "split_patient_counts": {
      "train": 4233,
      "val": 1059,
      "test": 1058
    },
    "split_example_counts": {
      "train": 6256,
      "val": 1220,
      "test": 1206
    },
    "ddi_density": 0.05261303581914269,
    "ddi_upper_pairs": 448,
    "ddi_total_pairs": 8515,
    "loaded_artifacts": {
      "records": "data/processed/records_final.pkl",
      "cohort": "data/processed/cohort_mimic3.pkl",
      "ddi": "data/processed/ddi_A_final.pkl",
      "ehr": "data/processed/ehr_adj_final.pkl",
      "embeddings": "data/embeddings/code_embeddings.pt",
      "notes": "data/processed/note_embeddings_mimic3.pkl",
      "labs": "data/processed/lab_vectors_200labs.pkl"
    }
  },
  "param_counts": {
    "visit_encoder": {
      "total": 4583681,
      "trainable": 1981697
    },
    "fusion": {
      "total": 423808,
      "trainable": 423808
    },
    "drug_gnn": {
      "total": 1974080,
      "trainable": 1974080
    },
    "predictor": {
      "total": 1284808,
      "trainable": 1284808
    },
    "model_total": {
      "total": 8529545,
      "trainable": 5927561
    }
  },
  "threshold_sweep": {
    "0.4": {
      "Jaccard": 0.559121,
      "Avg Meds": 24.399668,
      "Avg True Meds": 19.901327,
      "DDI Rate": 0.08002
    },
    "0.45": {
      "Jaccard": 0.562637,
      "Avg Meds": 23.553068,
      "Avg True Meds": 19.901327,
      "DDI Rate": 0.080129
    },
    "0.5": {
      "Jaccard": 0.563521,
      "Avg Meds": 22.749586,
      "Avg True Meds": 19.901327,
      "DDI Rate": 0.079748
    },
    "0.55": {
      "Jaccard": 0.564329,
      "Avg Meds": 21.992537,
      "Avg True Meds": 19.901327,
      "DDI Rate": 0.079153
    },
    "0.6": {
      "Jaccard": 0.563809,
      "Avg Meds": 21.234659,
      "Avg True Meds": 19.901327,
      "DDI Rate": 0.078751
    },
    "0.65": {
      "Jaccard": 0.561879,
      "Avg Meds": 20.475954,
      "Avg True Meds": 19.901327,
      "DDI Rate": 0.078478
    },
    "0.7": {
      "Jaccard": 0.559548,
      "Avg Meds": 19.662521,
      "Avg True Meds": 19.901327,
      "DDI Rate": 0.07796
    },
    "0.75": {
      "Jaccard": 0.554704,
      "Avg Meds": 18.820066,
      "Avg True Meds": 19.901327,
      "DDI Rate": 0.077537
    }
  },
  "calibrated_threshold": 0.7,
  "calibrated_metrics": {
    "Jaccard": 0.559548,
    "Avg Meds": 19.662521,
    "Avg True Meds": 19.901327,
    "DDI Rate": 0.07796
  },
  "config": {
    "hidden_dim": 256,
    "use_notes": true,
    "use_labs": true,
    "use_copy": true,
    "fusion_strategy": "film",
    "lab_dim": 400,
    "pos_weight_cap": 5.0,
    "use_cosine_lr": false,
    "contrastive_weight": 0.0,
    "margin_loss_weight": 0.0,
    "alignment_loss_weight": 0.1,
    "alignment_start_epoch": 1,
    "alignment_ramp_epochs": 0
  }
}