{
  "seed": 42,
  "ablation": "full",
  "mimic_version": 3,
  "mimic4_full": false,
  "cohort_tag": "mimic3",
  "best_val_jaccard": 0.5547829270362854,
  "test_metrics": {
    "Jaccard": 0.5553755164146423,
    "F1": 0.7063181400299072,
    "PRAUC": 0.7868153256422395,
    "DDI Rate": 0.0799961444323193,
    "Avg Meds": 21.671642303466797,
    "Avg True Meds": 19.90132713317871,
    "Precision": 0.6840506792068481,
    "Recall": 0.7581010460853577,
    "NHJ_new": 0.2819823920726776,
    "NHJ_dropped": 0.3223459626498975,
    "CVR": 0.0
  },
  "data_diagnostics": {
    "split_mode_requested": "hidr_vita",
    "require_cohort_split": false,
    "split_source": "hidr_vita_sequential",
    "split_seed_used": "n/a",
    "split_patient_counts": {
      "train": 4233,
      "val": 1059,
      "test": 1058
    },
    "split_example_counts": {
      "train": 6256,
      "val": 1220,
      "test": 1206
    },
    "ddi_density": 0.05261303581914269,
    "ddi_upper_pairs": 448,
    "ddi_total_pairs": 8515,
    "loaded_artifacts": {
      "records": "data/processed/records_final.pkl",
      "cohort": "data/processed/cohort_mimic3.pkl",
      "ddi": "data/processed/ddi_A_final.pkl",
      "ehr": "data/processed/ehr_adj_final.pkl",
      "embeddings": "data/embeddings/code_embeddings.pt",
      "notes": "data/processed/note_embeddings_mimic3.pkl"
    }
  },
  "param_counts": {
    "visit_encoder": {
      "total": 5108993,
      "trainable": 2507009
    },
    "fusion": {
      "total": 400512,
      "trainable": 400512
    },
    "drug_gnn": {
      "total": 395008,
      "trainable": 395008
    },
    "predictor": {
      "total": 1381895,
      "trainable": 1381894
    },
    "model_total": {
      "total": 7549576,
      "trainable": 4947591
    }
  },
  "threshold_sweep": {
    "0.4": {
      "Jaccard": 0.554154,
      "Avg Meds": 22.680763,
      "Avg True Meds": 19.901327,
      "DDI Rate": 0.080081
    },
    "0.45": {
      "Jaccard": 0.55487,
      "Avg Meds": 22.168325,
      "Avg True Meds": 19.901327,
      "DDI Rate": 0.079738
    },
    "0.5": {
      "Jaccard": 0.555376,
      "Avg Meds": 21.671642,
      "Avg True Meds": 19.901327,
      "DDI Rate": 0.079996
    },
    "0.55": {
      "Jaccard": 0.554619,
      "Avg Meds": 21.211443,
      "Avg True Meds": 19.901327,
      "DDI Rate": 0.079949
    },
    "0.6": {
      "Jaccard": 0.553425,
      "Avg Meds": 20.742123,
      "Avg True Meds": 19.901327,
      "DDI Rate": 0.080302
    },
    "0.65": {
      "Jaccard": 0.552361,
      "Avg Meds": 20.25539,
      "Avg True Meds": 19.901327,
      "DDI Rate": 0.08093
    },
    "0.7": {
      "Jaccard": 0.551711,
      "Avg Meds": 19.728855,
      "Avg True Meds": 19.901327,
      "DDI Rate": 0.08111
    },
    "0.75": {
      "Jaccard": 0.549572,
      "Avg Meds": 19.233002,
      "Avg True Meds": 19.901327,
      "DDI Rate": 0.081481
    }
  },
  "calibrated_threshold": 0.7,
  "calibrated_metrics": {
    "Jaccard": 0.551711,
    "Avg Meds": 19.728855,
    "Avg True Meds": 19.901327,
    "DDI Rate": 0.08111
  },
  "config": {
    "hidden_dim": 256,
    "use_notes": true,
    "use_labs": false,
    "use_copy": false,
    "fusion_strategy": "film",
    "lab_dim": 0,
    "pos_weight_cap": 5.0,
    "use_cosine_lr": false,
    "contrastive_weight": 0.0,
    "margin_loss_weight": 0.0,
    "alignment_loss_weight": 0.1,
    "alignment_start_epoch": 1,
    "alignment_ramp_epochs": 0
  }
}