{
  "seed": 123,
  "ablation": "full",
  "mimic_version": 3,
  "mimic4_full": false,
  "cohort_tag": "mimic3",
  "best_val_jaccard": 0.5457321405410767,
  "test_metrics": {
    "Jaccard": 0.5440517663955688,
    "F1": 0.6969767212867737,
    "PRAUC": 0.7876174960750512,
    "DDI Rate": 0.07992916895646333,
    "Avg Meds": 22.727197647094727,
    "Avg True Meds": 19.90132713317871,
    "Precision": 0.6625146865844727,
    "Recall": 0.7613914012908936,
    "NHJ_new": 0.2964353726098412,
    "NHJ_dropped": 0.3625594408888566,
    "CVR": 0.0
  },
  "data_diagnostics": {
    "split_mode_requested": "hidr_vita",
    "require_cohort_split": false,
    "split_source": "hidr_vita_sequential",
    "split_seed_used": "n/a",
    "split_patient_counts": {
      "train": 4233,
      "val": 1059,
      "test": 1058
    },
    "split_example_counts": {
      "train": 6256,
      "val": 1220,
      "test": 1206
    },
    "ddi_density": 0.05261303581914269,
    "ddi_upper_pairs": 448,
    "ddi_total_pairs": 8515,
    "loaded_artifacts": {
      "records": "data/processed/records_final.pkl",
      "cohort": "data/processed/cohort_mimic3.pkl",
      "ddi": "data/processed/ddi_A_final.pkl",
      "ehr": "data/processed/ehr_adj_final.pkl",
      "embeddings": "data/embeddings/code_embeddings.pt",
      "notes": "data/processed/note_embeddings_mimic3.pkl"
    }
  },
  "param_counts": {
    "visit_encoder": {
      "total": 4583681,
      "trainable": 1981697
    },
    "fusion": {
      "total": 400512,
      "trainable": 400512
    },
    "drug_gnn": {
      "total": 262400,
      "trainable": 262400
    },
    "predictor": {
      "total": 327942,
      "trainable": 327941
    },
    "model_total": {
      "total": 5837703,
      "trainable": 3235718
    }
  },
  "threshold_sweep": {
    "0.4": {
      "Jaccard": 0.538998,
      "Avg Meds": 24.904644,
      "Avg True Meds": 19.901327,
      "DDI Rate": 0.079617
    },
    "0.45": {
      "Jaccard": 0.541897,
      "Avg Meds": 23.760365,
      "Avg True Meds": 19.901327,
      "DDI Rate": 0.079751
    },
    "0.5": {
      "Jaccard": 0.544052,
      "Avg Meds": 22.727198,
      "Avg True Meds": 19.901327,
      "DDI Rate": 0.079929
    },
    "0.55": {
      "Jaccard": 0.546092,
      "Avg Meds": 21.728855,
      "Avg True Meds": 19.901327,
      "DDI Rate": 0.080852
    },
    "0.6": {
      "Jaccard": 0.545058,
      "Avg Meds": 20.736319,
      "Avg True Meds": 19.901327,
      "DDI Rate": 0.081303
    },
    "0.65": {
      "Jaccard": 0.542515,
      "Avg Meds": 19.765341,
      "Avg True Meds": 19.901327,
      "DDI Rate": 0.081614
    },
    "0.7": {
      "Jaccard": 0.539927,
      "Avg Meds": 18.765341,
      "Avg True Meds": 19.901327,
      "DDI Rate": 0.082445
    },
    "0.75": {
      "Jaccard": 0.534783,
      "Avg Meds": 17.735489,
      "Avg True Meds": 19.901327,
      "DDI Rate": 0.082726
    }
  },
  "calibrated_threshold": 0.65,
  "calibrated_metrics": {
    "Jaccard": 0.542515,
    "Avg Meds": 19.765341,
    "Avg True Meds": 19.901327,
    "DDI Rate": 0.081614
  },
  "config": {
    "hidden_dim": 256,
    "use_notes": true,
    "use_labs": false,
    "use_copy": false,
    "fusion_strategy": "film",
    "lab_dim": 0,
    "pos_weight_cap": 5.0,
    "use_cosine_lr": false,
    "contrastive_weight": 0.0,
    "margin_loss_weight": 0.0,
    "alignment_loss_weight": 0.1,
    "alignment_start_epoch": 1,
    "alignment_ramp_epochs": 0
  }
}