{
  "seed": 123,
  "ablation": "full",
  "mimic_version": 3,
  "mimic4_full": false,
  "cohort_tag": "mimic3",
  "best_val_jaccard": 0.5368354320526123,
  "test_metrics": {
    "Jaccard": 0.5379133820533752,
    "F1": 0.6919571757316589,
    "PRAUC": 0.7788887653903327,
    "DDI Rate": 0.08075625043047042,
    "Avg Meds": 22.362354278564453,
    "Avg True Meds": 19.90132713317871,
    "Precision": 0.6639237403869629,
    "Recall": 0.7489597201347351,
    "NHJ_new": 0.2818184722411005,
    "NHJ_dropped": 0.37017024975073964,
    "CVR": 0.0
  },
  "data_diagnostics": {
    "split_mode_requested": "hidr_vita",
    "require_cohort_split": false,
    "split_source": "hidr_vita_sequential",
    "split_seed_used": "n/a",
    "split_patient_counts": {
      "train": 4233,
      "val": 1059,
      "test": 1058
    },
    "split_example_counts": {
      "train": 6256,
      "val": 1220,
      "test": 1206
    },
    "ddi_density": 0.05261303581914269,
    "ddi_upper_pairs": 448,
    "ddi_total_pairs": 8515,
    "loaded_artifacts": {
      "records": "data/processed/records_final.pkl",
      "cohort": "data/processed/cohort_mimic3.pkl",
      "ddi": "data/processed/ddi_A_final.pkl",
      "ehr": "data/processed/ehr_adj_final.pkl",
      "embeddings": "data/embeddings/code_embeddings.pt",
      "labs": "data/processed/lab_vectors_200labs.pkl"
    }
  },
  "param_counts": {
    "visit_encoder": {
      "total": 4616835,
      "trainable": 2014851
    },
    "fusion": {
      "total": 423808,
      "trainable": 423808
    },
    "drug_gnn": {
      "total": 1974080,
      "trainable": 1974080
    },
    "predictor": {
      "total": 304454,
      "trainable": 304453
    },
    "model_total": {
      "total": 7582345,
      "trainable": 4980360
    }
  },
  "threshold_sweep": {
    "0.4": {
      "Jaccard": 0.533186,
      "Avg Meds": 24.108624,
      "Avg True Meds": 19.901327,
      "DDI Rate": 0.080326
    },
    "0.45": {
      "Jaccard": 0.53535,
      "Avg Meds": 23.21559,
      "Avg True Meds": 19.901327,
      "DDI Rate": 0.080886
    },
    "0.5": {
      "Jaccard": 0.537913,
      "Avg Meds": 22.362354,
      "Avg True Meds": 19.901327,
      "DDI Rate": 0.080756
    },
    "0.55": {
      "Jaccard": 0.53933,
      "Avg Meds": 21.552238,
      "Avg True Meds": 19.901327,
      "DDI Rate": 0.081269
    },
    "0.6": {
      "Jaccard": 0.538609,
      "Avg Meds": 20.783583,
      "Avg True Meds": 19.901327,
      "DDI Rate": 0.082066
    },
    "0.65": {
      "Jaccard": 0.538076,
      "Avg Meds": 19.941128,
      "Avg True Meds": 19.901327,
      "DDI Rate": 0.082523
    },
    "0.7": {
      "Jaccard": 0.534861,
      "Avg Meds": 19.11277,
      "Avg True Meds": 19.901327,
      "DDI Rate": 0.083176
    },
    "0.75": {
      "Jaccard": 0.53085,
      "Avg Meds": 18.260365,
      "Avg True Meds": 19.901327,
      "DDI Rate": 0.084019
    }
  },
  "calibrated_threshold": 0.65,
  "calibrated_metrics": {
    "Jaccard": 0.538076,
    "Avg Meds": 19.941128,
    "Avg True Meds": 19.901327,
    "DDI Rate": 0.082523
  },
  "config": {
    "hidden_dim": 256,
    "use_notes": false,
    "use_labs": true,
    "use_copy": false,
    "fusion_strategy": "film",
    "lab_dim": 400,
    "pos_weight_cap": 5.0,
    "use_cosine_lr": false,
    "contrastive_weight": 0.0,
    "margin_loss_weight": 0.0,
    "alignment_loss_weight": 0.1,
    "alignment_start_epoch": 1,
    "alignment_ramp_epochs": 0
  }
}