{
  "seed": 42,
  "ablation": "full",
  "mimic_version": 3,
  "mimic4_full": false,
  "cohort_tag": "mimic3",
  "best_val_jaccard": 0.4445474445819855,
  "test_metrics": {
    "Jaccard": 0.447287380695343,
    "F1": 0.6083319783210754,
    "PRAUC": 0.7040527104348675,
    "DDI Rate": 0.082010582010582,
    "Avg Meds": 28.0,
    "Avg True Meds": 19.90132713317871,
    "Precision": 0.5305910706520081,
    "Recall": 0.765446662902832,
    "NHJ_new": 0.248969441181735,
    "NHJ_dropped": 0.2930490327508826,
    "CVR": 0.0
  },
  "data_diagnostics": {
    "split_mode_requested": "hidr_vita",
    "require_cohort_split": false,
    "split_source": "hidr_vita_sequential",
    "split_seed_used": "n/a",
    "split_patient_counts": {
      "train": 4233,
      "val": 1059,
      "test": 1058
    },
    "split_example_counts": {
      "train": 6256,
      "val": 1220,
      "test": 1206
    },
    "ddi_density": 0.05261303581914269,
    "ddi_upper_pairs": 448,
    "ddi_total_pairs": 8515,
    "loaded_artifacts": {
      "records": "data/processed/records_final.pkl",
      "cohort": "data/processed/cohort_mimic3.pkl",
      "ddi": "data/processed/ddi_A_final.pkl",
      "ehr": "data/processed/ehr_adj_final.pkl",
      "embeddings": "data/embeddings/code_embeddings.pt"
    }
  },
  "param_counts": {
    "visit_encoder": {
      "total": 4583681,
      "trainable": 1981697
    },
    "drug_gnn": {
      "total": 1974080,
      "trainable": 1974080
    },
    "predictor": {
      "total": 627974,
      "trainable": 627972
    },
    "model_total": {
      "total": 7448903,
      "trainable": 4846917
    }
  },
  "threshold_sweep": {
    "0.4": {
      "Jaccard": 0.427985,
      "Avg Meds": 32.0,
      "Avg True Meds": 19.901327,
      "DDI Rate": 0.100806
    },
    "0.45": {
      "Jaccard": 0.432686,
      "Avg Meds": 31.0,
      "Avg True Meds": 19.901327,
      "DDI Rate": 0.103226
    },
    "0.5": {
      "Jaccard": 0.447287,
      "Avg Meds": 28.0,
      "Avg True Meds": 19.901327,
      "DDI Rate": 0.082011
    },
    "0.55": {
      "Jaccard": 0.443563,
      "Avg Meds": 24.0,
      "Avg True Meds": 19.901327,
      "DDI Rate": 0.105072
    },
    "0.6": {
      "Jaccard": 0.420231,
      "Avg Meds": 18.0,
      "Avg True Meds": 19.901327,
      "DDI Rate": 0.143791
    },
    "0.65": {
      "Jaccard": 0.420231,
      "Avg Meds": 18.0,
      "Avg True Meds": 19.901327,
      "DDI Rate": 0.143791
    },
    "0.7": {
      "Jaccard": 0.41746,
      "Avg Meds": 16.0,
      "Avg True Meds": 19.901327,
      "DDI Rate": 0.108333
    },
    "0.75": {
      "Jaccard": 0.392114,
      "Avg Meds": 12.0,
      "Avg True Meds": 19.901327,
      "DDI Rate": 0.030303
    }
  },
  "calibrated_threshold": 0.6,
  "calibrated_metrics": {
    "Jaccard": 0.420231,
    "Avg Meds": 18.0,
    "Avg True Meds": 19.901327,
    "DDI Rate": 0.143791
  },
  "config": {
    "hidden_dim": 256,
    "use_notes": false,
    "use_labs": false,
    "use_copy": false,
    "fusion_strategy": "film",
    "lab_dim": 0,
    "pos_weight_cap": 5.0,
    "use_cosine_lr": false,
    "contrastive_weight": 0.0,
    "margin_loss_weight": 0.0,
    "alignment_loss_weight": 0.1,
    "alignment_start_epoch": 1,
    "alignment_ramp_epochs": 0
  }
}