{
  "seed": 123,
  "ablation": "full",
  "mimic_version": 3,
  "mimic4_full": false,
  "cohort_tag": "mimic3",
  "best_val_jaccard": 0.5010446906089783,
  "test_metrics": {
    "Jaccard": 0.5041557550430298,
    "F1": 0.6623795032501221,
    "PRAUC": 0.7541254139895682,
    "DDI Rate": 0.0815706839434609,
    "Avg Meds": 23.840795516967773,
    "Avg True Meds": 19.90132713317871,
    "Precision": 0.6213366985321045,
    "Recall": 0.7551031708717346,
    "NHJ_new": 0.2435668918647264,
    "NHJ_dropped": 0.28717856893413946,
    "CVR": 0.0
  },
  "data_diagnostics": {
    "split_mode_requested": "hidr_vita",
    "require_cohort_split": false,
    "split_source": "hidr_vita_sequential",
    "split_seed_used": "n/a",
    "split_patient_counts": {
      "train": 4233,
      "val": 1059,
      "test": 1058
    },
    "split_example_counts": {
      "train": 6256,
      "val": 1220,
      "test": 1206
    },
    "ddi_density": 0.05261303581914269,
    "ddi_upper_pairs": 448,
    "ddi_total_pairs": 8515,
    "loaded_artifacts": {
      "records": "data/processed/records_final.pkl",
      "cohort": "data/processed/cohort_mimic3.pkl",
      "ddi": "data/processed/ddi_A_final.pkl",
      "ehr": "data/processed/ehr_adj_final.pkl",
      "embeddings": "data/embeddings/code_embeddings.pt"
    }
  },
  "param_counts": {
    "visit_encoder": {
      "total": 4583681,
      "trainable": 1981697
    },
    "drug_gnn": {
      "total": 1974080,
      "trainable": 1974080
    },
    "predictor": {
      "total": 262406,
      "trainable": 262404
    },
    "model_total": {
      "total": 7083335,
      "trainable": 4481349
    }
  },
  "threshold_sweep": {
    "0.4": {
      "Jaccard": 0.497094,
      "Avg Meds": 26.607794,
      "Avg True Meds": 19.901327,
      "DDI Rate": 0.078324
    },
    "0.45": {
      "Jaccard": 0.501041,
      "Avg Meds": 25.197346,
      "Avg True Meds": 19.901327,
      "DDI Rate": 0.080016
    },
    "0.5": {
      "Jaccard": 0.504156,
      "Avg Meds": 23.840796,
      "Avg True Meds": 19.901327,
      "DDI Rate": 0.081571
    },
    "0.55": {
      "Jaccard": 0.505092,
      "Avg Meds": 22.579601,
      "Avg True Meds": 19.901327,
      "DDI Rate": 0.083853
    },
    "0.6": {
      "Jaccard": 0.503853,
      "Avg Meds": 21.299337,
      "Avg True Meds": 19.901327,
      "DDI Rate": 0.086478
    },
    "0.65": {
      "Jaccard": 0.503054,
      "Avg Meds": 20.033167,
      "Avg True Meds": 19.901327,
      "DDI Rate": 0.088657
    },
    "0.7": {
      "Jaccard": 0.499601,
      "Avg Meds": 18.730515,
      "Avg True Meds": 19.901327,
      "DDI Rate": 0.090944
    },
    "0.75": {
      "Jaccard": 0.494688,
      "Avg Meds": 17.47015,
      "Avg True Meds": 19.901327,
      "DDI Rate": 0.092612
    }
  },
  "calibrated_threshold": 0.65,
  "calibrated_metrics": {
    "Jaccard": 0.503054,
    "Avg Meds": 20.033167,
    "Avg True Meds": 19.901327,
    "DDI Rate": 0.088657
  },
  "config": {
    "hidden_dim": 256,
    "use_notes": false,
    "use_labs": false,
    "use_copy": false,
    "fusion_strategy": "film",
    "lab_dim": 0,
    "pos_weight_cap": 5.0,
    "use_cosine_lr": false,
    "contrastive_weight": 0.0,
    "margin_loss_weight": 0.0,
    "alignment_loss_weight": 0.1,
    "alignment_start_epoch": 1,
    "alignment_ramp_epochs": 0
  }
}