{
  "seed": 456,
  "ablation": "full",
  "mimic_version": 3,
  "mimic4_full": false,
  "cohort_tag": "mimic3",
  "best_val_jaccard": 0.5179876685142517,
  "test_metrics": {
    "Jaccard": 0.5154436230659485,
    "F1": 0.6726744771003723,
    "PRAUC": 0.7689399083053295,
    "DDI Rate": 0.08355659326214054,
    "Avg Meds": 22.708126068115234,
    "Avg True Meds": 19.90132713317871,
    "Precision": 0.6443769931793213,
    "Recall": 0.7436342239379883,
    "NHJ_new": 0.25235858481181295,
    "NHJ_dropped": 0.3163234183662816,
    "CVR": 0.0
  },
  "data_diagnostics": {
    "split_mode_requested": "hidr_vita",
    "require_cohort_split": false,
    "split_source": "hidr_vita_sequential",
    "split_seed_used": "n/a",
    "split_patient_counts": {
      "train": 4233,
      "val": 1059,
      "test": 1058
    },
    "split_example_counts": {
      "train": 6256,
      "val": 1220,
      "test": 1206
    },
    "ddi_density": 0.05261303581914269,
    "ddi_upper_pairs": 448,
    "ddi_total_pairs": 8515,
    "loaded_artifacts": {
      "records": "data/processed/records_final.pkl",
      "cohort": "data/processed/cohort_mimic3.pkl",
      "ddi": "data/processed/ddi_A_final.pkl",
      "ehr": "data/processed/ehr_adj_final.pkl",
      "embeddings": "data/embeddings/code_embeddings.pt",
      "labs": "data/processed/lab_vectors_20labs.pkl"
    }
  },
  "param_counts": {
    "visit_encoder": {
      "total": 4649474,
      "trainable": 2047490
    },
    "fusion": {
      "total": 400768,
      "trainable": 400768
    },
    "drug_gnn": {
      "total": 1151776,
      "trainable": 1151776
    },
    "predictor": {
      "total": 281414,
      "trainable": 281413
    },
    "model_total": {
      "total": 6746600,
      "trainable": 4144615
    }
  },
  "threshold_sweep": {
    "0.4": {
      "Jaccard": 0.510232,
      "Avg Meds": 24.923716,
      "Avg True Meds": 19.901327,
      "DDI Rate": 0.081659
    },
    "0.45": {
      "Jaccard": 0.513845,
      "Avg Meds": 23.772802,
      "Avg True Meds": 19.901327,
      "DDI Rate": 0.082658
    },
    "0.5": {
      "Jaccard": 0.515444,
      "Avg Meds": 22.708126,
      "Avg True Meds": 19.901327,
      "DDI Rate": 0.083557
    },
    "0.55": {
      "Jaccard": 0.51606,
      "Avg Meds": 21.71393,
      "Avg True Meds": 19.901327,
      "DDI Rate": 0.084937
    },
    "0.6": {
      "Jaccard": 0.515363,
      "Avg Meds": 20.74461,
      "Avg True Meds": 19.901327,
      "DDI Rate": 0.086351
    },
    "0.65": {
      "Jaccard": 0.513589,
      "Avg Meds": 19.727198,
      "Avg True Meds": 19.901327,
      "DDI Rate": 0.087892
    },
    "0.7": {
      "Jaccard": 0.510911,
      "Avg Meds": 18.725538,
      "Avg True Meds": 19.901327,
      "DDI Rate": 0.089277
    },
    "0.75": {
      "Jaccard": 0.507549,
      "Avg Meds": 17.728027,
      "Avg True Meds": 19.901327,
      "DDI Rate": 0.090247
    }
  },
  "calibrated_threshold": 0.65,
  "calibrated_metrics": {
    "Jaccard": 0.513589,
    "Avg Meds": 19.727198,
    "Avg True Meds": 19.901327,
    "DDI Rate": 0.087892
  },
  "config": {
    "hidden_dim": 256,
    "use_notes": false,
    "use_labs": true,
    "use_copy": false,
    "fusion_strategy": "film",
    "lab_dim": 40,
    "pos_weight_cap": 5.0,
    "use_cosine_lr": false,
    "contrastive_weight": 0.0,
    "margin_loss_weight": 0.0,
    "alignment_loss_weight": 0.1,
    "alignment_start_epoch": 1,
    "alignment_ramp_epochs": 0
  }
}