{
  "seed": 123,
  "ablation": "full",
  "mimic_version": 3,
  "mimic4_full": false,
  "cohort_tag": "mimic3",
  "best_val_jaccard": 0.5037660002708435,
  "test_metrics": {
    "Jaccard": 0.5048910975456238,
    "F1": 0.6632014513015747,
    "PRAUC": 0.7548462528829489,
    "DDI Rate": 0.08064960002968469,
    "Avg Meds": 22.74626922607422,
    "Avg True Meds": 19.90132713317871,
    "Precision": 0.640155553817749,
    "Recall": 0.73553466796875,
    "NHJ_new": 0.23435495244829277,
    "NHJ_dropped": 0.29845381567352697,
    "CVR": 0.0
  },
  "data_diagnostics": {
    "split_mode_requested": "hidr_vita",
    "require_cohort_split": false,
    "split_source": "hidr_vita_sequential",
    "split_seed_used": "n/a",
    "split_patient_counts": {
      "train": 4233,
      "val": 1059,
      "test": 1058
    },
    "split_example_counts": {
      "train": 6256,
      "val": 1220,
      "test": 1206
    },
    "ddi_density": 0.05261303581914269,
    "ddi_upper_pairs": 448,
    "ddi_total_pairs": 8515,
    "loaded_artifacts": {
      "records": "data/processed/records_final.pkl",
      "cohort": "data/processed/cohort_mimic3.pkl",
      "ddi": "data/processed/ddi_A_final.pkl",
      "ehr": "data/processed/ehr_adj_final.pkl",
      "embeddings": "data/embeddings/code_embeddings.pt"
    }
  },
  "param_counts": {
    "visit_encoder": {
      "total": 5108993,
      "trainable": 2507009
    },
    "drug_gnn": {
      "total": 1974080,
      "trainable": 1974080
    },
    "predictor": {
      "total": 262406,
      "trainable": 262404
    },
    "model_total": {
      "total": 7608647,
      "trainable": 5006661
    }
  },
  "threshold_sweep": {
    "0.4": {
      "Jaccard": 0.501341,
      "Avg Meds": 24.881426,
      "Avg True Meds": 19.901327,
      "DDI Rate": 0.078765
    },
    "0.45": {
      "Jaccard": 0.503031,
      "Avg Meds": 23.78441,
      "Avg True Meds": 19.901327,
      "DDI Rate": 0.079344
    },
    "0.5": {
      "Jaccard": 0.504891,
      "Avg Meds": 22.746269,
      "Avg True Meds": 19.901327,
      "DDI Rate": 0.08065
    },
    "0.55": {
      "Jaccard": 0.505214,
      "Avg Meds": 21.718906,
      "Avg True Meds": 19.901327,
      "DDI Rate": 0.081711
    },
    "0.6": {
      "Jaccard": 0.505274,
      "Avg Meds": 20.703979,
      "Avg True Meds": 19.901327,
      "DDI Rate": 0.081863
    },
    "0.65": {
      "Jaccard": 0.502292,
      "Avg Meds": 19.723051,
      "Avg True Meds": 19.901327,
      "DDI Rate": 0.082493
    },
    "0.7": {
      "Jaccard": 0.499537,
      "Avg Meds": 18.660032,
      "Avg True Meds": 19.901327,
      "DDI Rate": 0.083476
    },
    "0.75": {
      "Jaccard": 0.494997,
      "Avg Meds": 17.593699,
      "Avg True Meds": 19.901327,
      "DDI Rate": 0.085416
    }
  },
  "calibrated_threshold": 0.65,
  "calibrated_metrics": {
    "Jaccard": 0.502292,
    "Avg Meds": 19.723051,
    "Avg True Meds": 19.901327,
    "DDI Rate": 0.082493
  },
  "config": {
    "hidden_dim": 256,
    "use_notes": false,
    "use_labs": false,
    "use_copy": false,
    "fusion_strategy": "film",
    "lab_dim": 0,
    "pos_weight_cap": 5.0,
    "use_cosine_lr": false,
    "contrastive_weight": 0.0,
    "margin_loss_weight": 0.0,
    "alignment_loss_weight": 0.1,
    "alignment_start_epoch": 1,
    "alignment_ramp_epochs": 0
  }
}