{
  "seed": 456,
  "ablation": "full",
  "mimic_version": 3,
  "mimic4_full": false,
  "cohort_tag": "mimic3",
  "best_val_jaccard": 0.5678026080131531,
  "test_metrics": {
    "Jaccard": 0.5637412071228027,
    "F1": 0.7136849761009216,
    "PRAUC": 0.7996012085254645,
    "DDI Rate": 0.07691380770121102,
    "Avg Meds": 22.053897857666016,
    "Avg True Meds": 19.90132713317871,
    "Precision": 0.6890495419502258,
    "Recall": 0.7630292177200317,
    "NHJ_new": 0.2875151830284219,
    "NHJ_dropped": 0.30866322705620214,
    "CVR": 0.0
  },
  "data_diagnostics": {
    "split_mode_requested": "hidr_vita",
    "require_cohort_split": false,
    "split_source": "hidr_vita_sequential",
    "split_seed_used": "n/a",
    "split_patient_counts": {
      "train": 4233,
      "val": 1059,
      "test": 1058
    },
    "split_example_counts": {
      "train": 6256,
      "val": 1220,
      "test": 1206
    },
    "ddi_density": 0.05261303581914269,
    "ddi_upper_pairs": 448,
    "ddi_total_pairs": 8515,
    "loaded_artifacts": {
      "records": "data/processed/records_final.pkl",
      "cohort": "data/processed/cohort_mimic3.pkl",
      "ddi": "data/processed/ddi_A_final.pkl",
      "ehr": "data/processed/ehr_adj_final.pkl",
      "embeddings": "data/embeddings/code_embeddings.pt",
      "notes": "data/processed/note_embeddings_mimic3.pkl",
      "labs": "data/processed/lab_vectors_200labs.pkl"
    }
  },
  "param_counts": {
    "visit_encoder": {
      "total": 4583681,
      "trainable": 1981697
    },
    "fusion": {
      "total": 423808,
      "trainable": 423808
    },
    "drug_gnn": {
      "total": 395008,
      "trainable": 395008
    },
    "predictor": {
      "total": 559560,
      "trainable": 559560
    },
    "model_total": {
      "total": 6225225,
      "trainable": 3623241
    }
  },
  "threshold_sweep": {
    "0.4": {
      "Jaccard": 0.562867,
      "Avg Meds": 23.710613,
      "Avg True Meds": 19.901327,
      "DDI Rate": 0.077257
    },
    "0.45": {
      "Jaccard": 0.564448,
      "Avg Meds": 22.871475,
      "Avg True Meds": 19.901327,
      "DDI Rate": 0.077122
    },
    "0.5": {
      "Jaccard": 0.563741,
      "Avg Meds": 22.053898,
      "Avg True Meds": 19.901327,
      "DDI Rate": 0.076914
    },
    "0.55": {
      "Jaccard": 0.563732,
      "Avg Meds": 21.281923,
      "Avg True Meds": 19.901327,
      "DDI Rate": 0.076855
    },
    "0.6": {
      "Jaccard": 0.563443,
      "Avg Meds": 20.503317,
      "Avg True Meds": 19.901327,
      "DDI Rate": 0.076111
    },
    "0.65": {
      "Jaccard": 0.561554,
      "Avg Meds": 19.677446,
      "Avg True Meds": 19.901327,
      "DDI Rate": 0.076026
    },
    "0.7": {
      "Jaccard": 0.558691,
      "Avg Meds": 18.869818,
      "Avg True Meds": 19.901327,
      "DDI Rate": 0.075669
    },
    "0.75": {
      "Jaccard": 0.553368,
      "Avg Meds": 18.048922,
      "Avg True Meds": 19.901327,
      "DDI Rate": 0.074897
    }
  },
  "calibrated_threshold": 0.65,
  "calibrated_metrics": {
    "Jaccard": 0.561554,
    "Avg Meds": 19.677446,
    "Avg True Meds": 19.901327,
    "DDI Rate": 0.076026
  },
  "config": {
    "hidden_dim": 256,
    "use_notes": true,
    "use_labs": true,
    "use_copy": true,
    "fusion_strategy": "film",
    "lab_dim": 400,
    "pos_weight_cap": 5.0,
    "use_cosine_lr": false,
    "contrastive_weight": 0.0,
    "margin_loss_weight": 0.0,
    "alignment_loss_weight": 0.1,
    "alignment_start_epoch": 1,
    "alignment_ramp_epochs": 0
  }
}