{
  "seed": 123,
  "ablation": "full",
  "mimic_version": 3,
  "mimic4_full": false,
  "cohort_tag": "mimic3",
  "best_val_jaccard": 0.5548158884048462,
  "test_metrics": {
    "Jaccard": 0.5526986122131348,
    "F1": 0.7039692401885986,
    "PRAUC": 0.7858675038451444,
    "DDI Rate": 0.07912875843625768,
    "Avg Meds": 21.693201065063477,
    "Avg True Meds": 19.90132713317871,
    "Precision": 0.6816557049751282,
    "Recall": 0.7552711367607117,
    "NHJ_new": 0.280549188193522,
    "NHJ_dropped": 0.3287701245985533,
    "CVR": 0.0
  },
  "data_diagnostics": {
    "split_mode_requested": "hidr_vita",
    "require_cohort_split": false,
    "split_source": "hidr_vita_sequential",
    "split_seed_used": "n/a",
    "split_patient_counts": {
      "train": 4233,
      "val": 1059,
      "test": 1058
    },
    "split_example_counts": {
      "train": 6256,
      "val": 1220,
      "test": 1206
    },
    "ddi_density": 0.05261303581914269,
    "ddi_upper_pairs": 448,
    "ddi_total_pairs": 8515,
    "loaded_artifacts": {
      "records": "data/processed/records_final.pkl",
      "cohort": "data/processed/cohort_mimic3.pkl",
      "ddi": "data/processed/ddi_A_final.pkl",
      "ehr": "data/processed/ehr_adj_final.pkl",
      "embeddings": "data/embeddings/code_embeddings.pt",
      "notes": "data/processed/note_embeddings_mimic3.pkl"
    }
  },
  "param_counts": {
    "visit_encoder": {
      "total": 5108993,
      "trainable": 2507009
    },
    "fusion": {
      "total": 400512,
      "trainable": 400512
    },
    "drug_gnn": {
      "total": 395008,
      "trainable": 395008
    },
    "predictor": {
      "total": 1381895,
      "trainable": 1381894
    },
    "model_total": {
      "total": 7549576,
      "trainable": 4947591
    }
  },
  "threshold_sweep": {
    "0.4": {
      "Jaccard": 0.552584,
      "Avg Meds": 22.698175,
      "Avg True Meds": 19.901327,
      "DDI Rate": 0.078262
    },
    "0.45": {
      "Jaccard": 0.552729,
      "Avg Meds": 22.199005,
      "Avg True Meds": 19.901327,
      "DDI Rate": 0.078614
    },
    "0.5": {
      "Jaccard": 0.552699,
      "Avg Meds": 21.693201,
      "Avg True Meds": 19.901327,
      "DDI Rate": 0.079129
    },
    "0.55": {
      "Jaccard": 0.553146,
      "Avg Meds": 21.166666,
      "Avg True Meds": 19.901327,
      "DDI Rate": 0.07931
    },
    "0.6": {
      "Jaccard": 0.55276,
      "Avg Meds": 20.689054,
      "Avg True Meds": 19.901327,
      "DDI Rate": 0.079955
    },
    "0.65": {
      "Jaccard": 0.550977,
      "Avg Meds": 20.210613,
      "Avg True Meds": 19.901327,
      "DDI Rate": 0.080289
    },
    "0.7": {
      "Jaccard": 0.548217,
      "Avg Meds": 19.615257,
      "Avg True Meds": 19.901327,
      "DDI Rate": 0.080733
    },
    "0.75": {
      "Jaccard": 0.546276,
      "Avg Meds": 19.089552,
      "Avg True Meds": 19.901327,
      "DDI Rate": 0.081
    }
  },
  "calibrated_threshold": 0.7,
  "calibrated_metrics": {
    "Jaccard": 0.548217,
    "Avg Meds": 19.615257,
    "Avg True Meds": 19.901327,
    "DDI Rate": 0.080733
  },
  "config": {
    "hidden_dim": 256,
    "use_notes": true,
    "use_labs": false,
    "use_copy": false,
    "fusion_strategy": "film",
    "lab_dim": 0,
    "pos_weight_cap": 5.0,
    "use_cosine_lr": false,
    "contrastive_weight": 0.0,
    "margin_loss_weight": 0.0,
    "alignment_loss_weight": 0.1,
    "alignment_start_epoch": 1,
    "alignment_ramp_epochs": 0
  }
}