{
  "seed": 123,
  "ablation": "full",
  "mimic_version": 3,
  "mimic4_full": false,
  "cohort_tag": "mimic3",
  "best_val_jaccard": 0.5533111095428467,
  "test_metrics": {
    "Jaccard": 0.5501816272735596,
    "F1": 0.7022450566291809,
    "PRAUC": 0.791803478572799,
    "DDI Rate": 0.08005552375877427,
    "Avg Meds": 21.78772735595703,
    "Avg True Meds": 19.90132713317871,
    "Precision": 0.6801438927650452,
    "Recall": 0.7475746870040894,
    "NHJ_new": 0.3059903234243393,
    "NHJ_dropped": 0.4041268449080618,
    "CVR": 0.0
  },
  "data_diagnostics": {
    "split_mode_requested": "hidr_vita",
    "require_cohort_split": false,
    "split_source": "hidr_vita_sequential",
    "split_seed_used": "n/a",
    "split_patient_counts": {
      "train": 4233,
      "val": 1059,
      "test": 1058
    },
    "split_example_counts": {
      "train": 6256,
      "val": 1220,
      "test": 1206
    },
    "ddi_density": 0.05261303581914269,
    "ddi_upper_pairs": 448,
    "ddi_total_pairs": 8515,
    "loaded_artifacts": {
      "records": "data/processed/records_final.pkl",
      "cohort": "data/processed/cohort_mimic3.pkl",
      "ddi": "data/processed/ddi_A_final.pkl",
      "ehr": "data/processed/ehr_adj_final.pkl",
      "embeddings": "data/embeddings/code_embeddings.pt",
      "notes": "data/processed/note_embeddings_mimic3.pkl",
      "labs": "data/processed/lab_vectors_200labs.pkl"
    }
  },
  "param_counts": {
    "visit_encoder": {
      "total": 4583681,
      "trainable": 1981697
    },
    "fusion": {
      "total": 423808,
      "trainable": 423808
    },
    "drug_gnn": {
      "total": 1974080,
      "trainable": 1974080
    },
    "predictor": {
      "total": 369990,
      "trainable": 369990
    },
    "model_total": {
      "total": 7614727,
      "trainable": 5012743
    }
  },
  "threshold_sweep": {
    "0.4": {
      "Jaccard": 0.546807,
      "Avg Meds": 23.399668,
      "Avg True Meds": 19.901327,
      "DDI Rate": 0.079618
    },
    "0.45": {
      "Jaccard": 0.548486,
      "Avg Meds": 22.600332,
      "Avg True Meds": 19.901327,
      "DDI Rate": 0.079796
    },
    "0.5": {
      "Jaccard": 0.550182,
      "Avg Meds": 21.787727,
      "Avg True Meds": 19.901327,
      "DDI Rate": 0.080056
    },
    "0.55": {
      "Jaccard": 0.550482,
      "Avg Meds": 20.981758,
      "Avg True Meds": 19.901327,
      "DDI Rate": 0.080042
    },
    "0.6": {
      "Jaccard": 0.549709,
      "Avg Meds": 20.246269,
      "Avg True Meds": 19.901327,
      "DDI Rate": 0.079881
    },
    "0.65": {
      "Jaccard": 0.547965,
      "Avg Meds": 19.475954,
      "Avg True Meds": 19.901327,
      "DDI Rate": 0.079801
    },
    "0.7": {
      "Jaccard": 0.546231,
      "Avg Meds": 18.665838,
      "Avg True Meds": 19.901327,
      "DDI Rate": 0.07996
    },
    "0.75": {
      "Jaccard": 0.54237,
      "Avg Meds": 17.825041,
      "Avg True Meds": 19.901327,
      "DDI Rate": 0.079549
    }
  },
  "calibrated_threshold": 0.6,
  "calibrated_metrics": {
    "Jaccard": 0.549709,
    "Avg Meds": 20.246269,
    "Avg True Meds": 19.901327,
    "DDI Rate": 0.079881
  },
  "config": {
    "hidden_dim": 256,
    "use_notes": true,
    "use_labs": true,
    "use_copy": false,
    "fusion_strategy": "film",
    "lab_dim": 400,
    "pos_weight_cap": 5.0,
    "use_cosine_lr": false,
    "contrastive_weight": 0.0,
    "margin_loss_weight": 0.0,
    "alignment_loss_weight": 0.1,
    "alignment_start_epoch": 1,
    "alignment_ramp_epochs": 0
  }
}