{
  "seed": 456,
  "ablation": "full",
  "mimic_version": 3,
  "mimic4_full": false,
  "cohort_tag": "mimic3",
  "best_val_jaccard": 0.5410573482513428,
  "test_metrics": {
    "Jaccard": 0.5351834893226624,
    "F1": 0.6897068619728088,
    "PRAUC": 0.7796744774720988,
    "DDI Rate": 0.0751399446113959,
    "Avg Meds": 23.2321720123291,
    "Avg True Meds": 19.90132713317871,
    "Precision": 0.6497383713722229,
    "Recall": 0.7652691006660461,
    "NHJ_new": 0.2883781445653815,
    "NHJ_dropped": 0.3520091254460184,
    "CVR": 0.0
  },
  "data_diagnostics": {
    "split_mode_requested": "hidr_vita",
    "require_cohort_split": false,
    "split_source": "hidr_vita_sequential",
    "split_seed_used": "n/a",
    "split_patient_counts": {
      "train": 4233,
      "val": 1059,
      "test": 1058
    },
    "split_example_counts": {
      "train": 6256,
      "val": 1220,
      "test": 1206
    },
    "ddi_density": 0.05261303581914269,
    "ddi_upper_pairs": 448,
    "ddi_total_pairs": 8515,
    "loaded_artifacts": {
      "records": "data/processed/records_final.pkl",
      "cohort": "data/processed/cohort_mimic3.pkl",
      "ddi": "data/processed/ddi_A_final.pkl",
      "ehr": "data/processed/ehr_adj_final.pkl",
      "embeddings": "data/embeddings/code_embeddings.pt",
      "notes": "data/processed/note_embeddings_mimic3.pkl"
    }
  },
  "param_counts": {
    "visit_encoder": {
      "total": 4583681,
      "trainable": 1981697
    },
    "fusion": {
      "total": 400512,
      "trainable": 400512
    },
    "drug_gnn": {
      "total": 1974080,
      "trainable": 1974080
    },
    "predictor": {
      "total": 1053190,
      "trainable": 1053189
    },
    "model_total": {
      "total": 8274631,
      "trainable": 5672646
    }
  },
  "threshold_sweep": {
    "0.4": {
      "Jaccard": 0.530485,
      "Avg Meds": 24.882256,
      "Avg True Meds": 19.901327,
      "DDI Rate": 0.07554
    },
    "0.45": {
      "Jaccard": 0.532917,
      "Avg Meds": 24.039801,
      "Avg True Meds": 19.901327,
      "DDI Rate": 0.075236
    },
    "0.5": {
      "Jaccard": 0.535183,
      "Avg Meds": 23.232172,
      "Avg True Meds": 19.901327,
      "DDI Rate": 0.07514
    },
    "0.55": {
      "Jaccard": 0.536143,
      "Avg Meds": 22.386402,
      "Avg True Meds": 19.901327,
      "DDI Rate": 0.075418
    },
    "0.6": {
      "Jaccard": 0.53803,
      "Avg Meds": 21.593699,
      "Avg True Meds": 19.901327,
      "DDI Rate": 0.07578
    },
    "0.65": {
      "Jaccard": 0.538564,
      "Avg Meds": 20.767828,
      "Avg True Meds": 19.901327,
      "DDI Rate": 0.076291
    },
    "0.7": {
      "Jaccard": 0.537917,
      "Avg Meds": 19.919569,
      "Avg True Meds": 19.901327,
      "DDI Rate": 0.076878
    },
    "0.75": {
      "Jaccard": 0.534569,
      "Avg Meds": 19.00083,
      "Avg True Meds": 19.901327,
      "DDI Rate": 0.077341
    }
  },
  "calibrated_threshold": 0.7,
  "calibrated_metrics": {
    "Jaccard": 0.537917,
    "Avg Meds": 19.919569,
    "Avg True Meds": 19.901327,
    "DDI Rate": 0.076878
  },
  "config": {
    "hidden_dim": 256,
    "use_notes": true,
    "use_labs": false,
    "use_copy": false,
    "fusion_strategy": "film",
    "lab_dim": 0,
    "pos_weight_cap": 5.0,
    "use_cosine_lr": false,
    "contrastive_weight": 0.0,
    "margin_loss_weight": 0.0,
    "alignment_loss_weight": 0.1,
    "alignment_start_epoch": 1,
    "alignment_ramp_epochs": 0
  }
}