{
  "seed": 123,
  "ablation": "full",
  "mimic_version": 3,
  "mimic4_full": false,
  "cohort_tag": "mimic3",
  "best_val_jaccard": 0.5552225112915039,
  "test_metrics": {
    "Jaccard": 0.5513948798179626,
    "F1": 0.7032888531684875,
    "PRAUC": 0.7936885506366814,
    "DDI Rate": 0.07825384960382718,
    "Avg Meds": 22.918739318847656,
    "Avg True Meds": 19.90132713317871,
    "Precision": 0.6649399399757385,
    "Recall": 0.7700538039207458,
    "NHJ_new": 0.30794743879845266,
    "NHJ_dropped": 0.37660606283890574,
    "CVR": 0.0
  },
  "data_diagnostics": {
    "split_mode_requested": "hidr_vita",
    "require_cohort_split": false,
    "split_source": "hidr_vita_sequential",
    "split_seed_used": "n/a",
    "split_patient_counts": {
      "train": 4233,
      "val": 1059,
      "test": 1058
    },
    "split_example_counts": {
      "train": 6256,
      "val": 1220,
      "test": 1206
    },
    "ddi_density": 0.05261303581914269,
    "ddi_upper_pairs": 448,
    "ddi_total_pairs": 8515,
    "loaded_artifacts": {
      "records": "data/processed/records_final.pkl",
      "cohort": "data/processed/cohort_mimic3.pkl",
      "ddi": "data/processed/ddi_A_final.pkl",
      "ehr": "data/processed/ehr_adj_final.pkl",
      "embeddings": "data/embeddings/code_embeddings.pt",
      "notes": "data/processed/note_embeddings_mimic3.pkl",
      "labs": "data/processed/lab_vectors_200labs.pkl"
    }
  },
  "param_counts": {
    "visit_encoder": {
      "total": 4649474,
      "trainable": 2047490
    },
    "fusion": {
      "total": 423808,
      "trainable": 423808
    },
    "drug_gnn": {
      "total": 1151776,
      "trainable": 1151776
    },
    "predictor": {
      "total": 369990,
      "trainable": 369990
    },
    "model_total": {
      "total": 6858216,
      "trainable": 4256232
    }
  },
  "threshold_sweep": {
    "0.4": {
      "Jaccard": 0.546249,
      "Avg Meds": 24.526533,
      "Avg True Meds": 19.901327,
      "DDI Rate": 0.077767
    },
    "0.45": {
      "Jaccard": 0.549759,
      "Avg Meds": 23.684908,
      "Avg True Meds": 19.901327,
      "DDI Rate": 0.078089
    },
    "0.5": {
      "Jaccard": 0.551395,
      "Avg Meds": 22.918739,
      "Avg True Meds": 19.901327,
      "DDI Rate": 0.078254
    },
    "0.55": {
      "Jaccard": 0.552404,
      "Avg Meds": 22.189884,
      "Avg True Meds": 19.901327,
      "DDI Rate": 0.078725
    },
    "0.6": {
      "Jaccard": 0.552896,
      "Avg Meds": 21.442785,
      "Avg True Meds": 19.901327,
      "DDI Rate": 0.079008
    },
    "0.65": {
      "Jaccard": 0.552415,
      "Avg Meds": 20.646767,
      "Avg True Meds": 19.901327,
      "DDI Rate": 0.07927
    },
    "0.7": {
      "Jaccard": 0.551492,
      "Avg Meds": 19.845772,
      "Avg True Meds": 19.901327,
      "DDI Rate": 0.079616
    },
    "0.75": {
      "Jaccard": 0.549709,
      "Avg Meds": 19.038143,
      "Avg True Meds": 19.901327,
      "DDI Rate": 0.079677
    }
  },
  "calibrated_threshold": 0.7,
  "calibrated_metrics": {
    "Jaccard": 0.551492,
    "Avg Meds": 19.845772,
    "Avg True Meds": 19.901327,
    "DDI Rate": 0.079616
  },
  "config": {
    "hidden_dim": 256,
    "use_notes": true,
    "use_labs": true,
    "use_copy": false,
    "fusion_strategy": "film",
    "lab_dim": 400,
    "pos_weight_cap": 5.0,
    "use_cosine_lr": false,
    "contrastive_weight": 0.0,
    "margin_loss_weight": 0.0,
    "alignment_loss_weight": 0.1,
    "alignment_start_epoch": 1,
    "alignment_ramp_epochs": 0
  }
}