{
  "seed": 456,
  "ablation": "full",
  "mimic_version": 3,
  "mimic4_full": false,
  "cohort_tag": "mimic3",
  "best_val_jaccard": 0.5172593593597412,
  "test_metrics": {
    "Jaccard": 0.5185338258743286,
    "F1": 0.6746258735656738,
    "PRAUC": 0.7689190292806372,
    "DDI Rate": 0.0776340795573373,
    "Avg Meds": 23.78772735595703,
    "Avg True Meds": 19.90132713317871,
    "Precision": 0.6334965229034424,
    "Recall": 0.7627665996551514,
    "NHJ_new": 0.26336336841708735,
    "NHJ_dropped": 0.30576076633051824,
    "CVR": 0.0
  },
  "data_diagnostics": {
    "split_mode_requested": "hidr_vita",
    "require_cohort_split": false,
    "split_source": "hidr_vita_sequential",
    "split_seed_used": "n/a",
    "split_patient_counts": {
      "train": 4233,
      "val": 1059,
      "test": 1058
    },
    "split_example_counts": {
      "train": 6256,
      "val": 1220,
      "test": 1206
    },
    "ddi_density": 0.05261303581914269,
    "ddi_upper_pairs": 448,
    "ddi_total_pairs": 8515,
    "loaded_artifacts": {
      "records": "data/processed/records_final.pkl",
      "cohort": "data/processed/cohort_mimic3.pkl",
      "ddi": "data/processed/ddi_A_final.pkl",
      "ehr": "data/processed/ehr_adj_final.pkl",
      "embeddings": "data/embeddings/code_embeddings.pt",
      "notes": "data/processed/note_embeddings_groq_phenotype.pkl"
    }
  },
  "param_counts": {
    "visit_encoder": {
      "total": 4649474,
      "trainable": 2047490
    },
    "fusion": {
      "total": 400512,
      "trainable": 400512
    },
    "drug_gnn": {
      "total": 1151776,
      "trainable": 1151776
    },
    "predictor": {
      "total": 327942,
      "trainable": 327941
    },
    "model_total": {
      "total": 6792872,
      "trainable": 4190887
    }
  },
  "threshold_sweep": {
    "0.4": {
      "Jaccard": 0.511799,
      "Avg Meds": 26.027363,
      "Avg True Meds": 19.901327,
      "DDI Rate": 0.076411
    },
    "0.45": {
      "Jaccard": 0.51624,
      "Avg Meds": 24.863184,
      "Avg True Meds": 19.901327,
      "DDI Rate": 0.077037
    },
    "0.5": {
      "Jaccard": 0.518534,
      "Avg Meds": 23.787727,
      "Avg True Meds": 19.901327,
      "DDI Rate": 0.077634
    },
    "0.55": {
      "Jaccard": 0.51918,
      "Avg Meds": 22.818407,
      "Avg True Meds": 19.901327,
      "DDI Rate": 0.078044
    },
    "0.6": {
      "Jaccard": 0.519344,
      "Avg Meds": 21.801825,
      "Avg True Meds": 19.901327,
      "DDI Rate": 0.078313
    },
    "0.65": {
      "Jaccard": 0.51685,
      "Avg Meds": 20.798508,
      "Avg True Meds": 19.901327,
      "DDI Rate": 0.078381
    },
    "0.7": {
      "Jaccard": 0.515557,
      "Avg Meds": 19.804312,
      "Avg True Meds": 19.901327,
      "DDI Rate": 0.078328
    },
    "0.75": {
      "Jaccard": 0.51343,
      "Avg Meds": 18.783583,
      "Avg True Meds": 19.901327,
      "DDI Rate": 0.079056
    }
  },
  "calibrated_threshold": 0.7,
  "calibrated_metrics": {
    "Jaccard": 0.515557,
    "Avg Meds": 19.804312,
    "Avg True Meds": 19.901327,
    "DDI Rate": 0.078328
  },
  "config": {
    "hidden_dim": 256,
    "use_notes": true,
    "use_labs": false,
    "use_copy": false,
    "fusion_strategy": "film",
    "lab_dim": 0,
    "pos_weight_cap": 5.0,
    "use_cosine_lr": false,
    "contrastive_weight": 0.0,
    "margin_loss_weight": 0.0,
    "alignment_loss_weight": 0.1,
    "alignment_start_epoch": 1,
    "alignment_ramp_epochs": 0
  }
}