{
  "seed": 42,
  "ablation": "full",
  "mimic_version": 3,
  "mimic4_full": false,
  "cohort_tag": "mimic3",
  "best_val_jaccard": 0.5122040510177612,
  "test_metrics": {
    "Jaccard": 0.5095159411430359,
    "F1": 0.6674039363861084,
    "PRAUC": 0.7586724168647093,
    "DDI Rate": 0.0795560723406906,
    "Avg Meds": 21.896350860595703,
    "Avg True Meds": 19.90132713317871,
    "Precision": 0.6489349007606506,
    "Recall": 0.7300488352775574,
    "NHJ_new": 0.23354466181052358,
    "NHJ_dropped": 0.29393380096084193,
    "CVR": 0.0
  },
  "data_diagnostics": {
    "split_mode_requested": "hidr_vita",
    "require_cohort_split": false,
    "split_source": "hidr_vita_sequential",
    "split_seed_used": "n/a",
    "split_patient_counts": {
      "train": 4233,
      "val": 1059,
      "test": 1058
    },
    "split_example_counts": {
      "train": 6256,
      "val": 1220,
      "test": 1206
    },
    "ddi_density": 0.05261303581914269,
    "ddi_upper_pairs": 448,
    "ddi_total_pairs": 8515,
    "loaded_artifacts": {
      "records": "data/processed/records_final.pkl",
      "cohort": "data/processed/cohort_mimic3.pkl",
      "ddi": "data/processed/ddi_A_final.pkl",
      "ehr": "data/processed/ehr_adj_final.pkl",
      "embeddings": "data/embeddings/code_embeddings.pt"
    }
  },
  "param_counts": {
    "visit_encoder": {
      "total": 5762817,
      "trainable": 3160833
    },
    "drug_gnn": {
      "total": 1974080,
      "trainable": 1974080
    },
    "predictor": {
      "total": 262406,
      "trainable": 262404
    },
    "model_total": {
      "total": 8262471,
      "trainable": 5660485
    }
  },
  "threshold_sweep": {
    "0.4": {
      "Jaccard": 0.50787,
      "Avg Meds": 24.300995,
      "Avg True Meds": 19.901327,
      "DDI Rate": 0.077441
    },
    "0.45": {
      "Jaccard": 0.510672,
      "Avg Meds": 23.07214,
      "Avg True Meds": 19.901327,
      "DDI Rate": 0.078399
    },
    "0.5": {
      "Jaccard": 0.509516,
      "Avg Meds": 21.896351,
      "Avg True Meds": 19.901327,
      "DDI Rate": 0.079556
    },
    "0.55": {
      "Jaccard": 0.508561,
      "Avg Meds": 20.828358,
      "Avg True Meds": 19.901327,
      "DDI Rate": 0.08071
    },
    "0.6": {
      "Jaccard": 0.507778,
      "Avg Meds": 19.781923,
      "Avg True Meds": 19.901327,
      "DDI Rate": 0.081389
    },
    "0.65": {
      "Jaccard": 0.504414,
      "Avg Meds": 18.757877,
      "Avg True Meds": 19.901327,
      "DDI Rate": 0.081904
    },
    "0.7": {
      "Jaccard": 0.49984,
      "Avg Meds": 17.732172,
      "Avg True Meds": 19.901327,
      "DDI Rate": 0.082828
    },
    "0.75": {
      "Jaccard": 0.493431,
      "Avg Meds": 16.638474,
      "Avg True Meds": 19.901327,
      "DDI Rate": 0.083033
    }
  },
  "calibrated_threshold": 0.6,
  "calibrated_metrics": {
    "Jaccard": 0.507778,
    "Avg Meds": 19.781923,
    "Avg True Meds": 19.901327,
    "DDI Rate": 0.081389
  },
  "config": {
    "hidden_dim": 256,
    "use_notes": false,
    "use_labs": false,
    "use_copy": false,
    "fusion_strategy": "film",
    "lab_dim": 0,
    "pos_weight_cap": 5.0,
    "use_cosine_lr": false,
    "contrastive_weight": 0.0,
    "margin_loss_weight": 0.0,
    "alignment_loss_weight": 0.1,
    "alignment_start_epoch": 1,
    "alignment_ramp_epochs": 0
  }
}