{
  "seed": 456,
  "ablation": "full",
  "mimic_version": 3,
  "mimic4_full": false,
  "cohort_tag": "mimic3",
  "best_val_jaccard": 0.5662824511528015,
  "test_metrics": {
    "Jaccard": 0.5671753287315369,
    "F1": 0.7163058519363403,
    "PRAUC": 0.7962323903641679,
    "DDI Rate": 0.08383738922492615,
    "Avg Meds": 21.70066261291504,
    "Avg True Meds": 19.90132713317871,
    "Precision": 0.6936590671539307,
    "Recall": 0.762891411781311,
    "NHJ_new": 0.29183936981778397,
    "NHJ_dropped": 0.34446292017635544,
    "CVR": 0.0
  },
  "data_diagnostics": {
    "split_mode_requested": "hidr_vita",
    "require_cohort_split": false,
    "split_source": "hidr_vita_sequential",
    "split_seed_used": "n/a",
    "split_patient_counts": {
      "train": 4233,
      "val": 1059,
      "test": 1058
    },
    "split_example_counts": {
      "train": 6256,
      "val": 1220,
      "test": 1206
    },
    "ddi_density": 0.05261303581914269,
    "ddi_upper_pairs": 448,
    "ddi_total_pairs": 8515,
    "loaded_artifacts": {
      "records": "data/processed/records_final.pkl",
      "cohort": "data/processed/cohort_mimic3.pkl",
      "ddi": "data/processed/ddi_A_final.pkl",
      "ehr": "data/processed/ehr_adj_final.pkl",
      "embeddings": "data/embeddings/code_embeddings.pt",
      "notes": "data/processed/note_embeddings_mimic3.pkl",
      "labs": "data/processed/lab_vectors_200labs.pkl"
    }
  },
  "param_counts": {
    "visit_encoder": {
      "total": 5108993,
      "trainable": 2507009
    },
    "fusion": {
      "total": 423808,
      "trainable": 423808
    },
    "drug_gnn": {
      "total": 395008,
      "trainable": 395008
    },
    "predictor": {
      "total": 1613513,
      "trainable": 1423943
    },
    "model_total": {
      "total": 7738186,
      "trainable": 4946632
    }
  },
  "threshold_sweep": {
    "0.4": {
      "Jaccard": 0.565182,
      "Avg Meds": 22.808458,
      "Avg True Meds": 19.901327,
      "DDI Rate": 0.083156
    },
    "0.45": {
      "Jaccard": 0.565685,
      "Avg Meds": 22.219734,
      "Avg True Meds": 19.901327,
      "DDI Rate": 0.083614
    },
    "0.5": {
      "Jaccard": 0.567175,
      "Avg Meds": 21.700663,
      "Avg True Meds": 19.901327,
      "DDI Rate": 0.083837
    },
    "0.55": {
      "Jaccard": 0.566838,
      "Avg Meds": 21.182421,
      "Avg True Meds": 19.901327,
      "DDI Rate": 0.084393
    },
    "0.6": {
      "Jaccard": 0.566131,
      "Avg Meds": 20.657545,
      "Avg True Meds": 19.901327,
      "DDI Rate": 0.085101
    },
    "0.65": {
      "Jaccard": 0.564067,
      "Avg Meds": 20.138474,
      "Avg True Meds": 19.901327,
      "DDI Rate": 0.085697
    },
    "0.7": {
      "Jaccard": 0.562782,
      "Avg Meds": 19.645107,
      "Avg True Meds": 19.901327,
      "DDI Rate": 0.086162
    },
    "0.75": {
      "Jaccard": 0.560414,
      "Avg Meds": 19.084578,
      "Avg True Meds": 19.901327,
      "DDI Rate": 0.086368
    }
  },
  "calibrated_threshold": 0.65,
  "calibrated_metrics": {
    "Jaccard": 0.564067,
    "Avg Meds": 20.138474,
    "Avg True Meds": 19.901327,
    "DDI Rate": 0.085697
  },
  "config": {
    "hidden_dim": 256,
    "use_notes": true,
    "use_labs": true,
    "use_copy": true,
    "fusion_strategy": "film",
    "lab_dim": 400,
    "pos_weight_cap": 5.0,
    "use_cosine_lr": false,
    "contrastive_weight": 0.0,
    "margin_loss_weight": 0.0,
    "alignment_loss_weight": 0.1,
    "alignment_start_epoch": 1,
    "alignment_ramp_epochs": 0
  }
}