{
  "seed": 42,
  "ablation": "full",
  "mimic_version": 3,
  "mimic4_full": false,
  "cohort_tag": "mimic3",
  "best_val_jaccard": 0.5509360432624817,
  "test_metrics": {
    "Jaccard": 0.5511330962181091,
    "F1": 0.7032120823860168,
    "PRAUC": 0.7920489635289764,
    "DDI Rate": 0.07604058465647723,
    "Avg Meds": 22.47512435913086,
    "Avg True Meds": 19.90132713317871,
    "Precision": 0.6718413829803467,
    "Recall": 0.7615511417388916,
    "NHJ_new": 0.3094624186816968,
    "NHJ_dropped": 0.3884706606990413,
    "CVR": 0.0
  },
  "data_diagnostics": {
    "split_mode_requested": "hidr_vita",
    "require_cohort_split": false,
    "split_source": "hidr_vita_sequential",
    "split_seed_used": "n/a",
    "split_patient_counts": {
      "train": 4233,
      "val": 1059,
      "test": 1058
    },
    "split_example_counts": {
      "train": 6256,
      "val": 1220,
      "test": 1206
    },
    "ddi_density": 0.05261303581914269,
    "ddi_upper_pairs": 448,
    "ddi_total_pairs": 8515,
    "loaded_artifacts": {
      "records": "data/processed/records_final.pkl",
      "cohort": "data/processed/cohort_mimic3.pkl",
      "ddi": "data/processed/ddi_A_final.pkl",
      "ehr": "data/processed/ehr_adj_final.pkl",
      "embeddings": "data/embeddings/code_embeddings.pt",
      "notes": "data/processed/note_embeddings_mimic3.pkl",
      "labs": "data/processed/lab_vectors_200labs.pkl"
    }
  },
  "param_counts": {
    "visit_encoder": {
      "total": 4583681,
      "trainable": 1981697
    },
    "fusion": {
      "total": 423808,
      "trainable": 423808
    },
    "drug_gnn": {
      "total": 1974080,
      "trainable": 1974080
    },
    "predictor": {
      "total": 1095238,
      "trainable": 1095238
    },
    "model_total": {
      "total": 8339975,
      "trainable": 5737991
    }
  },
  "threshold_sweep": {
    "0.4": {
      "Jaccard": 0.546214,
      "Avg Meds": 24.025705,
      "Avg True Meds": 19.901327,
      "DDI Rate": 0.075958
    },
    "0.45": {
      "Jaccard": 0.550597,
      "Avg Meds": 23.203152,
      "Avg True Meds": 19.901327,
      "DDI Rate": 0.075696
    },
    "0.5": {
      "Jaccard": 0.551133,
      "Avg Meds": 22.475124,
      "Avg True Meds": 19.901327,
      "DDI Rate": 0.076041
    },
    "0.55": {
      "Jaccard": 0.552272,
      "Avg Meds": 21.72471,
      "Avg True Meds": 19.901327,
      "DDI Rate": 0.076204
    },
    "0.6": {
      "Jaccard": 0.552636,
      "Avg Meds": 20.95937,
      "Avg True Meds": 19.901327,
      "DDI Rate": 0.076342
    },
    "0.65": {
      "Jaccard": 0.553424,
      "Avg Meds": 20.249586,
      "Avg True Meds": 19.901327,
      "DDI Rate": 0.076201
    },
    "0.7": {
      "Jaccard": 0.551152,
      "Avg Meds": 19.482588,
      "Avg True Meds": 19.901327,
      "DDI Rate": 0.076588
    },
    "0.75": {
      "Jaccard": 0.5477,
      "Avg Meds": 18.628525,
      "Avg True Meds": 19.901327,
      "DDI Rate": 0.076924
    }
  },
  "calibrated_threshold": 0.65,
  "calibrated_metrics": {
    "Jaccard": 0.553424,
    "Avg Meds": 20.249586,
    "Avg True Meds": 19.901327,
    "DDI Rate": 0.076201
  },
  "config": {
    "hidden_dim": 256,
    "use_notes": true,
    "use_labs": true,
    "use_copy": false,
    "fusion_strategy": "film",
    "lab_dim": 400,
    "pos_weight_cap": 5.0,
    "use_cosine_lr": false,
    "contrastive_weight": 0.0,
    "margin_loss_weight": 0.0,
    "alignment_loss_weight": 0.1,
    "alignment_start_epoch": 1,
    "alignment_ramp_epochs": 0
  }
}