{
  "seed": 456,
  "ablation": "full",
  "mimic_version": 3,
  "mimic4_full": false,
  "cohort_tag": "mimic3",
  "best_val_jaccard": 0.5664066672325134,
  "test_metrics": {
    "Jaccard": 0.5613593459129333,
    "F1": 0.711837112903595,
    "PRAUC": 0.7996653118073619,
    "DDI Rate": 0.07736283660650688,
    "Avg Meds": 22.472637176513672,
    "Avg True Meds": 19.90132713317871,
    "Precision": 0.6801570057868958,
    "Recall": 0.7703049778938293,
    "NHJ_new": 0.28963858987155716,
    "NHJ_dropped": 0.28567122785668625,
    "CVR": 0.0
  },
  "data_diagnostics": {
    "split_mode_requested": "hidr_vita",
    "require_cohort_split": false,
    "split_source": "hidr_vita_sequential",
    "split_seed_used": "n/a",
    "split_patient_counts": {
      "train": 4233,
      "val": 1059,
      "test": 1058
    },
    "split_example_counts": {
      "train": 6256,
      "val": 1220,
      "test": 1206
    },
    "ddi_density": 0.05261303581914269,
    "ddi_upper_pairs": 448,
    "ddi_total_pairs": 8515,
    "loaded_artifacts": {
      "records": "data/processed/records_final.pkl",
      "cohort": "data/processed/cohort_mimic3.pkl",
      "ddi": "data/processed/ddi_A_final.pkl",
      "ehr": "data/processed/ehr_adj_final.pkl",
      "embeddings": "data/embeddings/code_embeddings.pt",
      "notes": "data/processed/note_embeddings_mimic3.pkl",
      "labs": "data/processed/lab_vectors_200labs.pkl"
    }
  },
  "param_counts": {
    "visit_encoder": {
      "total": 4649474,
      "trainable": 2047490
    },
    "fusion": {
      "total": 423808,
      "trainable": 423808
    },
    "drug_gnn": {
      "total": 1151776,
      "trainable": 1151776
    },
    "predictor": {
      "total": 559560,
      "trainable": 559560
    },
    "model_total": {
      "total": 7047786,
      "trainable": 4445802
    }
  },
  "threshold_sweep": {
    "0.4": {
      "Jaccard": 0.55613,
      "Avg Meds": 24.124378,
      "Avg True Meds": 19.901327,
      "DDI Rate": 0.077624
    },
    "0.45": {
      "Jaccard": 0.559464,
      "Avg Meds": 23.251244,
      "Avg True Meds": 19.901327,
      "DDI Rate": 0.077277
    },
    "0.5": {
      "Jaccard": 0.561359,
      "Avg Meds": 22.472637,
      "Avg True Meds": 19.901327,
      "DDI Rate": 0.077363
    },
    "0.55": {
      "Jaccard": 0.562099,
      "Avg Meds": 21.684908,
      "Avg True Meds": 19.901327,
      "DDI Rate": 0.077416
    },
    "0.6": {
      "Jaccard": 0.561649,
      "Avg Meds": 20.915422,
      "Avg True Meds": 19.901327,
      "DDI Rate": 0.077088
    },
    "0.65": {
      "Jaccard": 0.560134,
      "Avg Meds": 20.140133,
      "Avg True Meds": 19.901327,
      "DDI Rate": 0.077056
    },
    "0.7": {
      "Jaccard": 0.557283,
      "Avg Meds": 19.386402,
      "Avg True Meds": 19.901327,
      "DDI Rate": 0.076878
    },
    "0.75": {
      "Jaccard": 0.553099,
      "Avg Meds": 18.513268,
      "Avg True Meds": 19.901327,
      "DDI Rate": 0.075971
    }
  },
  "calibrated_threshold": 0.65,
  "calibrated_metrics": {
    "Jaccard": 0.560134,
    "Avg Meds": 20.140133,
    "Avg True Meds": 19.901327,
    "DDI Rate": 0.077056
  },
  "config": {
    "hidden_dim": 256,
    "use_notes": true,
    "use_labs": true,
    "use_copy": true,
    "fusion_strategy": "film",
    "lab_dim": 400,
    "pos_weight_cap": 5.0,
    "use_cosine_lr": false,
    "contrastive_weight": 0.0,
    "margin_loss_weight": 0.0,
    "alignment_loss_weight": 0.1,
    "alignment_start_epoch": 1,
    "alignment_ramp_epochs": 0
  }
}