{
  "seed": 123,
  "ablation": "full",
  "mimic_version": 3,
  "mimic4_full": false,
  "cohort_tag": "mimic3",
  "best_val_jaccard": 0.5357245802879333,
  "test_metrics": {
    "Jaccard": 0.5335513353347778,
    "F1": 0.6884379982948303,
    "PRAUC": 0.7777877031529082,
    "DDI Rate": 0.08594458166672844,
    "Avg Meds": 21.829187393188477,
    "Avg True Meds": 19.90132713317871,
    "Precision": 0.665311336517334,
    "Recall": 0.7396503686904907,
    "NHJ_new": 0.2853485839931588,
    "NHJ_dropped": 0.3849621383767379,
    "CVR": 0.0
  },
  "data_diagnostics": {
    "split_mode_requested": "hidr_vita",
    "require_cohort_split": false,
    "split_source": "hidr_vita_sequential",
    "split_seed_used": "n/a",
    "split_patient_counts": {
      "train": 4233,
      "val": 1059,
      "test": 1058
    },
    "split_example_counts": {
      "train": 6256,
      "val": 1220,
      "test": 1206
    },
    "ddi_density": 0.05261303581914269,
    "ddi_upper_pairs": 448,
    "ddi_total_pairs": 8515,
    "loaded_artifacts": {
      "records": "data/processed/records_final.pkl",
      "cohort": "data/processed/cohort_mimic3.pkl",
      "ddi": "data/processed/ddi_A_final.pkl",
      "ehr": "data/processed/ehr_adj_final.pkl",
      "embeddings": "data/embeddings/code_embeddings.pt",
      "notes": "data/processed/note_embeddings_mimic3.pkl"
    }
  },
  "param_counts": {
    "visit_encoder": {
      "total": 3731473,
      "trainable": 1129489
    },
    "fusion": {
      "total": 400512,
      "trainable": 400512
    },
    "drug_gnn": {
      "total": 1974080,
      "trainable": 1974080
    },
    "predictor": {
      "total": 327942,
      "trainable": 327941
    },
    "model_total": {
      "total": 6697175,
      "trainable": 4095190
    }
  },
  "threshold_sweep": {
    "0.4": {
      "Jaccard": 0.530949,
      "Avg Meds": 23.805141,
      "Avg True Meds": 19.901327,
      "DDI Rate": 0.084452
    },
    "0.45": {
      "Jaccard": 0.533081,
      "Avg Meds": 22.796021,
      "Avg True Meds": 19.901327,
      "DDI Rate": 0.085001
    },
    "0.5": {
      "Jaccard": 0.533551,
      "Avg Meds": 21.829187,
      "Avg True Meds": 19.901327,
      "DDI Rate": 0.085945
    },
    "0.55": {
      "Jaccard": 0.534332,
      "Avg Meds": 20.914595,
      "Avg True Meds": 19.901327,
      "DDI Rate": 0.086309
    },
    "0.6": {
      "Jaccard": 0.533734,
      "Avg Meds": 20.049751,
      "Avg True Meds": 19.901327,
      "DDI Rate": 0.087217
    },
    "0.65": {
      "Jaccard": 0.53171,
      "Avg Meds": 19.158375,
      "Avg True Meds": 19.901327,
      "DDI Rate": 0.087565
    },
    "0.7": {
      "Jaccard": 0.527858,
      "Avg Meds": 18.303482,
      "Avg True Meds": 19.901327,
      "DDI Rate": 0.087835
    },
    "0.75": {
      "Jaccard": 0.522503,
      "Avg Meds": 17.262852,
      "Avg True Meds": 19.901327,
      "DDI Rate": 0.088914
    }
  },
  "calibrated_threshold": 0.6,
  "calibrated_metrics": {
    "Jaccard": 0.533734,
    "Avg Meds": 20.049751,
    "Avg True Meds": 19.901327,
    "DDI Rate": 0.087217
  },
  "config": {
    "hidden_dim": 256,
    "use_notes": true,
    "use_labs": false,
    "use_copy": false,
    "fusion_strategy": "film",
    "lab_dim": 0,
    "pos_weight_cap": 5.0,
    "use_cosine_lr": false,
    "contrastive_weight": 0.0,
    "margin_loss_weight": 0.0,
    "alignment_loss_weight": 0.1,
    "alignment_start_epoch": 1,
    "alignment_ramp_epochs": 0
  }
}