{
  "seed": 456,
  "ablation": "full",
  "mimic_version": 3,
  "mimic4_full": false,
  "cohort_tag": "mimic3",
  "best_val_jaccard": 0.5406216979026794,
  "test_metrics": {
    "Jaccard": 0.5359217524528503,
    "F1": 0.6900817155838013,
    "PRAUC": 0.7813845938076595,
    "DDI Rate": 0.0787271491113808,
    "Avg Meds": 22.30845832824707,
    "Avg True Meds": 19.90132713317871,
    "Precision": 0.6624450087547302,
    "Recall": 0.7481542229652405,
    "NHJ_new": 0.28288158460667256,
    "NHJ_dropped": 0.3628816102680407,
    "CVR": 0.0
  },
  "data_diagnostics": {
    "split_mode_requested": "hidr_vita",
    "require_cohort_split": false,
    "split_source": "hidr_vita_sequential",
    "split_seed_used": "n/a",
    "split_patient_counts": {
      "train": 4233,
      "val": 1059,
      "test": 1058
    },
    "split_example_counts": {
      "train": 6256,
      "val": 1220,
      "test": 1206
    },
    "ddi_density": 0.05261303581914269,
    "ddi_upper_pairs": 448,
    "ddi_total_pairs": 8515,
    "loaded_artifacts": {
      "records": "data/processed/records_final.pkl",
      "cohort": "data/processed/cohort_mimic3.pkl",
      "ddi": "data/processed/ddi_A_final.pkl",
      "ehr": "data/processed/ehr_adj_final.pkl",
      "embeddings": "data/embeddings/code_embeddings.pt",
      "labs": "data/processed/lab_vectors_200labs.pkl"
    }
  },
  "param_counts": {
    "visit_encoder": {
      "total": 4649474,
      "trainable": 2047490
    },
    "fusion": {
      "total": 423808,
      "trainable": 423808
    },
    "drug_gnn": {
      "total": 1151776,
      "trainable": 1151776
    },
    "predictor": {
      "total": 304454,
      "trainable": 304453
    },
    "model_total": {
      "total": 6792680,
      "trainable": 4190695
    }
  },
  "threshold_sweep": {
    "0.4": {
      "Jaccard": 0.534449,
      "Avg Meds": 23.92869,
      "Avg True Meds": 19.901327,
      "DDI Rate": 0.078442
    },
    "0.45": {
      "Jaccard": 0.536162,
      "Avg Meds": 23.120232,
      "Avg True Meds": 19.901327,
      "DDI Rate": 0.078639
    },
    "0.5": {
      "Jaccard": 0.535922,
      "Avg Meds": 22.308458,
      "Avg True Meds": 19.901327,
      "DDI Rate": 0.078727
    },
    "0.55": {
      "Jaccard": 0.536521,
      "Avg Meds": 21.526533,
      "Avg True Meds": 19.901327,
      "DDI Rate": 0.078513
    },
    "0.6": {
      "Jaccard": 0.536613,
      "Avg Meds": 20.74544,
      "Avg True Meds": 19.901327,
      "DDI Rate": 0.078975
    },
    "0.65": {
      "Jaccard": 0.536541,
      "Avg Meds": 19.912935,
      "Avg True Meds": 19.901327,
      "DDI Rate": 0.079567
    },
    "0.7": {
      "Jaccard": 0.533752,
      "Avg Meds": 19.11277,
      "Avg True Meds": 19.901327,
      "DDI Rate": 0.079825
    },
    "0.75": {
      "Jaccard": 0.530111,
      "Avg Meds": 18.218077,
      "Avg True Meds": 19.901327,
      "DDI Rate": 0.080278
    }
  },
  "calibrated_threshold": 0.65,
  "calibrated_metrics": {
    "Jaccard": 0.536541,
    "Avg Meds": 19.912935,
    "Avg True Meds": 19.901327,
    "DDI Rate": 0.079567
  },
  "config": {
    "hidden_dim": 256,
    "use_notes": false,
    "use_labs": true,
    "use_copy": false,
    "fusion_strategy": "film",
    "lab_dim": 400,
    "pos_weight_cap": 5.0,
    "use_cosine_lr": false,
    "contrastive_weight": 0.0,
    "margin_loss_weight": 0.0,
    "alignment_loss_weight": 0.1,
    "alignment_start_epoch": 1,
    "alignment_ramp_epochs": 0
  }
}