{
  "seed": 456,
  "ablation": "full",
  "mimic_version": 3,
  "mimic4_full": false,
  "cohort_tag": "mimic3",
  "best_val_jaccard": 0.5691338181495667,
  "test_metrics": {
    "Jaccard": 0.56568443775177,
    "F1": 0.7151269316673279,
    "PRAUC": 0.7900159490968576,
    "DDI Rate": 0.08355303045785561,
    "Avg Meds": 21.46600341796875,
    "Avg True Meds": 19.90132713317871,
    "Precision": 0.6973215341567993,
    "Recall": 0.7567881345748901,
    "NHJ_new": 0.27809381563412516,
    "NHJ_dropped": 0.2954979452647661,
    "CVR": 0.0
  },
  "data_diagnostics": {
    "split_mode_requested": "hidr_vita",
    "require_cohort_split": false,
    "split_source": "hidr_vita_sequential",
    "split_seed_used": "n/a",
    "split_patient_counts": {
      "train": 4233,
      "val": 1059,
      "test": 1058
    },
    "split_example_counts": {
      "train": 6256,
      "val": 1220,
      "test": 1206
    },
    "ddi_density": 0.05261303581914269,
    "ddi_upper_pairs": 448,
    "ddi_total_pairs": 8515,
    "loaded_artifacts": {
      "records": "data/processed/records_final.pkl",
      "cohort": "data/processed/cohort_mimic3.pkl",
      "ddi": "data/processed/ddi_A_final.pkl",
      "ehr": "data/processed/ehr_adj_final.pkl",
      "embeddings": "data/embeddings/code_embeddings.pt",
      "notes": "data/processed/note_embeddings_mimic3.pkl",
      "labs": "data/processed/lab_vectors_200labs.pkl"
    }
  },
  "param_counts": {
    "visit_encoder": {
      "total": 4583681,
      "trainable": 1981697
    },
    "fusion": {
      "total": 423808,
      "trainable": 423808
    },
    "drug_gnn": {
      "total": 1974080,
      "trainable": 1974080
    },
    "predictor": {
      "total": 559560,
      "trainable": 559560
    },
    "model_total": {
      "total": 7804297,
      "trainable": 5202313
    }
  },
  "threshold_sweep": {
    "0.4": {
      "Jaccard": 0.564921,
      "Avg Meds": 22.632669,
      "Avg True Meds": 19.901327,
      "DDI Rate": 0.083202
    },
    "0.45": {
      "Jaccard": 0.565944,
      "Avg Meds": 22.048094,
      "Avg True Meds": 19.901327,
      "DDI Rate": 0.083467
    },
    "0.5": {
      "Jaccard": 0.565684,
      "Avg Meds": 21.466003,
      "Avg True Meds": 19.901327,
      "DDI Rate": 0.083553
    },
    "0.55": {
      "Jaccard": 0.56548,
      "Avg Meds": 20.888889,
      "Avg True Meds": 19.901327,
      "DDI Rate": 0.08325
    },
    "0.6": {
      "Jaccard": 0.565205,
      "Avg Meds": 20.331675,
      "Avg True Meds": 19.901327,
      "DDI Rate": 0.083223
    },
    "0.65": {
      "Jaccard": 0.563863,
      "Avg Meds": 19.787727,
      "Avg True Meds": 19.901327,
      "DDI Rate": 0.083013
    },
    "0.7": {
      "Jaccard": 0.561021,
      "Avg Meds": 19.1733,
      "Avg True Meds": 19.901327,
      "DDI Rate": 0.082829
    },
    "0.75": {
      "Jaccard": 0.557889,
      "Avg Meds": 18.533997,
      "Avg True Meds": 19.901327,
      "DDI Rate": 0.082647
    }
  },
  "calibrated_threshold": 0.65,
  "calibrated_metrics": {
    "Jaccard": 0.563863,
    "Avg Meds": 19.787727,
    "Avg True Meds": 19.901327,
    "DDI Rate": 0.083013
  },
  "config": {
    "hidden_dim": 256,
    "use_notes": true,
    "use_labs": true,
    "use_copy": true,
    "fusion_strategy": "film",
    "lab_dim": 400,
    "pos_weight_cap": 5.0,
    "use_cosine_lr": false,
    "contrastive_weight": 0.0,
    "margin_loss_weight": 0.0,
    "alignment_loss_weight": 0.1,
    "alignment_start_epoch": 1,
    "alignment_ramp_epochs": 0
  }
}