{
  "seed": 456,
  "ablation": "full",
  "mimic_version": 3,
  "mimic4_full": false,
  "cohort_tag": "mimic3",
  "best_val_jaccard": 0.5423180460929871,
  "test_metrics": {
    "Jaccard": 0.5405892729759216,
    "F1": 0.6940022706985474,
    "PRAUC": 0.7864103519417422,
    "DDI Rate": 0.07779132151351718,
    "Avg Meds": 23.717247009277344,
    "Avg True Meds": 19.90132713317871,
    "Precision": 0.6465113759040833,
    "Recall": 0.7763102054595947,
    "NHJ_new": 0.2991844062742434,
    "NHJ_dropped": 0.3552837011061217,
    "CVR": 0.0
  },
  "data_diagnostics": {
    "split_mode_requested": "hidr_vita",
    "require_cohort_split": false,
    "split_source": "hidr_vita_sequential",
    "split_seed_used": "n/a",
    "split_patient_counts": {
      "train": 4233,
      "val": 1059,
      "test": 1058
    },
    "split_example_counts": {
      "train": 6256,
      "val": 1220,
      "test": 1206
    },
    "ddi_density": 0.05261303581914269,
    "ddi_upper_pairs": 448,
    "ddi_total_pairs": 8515,
    "loaded_artifacts": {
      "records": "data/processed/records_final.pkl",
      "cohort": "data/processed/cohort_mimic3.pkl",
      "ddi": "data/processed/ddi_A_final.pkl",
      "ehr": "data/processed/ehr_adj_final.pkl",
      "embeddings": "data/embeddings/code_embeddings.pt",
      "notes": "data/processed/note_embeddings_mimic3.pkl"
    }
  },
  "param_counts": {
    "visit_encoder": {
      "total": 4583681,
      "trainable": 1981697
    },
    "fusion": {
      "total": 400512,
      "trainable": 400512
    },
    "drug_gnn": {
      "total": 1974080,
      "trainable": 1974080
    },
    "predictor": {
      "total": 327942,
      "trainable": 327941
    },
    "model_total": {
      "total": 7549383,
      "trainable": 4947398
    }
  },
  "threshold_sweep": {
    "0.4": {
      "Jaccard": 0.533133,
      "Avg Meds": 25.85738,
      "Avg True Meds": 19.901327,
      "DDI Rate": 0.077296
    },
    "0.45": {
      "Jaccard": 0.537445,
      "Avg Meds": 24.769485,
      "Avg True Meds": 19.901327,
      "DDI Rate": 0.077475
    },
    "0.5": {
      "Jaccard": 0.540589,
      "Avg Meds": 23.717247,
      "Avg True Meds": 19.901327,
      "DDI Rate": 0.077791
    },
    "0.55": {
      "Jaccard": 0.542209,
      "Avg Meds": 22.764511,
      "Avg True Meds": 19.901327,
      "DDI Rate": 0.078543
    },
    "0.6": {
      "Jaccard": 0.5425,
      "Avg Meds": 21.834162,
      "Avg True Meds": 19.901327,
      "DDI Rate": 0.078686
    },
    "0.65": {
      "Jaccard": 0.544939,
      "Avg Meds": 20.839968,
      "Avg True Meds": 19.901327,
      "DDI Rate": 0.078833
    },
    "0.7": {
      "Jaccard": 0.543277,
      "Avg Meds": 19.905472,
      "Avg True Meds": 19.901327,
      "DDI Rate": 0.079721
    },
    "0.75": {
      "Jaccard": 0.540967,
      "Avg Meds": 18.89801,
      "Avg True Meds": 19.901327,
      "DDI Rate": 0.080219
    }
  },
  "calibrated_threshold": 0.7,
  "calibrated_metrics": {
    "Jaccard": 0.543277,
    "Avg Meds": 19.905472,
    "Avg True Meds": 19.901327,
    "DDI Rate": 0.079721
  },
  "config": {
    "hidden_dim": 256,
    "use_notes": true,
    "use_labs": false,
    "use_copy": false,
    "fusion_strategy": "film",
    "lab_dim": 0,
    "pos_weight_cap": 5.0,
    "use_cosine_lr": false,
    "contrastive_weight": 0.0,
    "margin_loss_weight": 0.0,
    "alignment_loss_weight": 0.1,
    "alignment_start_epoch": 1,
    "alignment_ramp_epochs": 0
  }
}