{
  "seed": 456,
  "ablation": "full",
  "mimic_version": 3,
  "mimic4_full": false,
  "cohort_tag": "mimic3",
  "best_val_jaccard": 0.524198055267334,
  "test_metrics": {
    "Jaccard": 0.5230820178985596,
    "F1": 0.6789044141769409,
    "PRAUC": 0.7699709099855524,
    "DDI Rate": 0.07935357456557926,
    "Avg Meds": 22.65174102783203,
    "Avg True Meds": 19.90132713317871,
    "Precision": 0.6493675112724304,
    "Recall": 0.7409366369247437,
    "NHJ_new": 0.2794889211654663,
    "NHJ_dropped": 0.3731019355748829,
    "CVR": 0.0
  },
  "data_diagnostics": {
    "split_mode_requested": "hidr_vita",
    "require_cohort_split": false,
    "split_source": "hidr_vita_sequential",
    "split_seed_used": "n/a",
    "split_patient_counts": {
      "train": 4233,
      "val": 1059,
      "test": 1058
    },
    "split_example_counts": {
      "train": 6256,
      "val": 1220,
      "test": 1206
    },
    "ddi_density": 0.05261303581914269,
    "ddi_upper_pairs": 448,
    "ddi_total_pairs": 8515,
    "loaded_artifacts": {
      "records": "data/processed/records_final.pkl",
      "cohort": "data/processed/cohort_mimic3.pkl",
      "ddi": "data/processed/ddi_A_final.pkl",
      "ehr": "data/processed/ehr_adj_final.pkl",
      "embeddings": "data/embeddings/code_embeddings.pt",
      "notes": "data/processed/note_embeddings_mimic3.pkl"
    }
  },
  "param_counts": {
    "visit_encoder": {
      "total": 3990529,
      "trainable": 1388545
    },
    "fusion": {
      "total": 400512,
      "trainable": 400512
    },
    "drug_gnn": {
      "total": 1974080,
      "trainable": 1974080
    },
    "predictor": {
      "total": 327942,
      "trainable": 327941
    },
    "model_total": {
      "total": 6956231,
      "trainable": 4354246
    }
  },
  "threshold_sweep": {
    "0.4": {
      "Jaccard": 0.517726,
      "Avg Meds": 24.862354,
      "Avg True Meds": 19.901327,
      "DDI Rate": 0.079287
    },
    "0.45": {
      "Jaccard": 0.520956,
      "Avg Meds": 23.688225,
      "Avg True Meds": 19.901327,
      "DDI Rate": 0.07924
    },
    "0.5": {
      "Jaccard": 0.523082,
      "Avg Meds": 22.651741,
      "Avg True Meds": 19.901327,
      "DDI Rate": 0.079354
    },
    "0.55": {
      "Jaccard": 0.523903,
      "Avg Meds": 21.664179,
      "Avg True Meds": 19.901327,
      "DDI Rate": 0.079724
    },
    "0.6": {
      "Jaccard": 0.524304,
      "Avg Meds": 20.662521,
      "Avg True Meds": 19.901327,
      "DDI Rate": 0.0795
    },
    "0.65": {
      "Jaccard": 0.521848,
      "Avg Meds": 19.622719,
      "Avg True Meds": 19.901327,
      "DDI Rate": 0.07964
    },
    "0.7": {
      "Jaccard": 0.519398,
      "Avg Meds": 18.626865,
      "Avg True Meds": 19.901327,
      "DDI Rate": 0.079224
    },
    "0.75": {
      "Jaccard": 0.515357,
      "Avg Meds": 17.674129,
      "Avg True Meds": 19.901327,
      "DDI Rate": 0.078685
    }
  },
  "calibrated_threshold": 0.65,
  "calibrated_metrics": {
    "Jaccard": 0.521848,
    "Avg Meds": 19.622719,
    "Avg True Meds": 19.901327,
    "DDI Rate": 0.07964
  },
  "config": {
    "hidden_dim": 256,
    "use_notes": true,
    "use_labs": false,
    "use_copy": false,
    "fusion_strategy": "film",
    "lab_dim": 0,
    "pos_weight_cap": 5.0,
    "use_cosine_lr": false,
    "contrastive_weight": 0.0,
    "margin_loss_weight": 0.0,
    "alignment_loss_weight": 0.1,
    "alignment_start_epoch": 1,
    "alignment_ramp_epochs": 0
  }
}