{
  "seed": 456,
  "ablation": "full",
  "mimic_version": 3,
  "mimic4_full": false,
  "cohort_tag": "mimic3",
  "best_val_jaccard": 0.5012127757072449,
  "test_metrics": {
    "Jaccard": 0.5040498971939087,
    "F1": 0.6622275710105896,
    "PRAUC": 0.7514318641251305,
    "DDI Rate": 0.08335843710386996,
    "Avg Meds": 23.25373077392578,
    "Avg True Meds": 19.90132713317871,
    "Precision": 0.6309762001037598,
    "Recall": 0.7427687048912048,
    "NHJ_new": 0.23482216737772288,
    "NHJ_dropped": 0.29143700474186945,
    "CVR": 0.0
  },
  "data_diagnostics": {
    "split_mode_requested": "hidr_vita",
    "require_cohort_split": false,
    "split_source": "hidr_vita_sequential",
    "split_seed_used": "n/a",
    "split_patient_counts": {
      "train": 4233,
      "val": 1059,
      "test": 1058
    },
    "split_example_counts": {
      "train": 6256,
      "val": 1220,
      "test": 1206
    },
    "ddi_density": 0.05261303581914269,
    "ddi_upper_pairs": 448,
    "ddi_total_pairs": 8515,
    "loaded_artifacts": {
      "records": "data/processed/records_final.pkl",
      "cohort": "data/processed/cohort_mimic3.pkl",
      "ddi": "data/processed/ddi_A_final.pkl",
      "ehr": "data/processed/ehr_adj_final.pkl",
      "embeddings": "data/embeddings/code_embeddings.pt"
    }
  },
  "param_counts": {
    "visit_encoder": {
      "total": 4583681,
      "trainable": 1981697
    },
    "drug_gnn": {
      "total": 2960480,
      "trainable": 2960480
    },
    "predictor": {
      "total": 262406,
      "trainable": 262404
    },
    "model_total": {
      "total": 8069735,
      "trainable": 5467749
    }
  },
  "threshold_sweep": {
    "0.4": {
      "Jaccard": 0.497128,
      "Avg Meds": 25.676617,
      "Avg True Meds": 19.901327,
      "DDI Rate": 0.080592
    },
    "0.45": {
      "Jaccard": 0.501808,
      "Avg Meds": 24.436153,
      "Avg True Meds": 19.901327,
      "DDI Rate": 0.082071
    },
    "0.5": {
      "Jaccard": 0.50405,
      "Avg Meds": 23.253731,
      "Avg True Meds": 19.901327,
      "DDI Rate": 0.083358
    },
    "0.55": {
      "Jaccard": 0.504302,
      "Avg Meds": 22.074627,
      "Avg True Meds": 19.901327,
      "DDI Rate": 0.085203
    },
    "0.6": {
      "Jaccard": 0.502891,
      "Avg Meds": 20.874792,
      "Avg True Meds": 19.901327,
      "DDI Rate": 0.087156
    },
    "0.65": {
      "Jaccard": 0.503268,
      "Avg Meds": 19.753731,
      "Avg True Meds": 19.901327,
      "DDI Rate": 0.089133
    },
    "0.7": {
      "Jaccard": 0.497752,
      "Avg Meds": 18.554726,
      "Avg True Meds": 19.901327,
      "DDI Rate": 0.090474
    },
    "0.75": {
      "Jaccard": 0.491697,
      "Avg Meds": 17.39801,
      "Avg True Meds": 19.901327,
      "DDI Rate": 0.091218
    }
  },
  "calibrated_threshold": 0.65,
  "calibrated_metrics": {
    "Jaccard": 0.503268,
    "Avg Meds": 19.753731,
    "Avg True Meds": 19.901327,
    "DDI Rate": 0.089133
  },
  "config": {
    "hidden_dim": 256,
    "use_notes": false,
    "use_labs": false,
    "use_copy": false,
    "fusion_strategy": "film",
    "lab_dim": 0,
    "pos_weight_cap": 5.0,
    "use_cosine_lr": false,
    "contrastive_weight": 0.0,
    "margin_loss_weight": 0.0,
    "alignment_loss_weight": 0.1,
    "alignment_start_epoch": 1,
    "alignment_ramp_epochs": 0
  }
}