{
  "seed": 456,
  "ablation": "full",
  "mimic_version": 3,
  "mimic4_full": false,
  "cohort_tag": "mimic3",
  "best_val_jaccard": 0.5345795154571533,
  "test_metrics": {
    "Jaccard": 0.5326110124588013,
    "F1": 0.6874669194221497,
    "PRAUC": 0.7729730788447431,
    "DDI Rate": 0.07587501337197429,
    "Avg Meds": 22.226367950439453,
    "Avg True Meds": 19.90132713317871,
    "Precision": 0.6591424345970154,
    "Recall": 0.745517373085022,
    "NHJ_new": 0.2888295093649312,
    "NHJ_dropped": 0.36665571049640056,
    "CVR": 0.0
  },
  "data_diagnostics": {
    "split_mode_requested": "hidr_vita",
    "require_cohort_split": false,
    "split_source": "hidr_vita_sequential",
    "split_seed_used": "n/a",
    "split_patient_counts": {
      "train": 4233,
      "val": 1059,
      "test": 1058
    },
    "split_example_counts": {
      "train": 6256,
      "val": 1220,
      "test": 1206
    },
    "ddi_density": 0.05261303581914269,
    "ddi_upper_pairs": 448,
    "ddi_total_pairs": 8515,
    "loaded_artifacts": {
      "records": "data/processed/records_final.pkl",
      "cohort": "data/processed/cohort_mimic3.pkl",
      "ddi": "data/processed/ddi_A_final.pkl",
      "ehr": "data/processed/ehr_adj_final.pkl",
      "embeddings": "data/embeddings/code_embeddings.pt",
      "notes": "data/processed/note_embeddings_mimic3.pkl"
    }
  },
  "param_counts": {
    "visit_encoder": {
      "total": 3731473,
      "trainable": 1129489
    },
    "fusion": {
      "total": 400512,
      "trainable": 400512
    },
    "drug_gnn": {
      "total": 1974080,
      "trainable": 1974080
    },
    "predictor": {
      "total": 327942,
      "trainable": 327941
    },
    "model_total": {
      "total": 6697175,
      "trainable": 4095190
    }
  },
  "threshold_sweep": {
    "0.4": {
      "Jaccard": 0.529268,
      "Avg Meds": 24.312603,
      "Avg True Meds": 19.901327,
      "DDI Rate": 0.075266
    },
    "0.45": {
      "Jaccard": 0.53158,
      "Avg Meds": 23.262024,
      "Avg True Meds": 19.901327,
      "DDI Rate": 0.07566
    },
    "0.5": {
      "Jaccard": 0.532611,
      "Avg Meds": 22.226368,
      "Avg True Meds": 19.901327,
      "DDI Rate": 0.075875
    },
    "0.55": {
      "Jaccard": 0.53305,
      "Avg Meds": 21.271145,
      "Avg True Meds": 19.901327,
      "DDI Rate": 0.075946
    },
    "0.6": {
      "Jaccard": 0.533644,
      "Avg Meds": 20.3267,
      "Avg True Meds": 19.901327,
      "DDI Rate": 0.075982
    },
    "0.65": {
      "Jaccard": 0.531057,
      "Avg Meds": 19.369818,
      "Avg True Meds": 19.901327,
      "DDI Rate": 0.076333
    },
    "0.7": {
      "Jaccard": 0.527085,
      "Avg Meds": 18.380596,
      "Avg True Meds": 19.901327,
      "DDI Rate": 0.07725
    },
    "0.75": {
      "Jaccard": 0.521601,
      "Avg Meds": 17.385572,
      "Avg True Meds": 19.901327,
      "DDI Rate": 0.07725
    }
  },
  "calibrated_threshold": 0.6,
  "calibrated_metrics": {
    "Jaccard": 0.533644,
    "Avg Meds": 20.3267,
    "Avg True Meds": 19.901327,
    "DDI Rate": 0.075982
  },
  "config": {
    "hidden_dim": 256,
    "use_notes": true,
    "use_labs": false,
    "use_copy": false,
    "fusion_strategy": "film",
    "lab_dim": 0,
    "pos_weight_cap": 5.0,
    "use_cosine_lr": false,
    "contrastive_weight": 0.0,
    "margin_loss_weight": 0.0,
    "alignment_loss_weight": 0.1,
    "alignment_start_epoch": 1,
    "alignment_ramp_epochs": 0
  }
}