{
  "seed": 456,
  "ablation": "full",
  "mimic_version": 3,
  "mimic4_full": false,
  "cohort_tag": "mimic3",
  "best_val_jaccard": 0.5683255791664124,
  "test_metrics": {
    "Jaccard": 0.5634139180183411,
    "F1": 0.7132470011711121,
    "PRAUC": 0.7994099278985918,
    "DDI Rate": 0.07940125375303114,
    "Avg Meds": 22.366500854492188,
    "Avg True Meds": 19.90132713317871,
    "Precision": 0.68340665102005,
    "Recall": 0.7691357731819153,
    "NHJ_new": 0.29031695425510406,
    "NHJ_dropped": 0.29937480154790375,
    "CVR": 0.0
  },
  "data_diagnostics": {
    "split_mode_requested": "hidr_vita",
    "require_cohort_split": false,
    "split_source": "hidr_vita_sequential",
    "split_seed_used": "n/a",
    "split_patient_counts": {
      "train": 4233,
      "val": 1059,
      "test": 1058
    },
    "split_example_counts": {
      "train": 6256,
      "val": 1220,
      "test": 1206
    },
    "ddi_density": 0.05261303581914269,
    "ddi_upper_pairs": 448,
    "ddi_total_pairs": 8515,
    "loaded_artifacts": {
      "records": "data/processed/records_final.pkl",
      "cohort": "data/processed/cohort_mimic3.pkl",
      "ddi": "data/processed/ddi_A_final.pkl",
      "ehr": "data/processed/ehr_adj_final.pkl",
      "embeddings": "data/embeddings/code_embeddings.pt",
      "notes": "data/processed/note_embeddings_mimic3.pkl",
      "labs": "data/processed/lab_vectors_200labs.pkl"
    }
  },
  "param_counts": {
    "visit_encoder": {
      "total": 4583681,
      "trainable": 1981697
    },
    "fusion": {
      "total": 423808,
      "trainable": 423808
    },
    "drug_gnn": {
      "total": 526080,
      "trainable": 526080
    },
    "predictor": {
      "total": 559560,
      "trainable": 559560
    },
    "model_total": {
      "total": 6356297,
      "trainable": 3754313
    }
  },
  "threshold_sweep": {
    "0.4": {
      "Jaccard": 0.55902,
      "Avg Meds": 24.106136,
      "Avg True Meds": 19.901327,
      "DDI Rate": 0.079464
    },
    "0.45": {
      "Jaccard": 0.560941,
      "Avg Meds": 23.204809,
      "Avg True Meds": 19.901327,
      "DDI Rate": 0.079285
    },
    "0.5": {
      "Jaccard": 0.563414,
      "Avg Meds": 22.366501,
      "Avg True Meds": 19.901327,
      "DDI Rate": 0.079401
    },
    "0.55": {
      "Jaccard": 0.562841,
      "Avg Meds": 21.578773,
      "Avg True Meds": 19.901327,
      "DDI Rate": 0.079409
    },
    "0.6": {
      "Jaccard": 0.561643,
      "Avg Meds": 20.792704,
      "Avg True Meds": 19.901327,
      "DDI Rate": 0.07886
    },
    "0.65": {
      "Jaccard": 0.561181,
      "Avg Meds": 19.986732,
      "Avg True Meds": 19.901327,
      "DDI Rate": 0.078509
    },
    "0.7": {
      "Jaccard": 0.55871,
      "Avg Meds": 19.161692,
      "Avg True Meds": 19.901327,
      "DDI Rate": 0.078581
    },
    "0.75": {
      "Jaccard": 0.554399,
      "Avg Meds": 18.314262,
      "Avg True Meds": 19.901327,
      "DDI Rate": 0.078652
    }
  },
  "calibrated_threshold": 0.65,
  "calibrated_metrics": {
    "Jaccard": 0.561181,
    "Avg Meds": 19.986732,
    "Avg True Meds": 19.901327,
    "DDI Rate": 0.078509
  },
  "config": {
    "hidden_dim": 256,
    "use_notes": true,
    "use_labs": true,
    "use_copy": true,
    "fusion_strategy": "film",
    "lab_dim": 400,
    "pos_weight_cap": 5.0,
    "use_cosine_lr": false,
    "contrastive_weight": 0.0,
    "margin_loss_weight": 0.0,
    "alignment_loss_weight": 0.1,
    "alignment_start_epoch": 1,
    "alignment_ramp_epochs": 0
  }
}