{
  "seed": 456,
  "ablation": "full",
  "mimic_version": 3,
  "mimic4_full": false,
  "cohort_tag": "mimic3",
  "best_val_jaccard": 0.5497311353683472,
  "test_metrics": {
    "Jaccard": 0.5545026659965515,
    "F1": 0.7057272791862488,
    "PRAUC": 0.7850774036672303,
    "DDI Rate": 0.08469062248310935,
    "Avg Meds": 21.357379913330078,
    "Avg True Meds": 19.90132713317871,
    "Precision": 0.687653124332428,
    "Recall": 0.750196099281311,
    "NHJ_new": 0.2681628575450496,
    "NHJ_dropped": 0.32494085399728073,
    "CVR": 0.0
  },
  "data_diagnostics": {
    "split_mode_requested": "hidr_vita",
    "require_cohort_split": false,
    "split_source": "hidr_vita_sequential",
    "split_seed_used": "n/a",
    "split_patient_counts": {
      "train": 4233,
      "val": 1059,
      "test": 1058
    },
    "split_example_counts": {
      "train": 6256,
      "val": 1220,
      "test": 1206
    },
    "ddi_density": 0.05261303581914269,
    "ddi_upper_pairs": 448,
    "ddi_total_pairs": 8515,
    "loaded_artifacts": {
      "records": "data/processed/records_final.pkl",
      "cohort": "data/processed/cohort_mimic3.pkl",
      "ddi": "data/processed/ddi_A_final.pkl",
      "ehr": "data/processed/ehr_adj_final.pkl",
      "embeddings": "data/embeddings/code_embeddings.pt",
      "labs": "data/processed/lab_vectors_200labs.pkl"
    }
  },
  "param_counts": {
    "visit_encoder": {
      "total": 5108993,
      "trainable": 2507009
    },
    "fusion": {
      "total": 423808,
      "trainable": 423808
    },
    "drug_gnn": {
      "total": 395008,
      "trainable": 395008
    },
    "predictor": {
      "total": 1547977,
      "trainable": 1358406
    },
    "model_total": {
      "total": 7738954,
      "trainable": 4947399
    }
  },
  "threshold_sweep": {
    "0.4": {
      "Jaccard": 0.555099,
      "Avg Meds": 22.345772,
      "Avg True Meds": 19.901327,
      "DDI Rate": 0.083489
    },
    "0.45": {
      "Jaccard": 0.555357,
      "Avg Meds": 21.85821,
      "Avg True Meds": 19.901327,
      "DDI Rate": 0.083996
    },
    "0.5": {
      "Jaccard": 0.554503,
      "Avg Meds": 21.35738,
      "Avg True Meds": 19.901327,
      "DDI Rate": 0.084691
    },
    "0.55": {
      "Jaccard": 0.553054,
      "Avg Meds": 20.914595,
      "Avg True Meds": 19.901327,
      "DDI Rate": 0.085338
    },
    "0.6": {
      "Jaccard": 0.551351,
      "Avg Meds": 20.425373,
      "Avg True Meds": 19.901327,
      "DDI Rate": 0.08588
    },
    "0.65": {
      "Jaccard": 0.549865,
      "Avg Meds": 19.949419,
      "Avg True Meds": 19.901327,
      "DDI Rate": 0.086437
    },
    "0.7": {
      "Jaccard": 0.548621,
      "Avg Meds": 19.450249,
      "Avg True Meds": 19.901327,
      "DDI Rate": 0.086841
    },
    "0.75": {
      "Jaccard": 0.546664,
      "Avg Meds": 18.975124,
      "Avg True Meds": 19.901327,
      "DDI Rate": 0.08747
    }
  },
  "calibrated_threshold": 0.65,
  "calibrated_metrics": {
    "Jaccard": 0.549865,
    "Avg Meds": 19.949419,
    "Avg True Meds": 19.901327,
    "DDI Rate": 0.086437
  },
  "config": {
    "hidden_dim": 256,
    "use_notes": false,
    "use_labs": true,
    "use_copy": true,
    "fusion_strategy": "film",
    "lab_dim": 400,
    "pos_weight_cap": 5.0,
    "use_cosine_lr": false,
    "contrastive_weight": 0.0,
    "margin_loss_weight": 0.0,
    "alignment_loss_weight": 0.1,
    "alignment_start_epoch": 1,
    "alignment_ramp_epochs": 0
  }
}