{
  "seed": 123,
  "ablation": "full",
  "mimic_version": 3,
  "mimic4_full": false,
  "cohort_tag": "mimic3",
  "best_val_jaccard": 0.5644634366035461,
  "test_metrics": {
    "Jaccard": 0.5621026158332825,
    "F1": 0.712283730506897,
    "PRAUC": 0.7961815926657252,
    "DDI Rate": 0.08022330093843856,
    "Avg Meds": 21.479270935058594,
    "Avg True Meds": 19.90132713317871,
    "Precision": 0.6957057118415833,
    "Recall": 0.7511715888977051,
    "NHJ_new": 0.28559896114625427,
    "NHJ_dropped": 0.3198011831233376,
    "CVR": 0.0
  },
  "data_diagnostics": {
    "split_mode_requested": "hidr_vita",
    "require_cohort_split": false,
    "split_source": "hidr_vita_sequential",
    "split_seed_used": "n/a",
    "split_patient_counts": {
      "train": 4233,
      "val": 1059,
      "test": 1058
    },
    "split_example_counts": {
      "train": 6256,
      "val": 1220,
      "test": 1206
    },
    "ddi_density": 0.05261303581914269,
    "ddi_upper_pairs": 448,
    "ddi_total_pairs": 8515,
    "loaded_artifacts": {
      "records": "data/processed/records_final.pkl",
      "cohort": "data/processed/cohort_mimic3.pkl",
      "ddi": "data/processed/ddi_A_final.pkl",
      "ehr": "data/processed/ehr_adj_final.pkl",
      "embeddings": "data/embeddings/code_embeddings.pt",
      "notes": "data/processed/note_embeddings_mimic3.pkl",
      "labs": "data/processed/lab_vectors_200labs.pkl"
    }
  },
  "param_counts": {
    "visit_encoder": {
      "total": 4583681,
      "trainable": 1981697
    },
    "fusion": {
      "total": 423808,
      "trainable": 423808
    },
    "drug_gnn": {
      "total": 2960480,
      "trainable": 2960480
    },
    "predictor": {
      "total": 559560,
      "trainable": 559560
    },
    "model_total": {
      "total": 8790697,
      "trainable": 6188713
    }
  },
  "threshold_sweep": {
    "0.4": {
      "Jaccard": 0.560162,
      "Avg Meds": 23.114428,
      "Avg True Meds": 19.901327,
      "DDI Rate": 0.080417
    },
    "0.45": {
      "Jaccard": 0.561546,
      "Avg Meds": 22.263681,
      "Avg True Meds": 19.901327,
      "DDI Rate": 0.080322
    },
    "0.5": {
      "Jaccard": 0.562103,
      "Avg Meds": 21.479271,
      "Avg True Meds": 19.901327,
      "DDI Rate": 0.080223
    },
    "0.55": {
      "Jaccard": 0.562077,
      "Avg Meds": 20.71393,
      "Avg True Meds": 19.901327,
      "DDI Rate": 0.080205
    },
    "0.6": {
      "Jaccard": 0.561354,
      "Avg Meds": 19.925373,
      "Avg True Meds": 19.901327,
      "DDI Rate": 0.079949
    },
    "0.65": {
      "Jaccard": 0.559424,
      "Avg Meds": 19.110281,
      "Avg True Meds": 19.901327,
      "DDI Rate": 0.079624
    },
    "0.7": {
      "Jaccard": 0.554829,
      "Avg Meds": 18.310946,
      "Avg True Meds": 19.901327,
      "DDI Rate": 0.08033
    },
    "0.75": {
      "Jaccard": 0.547833,
      "Avg Meds": 17.485905,
      "Avg True Meds": 19.901327,
      "DDI Rate": 0.079738
    }
  },
  "calibrated_threshold": 0.6,
  "calibrated_metrics": {
    "Jaccard": 0.561354,
    "Avg Meds": 19.925373,
    "Avg True Meds": 19.901327,
    "DDI Rate": 0.079949
  },
  "config": {
    "hidden_dim": 256,
    "use_notes": true,
    "use_labs": true,
    "use_copy": true,
    "fusion_strategy": "film",
    "lab_dim": 400,
    "pos_weight_cap": 5.0,
    "use_cosine_lr": false,
    "contrastive_weight": 0.0,
    "margin_loss_weight": 0.0,
    "alignment_loss_weight": 0.1,
    "alignment_start_epoch": 1,
    "alignment_ramp_epochs": 0
  }
}