{
  "seed": 42,
  "ablation": "full",
  "mimic_version": 3,
  "mimic4_full": false,
  "cohort_tag": "mimic3",
  "best_val_jaccard": 0.561890184879303,
  "test_metrics": {
    "Jaccard": 0.5594231486320496,
    "F1": 0.710337221622467,
    "PRAUC": 0.7943000986733616,
    "DDI Rate": 0.08391804658995229,
    "Avg Meds": 21.364013671875,
    "Avg True Meds": 19.90132713317871,
    "Precision": 0.6945184469223022,
    "Recall": 0.7504419088363647,
    "NHJ_new": 0.2671813258999272,
    "NHJ_dropped": 0.3032156558413255,
    "CVR": 0.0
  },
  "data_diagnostics": {
    "split_mode_requested": "hidr_vita",
    "require_cohort_split": false,
    "split_source": "hidr_vita_sequential",
    "split_seed_used": "n/a",
    "split_patient_counts": {
      "train": 4233,
      "val": 1059,
      "test": 1058
    },
    "split_example_counts": {
      "train": 6256,
      "val": 1220,
      "test": 1206
    },
    "ddi_density": 0.05261303581914269,
    "ddi_upper_pairs": 448,
    "ddi_total_pairs": 8515,
    "loaded_artifacts": {
      "records": "data/processed/records_final.pkl",
      "cohort": "data/processed/cohort_mimic3.pkl",
      "ddi": "data/processed/ddi_A_final.pkl",
      "ehr": "data/processed/ehr_adj_final.pkl",
      "embeddings": "data/embeddings/code_embeddings.pt",
      "notes": "data/processed/note_embeddings_mimic3.pkl",
      "labs": "data/processed/lab_vectors_200labs.pkl"
    }
  },
  "param_counts": {
    "visit_encoder": {
      "total": 5762817,
      "trainable": 3160833
    },
    "fusion": {
      "total": 423808,
      "trainable": 423808
    },
    "drug_gnn": {
      "total": 1974080,
      "trainable": 1974080
    },
    "predictor": {
      "total": 559560,
      "trainable": 559560
    },
    "model_total": {
      "total": 8983433,
      "trainable": 6381449
    }
  },
  "threshold_sweep": {
    "0.4": {
      "Jaccard": 0.556978,
      "Avg Meds": 22.992537,
      "Avg True Meds": 19.901327,
      "DDI Rate": 0.08346
    },
    "0.45": {
      "Jaccard": 0.558308,
      "Avg Meds": 22.161692,
      "Avg True Meds": 19.901327,
      "DDI Rate": 0.083489
    },
    "0.5": {
      "Jaccard": 0.559423,
      "Avg Meds": 21.364014,
      "Avg True Meds": 19.901327,
      "DDI Rate": 0.083918
    },
    "0.55": {
      "Jaccard": 0.558223,
      "Avg Meds": 20.578773,
      "Avg True Meds": 19.901327,
      "DDI Rate": 0.083871
    },
    "0.6": {
      "Jaccard": 0.556374,
      "Avg Meds": 19.830845,
      "Avg True Meds": 19.901327,
      "DDI Rate": 0.083952
    },
    "0.65": {
      "Jaccard": 0.553492,
      "Avg Meds": 19.079601,
      "Avg True Meds": 19.901327,
      "DDI Rate": 0.083826
    },
    "0.7": {
      "Jaccard": 0.550508,
      "Avg Meds": 18.249586,
      "Avg True Meds": 19.901327,
      "DDI Rate": 0.083634
    },
    "0.75": {
      "Jaccard": 0.544512,
      "Avg Meds": 17.414595,
      "Avg True Meds": 19.901327,
      "DDI Rate": 0.083079
    }
  },
  "calibrated_threshold": 0.6,
  "calibrated_metrics": {
    "Jaccard": 0.556374,
    "Avg Meds": 19.830845,
    "Avg True Meds": 19.901327,
    "DDI Rate": 0.083952
  },
  "config": {
    "hidden_dim": 256,
    "use_notes": true,
    "use_labs": true,
    "use_copy": true,
    "fusion_strategy": "film",
    "lab_dim": 400,
    "pos_weight_cap": 5.0,
    "use_cosine_lr": false,
    "contrastive_weight": 0.0,
    "margin_loss_weight": 0.0,
    "alignment_loss_weight": 0.1,
    "alignment_start_epoch": 1,
    "alignment_ramp_epochs": 0
  }
}