{
  "seed": 456,
  "ablation": "full",
  "mimic_version": 3,
  "mimic4_full": false,
  "cohort_tag": "mimic3",
  "best_val_jaccard": 0.5419702529907227,
  "test_metrics": {
    "Jaccard": 0.538735568523407,
    "F1": 0.6924496293067932,
    "PRAUC": 0.7857044703827994,
    "DDI Rate": 0.08127213884997278,
    "Avg Meds": 22.902984619140625,
    "Avg True Meds": 19.90132713317871,
    "Precision": 0.6547939777374268,
    "Recall": 0.7620835900306702,
    "NHJ_new": 0.29901985980962453,
    "NHJ_dropped": 0.36514929721229955,
    "CVR": 0.0
  },
  "data_diagnostics": {
    "split_mode_requested": "hidr_vita",
    "require_cohort_split": false,
    "split_source": "hidr_vita_sequential",
    "split_seed_used": "n/a",
    "split_patient_counts": {
      "train": 4233,
      "val": 1059,
      "test": 1058
    },
    "split_example_counts": {
      "train": 6256,
      "val": 1220,
      "test": 1206
    },
    "ddi_density": 0.05261303581914269,
    "ddi_upper_pairs": 448,
    "ddi_total_pairs": 8515,
    "loaded_artifacts": {
      "records": "data/processed/records_final.pkl",
      "cohort": "data/processed/cohort_mimic3.pkl",
      "ddi": "data/processed/ddi_A_final.pkl",
      "ehr": "data/processed/ehr_adj_final.pkl",
      "embeddings": "data/embeddings/code_embeddings.pt",
      "notes": "data/processed/note_embeddings_mimic3.pkl"
    }
  },
  "param_counts": {
    "visit_encoder": {
      "total": 4583681,
      "trainable": 1981697
    },
    "fusion": {
      "total": 400512,
      "trainable": 400512
    },
    "drug_gnn": {
      "total": 2960480,
      "trainable": 2960480
    },
    "predictor": {
      "total": 327942,
      "trainable": 327941
    },
    "model_total": {
      "total": 8535783,
      "trainable": 5933798
    }
  },
  "threshold_sweep": {
    "0.4": {
      "Jaccard": 0.534901,
      "Avg Meds": 24.902985,
      "Avg True Meds": 19.901327,
      "DDI Rate": 0.08043
    },
    "0.45": {
      "Jaccard": 0.538583,
      "Avg Meds": 23.886402,
      "Avg True Meds": 19.901327,
      "DDI Rate": 0.080868
    },
    "0.5": {
      "Jaccard": 0.538736,
      "Avg Meds": 22.902985,
      "Avg True Meds": 19.901327,
      "DDI Rate": 0.081272
    },
    "0.55": {
      "Jaccard": 0.540727,
      "Avg Meds": 21.970978,
      "Avg True Meds": 19.901327,
      "DDI Rate": 0.082117
    },
    "0.6": {
      "Jaccard": 0.540253,
      "Avg Meds": 21.011608,
      "Avg True Meds": 19.901327,
      "DDI Rate": 0.081763
    },
    "0.65": {
      "Jaccard": 0.540649,
      "Avg Meds": 20.044777,
      "Avg True Meds": 19.901327,
      "DDI Rate": 0.081793
    },
    "0.7": {
      "Jaccard": 0.537873,
      "Avg Meds": 19.159204,
      "Avg True Meds": 19.901327,
      "DDI Rate": 0.082261
    },
    "0.75": {
      "Jaccard": 0.534911,
      "Avg Meds": 18.179934,
      "Avg True Meds": 19.901327,
      "DDI Rate": 0.08222
    }
  },
  "calibrated_threshold": 0.65,
  "calibrated_metrics": {
    "Jaccard": 0.540649,
    "Avg Meds": 20.044777,
    "Avg True Meds": 19.901327,
    "DDI Rate": 0.081793
  },
  "config": {
    "hidden_dim": 256,
    "use_notes": true,
    "use_labs": false,
    "use_copy": false,
    "fusion_strategy": "film",
    "lab_dim": 0,
    "pos_weight_cap": 5.0,
    "use_cosine_lr": false,
    "contrastive_weight": 0.0,
    "margin_loss_weight": 0.0,
    "alignment_loss_weight": 0.1,
    "alignment_start_epoch": 1,
    "alignment_ramp_epochs": 0
  }
}