{
  "seed": 42,
  "ablation": "full",
  "mimic_version": 3,
  "mimic4_full": false,
  "cohort_tag": "mimic3",
  "best_val_jaccard": 0.5411263704299927,
  "test_metrics": {
    "Jaccard": 0.5401040315628052,
    "F1": 0.693637490272522,
    "PRAUC": 0.7856507013157528,
    "DDI Rate": 0.08019799260884558,
    "Avg Meds": 22.776948928833008,
    "Avg True Meds": 19.90132713317871,
    "Precision": 0.658697247505188,
    "Recall": 0.7600663304328918,
    "NHJ_new": 0.2925370970838948,
    "NHJ_dropped": 0.3564736278433549,
    "CVR": 0.0
  },
  "data_diagnostics": {
    "split_mode_requested": "hidr_vita",
    "require_cohort_split": false,
    "split_source": "hidr_vita_sequential",
    "split_seed_used": "n/a",
    "split_patient_counts": {
      "train": 4233,
      "val": 1059,
      "test": 1058
    },
    "split_example_counts": {
      "train": 6256,
      "val": 1220,
      "test": 1206
    },
    "ddi_density": 0.05261303581914269,
    "ddi_upper_pairs": 448,
    "ddi_total_pairs": 8515,
    "loaded_artifacts": {
      "records": "data/processed/records_final.pkl",
      "cohort": "data/processed/cohort_mimic3.pkl",
      "ddi": "data/processed/ddi_A_final.pkl",
      "ehr": "data/processed/ehr_adj_final.pkl",
      "embeddings": "data/embeddings/code_embeddings.pt",
      "notes": "data/processed/note_embeddings_mimic3.pkl"
    }
  },
  "param_counts": {
    "visit_encoder": {
      "total": 4649474,
      "trainable": 2047490
    },
    "fusion": {
      "total": 289792,
      "trainable": 289792
    },
    "drug_gnn": {
      "total": 1151776,
      "trainable": 1151776
    },
    "predictor": {
      "total": 327942,
      "trainable": 327941
    },
    "model_total": {
      "total": 6682152,
      "trainable": 4080167
    }
  },
  "threshold_sweep": {
    "0.4": {
      "Jaccard": 0.53558,
      "Avg Meds": 24.565506,
      "Avg True Meds": 19.901327,
      "DDI Rate": 0.078946
    },
    "0.45": {
      "Jaccard": 0.538006,
      "Avg Meds": 23.671642,
      "Avg True Meds": 19.901327,
      "DDI Rate": 0.079876
    },
    "0.5": {
      "Jaccard": 0.540104,
      "Avg Meds": 22.776949,
      "Avg True Meds": 19.901327,
      "DDI Rate": 0.080198
    },
    "0.55": {
      "Jaccard": 0.541492,
      "Avg Meds": 21.913765,
      "Avg True Meds": 19.901327,
      "DDI Rate": 0.080451
    },
    "0.6": {
      "Jaccard": 0.541612,
      "Avg Meds": 21.133499,
      "Avg True Meds": 19.901327,
      "DDI Rate": 0.080996
    },
    "0.65": {
      "Jaccard": 0.540251,
      "Avg Meds": 20.277779,
      "Avg True Meds": 19.901327,
      "DDI Rate": 0.081492
    },
    "0.7": {
      "Jaccard": 0.537669,
      "Avg Meds": 19.432837,
      "Avg True Meds": 19.901327,
      "DDI Rate": 0.081967
    },
    "0.75": {
      "Jaccard": 0.534397,
      "Avg Meds": 18.505804,
      "Avg True Meds": 19.901327,
      "DDI Rate": 0.08207
    }
  },
  "calibrated_threshold": 0.65,
  "calibrated_metrics": {
    "Jaccard": 0.540251,
    "Avg Meds": 20.277779,
    "Avg True Meds": 19.901327,
    "DDI Rate": 0.081492
  },
  "config": {
    "hidden_dim": 256,
    "use_notes": true,
    "use_labs": false,
    "use_copy": false,
    "fusion_strategy": "film",
    "lab_dim": 0,
    "pos_weight_cap": 5.0,
    "use_cosine_lr": false,
    "contrastive_weight": 0.0,
    "margin_loss_weight": 0.0,
    "alignment_loss_weight": 0.1,
    "alignment_start_epoch": 1,
    "alignment_ramp_epochs": 0
  }
}