{
  "seed": 123,
  "ablation": "full",
  "mimic_version": 3,
  "mimic4_full": false,
  "cohort_tag": "mimic3",
  "best_val_jaccard": 0.5445104837417603,
  "test_metrics": {
    "Jaccard": 0.5403353571891785,
    "F1": 0.6936265826225281,
    "PRAUC": 0.7847720576251087,
    "DDI Rate": 0.07866536697614215,
    "Avg Meds": 22.06218910217285,
    "Avg True Meds": 19.90132713317871,
    "Precision": 0.6706219911575317,
    "Recall": 0.7443901896476746,
    "NHJ_new": 0.2875202674614756,
    "NHJ_dropped": 0.37571922258326884,
    "CVR": 0.0
  },
  "data_diagnostics": {
    "split_mode_requested": "hidr_vita",
    "require_cohort_split": false,
    "split_source": "hidr_vita_sequential",
    "split_seed_used": "n/a",
    "split_patient_counts": {
      "train": 4233,
      "val": 1059,
      "test": 1058
    },
    "split_example_counts": {
      "train": 6256,
      "val": 1220,
      "test": 1206
    },
    "ddi_density": 0.05261303581914269,
    "ddi_upper_pairs": 448,
    "ddi_total_pairs": 8515,
    "loaded_artifacts": {
      "records": "data/processed/records_final.pkl",
      "cohort": "data/processed/cohort_mimic3.pkl",
      "ddi": "data/processed/ddi_A_final.pkl",
      "ehr": "data/processed/ehr_adj_final.pkl",
      "embeddings": "data/embeddings/code_embeddings.pt",
      "labs": "data/processed/lab_vectors_200labs.pkl"
    }
  },
  "param_counts": {
    "visit_encoder": {
      "total": 4649474,
      "trainable": 2047490
    },
    "fusion": {
      "total": 423808,
      "trainable": 423808
    },
    "drug_gnn": {
      "total": 1151776,
      "trainable": 1151776
    },
    "predictor": {
      "total": 379398,
      "trainable": 379397
    },
    "model_total": {
      "total": 6867624,
      "trainable": 4265639
    }
  },
  "threshold_sweep": {
    "0.4": {
      "Jaccard": 0.537688,
      "Avg Meds": 23.835821,
      "Avg True Meds": 19.901327,
      "DDI Rate": 0.078672
    },
    "0.45": {
      "Jaccard": 0.539819,
      "Avg Meds": 22.931177,
      "Avg True Meds": 19.901327,
      "DDI Rate": 0.078612
    },
    "0.5": {
      "Jaccard": 0.540335,
      "Avg Meds": 22.062189,
      "Avg True Meds": 19.901327,
      "DDI Rate": 0.078665
    },
    "0.55": {
      "Jaccard": 0.540631,
      "Avg Meds": 21.217247,
      "Avg True Meds": 19.901327,
      "DDI Rate": 0.078962
    },
    "0.6": {
      "Jaccard": 0.539928,
      "Avg Meds": 20.427031,
      "Avg True Meds": 19.901327,
      "DDI Rate": 0.078983
    },
    "0.65": {
      "Jaccard": 0.538394,
      "Avg Meds": 19.608624,
      "Avg True Meds": 19.901327,
      "DDI Rate": 0.079231
    },
    "0.7": {
      "Jaccard": 0.53583,
      "Avg Meds": 18.835821,
      "Avg True Meds": 19.901327,
      "DDI Rate": 0.079126
    },
    "0.75": {
      "Jaccard": 0.532062,
      "Avg Meds": 17.944445,
      "Avg True Meds": 19.901327,
      "DDI Rate": 0.079447
    }
  },
  "calibrated_threshold": 0.65,
  "calibrated_metrics": {
    "Jaccard": 0.538394,
    "Avg Meds": 19.608624,
    "Avg True Meds": 19.901327,
    "DDI Rate": 0.079231
  },
  "config": {
    "hidden_dim": 256,
    "use_notes": false,
    "use_labs": true,
    "use_copy": false,
    "fusion_strategy": "film",
    "lab_dim": 400,
    "pos_weight_cap": 5.0,
    "use_cosine_lr": false,
    "contrastive_weight": 0.0,
    "margin_loss_weight": 0.0,
    "alignment_loss_weight": 0.1,
    "alignment_start_epoch": 1,
    "alignment_ramp_epochs": 0
  }
}