{
  "seed": 123,
  "ablation": "full",
  "mimic_version": 3,
  "mimic4_full": false,
  "cohort_tag": "mimic3",
  "best_val_jaccard": 0.5404418706893921,
  "test_metrics": {
    "Jaccard": 0.5431882739067078,
    "F1": 0.6961265802383423,
    "PRAUC": 0.7836126087427376,
    "DDI Rate": 0.07898153880343509,
    "Avg Meds": 22.21310043334961,
    "Avg True Meds": 19.90132713317871,
    "Precision": 0.6701750159263611,
    "Recall": 0.7509093880653381,
    "NHJ_new": 0.28799685600556824,
    "NHJ_dropped": 0.3606098043291192,
    "CVR": 0.0
  },
  "data_diagnostics": {
    "split_mode_requested": "hidr_vita",
    "require_cohort_split": false,
    "split_source": "hidr_vita_sequential",
    "split_seed_used": "n/a",
    "split_patient_counts": {
      "train": 4233,
      "val": 1059,
      "test": 1058
    },
    "split_example_counts": {
      "train": 6256,
      "val": 1220,
      "test": 1206
    },
    "ddi_density": 0.05261303581914269,
    "ddi_upper_pairs": 448,
    "ddi_total_pairs": 8515,
    "loaded_artifacts": {
      "records": "data/processed/records_final.pkl",
      "cohort": "data/processed/cohort_mimic3.pkl",
      "ddi": "data/processed/ddi_A_final.pkl",
      "ehr": "data/processed/ehr_adj_final.pkl",
      "embeddings": "data/embeddings/code_embeddings.pt",
      "labs": "data/processed/lab_vectors_300labs.pkl"
    }
  },
  "param_counts": {
    "visit_encoder": {
      "total": 4649474,
      "trainable": 2047490
    },
    "fusion": {
      "total": 436608,
      "trainable": 436608
    },
    "drug_gnn": {
      "total": 1151776,
      "trainable": 1151776
    },
    "predictor": {
      "total": 317254,
      "trainable": 317253
    },
    "model_total": {
      "total": 6818280,
      "trainable": 4216295
    }
  },
  "threshold_sweep": {
    "0.4": {
      "Jaccard": 0.539641,
      "Avg Meds": 23.875622,
      "Avg True Meds": 19.901327,
      "DDI Rate": 0.078797
    },
    "0.45": {
      "Jaccard": 0.541283,
      "Avg Meds": 22.988392,
      "Avg True Meds": 19.901327,
      "DDI Rate": 0.078745
    },
    "0.5": {
      "Jaccard": 0.543188,
      "Avg Meds": 22.2131,
      "Avg True Meds": 19.901327,
      "DDI Rate": 0.078982
    },
    "0.55": {
      "Jaccard": 0.54331,
      "Avg Meds": 21.478441,
      "Avg True Meds": 19.901327,
      "DDI Rate": 0.079609
    },
    "0.6": {
      "Jaccard": 0.543006,
      "Avg Meds": 20.769485,
      "Avg True Meds": 19.901327,
      "DDI Rate": 0.079857
    },
    "0.65": {
      "Jaccard": 0.542017,
      "Avg Meds": 20.0,
      "Avg True Meds": 19.901327,
      "DDI Rate": 0.080723
    },
    "0.7": {
      "Jaccard": 0.539105,
      "Avg Meds": 19.225538,
      "Avg True Meds": 19.901327,
      "DDI Rate": 0.080867
    },
    "0.75": {
      "Jaccard": 0.535399,
      "Avg Meds": 18.368158,
      "Avg True Meds": 19.901327,
      "DDI Rate": 0.080867
    }
  },
  "calibrated_threshold": 0.65,
  "calibrated_metrics": {
    "Jaccard": 0.542017,
    "Avg Meds": 20.0,
    "Avg True Meds": 19.901327,
    "DDI Rate": 0.080723
  },
  "config": {
    "hidden_dim": 256,
    "use_notes": false,
    "use_labs": true,
    "use_copy": false,
    "fusion_strategy": "film",
    "lab_dim": 600,
    "pos_weight_cap": 5.0,
    "use_cosine_lr": false,
    "contrastive_weight": 0.0,
    "margin_loss_weight": 0.0,
    "alignment_loss_weight": 0.1,
    "alignment_start_epoch": 1,
    "alignment_ramp_epochs": 0
  }
}