{
  "seed": 456,
  "ablation": "full",
  "mimic_version": 3,
  "mimic4_full": false,
  "cohort_tag": "mimic3",
  "best_val_jaccard": 0.5106112360954285,
  "test_metrics": {
    "Jaccard": 0.5066673159599304,
    "F1": 0.664777398109436,
    "PRAUC": 0.7575451917409418,
    "DDI Rate": 0.08193328633549476,
    "Avg Meds": 21.6998348236084,
    "Avg True Meds": 19.90132713317871,
    "Precision": 0.650353193283081,
    "Recall": 0.7229195833206177,
    "NHJ_new": 0.23149907118395754,
    "NHJ_dropped": 0.29967770607847916,
    "CVR": 0.0
  },
  "data_diagnostics": {
    "split_mode_requested": "hidr_vita",
    "require_cohort_split": false,
    "split_source": "hidr_vita_sequential",
    "split_seed_used": "n/a",
    "split_patient_counts": {
      "train": 4233,
      "val": 1059,
      "test": 1058
    },
    "split_example_counts": {
      "train": 6256,
      "val": 1220,
      "test": 1206
    },
    "ddi_density": 0.05261303581914269,
    "ddi_upper_pairs": 448,
    "ddi_total_pairs": 8515,
    "loaded_artifacts": {
      "records": "data/processed/records_final.pkl",
      "cohort": "data/processed/cohort_mimic3.pkl",
      "ddi": "data/processed/ddi_A_final.pkl",
      "ehr": "data/processed/ehr_adj_final.pkl",
      "embeddings": "data/embeddings/code_embeddings.pt"
    }
  },
  "param_counts": {
    "visit_encoder": {
      "total": 3534609,
      "trainable": 932625
    },
    "drug_gnn": {
      "total": 1974080,
      "trainable": 1974080
    },
    "predictor": {
      "total": 262406,
      "trainable": 262404
    },
    "model_total": {
      "total": 6034263,
      "trainable": 3432277
    }
  },
  "threshold_sweep": {
    "0.4": {
      "Jaccard": 0.505449,
      "Avg Meds": 23.922886,
      "Avg True Meds": 19.901327,
      "DDI Rate": 0.078921
    },
    "0.45": {
      "Jaccard": 0.5072,
      "Avg Meds": 22.757048,
      "Avg True Meds": 19.901327,
      "DDI Rate": 0.080506
    },
    "0.5": {
      "Jaccard": 0.506667,
      "Avg Meds": 21.699835,
      "Avg True Meds": 19.901327,
      "DDI Rate": 0.081933
    },
    "0.55": {
      "Jaccard": 0.50651,
      "Avg Meds": 20.649254,
      "Avg True Meds": 19.901327,
      "DDI Rate": 0.083944
    },
    "0.6": {
      "Jaccard": 0.505539,
      "Avg Meds": 19.627695,
      "Avg True Meds": 19.901327,
      "DDI Rate": 0.084616
    },
    "0.65": {
      "Jaccard": 0.503274,
      "Avg Meds": 18.657545,
      "Avg True Meds": 19.901327,
      "DDI Rate": 0.086131
    },
    "0.7": {
      "Jaccard": 0.498867,
      "Avg Meds": 17.689884,
      "Avg True Meds": 19.901327,
      "DDI Rate": 0.086994
    },
    "0.75": {
      "Jaccard": 0.491643,
      "Avg Meds": 16.666666,
      "Avg True Meds": 19.901327,
      "DDI Rate": 0.088087
    }
  },
  "calibrated_threshold": 0.6,
  "calibrated_metrics": {
    "Jaccard": 0.505539,
    "Avg Meds": 19.627695,
    "Avg True Meds": 19.901327,
    "DDI Rate": 0.084616
  },
  "config": {
    "hidden_dim": 256,
    "use_notes": false,
    "use_labs": false,
    "use_copy": false,
    "fusion_strategy": "film",
    "lab_dim": 0,
    "pos_weight_cap": 5.0,
    "use_cosine_lr": false,
    "contrastive_weight": 0.0,
    "margin_loss_weight": 0.0,
    "alignment_loss_weight": 0.1,
    "alignment_start_epoch": 1,
    "alignment_ramp_epochs": 0
  }
}