{
  "seed": 123,
  "ablation": "full",
  "mimic_version": 3,
  "mimic4_full": false,
  "cohort_tag": "mimic3",
  "best_val_jaccard": 0.5067859888076782,
  "test_metrics": {
    "Jaccard": 0.5064592957496643,
    "F1": 0.6644027829170227,
    "PRAUC": 0.755211721832784,
    "DDI Rate": 0.07793679738931511,
    "Avg Meds": 23.29021644592285,
    "Avg True Meds": 19.90132713317871,
    "Precision": 0.632340133190155,
    "Recall": 0.7465361952781677,
    "NHJ_new": 0.23671964752046684,
    "NHJ_dropped": 0.2830244302749634,
    "CVR": 0.0
  },
  "data_diagnostics": {
    "split_mode_requested": "hidr_vita",
    "require_cohort_split": false,
    "split_source": "hidr_vita_sequential",
    "split_seed_used": "n/a",
    "split_patient_counts": {
      "train": 4233,
      "val": 1059,
      "test": 1058
    },
    "split_example_counts": {
      "train": 6256,
      "val": 1220,
      "test": 1206
    },
    "ddi_density": 0.05261303581914269,
    "ddi_upper_pairs": 448,
    "ddi_total_pairs": 8515,
    "loaded_artifacts": {
      "records": "data/processed/records_final.pkl",
      "cohort": "data/processed/cohort_mimic3.pkl",
      "ddi": "data/processed/ddi_A_final.pkl",
      "ehr": "data/processed/ehr_adj_final.pkl",
      "embeddings": "data/embeddings/code_embeddings.pt"
    }
  },
  "param_counts": {
    "visit_encoder": {
      "total": 3534609,
      "trainable": 932625
    },
    "drug_gnn": {
      "total": 1974080,
      "trainable": 1974080
    },
    "predictor": {
      "total": 262406,
      "trainable": 262404
    },
    "model_total": {
      "total": 6034263,
      "trainable": 3432277
    }
  },
  "threshold_sweep": {
    "0.4": {
      "Jaccard": 0.501523,
      "Avg Meds": 25.920399,
      "Avg True Meds": 19.901327,
      "DDI Rate": 0.07517
    },
    "0.45": {
      "Jaccard": 0.504352,
      "Avg Meds": 24.561359,
      "Avg True Meds": 19.901327,
      "DDI Rate": 0.076629
    },
    "0.5": {
      "Jaccard": 0.506459,
      "Avg Meds": 23.290216,
      "Avg True Meds": 19.901327,
      "DDI Rate": 0.077937
    },
    "0.55": {
      "Jaccard": 0.507061,
      "Avg Meds": 22.103649,
      "Avg True Meds": 19.901327,
      "DDI Rate": 0.079406
    },
    "0.6": {
      "Jaccard": 0.506611,
      "Avg Meds": 20.880596,
      "Avg True Meds": 19.901327,
      "DDI Rate": 0.081076
    },
    "0.65": {
      "Jaccard": 0.504935,
      "Avg Meds": 19.740465,
      "Avg True Meds": 19.901327,
      "DDI Rate": 0.082378
    },
    "0.7": {
      "Jaccard": 0.500647,
      "Avg Meds": 18.592039,
      "Avg True Meds": 19.901327,
      "DDI Rate": 0.083755
    },
    "0.75": {
      "Jaccard": 0.495395,
      "Avg Meds": 17.45854,
      "Avg True Meds": 19.901327,
      "DDI Rate": 0.085314
    }
  },
  "calibrated_threshold": 0.65,
  "calibrated_metrics": {
    "Jaccard": 0.504935,
    "Avg Meds": 19.740465,
    "Avg True Meds": 19.901327,
    "DDI Rate": 0.082378
  },
  "config": {
    "hidden_dim": 256,
    "use_notes": false,
    "use_labs": false,
    "use_copy": false,
    "fusion_strategy": "film",
    "lab_dim": 0,
    "pos_weight_cap": 5.0,
    "use_cosine_lr": false,
    "contrastive_weight": 0.0,
    "margin_loss_weight": 0.0,
    "alignment_loss_weight": 0.1,
    "alignment_start_epoch": 1,
    "alignment_ramp_epochs": 0
  }
}