{
  "seed": 456,
  "ablation": "full",
  "mimic_version": 3,
  "mimic4_full": false,
  "cohort_tag": "mimic3",
  "best_val_jaccard": 0.565876841545105,
  "test_metrics": {
    "Jaccard": 0.5589784383773804,
    "F1": 0.7096140384674072,
    "PRAUC": 0.7978607006530426,
    "DDI Rate": 0.07666177481758192,
    "Avg Meds": 21.30928611755371,
    "Avg True Meds": 19.90132713317871,
    "Precision": 0.6950180530548096,
    "Recall": 0.7478010058403015,
    "NHJ_new": 0.26850475998301254,
    "NHJ_dropped": 0.293579134501909,
    "CVR": 0.0
  },
  "data_diagnostics": {
    "split_mode_requested": "hidr_vita",
    "require_cohort_split": false,
    "split_source": "hidr_vita_sequential",
    "split_seed_used": "n/a",
    "split_patient_counts": {
      "train": 4233,
      "val": 1059,
      "test": 1058
    },
    "split_example_counts": {
      "train": 6256,
      "val": 1220,
      "test": 1206
    },
    "ddi_density": 0.05261303581914269,
    "ddi_upper_pairs": 448,
    "ddi_total_pairs": 8515,
    "loaded_artifacts": {
      "records": "data/processed/records_final.pkl",
      "cohort": "data/processed/cohort_mimic3.pkl",
      "ddi": "data/processed/ddi_A_final.pkl",
      "ehr": "data/processed/ehr_adj_final.pkl",
      "embeddings": "data/embeddings/code_embeddings.pt",
      "notes": "data/processed/note_embeddings_mimic3.pkl",
      "labs": "data/processed/lab_vectors_200labs.pkl"
    }
  },
  "param_counts": {
    "visit_encoder": {
      "total": 4583681,
      "trainable": 1981697
    },
    "fusion": {
      "total": 423808,
      "trainable": 423808
    },
    "drug_gnn": {
      "total": 1974080,
      "trainable": 1974080
    },
    "predictor": {
      "total": 559560,
      "trainable": 559560
    },
    "model_total": {
      "total": 7804297,
      "trainable": 5202313
    }
  },
  "threshold_sweep": {
    "0.4": {
      "Jaccard": 0.558546,
      "Avg Meds": 22.979271,
      "Avg True Meds": 19.901327,
      "DDI Rate": 0.077057
    },
    "0.45": {
      "Jaccard": 0.559471,
      "Avg Meds": 22.135157,
      "Avg True Meds": 19.901327,
      "DDI Rate": 0.076909
    },
    "0.5": {
      "Jaccard": 0.558978,
      "Avg Meds": 21.309286,
      "Avg True Meds": 19.901327,
      "DDI Rate": 0.076662
    },
    "0.55": {
      "Jaccard": 0.559134,
      "Avg Meds": 20.525705,
      "Avg True Meds": 19.901327,
      "DDI Rate": 0.076321
    },
    "0.6": {
      "Jaccard": 0.559255,
      "Avg Meds": 19.778606,
      "Avg True Meds": 19.901327,
      "DDI Rate": 0.075567
    },
    "0.65": {
      "Jaccard": 0.556628,
      "Avg Meds": 18.980099,
      "Avg True Meds": 19.901327,
      "DDI Rate": 0.075196
    },
    "0.7": {
      "Jaccard": 0.552077,
      "Avg Meds": 18.128525,
      "Avg True Meds": 19.901327,
      "DDI Rate": 0.074239
    },
    "0.75": {
      "Jaccard": 0.543009,
      "Avg Meds": 17.21476,
      "Avg True Meds": 19.901327,
      "DDI Rate": 0.073657
    }
  },
  "calibrated_threshold": 0.6,
  "calibrated_metrics": {
    "Jaccard": 0.559255,
    "Avg Meds": 19.778606,
    "Avg True Meds": 19.901327,
    "DDI Rate": 0.075567
  },
  "config": {
    "hidden_dim": 256,
    "use_notes": true,
    "use_labs": true,
    "use_copy": true,
    "fusion_strategy": "film",
    "lab_dim": 400,
    "pos_weight_cap": 5.0,
    "use_cosine_lr": false,
    "contrastive_weight": 0.0,
    "margin_loss_weight": 0.0,
    "alignment_loss_weight": 0.1,
    "alignment_start_epoch": 1,
    "alignment_ramp_epochs": 0
  }
}