{
  "seed": 456,
  "ablation": "full",
  "mimic_version": 3,
  "mimic4_full": false,
  "cohort_tag": "mimic3",
  "best_val_jaccard": 0.5542426705360413,
  "test_metrics": {
    "Jaccard": 0.5518186688423157,
    "F1": 0.7037799954414368,
    "PRAUC": 0.7903760250884844,
    "DDI Rate": 0.08018138847675185,
    "Avg Meds": 22.4038143157959,
    "Avg True Meds": 19.90132713317871,
    "Precision": 0.6736156940460205,
    "Recall": 0.7595528364181519,
    "NHJ_new": 0.30679898591418014,
    "NHJ_dropped": 0.3943390030609934,
    "CVR": 0.0
  },
  "data_diagnostics": {
    "split_mode_requested": "hidr_vita",
    "require_cohort_split": false,
    "split_source": "hidr_vita_sequential",
    "split_seed_used": "n/a",
    "split_patient_counts": {
      "train": 4233,
      "val": 1059,
      "test": 1058
    },
    "split_example_counts": {
      "train": 6256,
      "val": 1220,
      "test": 1206
    },
    "ddi_density": 0.05261303581914269,
    "ddi_upper_pairs": 448,
    "ddi_total_pairs": 8515,
    "loaded_artifacts": {
      "records": "data/processed/records_final.pkl",
      "cohort": "data/processed/cohort_mimic3.pkl",
      "ddi": "data/processed/ddi_A_final.pkl",
      "ehr": "data/processed/ehr_adj_final.pkl",
      "embeddings": "data/embeddings/code_embeddings.pt",
      "notes": "data/processed/note_embeddings_mimic3.pkl",
      "labs": "data/processed/lab_vectors_200labs.pkl"
    }
  },
  "param_counts": {
    "visit_encoder": {
      "total": 4616835,
      "trainable": 2014851
    },
    "fusion": {
      "total": 423808,
      "trainable": 423808
    },
    "drug_gnn": {
      "total": 1974080,
      "trainable": 1974080
    },
    "predictor": {
      "total": 369990,
      "trainable": 369990
    },
    "model_total": {
      "total": 7647881,
      "trainable": 5045897
    }
  },
  "threshold_sweep": {
    "0.4": {
      "Jaccard": 0.545308,
      "Avg Meds": 24.036484,
      "Avg True Meds": 19.901327,
      "DDI Rate": 0.079656
    },
    "0.45": {
      "Jaccard": 0.549043,
      "Avg Meds": 23.21559,
      "Avg True Meds": 19.901327,
      "DDI Rate": 0.079759
    },
    "0.5": {
      "Jaccard": 0.551819,
      "Avg Meds": 22.403814,
      "Avg True Meds": 19.901327,
      "DDI Rate": 0.080181
    },
    "0.55": {
      "Jaccard": 0.551472,
      "Avg Meds": 21.635157,
      "Avg True Meds": 19.901327,
      "DDI Rate": 0.080291
    },
    "0.6": {
      "Jaccard": 0.552211,
      "Avg Meds": 20.862354,
      "Avg True Meds": 19.901327,
      "DDI Rate": 0.080119
    },
    "0.65": {
      "Jaccard": 0.552481,
      "Avg Meds": 20.092869,
      "Avg True Meds": 19.901327,
      "DDI Rate": 0.080625
    },
    "0.7": {
      "Jaccard": 0.552208,
      "Avg Meds": 19.306799,
      "Avg True Meds": 19.901327,
      "DDI Rate": 0.080889
    },
    "0.75": {
      "Jaccard": 0.547839,
      "Avg Meds": 18.423716,
      "Avg True Meds": 19.901327,
      "DDI Rate": 0.081516
    }
  },
  "calibrated_threshold": 0.65,
  "calibrated_metrics": {
    "Jaccard": 0.552481,
    "Avg Meds": 20.092869,
    "Avg True Meds": 19.901327,
    "DDI Rate": 0.080625
  },
  "config": {
    "hidden_dim": 256,
    "use_notes": true,
    "use_labs": true,
    "use_copy": false,
    "fusion_strategy": "film",
    "lab_dim": 400,
    "pos_weight_cap": 5.0,
    "use_cosine_lr": false,
    "contrastive_weight": 0.0,
    "margin_loss_weight": 0.0,
    "alignment_loss_weight": 0.1,
    "alignment_start_epoch": 1,
    "alignment_ramp_epochs": 0
  }
}