{
  "seed": 42,
  "ablation": "full",
  "mimic_version": 3,
  "mimic4_full": false,
  "cohort_tag": "mimic3",
  "best_val_jaccard": 0.5407057404518127,
  "test_metrics": {
    "Jaccard": 0.5398826599121094,
    "F1": 0.6933196187019348,
    "PRAUC": 0.7852063117651316,
    "DDI Rate": 0.08130105051590965,
    "Avg Meds": 23.129352569580078,
    "Avg True Meds": 19.90132713317871,
    "Precision": 0.6550022959709167,
    "Recall": 0.7631300091743469,
    "NHJ_new": 0.2860336499778848,
    "NHJ_dropped": 0.35350752974811356,
    "CVR": 0.0
  },
  "data_diagnostics": {
    "split_mode_requested": "hidr_vita",
    "require_cohort_split": false,
    "split_source": "hidr_vita_sequential",
    "split_seed_used": "n/a",
    "split_patient_counts": {
      "train": 4233,
      "val": 1059,
      "test": 1058
    },
    "split_example_counts": {
      "train": 6256,
      "val": 1220,
      "test": 1206
    },
    "ddi_density": 0.05261303581914269,
    "ddi_upper_pairs": 448,
    "ddi_total_pairs": 8515,
    "loaded_artifacts": {
      "records": "data/processed/records_final.pkl",
      "cohort": "data/processed/cohort_mimic3.pkl",
      "ddi": "data/processed/ddi_A_final.pkl",
      "ehr": "data/processed/ehr_adj_final.pkl",
      "embeddings": "data/embeddings/code_embeddings.pt",
      "labs": "data/processed/lab_vectors_250labs.pkl"
    }
  },
  "param_counts": {
    "visit_encoder": {
      "total": 4649474,
      "trainable": 2047490
    },
    "fusion": {
      "total": 430208,
      "trainable": 430208
    },
    "drug_gnn": {
      "total": 1151776,
      "trainable": 1151776
    },
    "predictor": {
      "total": 310854,
      "trainable": 310853
    },
    "model_total": {
      "total": 6805480,
      "trainable": 4203495
    }
  },
  "threshold_sweep": {
    "0.4": {
      "Jaccard": 0.534688,
      "Avg Meds": 24.835821,
      "Avg True Meds": 19.901327,
      "DDI Rate": 0.081273
    },
    "0.45": {
      "Jaccard": 0.537942,
      "Avg Meds": 23.912935,
      "Avg True Meds": 19.901327,
      "DDI Rate": 0.081424
    },
    "0.5": {
      "Jaccard": 0.539883,
      "Avg Meds": 23.129353,
      "Avg True Meds": 19.901327,
      "DDI Rate": 0.081301
    },
    "0.55": {
      "Jaccard": 0.541518,
      "Avg Meds": 22.362354,
      "Avg True Meds": 19.901327,
      "DDI Rate": 0.081464
    },
    "0.6": {
      "Jaccard": 0.541922,
      "Avg Meds": 21.583748,
      "Avg True Meds": 19.901327,
      "DDI Rate": 0.081521
    },
    "0.65": {
      "Jaccard": 0.541694,
      "Avg Meds": 20.809286,
      "Avg True Meds": 19.901327,
      "DDI Rate": 0.082099
    },
    "0.7": {
      "Jaccard": 0.538544,
      "Avg Meds": 19.970978,
      "Avg True Meds": 19.901327,
      "DDI Rate": 0.082003
    },
    "0.75": {
      "Jaccard": 0.535764,
      "Avg Meds": 19.062189,
      "Avg True Meds": 19.901327,
      "DDI Rate": 0.082032
    }
  },
  "calibrated_threshold": 0.7,
  "calibrated_metrics": {
    "Jaccard": 0.538544,
    "Avg Meds": 19.970978,
    "Avg True Meds": 19.901327,
    "DDI Rate": 0.082003
  },
  "config": {
    "hidden_dim": 256,
    "use_notes": false,
    "use_labs": true,
    "use_copy": false,
    "fusion_strategy": "film",
    "lab_dim": 500,
    "pos_weight_cap": 5.0,
    "use_cosine_lr": false,
    "contrastive_weight": 0.0,
    "margin_loss_weight": 0.0,
    "alignment_loss_weight": 0.1,
    "alignment_start_epoch": 1,
    "alignment_ramp_epochs": 0
  }
}