{
  "seed": 42,
  "ablation": "full",
  "mimic_version": 3,
  "mimic4_full": false,
  "cohort_tag": "mimic3",
  "best_val_jaccard": 0.5447260737419128,
  "test_metrics": {
    "Jaccard": 0.5402714610099792,
    "F1": 0.6940892934799194,
    "PRAUC": 0.7812410240789236,
    "DDI Rate": 0.07742650368780082,
    "Avg Meds": 22.41376495361328,
    "Avg True Meds": 19.90132713317871,
    "Precision": 0.6638801097869873,
    "Recall": 0.7533257603645325,
    "NHJ_new": 0.29341283754298564,
    "NHJ_dropped": 0.3674084293214898,
    "CVR": 0.0
  },
  "data_diagnostics": {
    "split_mode_requested": "hidr_vita",
    "require_cohort_split": false,
    "split_source": "hidr_vita_sequential",
    "split_seed_used": "n/a",
    "split_patient_counts": {
      "train": 4233,
      "val": 1059,
      "test": 1058
    },
    "split_example_counts": {
      "train": 6256,
      "val": 1220,
      "test": 1206
    },
    "ddi_density": 0.05261303581914269,
    "ddi_upper_pairs": 448,
    "ddi_total_pairs": 8515,
    "loaded_artifacts": {
      "records": "data/processed/records_final.pkl",
      "cohort": "data/processed/cohort_mimic3.pkl",
      "ddi": "data/processed/ddi_A_final.pkl",
      "ehr": "data/processed/ehr_adj_final.pkl",
      "embeddings": "data/embeddings/code_embeddings.pt",
      "notes": "data/processed/note_embeddings_mimic3.pkl"
    }
  },
  "param_counts": {
    "visit_encoder": {
      "total": 4583681,
      "trainable": 1981697
    },
    "fusion": {
      "total": 400512,
      "trainable": 400512
    },
    "drug_gnn": {
      "total": 1974080,
      "trainable": 1974080
    },
    "predictor": {
      "total": 327942,
      "trainable": 327941
    },
    "model_total": {
      "total": 7549383,
      "trainable": 4947398
    }
  },
  "threshold_sweep": {
    "0.4": {
      "Jaccard": 0.534137,
      "Avg Meds": 24.331675,
      "Avg True Meds": 19.901327,
      "DDI Rate": 0.076736
    },
    "0.45": {
      "Jaccard": 0.537999,
      "Avg Meds": 23.348259,
      "Avg True Meds": 19.901327,
      "DDI Rate": 0.077013
    },
    "0.5": {
      "Jaccard": 0.540271,
      "Avg Meds": 22.413765,
      "Avg True Meds": 19.901327,
      "DDI Rate": 0.077427
    },
    "0.55": {
      "Jaccard": 0.541471,
      "Avg Meds": 21.505804,
      "Avg True Meds": 19.901327,
      "DDI Rate": 0.077556
    },
    "0.6": {
      "Jaccard": 0.541416,
      "Avg Meds": 20.599503,
      "Avg True Meds": 19.901327,
      "DDI Rate": 0.077956
    },
    "0.65": {
      "Jaccard": 0.538237,
      "Avg Meds": 19.7131,
      "Avg True Meds": 19.901327,
      "DDI Rate": 0.077903
    },
    "0.7": {
      "Jaccard": 0.535716,
      "Avg Meds": 18.812603,
      "Avg True Meds": 19.901327,
      "DDI Rate": 0.078632
    },
    "0.75": {
      "Jaccard": 0.53106,
      "Avg Meds": 17.878109,
      "Avg True Meds": 19.901327,
      "DDI Rate": 0.07849
    }
  },
  "calibrated_threshold": 0.65,
  "calibrated_metrics": {
    "Jaccard": 0.538237,
    "Avg Meds": 19.7131,
    "Avg True Meds": 19.901327,
    "DDI Rate": 0.077903
  },
  "config": {
    "hidden_dim": 256,
    "use_notes": true,
    "use_labs": false,
    "use_copy": false,
    "fusion_strategy": "film",
    "lab_dim": 0,
    "pos_weight_cap": 5.0,
    "use_cosine_lr": false,
    "contrastive_weight": 0.0,
    "margin_loss_weight": 0.0,
    "alignment_loss_weight": 0.1,
    "alignment_start_epoch": 1,
    "alignment_ramp_epochs": 0
  }
}