{
  "seed": 42,
  "ablation": "full",
  "mimic_version": 3,
  "mimic4_full": false,
  "cohort_tag": "mimic3",
  "best_val_jaccard": 0.48948177695274353,
  "test_metrics": {
    "Jaccard": 0.49035367369651794,
    "F1": 0.6495352983474731,
    "PRAUC": 0.7528280089580068,
    "DDI Rate": 0.0847169888449913,
    "Avg Meds": 25.94444465637207,
    "Avg True Meds": 19.90132713317871,
    "Precision": 0.5822445154190063,
    "Recall": 0.7669869065284729,
    "NHJ_new": 0.279018729140884,
    "NHJ_dropped": 0.35307857237364115,
    "CVR": 0.0
  },
  "data_diagnostics": {
    "split_mode_requested": "hidr_vita",
    "require_cohort_split": false,
    "split_source": "hidr_vita_sequential",
    "split_seed_used": "n/a",
    "split_patient_counts": {
      "train": 4233,
      "val": 1059,
      "test": 1058
    },
    "split_example_counts": {
      "train": 6256,
      "val": 1220,
      "test": 1206
    },
    "ddi_density": 0.05261303581914269,
    "ddi_upper_pairs": 448,
    "ddi_total_pairs": 8515,
    "loaded_artifacts": {
      "records": "data/processed/records_final.pkl",
      "cohort": "data/processed/cohort_mimic3.pkl",
      "ddi": "data/processed/ddi_A_final.pkl",
      "ehr": "data/processed/ehr_adj_final.pkl",
      "embeddings": "data/embeddings/code_embeddings.pt",
      "notes": "data/processed/note_embeddings_mimic3.pkl"
    }
  },
  "param_counts": {
    "visit_encoder": {
      "total": 4583681,
      "trainable": 1981697
    },
    "fusion": {
      "total": 400512,
      "trainable": 400512
    },
    "drug_gnn": {
      "total": 1974080,
      "trainable": 1974080
    },
    "predictor": {
      "total": 627974,
      "trainable": 627972
    },
    "model_total": {
      "total": 7849415,
      "trainable": 5247429
    }
  },
  "threshold_sweep": {
    "0.4": {
      "Jaccard": 0.471054,
      "Avg Meds": 30.391376,
      "Avg True Meds": 19.901327,
      "DDI Rate": 0.083276
    },
    "0.45": {
      "Jaccard": 0.48214,
      "Avg Meds": 28.052238,
      "Avg True Meds": 19.901327,
      "DDI Rate": 0.084001
    },
    "0.5": {
      "Jaccard": 0.490354,
      "Avg Meds": 25.944445,
      "Avg True Meds": 19.901327,
      "DDI Rate": 0.084717
    },
    "0.55": {
      "Jaccard": 0.495414,
      "Avg Meds": 24.063019,
      "Avg True Meds": 19.901327,
      "DDI Rate": 0.084408
    },
    "0.6": {
      "Jaccard": 0.498336,
      "Avg Meds": 22.049751,
      "Avg True Meds": 19.901327,
      "DDI Rate": 0.0838
    },
    "0.65": {
      "Jaccard": 0.497236,
      "Avg Meds": 20.194859,
      "Avg True Meds": 19.901327,
      "DDI Rate": 0.082768
    },
    "0.7": {
      "Jaccard": 0.494278,
      "Avg Meds": 18.35655,
      "Avg True Meds": 19.901327,
      "DDI Rate": 0.081935
    },
    "0.75": {
      "Jaccard": 0.482716,
      "Avg Meds": 16.466833,
      "Avg True Meds": 19.901327,
      "DDI Rate": 0.078517
    }
  },
  "calibrated_threshold": 0.65,
  "calibrated_metrics": {
    "Jaccard": 0.497236,
    "Avg Meds": 20.194859,
    "Avg True Meds": 19.901327,
    "DDI Rate": 0.082768
  },
  "config": {
    "hidden_dim": 256,
    "use_notes": true,
    "use_labs": false,
    "use_copy": false,
    "fusion_strategy": "film",
    "lab_dim": 0,
    "pos_weight_cap": 5.0,
    "use_cosine_lr": false,
    "contrastive_weight": 0.0,
    "margin_loss_weight": 0.0,
    "alignment_loss_weight": 0.1,
    "alignment_start_epoch": 1,
    "alignment_ramp_epochs": 0
  }
}