{
  "seed": 456,
  "ablation": "full",
  "mimic_version": 3,
  "mimic4_full": false,
  "cohort_tag": "mimic3",
  "best_val_jaccard": 0.5476195216178894,
  "test_metrics": {
    "Jaccard": 0.5447909832000732,
    "F1": 0.698003888130188,
    "PRAUC": 0.7858759124937315,
    "DDI Rate": 0.0847776422180757,
    "Avg Meds": 22.72802734375,
    "Avg True Meds": 19.90132713317871,
    "Precision": 0.6655529737472534,
    "Recall": 0.7585329413414001,
    "NHJ_new": 0.29697328256933314,
    "NHJ_dropped": 0.37900702733742564,
    "CVR": 0.0
  },
  "data_diagnostics": {
    "split_mode_requested": "hidr_vita",
    "require_cohort_split": false,
    "split_source": "hidr_vita_sequential",
    "split_seed_used": "n/a",
    "split_patient_counts": {
      "train": 4233,
      "val": 1059,
      "test": 1058
    },
    "split_example_counts": {
      "train": 6256,
      "val": 1220,
      "test": 1206
    },
    "ddi_density": 0.05261303581914269,
    "ddi_upper_pairs": 448,
    "ddi_total_pairs": 8515,
    "loaded_artifacts": {
      "records": "data/processed/records_final.pkl",
      "cohort": "data/processed/cohort_mimic3.pkl",
      "ddi": "data/processed/ddi_A_final.pkl",
      "ehr": "data/processed/ehr_adj_final.pkl",
      "embeddings": "data/embeddings/code_embeddings.pt",
      "notes": "data/processed/note_embeddings_mimic3.pkl",
      "labs": "data/processed/lab_vectors_200labs.pkl"
    }
  },
  "param_counts": {
    "visit_encoder": {
      "total": 3731473,
      "trainable": 1129489
    },
    "fusion": {
      "total": 423808,
      "trainable": 423808
    },
    "drug_gnn": {
      "total": 1974080,
      "trainable": 1974080
    },
    "predictor": {
      "total": 369990,
      "trainable": 369990
    },
    "model_total": {
      "total": 6762519,
      "trainable": 4160535
    }
  },
  "threshold_sweep": {
    "0.4": {
      "Jaccard": 0.539004,
      "Avg Meds": 24.403814,
      "Avg True Meds": 19.901327,
      "DDI Rate": 0.083801
    },
    "0.45": {
      "Jaccard": 0.54255,
      "Avg Meds": 23.538143,
      "Avg True Meds": 19.901327,
      "DDI Rate": 0.084336
    },
    "0.5": {
      "Jaccard": 0.544791,
      "Avg Meds": 22.728027,
      "Avg True Meds": 19.901327,
      "DDI Rate": 0.084778
    },
    "0.55": {
      "Jaccard": 0.546416,
      "Avg Meds": 21.946932,
      "Avg True Meds": 19.901327,
      "DDI Rate": 0.085095
    },
    "0.6": {
      "Jaccard": 0.547189,
      "Avg Meds": 21.150911,
      "Avg True Meds": 19.901327,
      "DDI Rate": 0.085315
    },
    "0.65": {
      "Jaccard": 0.547231,
      "Avg Meds": 20.413765,
      "Avg True Meds": 19.901327,
      "DDI Rate": 0.085497
    },
    "0.7": {
      "Jaccard": 0.543726,
      "Avg Meds": 19.595356,
      "Avg True Meds": 19.901327,
      "DDI Rate": 0.085912
    },
    "0.75": {
      "Jaccard": 0.540843,
      "Avg Meds": 18.734659,
      "Avg True Meds": 19.901327,
      "DDI Rate": 0.08681
    }
  },
  "calibrated_threshold": 0.7,
  "calibrated_metrics": {
    "Jaccard": 0.543726,
    "Avg Meds": 19.595356,
    "Avg True Meds": 19.901327,
    "DDI Rate": 0.085912
  },
  "config": {
    "hidden_dim": 256,
    "use_notes": true,
    "use_labs": true,
    "use_copy": false,
    "fusion_strategy": "film",
    "lab_dim": 400,
    "pos_weight_cap": 5.0,
    "use_cosine_lr": false,
    "contrastive_weight": 0.0,
    "margin_loss_weight": 0.0,
    "alignment_loss_weight": 0.1,
    "alignment_start_epoch": 1,
    "alignment_ramp_epochs": 0
  }
}