{
  "seed": 456,
  "ablation": "full",
  "mimic_version": 3,
  "mimic4_full": false,
  "cohort_tag": "mimic3",
  "best_val_jaccard": 0.5413767099380493,
  "test_metrics": {
    "Jaccard": 0.5442818403244019,
    "F1": 0.6973503232002258,
    "PRAUC": 0.7831098855536839,
    "DDI Rate": 0.08933215815435049,
    "Avg Meds": 22.386402130126953,
    "Avg True Meds": 19.90132713317871,
    "Precision": 0.6682866215705872,
    "Recall": 0.7519602179527283,
    "NHJ_new": 0.2993777935442172,
    "NHJ_dropped": 0.39342297692047923,
    "CVR": 0.0
  },
  "data_diagnostics": {
    "split_mode_requested": "hidr_vita",
    "require_cohort_split": false,
    "split_source": "hidr_vita_sequential",
    "split_seed_used": "n/a",
    "split_patient_counts": {
      "train": 4233,
      "val": 1059,
      "test": 1058
    },
    "split_example_counts": {
      "train": 6256,
      "val": 1220,
      "test": 1206
    },
    "ddi_density": 0.05261303581914269,
    "ddi_upper_pairs": 448,
    "ddi_total_pairs": 8515,
    "loaded_artifacts": {
      "records": "data/processed/records_final.pkl",
      "cohort": "data/processed/cohort_mimic3.pkl",
      "ddi": "data/processed/ddi_A_final.pkl",
      "ehr": "data/processed/ehr_adj_final.pkl",
      "embeddings": "data/embeddings/code_embeddings.pt",
      "notes": "data/processed/note_embeddings_mimic3.pkl",
      "labs": "data/processed/lab_vectors_200labs.pkl"
    }
  },
  "param_counts": {
    "visit_encoder": {
      "total": 3793665,
      "trainable": 1191681
    },
    "fusion": {
      "total": 423808,
      "trainable": 423808
    },
    "drug_gnn": {
      "total": 1974080,
      "trainable": 1974080
    },
    "predictor": {
      "total": 369990,
      "trainable": 369990
    },
    "model_total": {
      "total": 6824711,
      "trainable": 4222727
    }
  },
  "threshold_sweep": {
    "0.4": {
      "Jaccard": 0.538431,
      "Avg Meds": 24.384743,
      "Avg True Meds": 19.901327,
      "DDI Rate": 0.088397
    },
    "0.45": {
      "Jaccard": 0.542598,
      "Avg Meds": 23.349916,
      "Avg True Meds": 19.901327,
      "DDI Rate": 0.088671
    },
    "0.5": {
      "Jaccard": 0.544282,
      "Avg Meds": 22.386402,
      "Avg True Meds": 19.901327,
      "DDI Rate": 0.089332
    },
    "0.55": {
      "Jaccard": 0.544631,
      "Avg Meds": 21.433664,
      "Avg True Meds": 19.901327,
      "DDI Rate": 0.089616
    },
    "0.6": {
      "Jaccard": 0.543325,
      "Avg Meds": 20.537313,
      "Avg True Meds": 19.901327,
      "DDI Rate": 0.089665
    },
    "0.65": {
      "Jaccard": 0.540636,
      "Avg Meds": 19.631842,
      "Avg True Meds": 19.901327,
      "DDI Rate": 0.089815
    },
    "0.7": {
      "Jaccard": 0.537638,
      "Avg Meds": 18.710613,
      "Avg True Meds": 19.901327,
      "DDI Rate": 0.090001
    },
    "0.75": {
      "Jaccard": 0.533035,
      "Avg Meds": 17.796021,
      "Avg True Meds": 19.901327,
      "DDI Rate": 0.090225
    }
  },
  "calibrated_threshold": 0.65,
  "calibrated_metrics": {
    "Jaccard": 0.540636,
    "Avg Meds": 19.631842,
    "Avg True Meds": 19.901327,
    "DDI Rate": 0.089815
  },
  "config": {
    "hidden_dim": 256,
    "use_notes": true,
    "use_labs": true,
    "use_copy": false,
    "fusion_strategy": "film",
    "lab_dim": 400,
    "pos_weight_cap": 5.0,
    "use_cosine_lr": false,
    "contrastive_weight": 0.0,
    "margin_loss_weight": 0.0,
    "alignment_loss_weight": 0.1,
    "alignment_start_epoch": 1,
    "alignment_ramp_epochs": 0
  }
}