{
  "seed": 42,
  "ablation": "full",
  "mimic_version": 3,
  "mimic4_full": false,
  "cohort_tag": "mimic3",
  "best_val_jaccard": 0.5651369094848633,
  "test_metrics": {
    "Jaccard": 0.5641286969184875,
    "F1": 0.7140303254127502,
    "PRAUC": 0.7965064538247928,
    "DDI Rate": 0.0685113758422029,
    "Avg Meds": 19.888059616088867,
    "Avg True Meds": 19.90132713317871,
    "Precision": 0.7178254723548889,
    "Recall": 0.7306295037269592,
    "NHJ_new": 0.2862007343455365,
    "NHJ_dropped": 0.391608150381791,
    "CVR": 0.0
  },
  "data_diagnostics": {
    "split_mode_requested": "hidr_vita",
    "require_cohort_split": false,
    "split_source": "hidr_vita_sequential",
    "split_seed_used": "n/a",
    "split_patient_counts": {
      "train": 4233,
      "val": 1059,
      "test": 1058
    },
    "split_example_counts": {
      "train": 6256,
      "val": 1220,
      "test": 1206
    },
    "ddi_density": 0.05261303581914269,
    "ddi_upper_pairs": 448,
    "ddi_total_pairs": 8515,
    "loaded_artifacts": {
      "records": "data/processed/records_final.pkl",
      "cohort": "data/processed/cohort_mimic3.pkl",
      "ddi": "data/processed/ddi_A_final.pkl",
      "ehr": "data/processed/ehr_adj_final.pkl",
      "embeddings": "data/embeddings/code_embeddings.pt",
      "notes": "data/processed/note_embeddings_mimic3.pkl",
      "labs": "data/processed/lab_vectors_200labs.pkl"
    }
  },
  "param_counts": {
    "visit_encoder": {
      "total": 5108993,
      "trainable": 2507009
    },
    "fusion": {
      "total": 423808,
      "trainable": 423808
    },
    "drug_gnn": {
      "total": 395008,
      "trainable": 395008
    },
    "predictor": {
      "total": 1613513,
      "trainable": 1423943
    },
    "model_total": {
      "total": 7804490,
      "trainable": 5012936
    }
  },
  "threshold_sweep": {
    "0.4": {
      "Jaccard": 0.566674,
      "Avg Meds": 20.882256,
      "Avg True Meds": 19.901327,
      "DDI Rate": 0.068036
    },
    "0.45": {
      "Jaccard": 0.564646,
      "Avg Meds": 20.344112,
      "Avg True Meds": 19.901327,
      "DDI Rate": 0.068424
    },
    "0.5": {
      "Jaccard": 0.564129,
      "Avg Meds": 19.88806,
      "Avg True Meds": 19.901327,
      "DDI Rate": 0.068511
    },
    "0.55": {
      "Jaccard": 0.563075,
      "Avg Meds": 19.417082,
      "Avg True Meds": 19.901327,
      "DDI Rate": 0.068823
    },
    "0.6": {
      "Jaccard": 0.560982,
      "Avg Meds": 18.920399,
      "Avg True Meds": 19.901327,
      "DDI Rate": 0.068853
    },
    "0.65": {
      "Jaccard": 0.55948,
      "Avg Meds": 18.475124,
      "Avg True Meds": 19.901327,
      "DDI Rate": 0.069071
    },
    "0.7": {
      "Jaccard": 0.556896,
      "Avg Meds": 18.00083,
      "Avg True Meds": 19.901327,
      "DDI Rate": 0.069312
    },
    "0.75": {
      "Jaccard": 0.553348,
      "Avg Meds": 17.45854,
      "Avg True Meds": 19.901327,
      "DDI Rate": 0.069223
    }
  },
  "calibrated_threshold": 0.5,
  "calibrated_metrics": {
    "Jaccard": 0.564129,
    "Avg Meds": 19.88806,
    "Avg True Meds": 19.901327,
    "DDI Rate": 0.068511
  },
  "config": {
    "hidden_dim": 256,
    "use_notes": true,
    "use_labs": true,
    "use_copy": true,
    "fusion_strategy": "film",
    "lab_dim": 400,
    "pos_weight_cap": 5.0,
    "use_cosine_lr": false,
    "contrastive_weight": 0.0,
    "margin_loss_weight": 0.0,
    "alignment_loss_weight": 0.1,
    "alignment_start_epoch": 1,
    "alignment_ramp_epochs": 0
  }
}