{
  "seed": 123,
  "ablation": "full",
  "mimic_version": 3,
  "mimic4_full": false,
  "cohort_tag": "mimic3",
  "best_val_jaccard": 0.5408467650413513,
  "test_metrics": {
    "Jaccard": 0.5416874289512634,
    "F1": 0.6954576373100281,
    "PRAUC": 0.7851645887798749,
    "DDI Rate": 0.07616950135411076,
    "Avg Meds": 22.71890640258789,
    "Avg True Meds": 19.90132713317871,
    "Precision": 0.6599884033203125,
    "Recall": 0.7621511816978455,
    "NHJ_new": 0.28713250160217285,
    "NHJ_dropped": 0.34747363548529775,
    "CVR": 0.0
  },
  "data_diagnostics": {
    "split_mode_requested": "hidr_vita",
    "require_cohort_split": false,
    "split_source": "hidr_vita_sequential",
    "split_seed_used": "n/a",
    "split_patient_counts": {
      "train": 4233,
      "val": 1059,
      "test": 1058
    },
    "split_example_counts": {
      "train": 6256,
      "val": 1220,
      "test": 1206
    },
    "ddi_density": 0.05261303581914269,
    "ddi_upper_pairs": 448,
    "ddi_total_pairs": 8515,
    "loaded_artifacts": {
      "records": "data/processed/records_final.pkl",
      "cohort": "data/processed/cohort_mimic3.pkl",
      "ddi": "data/processed/ddi_A_final.pkl",
      "ehr": "data/processed/ehr_adj_final.pkl",
      "embeddings": "data/embeddings/code_embeddings.pt",
      "labs": "data/processed/lab_vectors_200labs.pkl"
    }
  },
  "param_counts": {
    "visit_encoder": {
      "total": 5762817,
      "trainable": 3160833
    },
    "fusion": {
      "total": 423808,
      "trainable": 423808
    },
    "drug_gnn": {
      "total": 1974080,
      "trainable": 1974080
    },
    "predictor": {
      "total": 304454,
      "trainable": 304453
    },
    "model_total": {
      "total": 8728327,
      "trainable": 6126342
    }
  },
  "threshold_sweep": {
    "0.4": {
      "Jaccard": 0.534122,
      "Avg Meds": 24.613598,
      "Avg True Meds": 19.901327,
      "DDI Rate": 0.075493
    },
    "0.45": {
      "Jaccard": 0.537656,
      "Avg Meds": 23.648424,
      "Avg True Meds": 19.901327,
      "DDI Rate": 0.075909
    },
    "0.5": {
      "Jaccard": 0.541687,
      "Avg Meds": 22.718906,
      "Avg True Meds": 19.901327,
      "DDI Rate": 0.07617
    },
    "0.55": {
      "Jaccard": 0.54264,
      "Avg Meds": 21.847429,
      "Avg True Meds": 19.901327,
      "DDI Rate": 0.076157
    },
    "0.6": {
      "Jaccard": 0.542929,
      "Avg Meds": 20.99917,
      "Avg True Meds": 19.901327,
      "DDI Rate": 0.076584
    },
    "0.65": {
      "Jaccard": 0.543325,
      "Avg Meds": 20.176617,
      "Avg True Meds": 19.901327,
      "DDI Rate": 0.076747
    },
    "0.7": {
      "Jaccard": 0.540279,
      "Avg Meds": 19.305141,
      "Avg True Meds": 19.901327,
      "DDI Rate": 0.077397
    },
    "0.75": {
      "Jaccard": 0.537554,
      "Avg Meds": 18.439468,
      "Avg True Meds": 19.901327,
      "DDI Rate": 0.07756
    }
  },
  "calibrated_threshold": 0.65,
  "calibrated_metrics": {
    "Jaccard": 0.543325,
    "Avg Meds": 20.176617,
    "Avg True Meds": 19.901327,
    "DDI Rate": 0.076747
  },
  "config": {
    "hidden_dim": 256,
    "use_notes": false,
    "use_labs": true,
    "use_copy": false,
    "fusion_strategy": "film",
    "lab_dim": 400,
    "pos_weight_cap": 5.0,
    "use_cosine_lr": false,
    "contrastive_weight": 0.0,
    "margin_loss_weight": 0.0,
    "alignment_loss_weight": 0.1,
    "alignment_start_epoch": 1,
    "alignment_ramp_epochs": 0
  }
}