{
  "seed": 42,
  "ablation": "full",
  "mimic_version": 3,
  "mimic4_full": false,
  "cohort_tag": "mimic3",
  "best_val_jaccard": 0.5664204359054565,
  "test_metrics": {
    "Jaccard": 0.5636078715324402,
    "F1": 0.7134403586387634,
    "PRAUC": 0.7988757662944261,
    "DDI Rate": 0.08055062042723445,
    "Avg Meds": 21.06467628479004,
    "Avg True Meds": 19.90132713317871,
    "Precision": 0.7034053802490234,
    "Recall": 0.7467633485794067,
    "NHJ_new": 0.26635352404494034,
    "NHJ_dropped": 0.2931520295770545,
    "CVR": 0.0
  },
  "data_diagnostics": {
    "split_mode_requested": "hidr_vita",
    "require_cohort_split": false,
    "split_source": "hidr_vita_sequential",
    "split_seed_used": "n/a",
    "split_patient_counts": {
      "train": 4233,
      "val": 1059,
      "test": 1058
    },
    "split_example_counts": {
      "train": 6256,
      "val": 1220,
      "test": 1206
    },
    "ddi_density": 0.05261303581914269,
    "ddi_upper_pairs": 448,
    "ddi_total_pairs": 8515,
    "loaded_artifacts": {
      "records": "data/processed/records_final.pkl",
      "cohort": "data/processed/cohort_mimic3.pkl",
      "ddi": "data/processed/ddi_A_final.pkl",
      "ehr": "data/processed/ehr_adj_final.pkl",
      "embeddings": "data/embeddings/code_embeddings.pt",
      "notes": "data/processed/note_embeddings_mimic3.pkl",
      "labs": "data/processed/lab_vectors_200labs.pkl"
    }
  },
  "param_counts": {
    "visit_encoder": {
      "total": 4583681,
      "trainable": 1981697
    },
    "fusion": {
      "total": 423808,
      "trainable": 423808
    },
    "drug_gnn": {
      "total": 1974080,
      "trainable": 1974080
    },
    "predictor": {
      "total": 559560,
      "trainable": 559560
    },
    "model_total": {
      "total": 7804297,
      "trainable": 5202313
    }
  },
  "threshold_sweep": {
    "0.4": {
      "Jaccard": 0.562806,
      "Avg Meds": 22.589552,
      "Avg True Meds": 19.901327,
      "DDI Rate": 0.08095
    },
    "0.45": {
      "Jaccard": 0.563714,
      "Avg Meds": 21.773632,
      "Avg True Meds": 19.901327,
      "DDI Rate": 0.080673
    },
    "0.5": {
      "Jaccard": 0.563608,
      "Avg Meds": 21.064676,
      "Avg True Meds": 19.901327,
      "DDI Rate": 0.080551
    },
    "0.55": {
      "Jaccard": 0.56104,
      "Avg Meds": 20.389719,
      "Avg True Meds": 19.901327,
      "DDI Rate": 0.079899
    },
    "0.6": {
      "Jaccard": 0.55952,
      "Avg Meds": 19.701492,
      "Avg True Meds": 19.901327,
      "DDI Rate": 0.079765
    },
    "0.65": {
      "Jaccard": 0.558103,
      "Avg Meds": 18.978441,
      "Avg True Meds": 19.901327,
      "DDI Rate": 0.079723
    },
    "0.7": {
      "Jaccard": 0.554321,
      "Avg Meds": 18.251244,
      "Avg True Meds": 19.901327,
      "DDI Rate": 0.079322
    },
    "0.75": {
      "Jaccard": 0.547177,
      "Avg Meds": 17.481758,
      "Avg True Meds": 19.901327,
      "DDI Rate": 0.079077
    }
  },
  "calibrated_threshold": 0.6,
  "calibrated_metrics": {
    "Jaccard": 0.55952,
    "Avg Meds": 19.701492,
    "Avg True Meds": 19.901327,
    "DDI Rate": 0.079765
  },
  "config": {
    "hidden_dim": 256,
    "use_notes": true,
    "use_labs": true,
    "use_copy": true,
    "fusion_strategy": "film",
    "lab_dim": 400,
    "pos_weight_cap": 5.0,
    "use_cosine_lr": false,
    "contrastive_weight": 0.0,
    "margin_loss_weight": 0.0,
    "alignment_loss_weight": 0.1,
    "alignment_start_epoch": 1,
    "alignment_ramp_epochs": 0
  }
}