{
  "seed": 456,
  "ablation": "full",
  "mimic_version": 3,
  "mimic4_full": false,
  "cohort_tag": "mimic3",
  "best_val_jaccard": 0.5485062599182129,
  "test_metrics": {
    "Jaccard": 0.5477691888809204,
    "F1": 0.699946939945221,
    "PRAUC": 0.7899472560781019,
    "DDI Rate": 0.0790440899346626,
    "Avg Meds": 22.86981773376465,
    "Avg True Meds": 19.90132713317871,
    "Precision": 0.6635709404945374,
    "Recall": 0.7680981755256653,
    "NHJ_new": 0.27419949989569814,
    "NHJ_dropped": 0.29979794746951055,
    "CVR": 0.0
  },
  "data_diagnostics": {
    "split_mode_requested": "hidr_vita",
    "require_cohort_split": false,
    "split_source": "hidr_vita_sequential",
    "split_seed_used": "n/a",
    "split_patient_counts": {
      "train": 4233,
      "val": 1059,
      "test": 1058
    },
    "split_example_counts": {
      "train": 6256,
      "val": 1220,
      "test": 1206
    },
    "ddi_density": 0.05261303581914269,
    "ddi_upper_pairs": 448,
    "ddi_total_pairs": 8515,
    "loaded_artifacts": {
      "records": "data/processed/records_final.pkl",
      "cohort": "data/processed/cohort_mimic3.pkl",
      "ddi": "data/processed/ddi_A_final.pkl",
      "ehr": "data/processed/ehr_adj_final.pkl",
      "embeddings": "data/embeddings/code_embeddings.pt",
      "labs": "data/processed/lab_vectors_200labs.pkl"
    }
  },
  "param_counts": {
    "visit_encoder": {
      "total": 4583681,
      "trainable": 1981697
    },
    "fusion": {
      "total": 423808,
      "trainable": 423808
    },
    "drug_gnn": {
      "total": 1974080,
      "trainable": 1974080
    },
    "predictor": {
      "total": 832327,
      "trainable": 832326
    },
    "model_total": {
      "total": 8077064,
      "trainable": 5475079
    }
  },
  "threshold_sweep": {
    "0.4": {
      "Jaccard": 0.5446,
      "Avg Meds": 24.344112,
      "Avg True Meds": 19.901327,
      "DDI Rate": 0.077864
    },
    "0.45": {
      "Jaccard": 0.54685,
      "Avg Meds": 23.585405,
      "Avg True Meds": 19.901327,
      "DDI Rate": 0.078198
    },
    "0.5": {
      "Jaccard": 0.547769,
      "Avg Meds": 22.869818,
      "Avg True Meds": 19.901327,
      "DDI Rate": 0.079044
    },
    "0.55": {
      "Jaccard": 0.548831,
      "Avg Meds": 22.14179,
      "Avg True Meds": 19.901327,
      "DDI Rate": 0.079426
    },
    "0.6": {
      "Jaccard": 0.548492,
      "Avg Meds": 21.438641,
      "Avg True Meds": 19.901327,
      "DDI Rate": 0.080279
    },
    "0.65": {
      "Jaccard": 0.548706,
      "Avg Meds": 20.743782,
      "Avg True Meds": 19.901327,
      "DDI Rate": 0.080869
    },
    "0.7": {
      "Jaccard": 0.547883,
      "Avg Meds": 20.015755,
      "Avg True Meds": 19.901327,
      "DDI Rate": 0.081189
    },
    "0.75": {
      "Jaccard": 0.545149,
      "Avg Meds": 19.248756,
      "Avg True Meds": 19.901327,
      "DDI Rate": 0.081878
    }
  },
  "calibrated_threshold": 0.7,
  "calibrated_metrics": {
    "Jaccard": 0.547883,
    "Avg Meds": 20.015755,
    "Avg True Meds": 19.901327,
    "DDI Rate": 0.081189
  },
  "config": {
    "hidden_dim": 256,
    "use_notes": false,
    "use_labs": true,
    "use_copy": false,
    "fusion_strategy": "film",
    "lab_dim": 400,
    "pos_weight_cap": 5.0,
    "use_cosine_lr": false,
    "contrastive_weight": 0.0,
    "margin_loss_weight": 0.0,
    "alignment_loss_weight": 0.1,
    "alignment_start_epoch": 1,
    "alignment_ramp_epochs": 0
  }
}