{
  "seed": 123,
  "ablation": "full",
  "mimic_version": 3,
  "mimic4_full": false,
  "cohort_tag": "mimic3",
  "best_val_jaccard": 0.5546241402626038,
  "test_metrics": {
    "Jaccard": 0.5517162680625916,
    "F1": 0.7035501599311829,
    "PRAUC": 0.7855126531409793,
    "DDI Rate": 0.07621035082759404,
    "Avg Meds": 23.195688247680664,
    "Avg True Meds": 19.90132713317871,
    "Precision": 0.6620202660560608,
    "Recall": 0.7760319709777832,
    "NHJ_new": 0.26921348509035614,
    "NHJ_dropped": 0.1966591759731895,
    "CVR": 0.0
  },
  "data_diagnostics": {
    "split_mode_requested": "hidr_vita",
    "require_cohort_split": false,
    "split_source": "hidr_vita_sequential",
    "split_seed_used": "n/a",
    "split_patient_counts": {
      "train": 4233,
      "val": 1059,
      "test": 1058
    },
    "split_example_counts": {
      "train": 6256,
      "val": 1220,
      "test": 1206
    },
    "ddi_density": 0.05261303581914269,
    "ddi_upper_pairs": 448,
    "ddi_total_pairs": 8515,
    "loaded_artifacts": {
      "records": "data/processed/records_final.pkl",
      "cohort": "data/processed/cohort_mimic3.pkl",
      "ddi": "data/processed/ddi_A_final.pkl",
      "ehr": "data/processed/ehr_adj_final.pkl",
      "embeddings": "data/embeddings/code_embeddings.pt",
      "notes": "data/processed/note_embeddings_mimic3.pkl",
      "labs": "data/processed/lab_vectors_200labs.pkl"
    }
  },
  "param_counts": {
    "visit_encoder": {
      "total": 4583681,
      "trainable": 1981697
    },
    "fusion": {
      "total": 423808,
      "trainable": 423808
    },
    "drug_gnn": {
      "total": 1974080,
      "trainable": 1974080
    },
    "predictor": {
      "total": 817544,
      "trainable": 817542
    },
    "model_total": {
      "total": 8062281,
      "trainable": 5460295
    }
  },
  "threshold_sweep": {
    "0.4": {
      "Jaccard": 0.544745,
      "Avg Meds": 25.515755,
      "Avg True Meds": 19.901327,
      "DDI Rate": 0.077779
    },
    "0.45": {
      "Jaccard": 0.549308,
      "Avg Meds": 24.333334,
      "Avg True Meds": 19.901327,
      "DDI Rate": 0.0776
    },
    "0.5": {
      "Jaccard": 0.551716,
      "Avg Meds": 23.195688,
      "Avg True Meds": 19.901327,
      "DDI Rate": 0.07621
    },
    "0.55": {
      "Jaccard": 0.552642,
      "Avg Meds": 22.163349,
      "Avg True Meds": 19.901327,
      "DDI Rate": 0.075655
    },
    "0.6": {
      "Jaccard": 0.552171,
      "Avg Meds": 21.111111,
      "Avg True Meds": 19.901327,
      "DDI Rate": 0.075176
    },
    "0.65": {
      "Jaccard": 0.549433,
      "Avg Meds": 20.106136,
      "Avg True Meds": 19.901327,
      "DDI Rate": 0.074787
    },
    "0.7": {
      "Jaccard": 0.545135,
      "Avg Meds": 19.038143,
      "Avg True Meds": 19.901327,
      "DDI Rate": 0.074612
    },
    "0.75": {
      "Jaccard": 0.537672,
      "Avg Meds": 17.934494,
      "Avg True Meds": 19.901327,
      "DDI Rate": 0.074247
    }
  },
  "calibrated_threshold": 0.65,
  "calibrated_metrics": {
    "Jaccard": 0.549433,
    "Avg Meds": 20.106136,
    "Avg True Meds": 19.901327,
    "DDI Rate": 0.074787
  },
  "config": {
    "hidden_dim": 256,
    "use_notes": true,
    "use_labs": true,
    "use_copy": true,
    "fusion_strategy": "film",
    "lab_dim": 400,
    "pos_weight_cap": 5.0,
    "use_cosine_lr": false,
    "contrastive_weight": 0.0,
    "margin_loss_weight": 0.0,
    "alignment_loss_weight": 0.1,
    "alignment_start_epoch": 1,
    "alignment_ramp_epochs": 0
  }
}