{
  "seed": 42,
  "ablation": "full",
  "mimic_version": 3,
  "mimic4_full": false,
  "cohort_tag": "mimic3",
  "best_val_jaccard": 0.5654304623603821,
  "test_metrics": {
    "Jaccard": 0.563105046749115,
    "F1": 0.7130374312400818,
    "PRAUC": 0.8001726609069454,
    "DDI Rate": 0.0803743230483187,
    "Avg Meds": 21.77777862548828,
    "Avg True Meds": 19.90132713317871,
    "Precision": 0.6920124292373657,
    "Recall": 0.7571364641189575,
    "NHJ_new": 0.2884522276489358,
    "NHJ_dropped": 0.3245707515038942,
    "CVR": 0.0
  },
  "data_diagnostics": {
    "split_mode_requested": "hidr_vita",
    "require_cohort_split": false,
    "split_source": "hidr_vita_sequential",
    "split_seed_used": "n/a",
    "split_patient_counts": {
      "train": 4233,
      "val": 1059,
      "test": 1058
    },
    "split_example_counts": {
      "train": 6256,
      "val": 1220,
      "test": 1206
    },
    "ddi_density": 0.05261303581914269,
    "ddi_upper_pairs": 448,
    "ddi_total_pairs": 8515,
    "loaded_artifacts": {
      "records": "data/processed/records_final.pkl",
      "cohort": "data/processed/cohort_mimic3.pkl",
      "ddi": "data/processed/ddi_A_final.pkl",
      "ehr": "data/processed/ehr_adj_final.pkl",
      "embeddings": "data/embeddings/code_embeddings.pt",
      "notes": "data/processed/note_embeddings_mimic3.pkl",
      "labs": "data/processed/lab_vectors_200labs.pkl"
    }
  },
  "param_counts": {
    "visit_encoder": {
      "total": 4649474,
      "trainable": 2047490
    },
    "fusion": {
      "total": 423808,
      "trainable": 423808
    },
    "drug_gnn": {
      "total": 1151776,
      "trainable": 1151776
    },
    "predictor": {
      "total": 559560,
      "trainable": 559560
    },
    "model_total": {
      "total": 7047786,
      "trainable": 4445802
    }
  },
  "threshold_sweep": {
    "0.4": {
      "Jaccard": 0.560382,
      "Avg Meds": 23.349089,
      "Avg True Meds": 19.901327,
      "DDI Rate": 0.080847
    },
    "0.45": {
      "Jaccard": 0.562749,
      "Avg Meds": 22.556385,
      "Avg True Meds": 19.901327,
      "DDI Rate": 0.080725
    },
    "0.5": {
      "Jaccard": 0.563105,
      "Avg Meds": 21.777779,
      "Avg True Meds": 19.901327,
      "DDI Rate": 0.080374
    },
    "0.55": {
      "Jaccard": 0.562323,
      "Avg Meds": 21.02985,
      "Avg True Meds": 19.901327,
      "DDI Rate": 0.080271
    },
    "0.6": {
      "Jaccard": 0.562324,
      "Avg Meds": 20.310946,
      "Avg True Meds": 19.901327,
      "DDI Rate": 0.080441
    },
    "0.65": {
      "Jaccard": 0.560383,
      "Avg Meds": 19.562189,
      "Avg True Meds": 19.901327,
      "DDI Rate": 0.079781
    },
    "0.7": {
      "Jaccard": 0.55757,
      "Avg Meds": 18.806799,
      "Avg True Meds": 19.901327,
      "DDI Rate": 0.079626
    },
    "0.75": {
      "Jaccard": 0.552407,
      "Avg Meds": 17.974295,
      "Avg True Meds": 19.901327,
      "DDI Rate": 0.079204
    }
  },
  "calibrated_threshold": 0.65,
  "calibrated_metrics": {
    "Jaccard": 0.560383,
    "Avg Meds": 19.562189,
    "Avg True Meds": 19.901327,
    "DDI Rate": 0.079781
  },
  "config": {
    "hidden_dim": 256,
    "use_notes": true,
    "use_labs": true,
    "use_copy": true,
    "fusion_strategy": "film",
    "lab_dim": 400,
    "pos_weight_cap": 5.0,
    "use_cosine_lr": false,
    "contrastive_weight": 0.0,
    "margin_loss_weight": 0.0,
    "alignment_loss_weight": 0.1,
    "alignment_start_epoch": 1,
    "alignment_ramp_epochs": 0
  }
}