{
  "seed": 456,
  "ablation": "full",
  "mimic_version": 3,
  "mimic4_full": false,
  "cohort_tag": "mimic3",
  "best_val_jaccard": 0.552587628364563,
  "test_metrics": {
    "Jaccard": 0.5518450140953064,
    "F1": 0.703830897808075,
    "PRAUC": 0.7937499809957554,
    "DDI Rate": 0.08024721516513582,
    "Avg Meds": 22.525705337524414,
    "Avg True Meds": 19.90132713317871,
    "Precision": 0.6719681024551392,
    "Recall": 0.7613873481750488,
    "NHJ_new": 0.3036729097366333,
    "NHJ_dropped": 0.39254398408688995,
    "CVR": 0.0
  },
  "data_diagnostics": {
    "split_mode_requested": "hidr_vita",
    "require_cohort_split": false,
    "split_source": "hidr_vita_sequential",
    "split_seed_used": "n/a",
    "split_patient_counts": {
      "train": 4233,
      "val": 1059,
      "test": 1058
    },
    "split_example_counts": {
      "train": 6256,
      "val": 1220,
      "test": 1206
    },
    "ddi_density": 0.05261303581914269,
    "ddi_upper_pairs": 448,
    "ddi_total_pairs": 8515,
    "loaded_artifacts": {
      "records": "data/processed/records_final.pkl",
      "cohort": "data/processed/cohort_mimic3.pkl",
      "ddi": "data/processed/ddi_A_final.pkl",
      "ehr": "data/processed/ehr_adj_final.pkl",
      "embeddings": "data/embeddings/code_embeddings.pt",
      "notes": "data/processed/note_embeddings_mimic3.pkl",
      "labs": "data/processed/lab_vectors_200labs.pkl"
    }
  },
  "param_counts": {
    "visit_encoder": {
      "total": 4649474,
      "trainable": 2047490
    },
    "fusion": {
      "total": 243072,
      "trainable": 243072
    },
    "drug_gnn": {
      "total": 1151776,
      "trainable": 1151776
    },
    "predictor": {
      "total": 369990,
      "trainable": 369990
    },
    "model_total": {
      "total": 6677480,
      "trainable": 4075496
    }
  },
  "threshold_sweep": {
    "0.4": {
      "Jaccard": 0.545981,
      "Avg Meds": 24.330017,
      "Avg True Meds": 19.901327,
      "DDI Rate": 0.079598
    },
    "0.45": {
      "Jaccard": 0.549785,
      "Avg Meds": 23.384743,
      "Avg True Meds": 19.901327,
      "DDI Rate": 0.079892
    },
    "0.5": {
      "Jaccard": 0.551845,
      "Avg Meds": 22.525705,
      "Avg True Meds": 19.901327,
      "DDI Rate": 0.080247
    },
    "0.55": {
      "Jaccard": 0.552437,
      "Avg Meds": 21.697346,
      "Avg True Meds": 19.901327,
      "DDI Rate": 0.080393
    },
    "0.6": {
      "Jaccard": 0.553092,
      "Avg Meds": 20.888889,
      "Avg True Meds": 19.901327,
      "DDI Rate": 0.080876
    },
    "0.65": {
      "Jaccard": 0.551331,
      "Avg Meds": 20.008291,
      "Avg True Meds": 19.901327,
      "DDI Rate": 0.081041
    },
    "0.7": {
      "Jaccard": 0.549632,
      "Avg Meds": 19.181593,
      "Avg True Meds": 19.901327,
      "DDI Rate": 0.081295
    },
    "0.75": {
      "Jaccard": 0.54564,
      "Avg Meds": 18.296848,
      "Avg True Meds": 19.901327,
      "DDI Rate": 0.081171
    }
  },
  "calibrated_threshold": 0.65,
  "calibrated_metrics": {
    "Jaccard": 0.551331,
    "Avg Meds": 20.008291,
    "Avg True Meds": 19.901327,
    "DDI Rate": 0.081041
  },
  "config": {
    "hidden_dim": 256,
    "use_notes": true,
    "use_labs": true,
    "use_copy": false,
    "fusion_strategy": "additive_no_film",
    "lab_dim": 400,
    "pos_weight_cap": 5.0,
    "use_cosine_lr": false,
    "contrastive_weight": 0.0,
    "margin_loss_weight": 0.0,
    "alignment_loss_weight": 0.1,
    "alignment_start_epoch": 1,
    "alignment_ramp_epochs": 0
  }
}