{
  "seed": 123,
  "ablation": "full",
  "mimic_version": 3,
  "mimic4_full": false,
  "cohort_tag": "mimic3",
  "best_val_jaccard": 0.5261279344558716,
  "test_metrics": {
    "Jaccard": 0.5267819762229919,
    "F1": 0.6823090314865112,
    "PRAUC": 0.7731080170286257,
    "DDI Rate": 0.07660430351670418,
    "Avg Meds": 22.00580406188965,
    "Avg True Meds": 19.90132713317871,
    "Precision": 0.6603959202766418,
    "Recall": 0.7358890771865845,
    "NHJ_new": 0.2799691581412366,
    "NHJ_dropped": 0.37402014983327764,
    "CVR": 0.0
  },
  "data_diagnostics": {
    "split_mode_requested": "hidr_vita",
    "require_cohort_split": false,
    "split_source": "hidr_vita_sequential",
    "split_seed_used": "n/a",
    "split_patient_counts": {
      "train": 4233,
      "val": 1059,
      "test": 1058
    },
    "split_example_counts": {
      "train": 6256,
      "val": 1220,
      "test": 1206
    },
    "ddi_density": 0.05261303581914269,
    "ddi_upper_pairs": 448,
    "ddi_total_pairs": 8515,
    "loaded_artifacts": {
      "records": "data/processed/records_final.pkl",
      "cohort": "data/processed/cohort_mimic3.pkl",
      "ddi": "data/processed/ddi_A_final.pkl",
      "ehr": "data/processed/ehr_adj_final.pkl",
      "embeddings": "data/embeddings/code_embeddings.pt",
      "notes": "data/processed/note_embeddings_mimic3.pkl"
    }
  },
  "param_counts": {
    "visit_encoder": {
      "total": 3990529,
      "trainable": 1388545
    },
    "fusion": {
      "total": 400512,
      "trainable": 400512
    },
    "drug_gnn": {
      "total": 1974080,
      "trainable": 1974080
    },
    "predictor": {
      "total": 327942,
      "trainable": 327941
    },
    "model_total": {
      "total": 6956231,
      "trainable": 4354246
    }
  },
  "threshold_sweep": {
    "0.4": {
      "Jaccard": 0.523369,
      "Avg Meds": 24.056385,
      "Avg True Meds": 19.901327,
      "DDI Rate": 0.076213
    },
    "0.45": {
      "Jaccard": 0.52537,
      "Avg Meds": 22.996683,
      "Avg True Meds": 19.901327,
      "DDI Rate": 0.076523
    },
    "0.5": {
      "Jaccard": 0.526782,
      "Avg Meds": 22.005804,
      "Avg True Meds": 19.901327,
      "DDI Rate": 0.076604
    },
    "0.55": {
      "Jaccard": 0.526806,
      "Avg Meds": 21.050581,
      "Avg True Meds": 19.901327,
      "DDI Rate": 0.076544
    },
    "0.6": {
      "Jaccard": 0.526194,
      "Avg Meds": 20.086235,
      "Avg True Meds": 19.901327,
      "DDI Rate": 0.077377
    },
    "0.65": {
      "Jaccard": 0.523968,
      "Avg Meds": 19.10199,
      "Avg True Meds": 19.901327,
      "DDI Rate": 0.077277
    },
    "0.7": {
      "Jaccard": 0.520346,
      "Avg Meds": 18.155888,
      "Avg True Meds": 19.901327,
      "DDI Rate": 0.077835
    },
    "0.75": {
      "Jaccard": 0.513816,
      "Avg Meds": 17.155058,
      "Avg True Meds": 19.901327,
      "DDI Rate": 0.078248
    }
  },
  "calibrated_threshold": 0.6,
  "calibrated_metrics": {
    "Jaccard": 0.526194,
    "Avg Meds": 20.086235,
    "Avg True Meds": 19.901327,
    "DDI Rate": 0.077377
  },
  "config": {
    "hidden_dim": 256,
    "use_notes": true,
    "use_labs": false,
    "use_copy": false,
    "fusion_strategy": "film",
    "lab_dim": 0,
    "pos_weight_cap": 5.0,
    "use_cosine_lr": false,
    "contrastive_weight": 0.0,
    "margin_loss_weight": 0.0,
    "alignment_loss_weight": 0.1,
    "alignment_start_epoch": 1,
    "alignment_ramp_epochs": 0
  }
}