{
  "seed": 123,
  "ablation": "full",
  "mimic_version": 3,
  "mimic4_full": false,
  "cohort_tag": "mimic3",
  "best_val_jaccard": 0.5409702658653259,
  "test_metrics": {
    "Jaccard": 0.5409245491027832,
    "F1": 0.6942973136901855,
    "PRAUC": 0.7834683068102823,
    "DDI Rate": 0.0782237451039285,
    "Avg Meds": 22.543947219848633,
    "Avg True Meds": 19.90132713317871,
    "Precision": 0.664996325969696,
    "Recall": 0.754018247127533,
    "NHJ_new": 0.2846515296321166,
    "NHJ_dropped": 0.36052228745661286,
    "CVR": 0.0
  },
  "data_diagnostics": {
    "split_mode_requested": "hidr_vita",
    "require_cohort_split": false,
    "split_source": "hidr_vita_sequential",
    "split_seed_used": "n/a",
    "split_patient_counts": {
      "train": 4233,
      "val": 1059,
      "test": 1058
    },
    "split_example_counts": {
      "train": 6256,
      "val": 1220,
      "test": 1206
    },
    "ddi_density": 0.05261303581914269,
    "ddi_upper_pairs": 448,
    "ddi_total_pairs": 8515,
    "loaded_artifacts": {
      "records": "data/processed/records_final.pkl",
      "cohort": "data/processed/cohort_mimic3.pkl",
      "ddi": "data/processed/ddi_A_final.pkl",
      "ehr": "data/processed/ehr_adj_final.pkl",
      "embeddings": "data/embeddings/code_embeddings.pt",
      "labs": "data/processed/lab_vectors_100labs.pkl"
    }
  },
  "param_counts": {
    "visit_encoder": {
      "total": 4649474,
      "trainable": 2047490
    },
    "fusion": {
      "total": 411008,
      "trainable": 411008
    },
    "drug_gnn": {
      "total": 1151776,
      "trainable": 1151776
    },
    "predictor": {
      "total": 291654,
      "trainable": 291653
    },
    "model_total": {
      "total": 6767080,
      "trainable": 4165095
    }
  },
  "threshold_sweep": {
    "0.4": {
      "Jaccard": 0.536654,
      "Avg Meds": 24.335821,
      "Avg True Meds": 19.901327,
      "DDI Rate": 0.078243
    },
    "0.45": {
      "Jaccard": 0.538837,
      "Avg Meds": 23.385572,
      "Avg True Meds": 19.901327,
      "DDI Rate": 0.078355
    },
    "0.5": {
      "Jaccard": 0.540925,
      "Avg Meds": 22.543947,
      "Avg True Meds": 19.901327,
      "DDI Rate": 0.078224
    },
    "0.55": {
      "Jaccard": 0.541685,
      "Avg Meds": 21.723051,
      "Avg True Meds": 19.901327,
      "DDI Rate": 0.078837
    },
    "0.6": {
      "Jaccard": 0.540668,
      "Avg Meds": 20.943615,
      "Avg True Meds": 19.901327,
      "DDI Rate": 0.07898
    },
    "0.65": {
      "Jaccard": 0.540523,
      "Avg Meds": 20.169983,
      "Avg True Meds": 19.901327,
      "DDI Rate": 0.079226
    },
    "0.7": {
      "Jaccard": 0.538462,
      "Avg Meds": 19.333334,
      "Avg True Meds": 19.901327,
      "DDI Rate": 0.079698
    },
    "0.75": {
      "Jaccard": 0.532478,
      "Avg Meds": 18.408789,
      "Avg True Meds": 19.901327,
      "DDI Rate": 0.080252
    }
  },
  "calibrated_threshold": 0.65,
  "calibrated_metrics": {
    "Jaccard": 0.540523,
    "Avg Meds": 20.169983,
    "Avg True Meds": 19.901327,
    "DDI Rate": 0.079226
  },
  "config": {
    "hidden_dim": 256,
    "use_notes": false,
    "use_labs": true,
    "use_copy": false,
    "fusion_strategy": "film",
    "lab_dim": 200,
    "pos_weight_cap": 5.0,
    "use_cosine_lr": false,
    "contrastive_weight": 0.0,
    "margin_loss_weight": 0.0,
    "alignment_loss_weight": 0.1,
    "alignment_start_epoch": 1,
    "alignment_ramp_epochs": 0
  }
}