{
  "seed": 456,
  "ablation": "full",
  "mimic_version": 3,
  "mimic4_full": false,
  "cohort_tag": "mimic3",
  "best_val_jaccard": 0.565643310546875,
  "test_metrics": {
    "Jaccard": 0.5634559988975525,
    "F1": 0.7133938074111938,
    "PRAUC": 0.7960179489946417,
    "DDI Rate": 0.08047099402694485,
    "Avg Meds": 22.64427947998047,
    "Avg True Meds": 19.90132713317871,
    "Precision": 0.6805371046066284,
    "Recall": 0.7731634974479675,
    "NHJ_new": 0.28808505990003286,
    "NHJ_dropped": 0.2757689129365118,
    "CVR": 0.0
  },
  "data_diagnostics": {
    "split_mode_requested": "hidr_vita",
    "require_cohort_split": false,
    "split_source": "hidr_vita_sequential",
    "split_seed_used": "n/a",
    "split_patient_counts": {
      "train": 4233,
      "val": 1059,
      "test": 1058
    },
    "split_example_counts": {
      "train": 6256,
      "val": 1220,
      "test": 1206
    },
    "ddi_density": 0.05261303581914269,
    "ddi_upper_pairs": 448,
    "ddi_total_pairs": 8515,
    "loaded_artifacts": {
      "records": "data/processed/records_final.pkl",
      "cohort": "data/processed/cohort_mimic3.pkl",
      "ddi": "data/processed/ddi_A_final.pkl",
      "ehr": "data/processed/ehr_adj_final.pkl",
      "embeddings": "data/embeddings/code_embeddings.pt",
      "notes": "data/processed/note_embeddings_mimic3.pkl",
      "labs": "data/processed/lab_vectors_200labs.pkl"
    }
  },
  "param_counts": {
    "visit_encoder": {
      "total": 4583681,
      "trainable": 1981697
    },
    "fusion": {
      "total": 423808,
      "trainable": 423808
    },
    "drug_gnn": {
      "total": 1974080,
      "trainable": 1974080
    },
    "predictor": {
      "total": 559560,
      "trainable": 559560
    },
    "model_total": {
      "total": 7804297,
      "trainable": 5202313
    }
  },
  "threshold_sweep": {
    "0.4": {
      "Jaccard": 0.556938,
      "Avg Meds": 24.532339,
      "Avg True Meds": 19.901327,
      "DDI Rate": 0.081107
    },
    "0.45": {
      "Jaccard": 0.560611,
      "Avg Meds": 23.567163,
      "Avg True Meds": 19.901327,
      "DDI Rate": 0.081017
    },
    "0.5": {
      "Jaccard": 0.563456,
      "Avg Meds": 22.644279,
      "Avg True Meds": 19.901327,
      "DDI Rate": 0.080471
    },
    "0.55": {
      "Jaccard": 0.562361,
      "Avg Meds": 21.741293,
      "Avg True Meds": 19.901327,
      "DDI Rate": 0.079921
    },
    "0.6": {
      "Jaccard": 0.5615,
      "Avg Meds": 20.897181,
      "Avg True Meds": 19.901327,
      "DDI Rate": 0.079425
    },
    "0.65": {
      "Jaccard": 0.558869,
      "Avg Meds": 20.015755,
      "Avg True Meds": 19.901327,
      "DDI Rate": 0.078771
    },
    "0.7": {
      "Jaccard": 0.55601,
      "Avg Meds": 19.198175,
      "Avg True Meds": 19.901327,
      "DDI Rate": 0.078088
    },
    "0.75": {
      "Jaccard": 0.550251,
      "Avg Meds": 18.232172,
      "Avg True Meds": 19.901327,
      "DDI Rate": 0.077558
    }
  },
  "calibrated_threshold": 0.65,
  "calibrated_metrics": {
    "Jaccard": 0.558869,
    "Avg Meds": 20.015755,
    "Avg True Meds": 19.901327,
    "DDI Rate": 0.078771
  },
  "config": {
    "hidden_dim": 256,
    "use_notes": true,
    "use_labs": true,
    "use_copy": true,
    "fusion_strategy": "film",
    "lab_dim": 400,
    "pos_weight_cap": 5.0,
    "use_cosine_lr": false,
    "contrastive_weight": 0.0,
    "margin_loss_weight": 0.0,
    "alignment_loss_weight": 0.1,
    "alignment_start_epoch": 1,
    "alignment_ramp_epochs": 0
  }
}