{
  "seed": 456,
  "ablation": "full",
  "mimic_version": 3,
  "mimic4_full": false,
  "cohort_tag": "mimic3",
  "best_val_jaccard": 0.566048800945282,
  "test_metrics": {
    "Jaccard": 0.5626986026763916,
    "F1": 0.7126137018203735,
    "PRAUC": 0.7979820138199211,
    "DDI Rate": 0.07780526416731952,
    "Avg Meds": 21.88888931274414,
    "Avg True Meds": 19.90132713317871,
    "Precision": 0.6888134479522705,
    "Recall": 0.7611665725708008,
    "NHJ_new": 0.2797600674001794,
    "NHJ_dropped": 0.28263419788134725,
    "CVR": 0.0
  },
  "data_diagnostics": {
    "split_mode_requested": "hidr_vita",
    "require_cohort_split": false,
    "split_source": "hidr_vita_sequential",
    "split_seed_used": "n/a",
    "split_patient_counts": {
      "train": 4233,
      "val": 1059,
      "test": 1058
    },
    "split_example_counts": {
      "train": 6256,
      "val": 1220,
      "test": 1206
    },
    "ddi_density": 0.05261303581914269,
    "ddi_upper_pairs": 448,
    "ddi_total_pairs": 8515,
    "loaded_artifacts": {
      "records": "data/processed/records_final.pkl",
      "cohort": "data/processed/cohort_mimic3.pkl",
      "ddi": "data/processed/ddi_A_final.pkl",
      "ehr": "data/processed/ehr_adj_final.pkl",
      "embeddings": "data/embeddings/code_embeddings.pt",
      "notes": "data/processed/note_embeddings_mimic3.pkl",
      "labs": "data/processed/lab_vectors_200labs.pkl"
    }
  },
  "param_counts": {
    "visit_encoder": {
      "total": 4583681,
      "trainable": 1981697
    },
    "fusion": {
      "total": 423808,
      "trainable": 423808
    },
    "drug_gnn": {
      "total": 1974080,
      "trainable": 1974080
    },
    "predictor": {
      "total": 559560,
      "trainable": 559560
    },
    "model_total": {
      "total": 7804297,
      "trainable": 5202313
    }
  },
  "threshold_sweep": {
    "0.4": {
      "Jaccard": 0.559959,
      "Avg Meds": 23.531509,
      "Avg True Meds": 19.901327,
      "DDI Rate": 0.077764
    },
    "0.45": {
      "Jaccard": 0.56221,
      "Avg Meds": 22.68408,
      "Avg True Meds": 19.901327,
      "DDI Rate": 0.077734
    },
    "0.5": {
      "Jaccard": 0.562699,
      "Avg Meds": 21.888889,
      "Avg True Meds": 19.901327,
      "DDI Rate": 0.077805
    },
    "0.55": {
      "Jaccard": 0.563089,
      "Avg Meds": 21.167496,
      "Avg True Meds": 19.901327,
      "DDI Rate": 0.077307
    },
    "0.6": {
      "Jaccard": 0.560849,
      "Avg Meds": 20.407131,
      "Avg True Meds": 19.901327,
      "DDI Rate": 0.076731
    },
    "0.65": {
      "Jaccard": 0.559989,
      "Avg Meds": 19.629353,
      "Avg True Meds": 19.901327,
      "DDI Rate": 0.076247
    },
    "0.7": {
      "Jaccard": 0.557308,
      "Avg Meds": 18.797678,
      "Avg True Meds": 19.901327,
      "DDI Rate": 0.076081
    },
    "0.75": {
      "Jaccard": 0.550213,
      "Avg Meds": 17.935324,
      "Avg True Meds": 19.901327,
      "DDI Rate": 0.075723
    }
  },
  "calibrated_threshold": 0.65,
  "calibrated_metrics": {
    "Jaccard": 0.559989,
    "Avg Meds": 19.629353,
    "Avg True Meds": 19.901327,
    "DDI Rate": 0.076247
  },
  "config": {
    "hidden_dim": 256,
    "use_notes": true,
    "use_labs": true,
    "use_copy": true,
    "fusion_strategy": "film",
    "lab_dim": 400,
    "pos_weight_cap": 5.0,
    "use_cosine_lr": false,
    "contrastive_weight": 0.0,
    "margin_loss_weight": 0.0,
    "alignment_loss_weight": 0.1,
    "alignment_start_epoch": 1,
    "alignment_ramp_epochs": 0
  }
}