{
  "seed": 123,
  "ablation": "full",
  "mimic_version": 3,
  "mimic4_full": false,
  "cohort_tag": "mimic3",
  "best_val_jaccard": 0.543913722038269,
  "test_metrics": {
    "Jaccard": 0.541996419429779,
    "F1": 0.6951746940612793,
    "PRAUC": 0.7849638197196748,
    "DDI Rate": 0.0788209715893587,
    "Avg Meds": 23.32089614868164,
    "Avg True Meds": 19.90132713317871,
    "Precision": 0.6526006460189819,
    "Recall": 0.7716941237449646,
    "NHJ_new": 0.29208030904594223,
    "NHJ_dropped": 0.33560675382614136,
    "CVR": 0.0
  },
  "data_diagnostics": {
    "split_mode_requested": "hidr_vita",
    "require_cohort_split": false,
    "split_source": "hidr_vita_sequential",
    "split_seed_used": "n/a",
    "split_patient_counts": {
      "train": 4233,
      "val": 1059,
      "test": 1058
    },
    "split_example_counts": {
      "train": 6256,
      "val": 1220,
      "test": 1206
    },
    "ddi_density": 0.05261303581914269,
    "ddi_upper_pairs": 448,
    "ddi_total_pairs": 8515,
    "loaded_artifacts": {
      "records": "data/processed/records_final.pkl",
      "cohort": "data/processed/cohort_mimic3.pkl",
      "ddi": "data/processed/ddi_A_final.pkl",
      "ehr": "data/processed/ehr_adj_final.pkl",
      "embeddings": "data/embeddings/code_embeddings.pt",
      "notes": "data/processed/note_embeddings_mimic3.pkl"
    }
  },
  "param_counts": {
    "visit_encoder": {
      "total": 4649474,
      "trainable": 2047490
    },
    "fusion": {
      "total": 400512,
      "trainable": 400512
    },
    "drug_gnn": {
      "total": 1151776,
      "trainable": 1151776
    },
    "predictor": {
      "total": 327942,
      "trainable": 327941
    },
    "model_total": {
      "total": 6792872,
      "trainable": 4190887
    }
  },
  "threshold_sweep": {
    "0.4": {
      "Jaccard": 0.536345,
      "Avg Meds": 25.057215,
      "Avg True Meds": 19.901327,
      "DDI Rate": 0.077892
    },
    "0.45": {
      "Jaccard": 0.540278,
      "Avg Meds": 24.164179,
      "Avg True Meds": 19.901327,
      "DDI Rate": 0.078166
    },
    "0.5": {
      "Jaccard": 0.541996,
      "Avg Meds": 23.320896,
      "Avg True Meds": 19.901327,
      "DDI Rate": 0.078821
    },
    "0.55": {
      "Jaccard": 0.544303,
      "Avg Meds": 22.485905,
      "Avg True Meds": 19.901327,
      "DDI Rate": 0.079699
    },
    "0.6": {
      "Jaccard": 0.544525,
      "Avg Meds": 21.654228,
      "Avg True Meds": 19.901327,
      "DDI Rate": 0.080074
    },
    "0.65": {
      "Jaccard": 0.543553,
      "Avg Meds": 20.800995,
      "Avg True Meds": 19.901327,
      "DDI Rate": 0.080392
    },
    "0.7": {
      "Jaccard": 0.542457,
      "Avg Meds": 19.968491,
      "Avg True Meds": 19.901327,
      "DDI Rate": 0.080374
    },
    "0.75": {
      "Jaccard": 0.539774,
      "Avg Meds": 19.139303,
      "Avg True Meds": 19.901327,
      "DDI Rate": 0.080892
    }
  },
  "calibrated_threshold": 0.7,
  "calibrated_metrics": {
    "Jaccard": 0.542457,
    "Avg Meds": 19.968491,
    "Avg True Meds": 19.901327,
    "DDI Rate": 0.080374
  },
  "config": {
    "hidden_dim": 256,
    "use_notes": true,
    "use_labs": false,
    "use_copy": false,
    "fusion_strategy": "film",
    "lab_dim": 0,
    "pos_weight_cap": 5.0,
    "use_cosine_lr": false,
    "contrastive_weight": 0.0,
    "margin_loss_weight": 0.0,
    "alignment_loss_weight": 0.1,
    "alignment_start_epoch": 1,
    "alignment_ramp_epochs": 0
  }
}