{
  "seed": 123,
  "ablation": "full",
  "mimic_version": 3,
  "mimic4_full": false,
  "cohort_tag": "mimic3",
  "best_val_jaccard": 0.5652979016304016,
  "test_metrics": {
    "Jaccard": 0.5629876255989075,
    "F1": 0.7128230333328247,
    "PRAUC": 0.7978957516422888,
    "DDI Rate": 0.08118831634803819,
    "Avg Meds": 22.078773498535156,
    "Avg True Meds": 19.90132713317871,
    "Precision": 0.685398280620575,
    "Recall": 0.7648453116416931,
    "NHJ_new": 0.292903975436562,
    "NHJ_dropped": 0.3030945015581031,
    "CVR": 0.0
  },
  "data_diagnostics": {
    "split_mode_requested": "hidr_vita",
    "require_cohort_split": false,
    "split_source": "hidr_vita_sequential",
    "split_seed_used": "n/a",
    "split_patient_counts": {
      "train": 4233,
      "val": 1059,
      "test": 1058
    },
    "split_example_counts": {
      "train": 6256,
      "val": 1220,
      "test": 1206
    },
    "ddi_density": 0.05261303581914269,
    "ddi_upper_pairs": 448,
    "ddi_total_pairs": 8515,
    "loaded_artifacts": {
      "records": "data/processed/records_final.pkl",
      "cohort": "data/processed/cohort_mimic3.pkl",
      "ddi": "data/processed/ddi_A_final.pkl",
      "ehr": "data/processed/ehr_adj_final.pkl",
      "embeddings": "data/embeddings/code_embeddings.pt",
      "notes": "data/processed/note_embeddings_mimic3.pkl",
      "labs": "data/processed/lab_vectors_200labs.pkl"
    }
  },
  "param_counts": {
    "visit_encoder": {
      "total": 4583681,
      "trainable": 1981697
    },
    "fusion": {
      "total": 423808,
      "trainable": 423808
    },
    "drug_gnn": {
      "total": 1974080,
      "trainable": 1974080
    },
    "predictor": {
      "total": 559560,
      "trainable": 559560
    },
    "model_total": {
      "total": 7804297,
      "trainable": 5202313
    }
  },
  "threshold_sweep": {
    "0.4": {
      "Jaccard": 0.558336,
      "Avg Meds": 23.768656,
      "Avg True Meds": 19.901327,
      "DDI Rate": 0.081763
    },
    "0.45": {
      "Jaccard": 0.561449,
      "Avg Meds": 22.881426,
      "Avg True Meds": 19.901327,
      "DDI Rate": 0.081594
    },
    "0.5": {
      "Jaccard": 0.562988,
      "Avg Meds": 22.078773,
      "Avg True Meds": 19.901327,
      "DDI Rate": 0.081188
    },
    "0.55": {
      "Jaccard": 0.561912,
      "Avg Meds": 21.283583,
      "Avg True Meds": 19.901327,
      "DDI Rate": 0.08099
    },
    "0.6": {
      "Jaccard": 0.562432,
      "Avg Meds": 20.486732,
      "Avg True Meds": 19.901327,
      "DDI Rate": 0.080732
    },
    "0.65": {
      "Jaccard": 0.561092,
      "Avg Meds": 19.702322,
      "Avg True Meds": 19.901327,
      "DDI Rate": 0.080362
    },
    "0.7": {
      "Jaccard": 0.557741,
      "Avg Meds": 18.844112,
      "Avg True Meds": 19.901327,
      "DDI Rate": 0.080036
    },
    "0.75": {
      "Jaccard": 0.551754,
      "Avg Meds": 17.95854,
      "Avg True Meds": 19.901327,
      "DDI Rate": 0.080076
    }
  },
  "calibrated_threshold": 0.65,
  "calibrated_metrics": {
    "Jaccard": 0.561092,
    "Avg Meds": 19.702322,
    "Avg True Meds": 19.901327,
    "DDI Rate": 0.080362
  },
  "config": {
    "hidden_dim": 256,
    "use_notes": true,
    "use_labs": true,
    "use_copy": true,
    "fusion_strategy": "film",
    "lab_dim": 400,
    "pos_weight_cap": 5.0,
    "use_cosine_lr": false,
    "contrastive_weight": 0.0,
    "margin_loss_weight": 0.0,
    "alignment_loss_weight": 0.1,
    "alignment_start_epoch": 1,
    "alignment_ramp_epochs": 0
  }
}