{
  "seed": 456,
  "ablation": "full",
  "mimic_version": 3,
  "mimic4_full": false,
  "cohort_tag": "mimic3",
  "best_val_jaccard": 0.5429961681365967,
  "test_metrics": {
    "Jaccard": 0.5392510890960693,
    "F1": 0.6928115487098694,
    "PRAUC": 0.7820824459429468,
    "DDI Rate": 0.08141072507072698,
    "Avg Meds": 22.137645721435547,
    "Avg True Meds": 19.90132713317871,
    "Precision": 0.6685364842414856,
    "Recall": 0.7452090978622437,
    "NHJ_new": 0.2796166664675662,
    "NHJ_dropped": 0.36636659189274434,
    "CVR": 0.0
  },
  "data_diagnostics": {
    "split_mode_requested": "hidr_vita",
    "require_cohort_split": false,
    "split_source": "hidr_vita_sequential",
    "split_seed_used": "n/a",
    "split_patient_counts": {
      "train": 4233,
      "val": 1059,
      "test": 1058
    },
    "split_example_counts": {
      "train": 6256,
      "val": 1220,
      "test": 1206
    },
    "ddi_density": 0.05261303581914269,
    "ddi_upper_pairs": 448,
    "ddi_total_pairs": 8515,
    "loaded_artifacts": {
      "records": "data/processed/records_final.pkl",
      "cohort": "data/processed/cohort_mimic3.pkl",
      "ddi": "data/processed/ddi_A_final.pkl",
      "ehr": "data/processed/ehr_adj_final.pkl",
      "embeddings": "data/embeddings/code_embeddings.pt",
      "labs": "data/processed/lab_vectors_200labs.pkl"
    }
  },
  "param_counts": {
    "visit_encoder": {
      "total": 4583681,
      "trainable": 1981697
    },
    "fusion": {
      "total": 423808,
      "trainable": 423808
    },
    "drug_gnn": {
      "total": 526080,
      "trainable": 526080
    },
    "predictor": {
      "total": 304454,
      "trainable": 304453
    },
    "model_total": {
      "total": 6101191,
      "trainable": 3499206
    }
  },
  "threshold_sweep": {
    "0.4": {
      "Jaccard": 0.53736,
      "Avg Meds": 23.835821,
      "Avg True Meds": 19.901327,
      "DDI Rate": 0.08125
    },
    "0.45": {
      "Jaccard": 0.538614,
      "Avg Meds": 22.953566,
      "Avg True Meds": 19.901327,
      "DDI Rate": 0.081524
    },
    "0.5": {
      "Jaccard": 0.539251,
      "Avg Meds": 22.137646,
      "Avg True Meds": 19.901327,
      "DDI Rate": 0.081411
    },
    "0.55": {
      "Jaccard": 0.540138,
      "Avg Meds": 21.3267,
      "Avg True Meds": 19.901327,
      "DDI Rate": 0.081448
    },
    "0.6": {
      "Jaccard": 0.539893,
      "Avg Meds": 20.57131,
      "Avg True Meds": 19.901327,
      "DDI Rate": 0.0819
    },
    "0.65": {
      "Jaccard": 0.540412,
      "Avg Meds": 19.77529,
      "Avg True Meds": 19.901327,
      "DDI Rate": 0.082141
    },
    "0.7": {
      "Jaccard": 0.537971,
      "Avg Meds": 19.008291,
      "Avg True Meds": 19.901327,
      "DDI Rate": 0.082457
    },
    "0.75": {
      "Jaccard": 0.533294,
      "Avg Meds": 18.140133,
      "Avg True Meds": 19.901327,
      "DDI Rate": 0.082175
    }
  },
  "calibrated_threshold": 0.65,
  "calibrated_metrics": {
    "Jaccard": 0.540412,
    "Avg Meds": 19.77529,
    "Avg True Meds": 19.901327,
    "DDI Rate": 0.082141
  },
  "config": {
    "hidden_dim": 256,
    "use_notes": false,
    "use_labs": true,
    "use_copy": false,
    "fusion_strategy": "film",
    "lab_dim": 400,
    "pos_weight_cap": 5.0,
    "use_cosine_lr": false,
    "contrastive_weight": 0.0,
    "margin_loss_weight": 0.0,
    "alignment_loss_weight": 0.1,
    "alignment_start_epoch": 1,
    "alignment_ramp_epochs": 0
  }
}