{
  "seed": 456,
  "ablation": "full",
  "mimic_version": 3,
  "mimic4_full": false,
  "cohort_tag": "mimic3",
  "best_val_jaccard": 0.49529778957366943,
  "test_metrics": {
    "Jaccard": 0.49347177147865295,
    "F1": 0.6536532044410706,
    "PRAUC": 0.7488062644485848,
    "DDI Rate": 0.08656872236401654,
    "Avg Meds": 23.331674575805664,
    "Avg True Meds": 19.90132713317871,
    "Precision": 0.617246687412262,
    "Recall": 0.737748920917511,
    "NHJ_new": 0.2411414369156486,
    "NHJ_dropped": 0.3171654186750713,
    "CVR": 0.0
  },
  "data_diagnostics": {
    "split_mode_requested": "hidr_vita",
    "require_cohort_split": false,
    "split_source": "hidr_vita_sequential",
    "split_seed_used": "n/a",
    "split_patient_counts": {
      "train": 4233,
      "val": 1059,
      "test": 1058
    },
    "split_example_counts": {
      "train": 6256,
      "val": 1220,
      "test": 1206
    },
    "ddi_density": 0.05261303581914269,
    "ddi_upper_pairs": 448,
    "ddi_total_pairs": 8515,
    "loaded_artifacts": {
      "records": "data/processed/records_final.pkl",
      "cohort": "data/processed/cohort_mimic3.pkl",
      "ddi": "data/processed/ddi_A_final.pkl",
      "ehr": "data/processed/ehr_adj_final.pkl",
      "embeddings": "data/embeddings/code_embeddings.pt"
    }
  },
  "param_counts": {
    "visit_encoder": {
      "total": 3731473,
      "trainable": 1129489
    },
    "drug_gnn": {
      "total": 1974080,
      "trainable": 1974080
    },
    "predictor": {
      "total": 262406,
      "trainable": 262404
    },
    "model_total": {
      "total": 6231127,
      "trainable": 3629141
    }
  },
  "threshold_sweep": {
    "0.4": {
      "Jaccard": 0.489692,
      "Avg Meds": 25.927031,
      "Avg True Meds": 19.901327,
      "DDI Rate": 0.082312
    },
    "0.45": {
      "Jaccard": 0.492623,
      "Avg Meds": 24.595356,
      "Avg True Meds": 19.901327,
      "DDI Rate": 0.084593
    },
    "0.5": {
      "Jaccard": 0.493472,
      "Avg Meds": 23.331675,
      "Avg True Meds": 19.901327,
      "DDI Rate": 0.086569
    },
    "0.55": {
      "Jaccard": 0.493902,
      "Avg Meds": 22.113598,
      "Avg True Meds": 19.901327,
      "DDI Rate": 0.088619
    },
    "0.6": {
      "Jaccard": 0.493329,
      "Avg Meds": 20.932007,
      "Avg True Meds": 19.901327,
      "DDI Rate": 0.09043
    },
    "0.65": {
      "Jaccard": 0.491335,
      "Avg Meds": 19.777779,
      "Avg True Meds": 19.901327,
      "DDI Rate": 0.092398
    },
    "0.7": {
      "Jaccard": 0.488492,
      "Avg Meds": 18.580431,
      "Avg True Meds": 19.901327,
      "DDI Rate": 0.093864
    },
    "0.75": {
      "Jaccard": 0.483464,
      "Avg Meds": 17.321724,
      "Avg True Meds": 19.901327,
      "DDI Rate": 0.094872
    }
  },
  "calibrated_threshold": 0.65,
  "calibrated_metrics": {
    "Jaccard": 0.491335,
    "Avg Meds": 19.777779,
    "Avg True Meds": 19.901327,
    "DDI Rate": 0.092398
  },
  "config": {
    "hidden_dim": 256,
    "use_notes": false,
    "use_labs": false,
    "use_copy": false,
    "fusion_strategy": "film",
    "lab_dim": 0,
    "pos_weight_cap": 5.0,
    "use_cosine_lr": false,
    "contrastive_weight": 0.0,
    "margin_loss_weight": 0.0,
    "alignment_loss_weight": 0.1,
    "alignment_start_epoch": 1,
    "alignment_ramp_epochs": 0
  }
}