{
  "seed": 42,
  "ablation": "full",
  "mimic_version": 3,
  "mimic4_full": false,
  "cohort_tag": "mimic3",
  "best_val_jaccard": 0.5682092905044556,
  "test_metrics": {
    "Jaccard": 0.562737226486206,
    "F1": 0.7126550078392029,
    "PRAUC": 0.7965056844372063,
    "DDI Rate": 0.07945777542092006,
    "Avg Meds": 21.70315170288086,
    "Avg True Meds": 19.90132713317871,
    "Precision": 0.69095379114151,
    "Recall": 0.7576643228530884,
    "NHJ_new": 0.2838798196692216,
    "NHJ_dropped": 0.31422599522691025,
    "CVR": 0.0
  },
  "data_diagnostics": {
    "split_mode_requested": "hidr_vita",
    "require_cohort_split": false,
    "split_source": "hidr_vita_sequential",
    "split_seed_used": "n/a",
    "split_patient_counts": {
      "train": 4233,
      "val": 1059,
      "test": 1058
    },
    "split_example_counts": {
      "train": 6256,
      "val": 1220,
      "test": 1206
    },
    "ddi_density": 0.05261303581914269,
    "ddi_upper_pairs": 448,
    "ddi_total_pairs": 8515,
    "loaded_artifacts": {
      "records": "data/processed/records_final.pkl",
      "cohort": "data/processed/cohort_mimic3.pkl",
      "ddi": "data/processed/ddi_A_final.pkl",
      "ehr": "data/processed/ehr_adj_final.pkl",
      "embeddings": "data/embeddings/code_embeddings.pt",
      "notes": "data/processed/note_embeddings_mimic3.pkl",
      "labs": "data/processed/lab_vectors_200labs.pkl"
    }
  },
  "param_counts": {
    "visit_encoder": {
      "total": 4583681,
      "trainable": 1981697
    },
    "fusion": {
      "total": 423808,
      "trainable": 423808
    },
    "drug_gnn": {
      "total": 1974080,
      "trainable": 1974080
    },
    "predictor": {
      "total": 559560,
      "trainable": 559560
    },
    "model_total": {
      "total": 7804297,
      "trainable": 5202313
    }
  },
  "threshold_sweep": {
    "0.4": {
      "Jaccard": 0.560827,
      "Avg Meds": 23.266169,
      "Avg True Meds": 19.901327,
      "DDI Rate": 0.080407
    },
    "0.45": {
      "Jaccard": 0.561369,
      "Avg Meds": 22.462687,
      "Avg True Meds": 19.901327,
      "DDI Rate": 0.080217
    },
    "0.5": {
      "Jaccard": 0.562737,
      "Avg Meds": 21.703152,
      "Avg True Meds": 19.901327,
      "DDI Rate": 0.079458
    },
    "0.55": {
      "Jaccard": 0.562203,
      "Avg Meds": 20.981758,
      "Avg True Meds": 19.901327,
      "DDI Rate": 0.079155
    },
    "0.6": {
      "Jaccard": 0.561081,
      "Avg Meds": 20.267828,
      "Avg True Meds": 19.901327,
      "DDI Rate": 0.079021
    },
    "0.65": {
      "Jaccard": 0.559441,
      "Avg Meds": 19.539801,
      "Avg True Meds": 19.901327,
      "DDI Rate": 0.078698
    },
    "0.7": {
      "Jaccard": 0.556707,
      "Avg Meds": 18.795191,
      "Avg True Meds": 19.901327,
      "DDI Rate": 0.077904
    },
    "0.75": {
      "Jaccard": 0.551734,
      "Avg Meds": 17.977612,
      "Avg True Meds": 19.901327,
      "DDI Rate": 0.077268
    }
  },
  "calibrated_threshold": 0.65,
  "calibrated_metrics": {
    "Jaccard": 0.559441,
    "Avg Meds": 19.539801,
    "Avg True Meds": 19.901327,
    "DDI Rate": 0.078698
  },
  "config": {
    "hidden_dim": 256,
    "use_notes": true,
    "use_labs": true,
    "use_copy": true,
    "fusion_strategy": "film",
    "lab_dim": 400,
    "pos_weight_cap": 5.0,
    "use_cosine_lr": false,
    "contrastive_weight": 0.0,
    "margin_loss_weight": 0.0,
    "alignment_loss_weight": 0.1,
    "alignment_start_epoch": 1,
    "alignment_ramp_epochs": 0
  }
}