{
  "seed": 123,
  "ablation": "full",
  "mimic_version": 3,
  "mimic4_full": false,
  "cohort_tag": "mimic3",
  "best_val_jaccard": 0.5384659767150879,
  "test_metrics": {
    "Jaccard": 0.541451096534729,
    "F1": 0.6949360966682434,
    "PRAUC": 0.7780992971998182,
    "DDI Rate": 0.0831241317876298,
    "Avg Meds": 22.464344024658203,
    "Avg True Meds": 19.90132713317871,
    "Precision": 0.6650137305259705,
    "Recall": 0.7547323107719421,
    "NHJ_new": 0.2888019030031405,
    "NHJ_dropped": 0.3626191035697335,
    "CVR": 0.0
  },
  "data_diagnostics": {
    "split_mode_requested": "hidr_vita",
    "require_cohort_split": false,
    "split_source": "hidr_vita_sequential",
    "split_seed_used": "n/a",
    "split_patient_counts": {
      "train": 4233,
      "val": 1059,
      "test": 1058
    },
    "split_example_counts": {
      "train": 6256,
      "val": 1220,
      "test": 1206
    },
    "ddi_density": 0.05261303581914269,
    "ddi_upper_pairs": 448,
    "ddi_total_pairs": 8515,
    "loaded_artifacts": {
      "records": "data/processed/records_final.pkl",
      "cohort": "data/processed/cohort_mimic3.pkl",
      "ddi": "data/processed/ddi_A_final.pkl",
      "ehr": "data/processed/ehr_adj_final.pkl",
      "embeddings": "data/embeddings/code_embeddings.pt",
      "labs": "data/processed/lab_vectors_200labs.pkl"
    }
  },
  "param_counts": {
    "visit_encoder": {
      "total": 4583681,
      "trainable": 1981697
    },
    "fusion": {
      "total": 423808,
      "trainable": 423808
    },
    "drug_gnn": {
      "total": 1974080,
      "trainable": 1974080
    },
    "predictor": {
      "total": 1029702,
      "trainable": 1029701
    },
    "model_total": {
      "total": 8274439,
      "trainable": 5672454
    }
  },
  "threshold_sweep": {
    "0.4": {
      "Jaccard": 0.537715,
      "Avg Meds": 24.068823,
      "Avg True Meds": 19.901327,
      "DDI Rate": 0.082381
    },
    "0.45": {
      "Jaccard": 0.539654,
      "Avg Meds": 23.265341,
      "Avg True Meds": 19.901327,
      "DDI Rate": 0.083029
    },
    "0.5": {
      "Jaccard": 0.541451,
      "Avg Meds": 22.464344,
      "Avg True Meds": 19.901327,
      "DDI Rate": 0.083124
    },
    "0.55": {
      "Jaccard": 0.540893,
      "Avg Meds": 21.740465,
      "Avg True Meds": 19.901327,
      "DDI Rate": 0.083409
    },
    "0.6": {
      "Jaccard": 0.540627,
      "Avg Meds": 20.975124,
      "Avg True Meds": 19.901327,
      "DDI Rate": 0.084076
    },
    "0.65": {
      "Jaccard": 0.539462,
      "Avg Meds": 20.232172,
      "Avg True Meds": 19.901327,
      "DDI Rate": 0.084536
    },
    "0.7": {
      "Jaccard": 0.538403,
      "Avg Meds": 19.436153,
      "Avg True Meds": 19.901327,
      "DDI Rate": 0.084914
    },
    "0.75": {
      "Jaccard": 0.534497,
      "Avg Meds": 18.627695,
      "Avg True Meds": 19.901327,
      "DDI Rate": 0.085271
    }
  },
  "calibrated_threshold": 0.65,
  "calibrated_metrics": {
    "Jaccard": 0.539462,
    "Avg Meds": 20.232172,
    "Avg True Meds": 19.901327,
    "DDI Rate": 0.084536
  },
  "config": {
    "hidden_dim": 256,
    "use_notes": false,
    "use_labs": true,
    "use_copy": false,
    "fusion_strategy": "film",
    "lab_dim": 400,
    "pos_weight_cap": 5.0,
    "use_cosine_lr": false,
    "contrastive_weight": 0.0,
    "margin_loss_weight": 0.0,
    "alignment_loss_weight": 0.1,
    "alignment_start_epoch": 1,
    "alignment_ramp_epochs": 0
  }
}