{
  "seed": 123,
  "ablation": "full",
  "mimic_version": 3,
  "mimic4_full": false,
  "cohort_tag": "mimic3",
  "best_val_jaccard": 0.5472462177276611,
  "test_metrics": {
    "Jaccard": 0.5427162051200867,
    "F1": 0.6961394548416138,
    "PRAUC": 0.7832904722672438,
    "DDI Rate": 0.08955519156525205,
    "Avg Meds": 23.043947219848633,
    "Avg True Meds": 19.90132713317871,
    "Precision": 0.6585203409194946,
    "Recall": 0.7621532678604126,
    "NHJ_new": 0.2939894818945935,
    "NHJ_dropped": 0.3676574700757077,
    "CVR": 0.0
  },
  "data_diagnostics": {
    "split_mode_requested": "hidr_vita",
    "require_cohort_split": false,
    "split_source": "hidr_vita_sequential",
    "split_seed_used": "n/a",
    "split_patient_counts": {
      "train": 4233,
      "val": 1059,
      "test": 1058
    },
    "split_example_counts": {
      "train": 6256,
      "val": 1220,
      "test": 1206
    },
    "ddi_density": 0.05261303581914269,
    "ddi_upper_pairs": 448,
    "ddi_total_pairs": 8515,
    "loaded_artifacts": {
      "records": "data/processed/records_final.pkl",
      "cohort": "data/processed/cohort_mimic3.pkl",
      "ddi": "data/processed/ddi_A_final.pkl",
      "ehr": "data/processed/ehr_adj_final.pkl",
      "embeddings": "data/embeddings/code_embeddings.pt",
      "notes": "data/processed/note_embeddings_mimic3.pkl",
      "labs": "data/processed/lab_vectors_200labs.pkl"
    }
  },
  "param_counts": {
    "visit_encoder": {
      "total": 6292225,
      "trainable": 3690241
    },
    "fusion": {
      "total": 423808,
      "trainable": 423808
    },
    "drug_gnn": {
      "total": 1974080,
      "trainable": 1974080
    },
    "predictor": {
      "total": 369990,
      "trainable": 369990
    },
    "model_total": {
      "total": 9323271,
      "trainable": 6721287
    }
  },
  "threshold_sweep": {
    "0.4": {
      "Jaccard": 0.539251,
      "Avg Meds": 24.852406,
      "Avg True Meds": 19.901327,
      "DDI Rate": 0.088825
    },
    "0.45": {
      "Jaccard": 0.54124,
      "Avg Meds": 23.905472,
      "Avg True Meds": 19.901327,
      "DDI Rate": 0.089369
    },
    "0.5": {
      "Jaccard": 0.542716,
      "Avg Meds": 23.043947,
      "Avg True Meds": 19.901327,
      "DDI Rate": 0.089555
    },
    "0.55": {
      "Jaccard": 0.543538,
      "Avg Meds": 22.189054,
      "Avg True Meds": 19.901327,
      "DDI Rate": 0.090761
    },
    "0.6": {
      "Jaccard": 0.543639,
      "Avg Meds": 21.325041,
      "Avg True Meds": 19.901327,
      "DDI Rate": 0.091051
    },
    "0.65": {
      "Jaccard": 0.543185,
      "Avg Meds": 20.482588,
      "Avg True Meds": 19.901327,
      "DDI Rate": 0.091568
    },
    "0.7": {
      "Jaccard": 0.541566,
      "Avg Meds": 19.626036,
      "Avg True Meds": 19.901327,
      "DDI Rate": 0.091724
    },
    "0.75": {
      "Jaccard": 0.539521,
      "Avg Meds": 18.734659,
      "Avg True Meds": 19.901327,
      "DDI Rate": 0.092339
    }
  },
  "calibrated_threshold": 0.7,
  "calibrated_metrics": {
    "Jaccard": 0.541566,
    "Avg Meds": 19.626036,
    "Avg True Meds": 19.901327,
    "DDI Rate": 0.091724
  },
  "config": {
    "hidden_dim": 256,
    "use_notes": true,
    "use_labs": true,
    "use_copy": false,
    "fusion_strategy": "film",
    "lab_dim": 400,
    "pos_weight_cap": 5.0,
    "use_cosine_lr": false,
    "contrastive_weight": 0.0,
    "margin_loss_weight": 0.0,
    "alignment_loss_weight": 0.1,
    "alignment_start_epoch": 1,
    "alignment_ramp_epochs": 0
  }
}