{
  "seed": 789,
  "ablation": "full",
  "mimic_version": 3,
  "mimic4_full": false,
  "cohort_tag": "mimic3",
  "best_val_jaccard": 0.5510576367378235,
  "test_metrics": {
    "Jaccard": 0.5513600707054138,
    "F1": 0.7031016945838928,
    "PRAUC": 0.7848248438957777,
    "DDI Rate": 0.08196042992813567,
    "Avg Meds": 22.001657485961914,
    "Avg True Meds": 19.90132713317871,
    "Precision": 0.6770681738853455,
    "Recall": 0.7581885457038879,
    "NHJ_new": 0.26709527875247757,
    "NHJ_dropped": 0.2956969722321159,
    "CVR": 0.0
  },
  "data_diagnostics": {
    "split_mode_requested": "hidr_vita",
    "require_cohort_split": false,
    "split_source": "hidr_vita_sequential",
    "split_seed_used": "n/a",
    "split_patient_counts": {
      "train": 4233,
      "val": 1059,
      "test": 1058
    },
    "split_example_counts": {
      "train": 6256,
      "val": 1220,
      "test": 1206
    },
    "ddi_density": 0.05261303581914269,
    "ddi_upper_pairs": 448,
    "ddi_total_pairs": 8515,
    "loaded_artifacts": {
      "records": "data/processed/records_final.pkl",
      "cohort": "data/processed/cohort_mimic3.pkl",
      "ddi": "data/processed/ddi_A_final.pkl",
      "ehr": "data/processed/ehr_adj_final.pkl",
      "embeddings": "data/embeddings/code_embeddings.pt",
      "labs": "data/processed/lab_vectors_200labs.pkl"
    }
  },
  "param_counts": {
    "visit_encoder": {
      "total": 5108993,
      "trainable": 2507009
    },
    "fusion": {
      "total": 423808,
      "trainable": 423808
    },
    "drug_gnn": {
      "total": 395008,
      "trainable": 395008
    },
    "predictor": {
      "total": 1358407,
      "trainable": 1358406
    },
    "model_total": {
      "total": 7549384,
      "trainable": 4947399
    }
  },
  "threshold_sweep": {
    "0.4": {
      "Jaccard": 0.552608,
      "Avg Meds": 23.016584,
      "Avg True Meds": 19.901327,
      "DDI Rate": 0.080527
    },
    "0.45": {
      "Jaccard": 0.551705,
      "Avg Meds": 22.482588,
      "Avg True Meds": 19.901327,
      "DDI Rate": 0.081196
    },
    "0.5": {
      "Jaccard": 0.55136,
      "Avg Meds": 22.001657,
      "Avg True Meds": 19.901327,
      "DDI Rate": 0.08196
    },
    "0.55": {
      "Jaccard": 0.551128,
      "Avg Meds": 21.566336,
      "Avg True Meds": 19.901327,
      "DDI Rate": 0.082584
    },
    "0.6": {
      "Jaccard": 0.55075,
      "Avg Meds": 21.092869,
      "Avg True Meds": 19.901327,
      "DDI Rate": 0.082754
    },
    "0.65": {
      "Jaccard": 0.548705,
      "Avg Meds": 20.606136,
      "Avg True Meds": 19.901327,
      "DDI Rate": 0.083328
    },
    "0.7": {
      "Jaccard": 0.547147,
      "Avg Meds": 20.079601,
      "Avg True Meds": 19.901327,
      "DDI Rate": 0.083892
    },
    "0.75": {
      "Jaccard": 0.545472,
      "Avg Meds": 19.525705,
      "Avg True Meds": 19.901327,
      "DDI Rate": 0.084407
    }
  },
  "calibrated_threshold": 0.7,
  "calibrated_metrics": {
    "Jaccard": 0.547147,
    "Avg Meds": 20.079601,
    "Avg True Meds": 19.901327,
    "DDI Rate": 0.083892
  },
  "config": {
    "hidden_dim": 256,
    "use_notes": false,
    "use_labs": true,
    "use_copy": false,
    "fusion_strategy": "film",
    "lab_dim": 400,
    "pos_weight_cap": 5.0,
    "use_cosine_lr": false,
    "contrastive_weight": 0.0,
    "margin_loss_weight": 0.0,
    "alignment_loss_weight": 0.1,
    "alignment_start_epoch": 1,
    "alignment_ramp_epochs": 0
  }
}