{
  "seed": 456,
  "ablation": "full",
  "mimic_version": 3,
  "mimic4_full": false,
  "cohort_tag": "mimic3",
  "best_val_jaccard": 0.5110318064689636,
  "test_metrics": {
    "Jaccard": 0.5113193392753601,
    "F1": 0.6686131358146667,
    "PRAUC": 0.7643886340888011,
    "DDI Rate": 0.0818432756531071,
    "Avg Meds": 24.397180557250977,
    "Avg True Meds": 19.90132713317871,
    "Precision": 0.6246641278266907,
    "Recall": 0.7650761604309082,
    "NHJ_new": 0.25728320918585124,
    "NHJ_dropped": 0.29121726437618856,
    "CVR": 0.0
  },
  "data_diagnostics": {
    "split_mode_requested": "hidr_vita",
    "require_cohort_split": false,
    "split_source": "hidr_vita_sequential",
    "split_seed_used": "n/a",
    "split_patient_counts": {
      "train": 4233,
      "val": 1059,
      "test": 1058
    },
    "split_example_counts": {
      "train": 6256,
      "val": 1220,
      "test": 1206
    },
    "ddi_density": 0.05261303581914269,
    "ddi_upper_pairs": 448,
    "ddi_total_pairs": 8515,
    "loaded_artifacts": {
      "records": "data/processed/records_final.pkl",
      "cohort": "data/processed/cohort_mimic3.pkl",
      "ddi": "data/processed/ddi_A_final.pkl",
      "ehr": "data/processed/ehr_adj_final.pkl",
      "embeddings": "data/embeddings/code_embeddings.pt",
      "labs": "data/processed/lab_vectors_10labs.pkl"
    }
  },
  "param_counts": {
    "visit_encoder": {
      "total": 4649474,
      "trainable": 2047490
    },
    "fusion": {
      "total": 399488,
      "trainable": 399488
    },
    "drug_gnn": {
      "total": 1151776,
      "trainable": 1151776
    },
    "predictor": {
      "total": 280134,
      "trainable": 280133
    },
    "model_total": {
      "total": 6744040,
      "trainable": 4142055
    }
  },
  "threshold_sweep": {
    "0.4": {
      "Jaccard": 0.503391,
      "Avg Meds": 26.64345,
      "Avg True Meds": 19.901327,
      "DDI Rate": 0.079509
    },
    "0.45": {
      "Jaccard": 0.508363,
      "Avg Meds": 25.484245,
      "Avg True Meds": 19.901327,
      "DDI Rate": 0.080503
    },
    "0.5": {
      "Jaccard": 0.511319,
      "Avg Meds": 24.397181,
      "Avg True Meds": 19.901327,
      "DDI Rate": 0.081843
    },
    "0.55": {
      "Jaccard": 0.511871,
      "Avg Meds": 23.314262,
      "Avg True Meds": 19.901327,
      "DDI Rate": 0.083255
    },
    "0.6": {
      "Jaccard": 0.512233,
      "Avg Meds": 22.246269,
      "Avg True Meds": 19.901327,
      "DDI Rate": 0.08448
    },
    "0.65": {
      "Jaccard": 0.511197,
      "Avg Meds": 21.165009,
      "Avg True Meds": 19.901327,
      "DDI Rate": 0.086186
    },
    "0.7": {
      "Jaccard": 0.510434,
      "Avg Meds": 20.061359,
      "Avg True Meds": 19.901327,
      "DDI Rate": 0.08737
    },
    "0.75": {
      "Jaccard": 0.507733,
      "Avg Meds": 18.900497,
      "Avg True Meds": 19.901327,
      "DDI Rate": 0.088453
    }
  },
  "calibrated_threshold": 0.7,
  "calibrated_metrics": {
    "Jaccard": 0.510434,
    "Avg Meds": 20.061359,
    "Avg True Meds": 19.901327,
    "DDI Rate": 0.08737
  },
  "config": {
    "hidden_dim": 256,
    "use_notes": false,
    "use_labs": true,
    "use_copy": false,
    "fusion_strategy": "film",
    "lab_dim": 20,
    "pos_weight_cap": 5.0,
    "use_cosine_lr": false,
    "contrastive_weight": 0.0,
    "margin_loss_weight": 0.0,
    "alignment_loss_weight": 0.1,
    "alignment_start_epoch": 1,
    "alignment_ramp_epochs": 0
  }
}