{
  "seed": 123,
  "ablation": "full",
  "mimic_version": 3,
  "mimic4_full": false,
  "cohort_tag": "mimic3",
  "best_val_jaccard": 0.5644671320915222,
  "test_metrics": {
    "Jaccard": 0.5629310607910156,
    "F1": 0.7126961946487427,
    "PRAUC": 0.7965829698273449,
    "DDI Rate": 0.08306798280528578,
    "Avg Meds": 22.54643440246582,
    "Avg True Meds": 19.90132713317871,
    "Precision": 0.6796879172325134,
    "Recall": 0.7716950178146362,
    "NHJ_new": 0.29626067139600454,
    "NHJ_dropped": 0.2994358500367717,
    "CVR": 0.0
  },
  "data_diagnostics": {
    "split_mode_requested": "hidr_vita",
    "require_cohort_split": false,
    "split_source": "hidr_vita_sequential",
    "split_seed_used": "n/a",
    "split_patient_counts": {
      "train": 4233,
      "val": 1059,
      "test": 1058
    },
    "split_example_counts": {
      "train": 6256,
      "val": 1220,
      "test": 1206
    },
    "ddi_density": 0.05261303581914269,
    "ddi_upper_pairs": 448,
    "ddi_total_pairs": 8515,
    "loaded_artifacts": {
      "records": "data/processed/records_final.pkl",
      "cohort": "data/processed/cohort_mimic3.pkl",
      "ddi": "data/processed/ddi_A_final.pkl",
      "ehr": "data/processed/ehr_adj_final.pkl",
      "embeddings": "data/embeddings/code_embeddings.pt",
      "notes": "data/processed/note_embeddings_mimic3.pkl",
      "labs": "data/processed/lab_vectors_200labs.pkl"
    }
  },
  "param_counts": {
    "visit_encoder": {
      "total": 4583681,
      "trainable": 1981697
    },
    "fusion": {
      "total": 423808,
      "trainable": 423808
    },
    "drug_gnn": {
      "total": 1974080,
      "trainable": 1974080
    },
    "predictor": {
      "total": 559560,
      "trainable": 559560
    },
    "model_total": {
      "total": 7804297,
      "trainable": 5202313
    }
  },
  "threshold_sweep": {
    "0.4": {
      "Jaccard": 0.557289,
      "Avg Meds": 24.281094,
      "Avg True Meds": 19.901327,
      "DDI Rate": 0.083168
    },
    "0.45": {
      "Jaccard": 0.560025,
      "Avg Meds": 23.364014,
      "Avg True Meds": 19.901327,
      "DDI Rate": 0.083193
    },
    "0.5": {
      "Jaccard": 0.562931,
      "Avg Meds": 22.546434,
      "Avg True Meds": 19.901327,
      "DDI Rate": 0.083068
    },
    "0.55": {
      "Jaccard": 0.563562,
      "Avg Meds": 21.750414,
      "Avg True Meds": 19.901327,
      "DDI Rate": 0.083076
    },
    "0.6": {
      "Jaccard": 0.563125,
      "Avg Meds": 20.962687,
      "Avg True Meds": 19.901327,
      "DDI Rate": 0.082493
    },
    "0.65": {
      "Jaccard": 0.562535,
      "Avg Meds": 20.198175,
      "Avg True Meds": 19.901327,
      "DDI Rate": 0.082602
    },
    "0.7": {
      "Jaccard": 0.560047,
      "Avg Meds": 19.370647,
      "Avg True Meds": 19.901327,
      "DDI Rate": 0.082495
    },
    "0.75": {
      "Jaccard": 0.555781,
      "Avg Meds": 18.490049,
      "Avg True Meds": 19.901327,
      "DDI Rate": 0.082741
    }
  },
  "calibrated_threshold": 0.65,
  "calibrated_metrics": {
    "Jaccard": 0.562535,
    "Avg Meds": 20.198175,
    "Avg True Meds": 19.901327,
    "DDI Rate": 0.082602
  },
  "config": {
    "hidden_dim": 256,
    "use_notes": true,
    "use_labs": true,
    "use_copy": true,
    "fusion_strategy": "film",
    "lab_dim": 400,
    "pos_weight_cap": 5.0,
    "use_cosine_lr": false,
    "contrastive_weight": 0.0,
    "margin_loss_weight": 0.0,
    "alignment_loss_weight": 0.1,
    "alignment_start_epoch": 1,
    "alignment_ramp_epochs": 0
  }
}