{
  "seed": 456,
  "ablation": "full",
  "mimic_version": 3,
  "mimic4_full": false,
  "cohort_tag": "mimic3",
  "best_val_jaccard": 0.5635430216789246,
  "test_metrics": {
    "Jaccard": 0.561363697052002,
    "F1": 0.71134352684021,
    "PRAUC": 0.7949446894046418,
    "DDI Rate": 0.07954389379341381,
    "Avg Meds": 23.097015380859375,
    "Avg True Meds": 19.90132713317871,
    "Precision": 0.6701346635818481,
    "Recall": 0.7806788682937622,
    "NHJ_new": 0.2930203848763516,
    "NHJ_dropped": 0.2678721413800591,
    "CVR": 0.0
  },
  "data_diagnostics": {
    "split_mode_requested": "hidr_vita",
    "require_cohort_split": false,
    "split_source": "hidr_vita_sequential",
    "split_seed_used": "n/a",
    "split_patient_counts": {
      "train": 4233,
      "val": 1059,
      "test": 1058
    },
    "split_example_counts": {
      "train": 6256,
      "val": 1220,
      "test": 1206
    },
    "ddi_density": 0.05261303581914269,
    "ddi_upper_pairs": 448,
    "ddi_total_pairs": 8515,
    "loaded_artifacts": {
      "records": "data/processed/records_final.pkl",
      "cohort": "data/processed/cohort_mimic3.pkl",
      "ddi": "data/processed/ddi_A_final.pkl",
      "ehr": "data/processed/ehr_adj_final.pkl",
      "embeddings": "data/embeddings/code_embeddings.pt",
      "notes": "data/processed/note_embeddings_mimic3.pkl",
      "labs": "data/processed/lab_vectors_200labs.pkl"
    }
  },
  "param_counts": {
    "visit_encoder": {
      "total": 4583681,
      "trainable": 1981697
    },
    "fusion": {
      "total": 423808,
      "trainable": 423808
    },
    "drug_gnn": {
      "total": 1974080,
      "trainable": 1974080
    },
    "predictor": {
      "total": 559560,
      "trainable": 559560
    },
    "model_total": {
      "total": 7804297,
      "trainable": 5202313
    }
  },
  "threshold_sweep": {
    "0.4": {
      "Jaccard": 0.551452,
      "Avg Meds": 25.723051,
      "Avg True Meds": 19.901327,
      "DDI Rate": 0.080051
    },
    "0.45": {
      "Jaccard": 0.557937,
      "Avg Meds": 24.352406,
      "Avg True Meds": 19.901327,
      "DDI Rate": 0.079784
    },
    "0.5": {
      "Jaccard": 0.561364,
      "Avg Meds": 23.097015,
      "Avg True Meds": 19.901327,
      "DDI Rate": 0.079544
    },
    "0.55": {
      "Jaccard": 0.563245,
      "Avg Meds": 21.907961,
      "Avg True Meds": 19.901327,
      "DDI Rate": 0.079112
    },
    "0.6": {
      "Jaccard": 0.564351,
      "Avg Meds": 20.776949,
      "Avg True Meds": 19.901327,
      "DDI Rate": 0.079096
    },
    "0.65": {
      "Jaccard": 0.56236,
      "Avg Meds": 19.678276,
      "Avg True Meds": 19.901327,
      "DDI Rate": 0.078846
    },
    "0.7": {
      "Jaccard": 0.555965,
      "Avg Meds": 18.509121,
      "Avg True Meds": 19.901327,
      "DDI Rate": 0.077763
    },
    "0.75": {
      "Jaccard": 0.548369,
      "Avg Meds": 17.31675,
      "Avg True Meds": 19.901327,
      "DDI Rate": 0.077008
    }
  },
  "calibrated_threshold": 0.65,
  "calibrated_metrics": {
    "Jaccard": 0.56236,
    "Avg Meds": 19.678276,
    "Avg True Meds": 19.901327,
    "DDI Rate": 0.078846
  },
  "config": {
    "hidden_dim": 256,
    "use_notes": true,
    "use_labs": true,
    "use_copy": true,
    "fusion_strategy": "film",
    "lab_dim": 400,
    "pos_weight_cap": 5.0,
    "use_cosine_lr": false,
    "contrastive_weight": 0.0,
    "margin_loss_weight": 0.0,
    "alignment_loss_weight": 0.1,
    "alignment_start_epoch": 1,
    "alignment_ramp_epochs": 0
  }
}