{
  "seed": 123,
  "ablation": "full",
  "mimic_version": 3,
  "mimic4_full": false,
  "cohort_tag": "mimic3",
  "best_val_jaccard": 0.5537437796592712,
  "test_metrics": {
    "Jaccard": 0.5502241253852844,
    "F1": 0.7023506760597229,
    "PRAUC": 0.7920535868431281,
    "DDI Rate": 0.07730538677499751,
    "Avg Meds": 23.010780334472656,
    "Avg True Meds": 19.90132713317871,
    "Precision": 0.6649681925773621,
    "Recall": 0.767795741558075,
    "NHJ_new": 0.2989162692898198,
    "NHJ_dropped": 0.36174417640033524,
    "CVR": 0.0
  },
  "data_diagnostics": {
    "split_mode_requested": "hidr_vita",
    "require_cohort_split": false,
    "split_source": "hidr_vita_sequential",
    "split_seed_used": "n/a",
    "split_patient_counts": {
      "train": 4233,
      "val": 1059,
      "test": 1058
    },
    "split_example_counts": {
      "train": 6256,
      "val": 1220,
      "test": 1206
    },
    "ddi_density": 0.05261303581914269,
    "ddi_upper_pairs": 448,
    "ddi_total_pairs": 8515,
    "loaded_artifacts": {
      "records": "data/processed/records_final.pkl",
      "cohort": "data/processed/cohort_mimic3.pkl",
      "ddi": "data/processed/ddi_A_final.pkl",
      "ehr": "data/processed/ehr_adj_final.pkl",
      "embeddings": "data/embeddings/code_embeddings.pt",
      "notes": "data/processed/note_embeddings_mimic3.pkl",
      "labs": "data/processed/lab_vectors_200labs.pkl"
    }
  },
  "param_counts": {
    "visit_encoder": {
      "total": 5762817,
      "trainable": 3160833
    },
    "fusion": {
      "total": 423808,
      "trainable": 423808
    },
    "drug_gnn": {
      "total": 1974080,
      "trainable": 1974080
    },
    "predictor": {
      "total": 369990,
      "trainable": 369990
    },
    "model_total": {
      "total": 8793863,
      "trainable": 6191879
    }
  },
  "threshold_sweep": {
    "0.4": {
      "Jaccard": 0.544289,
      "Avg Meds": 24.880596,
      "Avg True Meds": 19.901327,
      "DDI Rate": 0.076301
    },
    "0.45": {
      "Jaccard": 0.547403,
      "Avg Meds": 23.938641,
      "Avg True Meds": 19.901327,
      "DDI Rate": 0.076934
    },
    "0.5": {
      "Jaccard": 0.550224,
      "Avg Meds": 23.01078,
      "Avg True Meds": 19.901327,
      "DDI Rate": 0.077305
    },
    "0.55": {
      "Jaccard": 0.552319,
      "Avg Meds": 22.17247,
      "Avg True Meds": 19.901327,
      "DDI Rate": 0.077561
    },
    "0.6": {
      "Jaccard": 0.552579,
      "Avg Meds": 21.305141,
      "Avg True Meds": 19.901327,
      "DDI Rate": 0.078043
    },
    "0.65": {
      "Jaccard": 0.553129,
      "Avg Meds": 20.444445,
      "Avg True Meds": 19.901327,
      "DDI Rate": 0.078864
    },
    "0.7": {
      "Jaccard": 0.551612,
      "Avg Meds": 19.560532,
      "Avg True Meds": 19.901327,
      "DDI Rate": 0.079269
    },
    "0.75": {
      "Jaccard": 0.548003,
      "Avg Meds": 18.666666,
      "Avg True Meds": 19.901327,
      "DDI Rate": 0.079283
    }
  },
  "calibrated_threshold": 0.7,
  "calibrated_metrics": {
    "Jaccard": 0.551612,
    "Avg Meds": 19.560532,
    "Avg True Meds": 19.901327,
    "DDI Rate": 0.079269
  },
  "config": {
    "hidden_dim": 256,
    "use_notes": true,
    "use_labs": true,
    "use_copy": false,
    "fusion_strategy": "film",
    "lab_dim": 400,
    "pos_weight_cap": 5.0,
    "use_cosine_lr": false,
    "contrastive_weight": 0.0,
    "margin_loss_weight": 0.0,
    "alignment_loss_weight": 0.1,
    "alignment_start_epoch": 1,
    "alignment_ramp_epochs": 0
  }
}