{
  "seed": 456,
  "ablation": "full",
  "mimic_version": 3,
  "mimic4_full": false,
  "cohort_tag": "mimic3",
  "best_val_jaccard": 0.5654715299606323,
  "test_metrics": {
    "Jaccard": 0.5630886554718018,
    "F1": 0.7129429578781128,
    "PRAUC": 0.7983608227652642,
    "DDI Rate": 0.07840197410548345,
    "Avg Meds": 22.300994873046875,
    "Avg True Meds": 19.90132713317871,
    "Precision": 0.6836958527565002,
    "Recall": 0.7677806615829468,
    "NHJ_new": 0.2870586702698155,
    "NHJ_dropped": 0.28814219801049484,
    "CVR": 0.0
  },
  "data_diagnostics": {
    "split_mode_requested": "hidr_vita",
    "require_cohort_split": false,
    "split_source": "hidr_vita_sequential",
    "split_seed_used": "n/a",
    "split_patient_counts": {
      "train": 4233,
      "val": 1059,
      "test": 1058
    },
    "split_example_counts": {
      "train": 6256,
      "val": 1220,
      "test": 1206
    },
    "ddi_density": 0.05261303581914269,
    "ddi_upper_pairs": 448,
    "ddi_total_pairs": 8515,
    "loaded_artifacts": {
      "records": "data/processed/records_final.pkl",
      "cohort": "data/processed/cohort_mimic3.pkl",
      "ddi": "data/processed/ddi_A_final.pkl",
      "ehr": "data/processed/ehr_adj_final.pkl",
      "embeddings": "data/embeddings/code_embeddings.pt",
      "notes": "data/processed/note_embeddings_mimic3.pkl",
      "labs": "data/processed/lab_vectors_200labs.pkl"
    }
  },
  "param_counts": {
    "visit_encoder": {
      "total": 4583681,
      "trainable": 1981697
    },
    "fusion": {
      "total": 423808,
      "trainable": 423808
    },
    "drug_gnn": {
      "total": 262400,
      "trainable": 262400
    },
    "predictor": {
      "total": 559560,
      "trainable": 559560
    },
    "model_total": {
      "total": 6092617,
      "trainable": 3490633
    }
  },
  "threshold_sweep": {
    "0.4": {
      "Jaccard": 0.558986,
      "Avg Meds": 24.096186,
      "Avg True Meds": 19.901327,
      "DDI Rate": 0.078468
    },
    "0.45": {
      "Jaccard": 0.560631,
      "Avg Meds": 23.179104,
      "Avg True Meds": 19.901327,
      "DDI Rate": 0.078063
    },
    "0.5": {
      "Jaccard": 0.563089,
      "Avg Meds": 22.300995,
      "Avg True Meds": 19.901327,
      "DDI Rate": 0.078402
    },
    "0.55": {
      "Jaccard": 0.562896,
      "Avg Meds": 21.522388,
      "Avg True Meds": 19.901327,
      "DDI Rate": 0.078233
    },
    "0.6": {
      "Jaccard": 0.563082,
      "Avg Meds": 20.734659,
      "Avg True Meds": 19.901327,
      "DDI Rate": 0.078113
    },
    "0.65": {
      "Jaccard": 0.560725,
      "Avg Meds": 19.92869,
      "Avg True Meds": 19.901327,
      "DDI Rate": 0.07786
    },
    "0.7": {
      "Jaccard": 0.557765,
      "Avg Meds": 19.095356,
      "Avg True Meds": 19.901327,
      "DDI Rate": 0.077551
    },
    "0.75": {
      "Jaccard": 0.553245,
      "Avg Meds": 18.185738,
      "Avg True Meds": 19.901327,
      "DDI Rate": 0.077546
    }
  },
  "calibrated_threshold": 0.65,
  "calibrated_metrics": {
    "Jaccard": 0.560725,
    "Avg Meds": 19.92869,
    "Avg True Meds": 19.901327,
    "DDI Rate": 0.07786
  },
  "config": {
    "hidden_dim": 256,
    "use_notes": true,
    "use_labs": true,
    "use_copy": true,
    "fusion_strategy": "film",
    "lab_dim": 400,
    "pos_weight_cap": 5.0,
    "use_cosine_lr": false,
    "contrastive_weight": 0.0,
    "margin_loss_weight": 0.0,
    "alignment_loss_weight": 0.1,
    "alignment_start_epoch": 1,
    "alignment_ramp_epochs": 0
  }
}