{
  "seed": 123,
  "ablation": "full",
  "mimic_version": 3,
  "mimic4_full": false,
  "cohort_tag": "mimic3",
  "best_val_jaccard": 0.5546940565109253,
  "test_metrics": {
    "Jaccard": 0.5522188544273376,
    "F1": 0.7041397094726562,
    "PRAUC": 0.7952937359937337,
    "DDI Rate": 0.07719239795307024,
    "Avg Meds": 23.029850006103516,
    "Avg True Meds": 19.90132713317871,
    "Precision": 0.6657238006591797,
    "Recall": 0.7701572179794312,
    "NHJ_new": 0.30618640623594584,
    "NHJ_dropped": 0.3759722301834508,
    "CVR": 0.0
  },
  "data_diagnostics": {
    "split_mode_requested": "hidr_vita",
    "require_cohort_split": false,
    "split_source": "hidr_vita_sequential",
    "split_seed_used": "n/a",
    "split_patient_counts": {
      "train": 4233,
      "val": 1059,
      "test": 1058
    },
    "split_example_counts": {
      "train": 6256,
      "val": 1220,
      "test": 1206
    },
    "ddi_density": 0.05261303581914269,
    "ddi_upper_pairs": 448,
    "ddi_total_pairs": 8515,
    "loaded_artifacts": {
      "records": "data/processed/records_final.pkl",
      "cohort": "data/processed/cohort_mimic3.pkl",
      "ddi": "data/processed/ddi_A_final.pkl",
      "ehr": "data/processed/ehr_adj_final.pkl",
      "embeddings": "data/embeddings/code_embeddings.pt",
      "notes": "data/processed/note_embeddings_mimic3.pkl",
      "labs": "data/processed/lab_vectors_200labs.pkl"
    }
  },
  "param_counts": {
    "visit_encoder": {
      "total": 4649474,
      "trainable": 2047490
    },
    "fusion": {
      "total": 423808,
      "trainable": 423808
    },
    "drug_gnn": {
      "total": 1151776,
      "trainable": 1151776
    },
    "predictor": {
      "total": 369990,
      "trainable": 369990
    },
    "model_total": {
      "total": 6858216,
      "trainable": 4256232
    }
  },
  "threshold_sweep": {
    "0.4": {
      "Jaccard": 0.546281,
      "Avg Meds": 24.703979,
      "Avg True Meds": 19.901327,
      "DDI Rate": 0.076698
    },
    "0.45": {
      "Jaccard": 0.549622,
      "Avg Meds": 23.834162,
      "Avg True Meds": 19.901327,
      "DDI Rate": 0.07708
    },
    "0.5": {
      "Jaccard": 0.552219,
      "Avg Meds": 23.02985,
      "Avg True Meds": 19.901327,
      "DDI Rate": 0.077192
    },
    "0.55": {
      "Jaccard": 0.554123,
      "Avg Meds": 22.226368,
      "Avg True Meds": 19.901327,
      "DDI Rate": 0.077784
    },
    "0.6": {
      "Jaccard": 0.553245,
      "Avg Meds": 21.452736,
      "Avg True Meds": 19.901327,
      "DDI Rate": 0.078293
    },
    "0.65": {
      "Jaccard": 0.552143,
      "Avg Meds": 20.689054,
      "Avg True Meds": 19.901327,
      "DDI Rate": 0.078475
    },
    "0.7": {
      "Jaccard": 0.551521,
      "Avg Meds": 19.89884,
      "Avg True Meds": 19.901327,
      "DDI Rate": 0.078388
    },
    "0.75": {
      "Jaccard": 0.549453,
      "Avg Meds": 19.031509,
      "Avg True Meds": 19.901327,
      "DDI Rate": 0.078449
    }
  },
  "calibrated_threshold": 0.7,
  "calibrated_metrics": {
    "Jaccard": 0.551521,
    "Avg Meds": 19.89884,
    "Avg True Meds": 19.901327,
    "DDI Rate": 0.078388
  },
  "config": {
    "hidden_dim": 256,
    "use_notes": true,
    "use_labs": true,
    "use_copy": false,
    "fusion_strategy": "film",
    "lab_dim": 400,
    "pos_weight_cap": 5.0,
    "use_cosine_lr": false,
    "contrastive_weight": 0.0,
    "margin_loss_weight": 0.0,
    "alignment_loss_weight": 0.1,
    "alignment_start_epoch": 1,
    "alignment_ramp_epochs": 0
  }
}