{
  "seed": 123,
  "ablation": "full",
  "mimic_version": 3,
  "mimic4_full": false,
  "cohort_tag": "mimic3",
  "best_val_jaccard": 0.5646706223487854,
  "test_metrics": {
    "Jaccard": 0.5607370734214783,
    "F1": 0.7113201022148132,
    "PRAUC": 0.7984181514773782,
    "DDI Rate": 0.07892781127005077,
    "Avg Meds": 22.81757926940918,
    "Avg True Meds": 19.90132713317871,
    "Precision": 0.6753686666488647,
    "Recall": 0.7745976448059082,
    "NHJ_new": 0.29231147232808563,
    "NHJ_dropped": 0.28730576524609014,
    "CVR": 0.0
  },
  "data_diagnostics": {
    "split_mode_requested": "hidr_vita",
    "require_cohort_split": false,
    "split_source": "hidr_vita_sequential",
    "split_seed_used": "n/a",
    "split_patient_counts": {
      "train": 4233,
      "val": 1059,
      "test": 1058
    },
    "split_example_counts": {
      "train": 6256,
      "val": 1220,
      "test": 1206
    },
    "ddi_density": 0.05261303581914269,
    "ddi_upper_pairs": 448,
    "ddi_total_pairs": 8515,
    "loaded_artifacts": {
      "records": "data/processed/records_final.pkl",
      "cohort": "data/processed/cohort_mimic3.pkl",
      "ddi": "data/processed/ddi_A_final.pkl",
      "ehr": "data/processed/ehr_adj_final.pkl",
      "embeddings": "data/embeddings/code_embeddings.pt",
      "notes": "data/processed/note_embeddings_mimic3.pkl",
      "labs": "data/processed/lab_vectors_200labs.pkl"
    }
  },
  "param_counts": {
    "visit_encoder": {
      "total": 4649474,
      "trainable": 2047490
    },
    "fusion": {
      "total": 423808,
      "trainable": 423808
    },
    "drug_gnn": {
      "total": 1151776,
      "trainable": 1151776
    },
    "predictor": {
      "total": 559560,
      "trainable": 559560
    },
    "model_total": {
      "total": 7047786,
      "trainable": 4445802
    }
  },
  "threshold_sweep": {
    "0.4": {
      "Jaccard": 0.556438,
      "Avg Meds": 24.482588,
      "Avg True Meds": 19.901327,
      "DDI Rate": 0.079701
    },
    "0.45": {
      "Jaccard": 0.559427,
      "Avg Meds": 23.619404,
      "Avg True Meds": 19.901327,
      "DDI Rate": 0.079298
    },
    "0.5": {
      "Jaccard": 0.560737,
      "Avg Meds": 22.817579,
      "Avg True Meds": 19.901327,
      "DDI Rate": 0.078928
    },
    "0.55": {
      "Jaccard": 0.562572,
      "Avg Meds": 22.064676,
      "Avg True Meds": 19.901327,
      "DDI Rate": 0.078576
    },
    "0.6": {
      "Jaccard": 0.563473,
      "Avg Meds": 21.28441,
      "Avg True Meds": 19.901327,
      "DDI Rate": 0.07879
    },
    "0.65": {
      "Jaccard": 0.561867,
      "Avg Meds": 20.527363,
      "Avg True Meds": 19.901327,
      "DDI Rate": 0.078399
    },
    "0.7": {
      "Jaccard": 0.559586,
      "Avg Meds": 19.738806,
      "Avg True Meds": 19.901327,
      "DDI Rate": 0.078169
    },
    "0.75": {
      "Jaccard": 0.555794,
      "Avg Meds": 18.865671,
      "Avg True Meds": 19.901327,
      "DDI Rate": 0.078628
    }
  },
  "calibrated_threshold": 0.7,
  "calibrated_metrics": {
    "Jaccard": 0.559586,
    "Avg Meds": 19.738806,
    "Avg True Meds": 19.901327,
    "DDI Rate": 0.078169
  },
  "config": {
    "hidden_dim": 256,
    "use_notes": true,
    "use_labs": true,
    "use_copy": true,
    "fusion_strategy": "film",
    "lab_dim": 400,
    "pos_weight_cap": 5.0,
    "use_cosine_lr": false,
    "contrastive_weight": 0.0,
    "margin_loss_weight": 0.0,
    "alignment_loss_weight": 0.1,
    "alignment_start_epoch": 1,
    "alignment_ramp_epochs": 0
  }
}