{
  "seed": 42,
  "ablation": "full",
  "mimic_version": 3,
  "mimic4_full": false,
  "cohort_tag": "mimic3",
  "best_val_jaccard": 0.5405746698379517,
  "test_metrics": {
    "Jaccard": 0.5400504469871521,
    "F1": 0.6935614347457886,
    "PRAUC": 0.7829834705217137,
    "DDI Rate": 0.07742072870802491,
    "Avg Meds": 22.924543380737305,
    "Avg True Meds": 19.90132713317871,
    "Precision": 0.6573114395141602,
    "Recall": 0.7612987160682678,
    "NHJ_new": 0.2821940669887944,
    "NHJ_dropped": 0.35917413077856364,
    "CVR": 0.0
  },
  "data_diagnostics": {
    "split_mode_requested": "hidr_vita",
    "require_cohort_split": false,
    "split_source": "hidr_vita_sequential",
    "split_seed_used": "n/a",
    "split_patient_counts": {
      "train": 4233,
      "val": 1059,
      "test": 1058
    },
    "split_example_counts": {
      "train": 6256,
      "val": 1220,
      "test": 1206
    },
    "ddi_density": 0.05261303581914269,
    "ddi_upper_pairs": 448,
    "ddi_total_pairs": 8515,
    "loaded_artifacts": {
      "records": "data/processed/records_final.pkl",
      "cohort": "data/processed/cohort_mimic3.pkl",
      "ddi": "data/processed/ddi_A_final.pkl",
      "ehr": "data/processed/ehr_adj_final.pkl",
      "embeddings": "data/embeddings/code_embeddings.pt",
      "labs": "data/processed/lab_vectors_200labs.pkl"
    }
  },
  "param_counts": {
    "visit_encoder": {
      "total": 4649474,
      "trainable": 2047490
    },
    "fusion": {
      "total": 423808,
      "trainable": 423808
    },
    "drug_gnn": {
      "total": 1151776,
      "trainable": 1151776
    },
    "predictor": {
      "total": 594438,
      "trainable": 594437
    },
    "model_total": {
      "total": 7082664,
      "trainable": 4480679
    }
  },
  "threshold_sweep": {
    "0.4": {
      "Jaccard": 0.533815,
      "Avg Meds": 24.690714,
      "Avg True Meds": 19.901327,
      "DDI Rate": 0.076797
    },
    "0.45": {
      "Jaccard": 0.538519,
      "Avg Meds": 23.767828,
      "Avg True Meds": 19.901327,
      "DDI Rate": 0.076782
    },
    "0.5": {
      "Jaccard": 0.54005,
      "Avg Meds": 22.924543,
      "Avg True Meds": 19.901327,
      "DDI Rate": 0.077421
    },
    "0.55": {
      "Jaccard": 0.541313,
      "Avg Meds": 22.116915,
      "Avg True Meds": 19.901327,
      "DDI Rate": 0.077685
    },
    "0.6": {
      "Jaccard": 0.541753,
      "Avg Meds": 21.281094,
      "Avg True Meds": 19.901327,
      "DDI Rate": 0.077528
    },
    "0.65": {
      "Jaccard": 0.540724,
      "Avg Meds": 20.45854,
      "Avg True Meds": 19.901327,
      "DDI Rate": 0.077839
    },
    "0.7": {
      "Jaccard": 0.537121,
      "Avg Meds": 19.629353,
      "Avg True Meds": 19.901327,
      "DDI Rate": 0.078442
    },
    "0.75": {
      "Jaccard": 0.53389,
      "Avg Meds": 18.78441,
      "Avg True Meds": 19.901327,
      "DDI Rate": 0.078599
    }
  },
  "calibrated_threshold": 0.7,
  "calibrated_metrics": {
    "Jaccard": 0.537121,
    "Avg Meds": 19.629353,
    "Avg True Meds": 19.901327,
    "DDI Rate": 0.078442
  },
  "config": {
    "hidden_dim": 256,
    "use_notes": false,
    "use_labs": true,
    "use_copy": false,
    "fusion_strategy": "film",
    "lab_dim": 400,
    "pos_weight_cap": 5.0,
    "use_cosine_lr": false,
    "contrastive_weight": 0.0,
    "margin_loss_weight": 0.0,
    "alignment_loss_weight": 0.1,
    "alignment_start_epoch": 1,
    "alignment_ramp_epochs": 0
  }
}