{
  "seed": 42,
  "ablation": "full",
  "mimic_version": 3,
  "mimic4_full": false,
  "cohort_tag": "mimic3",
  "best_val_jaccard": 0.569115936756134,
  "test_metrics": {
    "Jaccard": 0.5648308992385864,
    "F1": 0.7147487998008728,
    "PRAUC": 0.790877862328531,
    "DDI Rate": 0.07919841093527437,
    "Avg Meds": 21.889719009399414,
    "Avg True Meds": 19.90132713317871,
    "Precision": 0.6902622580528259,
    "Recall": 0.7633657455444336,
    "NHJ_new": 0.29253704453769486,
    "NHJ_dropped": 0.30713660466043574,
    "CVR": 0.0
  },
  "data_diagnostics": {
    "split_mode_requested": "hidr_vita",
    "require_cohort_split": false,
    "split_source": "hidr_vita_sequential",
    "split_seed_used": "n/a",
    "split_patient_counts": {
      "train": 4233,
      "val": 1059,
      "test": 1058
    },
    "split_example_counts": {
      "train": 6256,
      "val": 1220,
      "test": 1206
    },
    "ddi_density": 0.05261303581914269,
    "ddi_upper_pairs": 448,
    "ddi_total_pairs": 8515,
    "loaded_artifacts": {
      "records": "data/processed/records_final.pkl",
      "cohort": "data/processed/cohort_mimic3.pkl",
      "ddi": "data/processed/ddi_A_final.pkl",
      "ehr": "data/processed/ehr_adj_final.pkl",
      "embeddings": "data/embeddings/code_embeddings.pt",
      "notes": "data/processed/note_embeddings_mimic3.pkl",
      "labs": "data/processed/lab_vectors_200labs.pkl"
    }
  },
  "param_counts": {
    "visit_encoder": {
      "total": 4583681,
      "trainable": 1981697
    },
    "fusion": {
      "total": 423808,
      "trainable": 423808
    },
    "drug_gnn": {
      "total": 1974080,
      "trainable": 1974080
    },
    "predictor": {
      "total": 559560,
      "trainable": 559560
    },
    "model_total": {
      "total": 7804297,
      "trainable": 5202313
    }
  },
  "threshold_sweep": {
    "0.4": {
      "Jaccard": 0.563473,
      "Avg Meds": 23.008291,
      "Avg True Meds": 19.901327,
      "DDI Rate": 0.07981
    },
    "0.45": {
      "Jaccard": 0.564328,
      "Avg Meds": 22.447762,
      "Avg True Meds": 19.901327,
      "DDI Rate": 0.079514
    },
    "0.5": {
      "Jaccard": 0.564831,
      "Avg Meds": 21.889719,
      "Avg True Meds": 19.901327,
      "DDI Rate": 0.079198
    },
    "0.55": {
      "Jaccard": 0.563268,
      "Avg Meds": 21.383085,
      "Avg True Meds": 19.901327,
      "DDI Rate": 0.07912
    },
    "0.6": {
      "Jaccard": 0.5622,
      "Avg Meds": 20.868158,
      "Avg True Meds": 19.901327,
      "DDI Rate": 0.078786
    },
    "0.65": {
      "Jaccard": 0.561189,
      "Avg Meds": 20.337479,
      "Avg True Meds": 19.901327,
      "DDI Rate": 0.078743
    },
    "0.7": {
      "Jaccard": 0.559558,
      "Avg Meds": 19.760365,
      "Avg True Meds": 19.901327,
      "DDI Rate": 0.078038
    },
    "0.75": {
      "Jaccard": 0.55711,
      "Avg Meds": 19.132669,
      "Avg True Meds": 19.901327,
      "DDI Rate": 0.077372
    }
  },
  "calibrated_threshold": 0.7,
  "calibrated_metrics": {
    "Jaccard": 0.559558,
    "Avg Meds": 19.760365,
    "Avg True Meds": 19.901327,
    "DDI Rate": 0.078038
  },
  "config": {
    "hidden_dim": 256,
    "use_notes": true,
    "use_labs": true,
    "use_copy": true,
    "fusion_strategy": "film",
    "lab_dim": 400,
    "pos_weight_cap": 5.0,
    "use_cosine_lr": false,
    "contrastive_weight": 0.0,
    "margin_loss_weight": 0.0,
    "alignment_loss_weight": 0.1,
    "alignment_start_epoch": 1,
    "alignment_ramp_epochs": 0
  }
}