{
  "seed": 42,
  "ablation": "full",
  "mimic_version": 3,
  "mimic4_full": false,
  "cohort_tag": "mimic3",
  "best_val_jaccard": 0.5541984438896179,
  "test_metrics": {
    "Jaccard": 0.5516657829284668,
    "F1": 0.7037289142608643,
    "PRAUC": 0.7907455691833069,
    "DDI Rate": 0.07845463970321888,
    "Avg Meds": 22.364013671875,
    "Avg True Meds": 19.90132713317871,
    "Precision": 0.6734104156494141,
    "Recall": 0.7590638995170593,
    "NHJ_new": 0.3051668703556061,
    "NHJ_dropped": 0.38806189204517166,
    "CVR": 0.0
  },
  "data_diagnostics": {
    "split_mode_requested": "hidr_vita",
    "require_cohort_split": false,
    "split_source": "hidr_vita_sequential",
    "split_seed_used": "n/a",
    "split_patient_counts": {
      "train": 4233,
      "val": 1059,
      "test": 1058
    },
    "split_example_counts": {
      "train": 6256,
      "val": 1220,
      "test": 1206
    },
    "ddi_density": 0.05261303581914269,
    "ddi_upper_pairs": 448,
    "ddi_total_pairs": 8515,
    "loaded_artifacts": {
      "records": "data/processed/records_final.pkl",
      "cohort": "data/processed/cohort_mimic3.pkl",
      "ddi": "data/processed/ddi_A_final.pkl",
      "ehr": "data/processed/ehr_adj_final.pkl",
      "embeddings": "data/embeddings/code_embeddings.pt",
      "notes": "data/processed/note_embeddings_mimic3.pkl",
      "labs": "data/processed/lab_vectors_200labs.pkl"
    }
  },
  "param_counts": {
    "visit_encoder": {
      "total": 4649474,
      "trainable": 2047490
    },
    "fusion": {
      "total": 423808,
      "trainable": 423808
    },
    "drug_gnn": {
      "total": 1151776,
      "trainable": 1151776
    },
    "predictor": {
      "total": 369990,
      "trainable": 369990
    },
    "model_total": {
      "total": 6858216,
      "trainable": 4256232
    }
  },
  "threshold_sweep": {
    "0.4": {
      "Jaccard": 0.54645,
      "Avg Meds": 24.009951,
      "Avg True Meds": 19.901327,
      "DDI Rate": 0.077785
    },
    "0.45": {
      "Jaccard": 0.548935,
      "Avg Meds": 23.160032,
      "Avg True Meds": 19.901327,
      "DDI Rate": 0.078389
    },
    "0.5": {
      "Jaccard": 0.551666,
      "Avg Meds": 22.364014,
      "Avg True Meds": 19.901327,
      "DDI Rate": 0.078455
    },
    "0.55": {
      "Jaccard": 0.553089,
      "Avg Meds": 21.645107,
      "Avg True Meds": 19.901327,
      "DDI Rate": 0.07882
    },
    "0.6": {
      "Jaccard": 0.553746,
      "Avg Meds": 20.877281,
      "Avg True Meds": 19.901327,
      "DDI Rate": 0.078821
    },
    "0.65": {
      "Jaccard": 0.553361,
      "Avg Meds": 20.139303,
      "Avg True Meds": 19.901327,
      "DDI Rate": 0.078674
    },
    "0.7": {
      "Jaccard": 0.550461,
      "Avg Meds": 19.365671,
      "Avg True Meds": 19.901327,
      "DDI Rate": 0.079017
    },
    "0.75": {
      "Jaccard": 0.545661,
      "Avg Meds": 18.522388,
      "Avg True Meds": 19.901327,
      "DDI Rate": 0.079407
    }
  },
  "calibrated_threshold": 0.65,
  "calibrated_metrics": {
    "Jaccard": 0.553361,
    "Avg Meds": 20.139303,
    "Avg True Meds": 19.901327,
    "DDI Rate": 0.078674
  },
  "config": {
    "hidden_dim": 256,
    "use_notes": true,
    "use_labs": true,
    "use_copy": false,
    "fusion_strategy": "film",
    "lab_dim": 400,
    "pos_weight_cap": 5.0,
    "use_cosine_lr": false,
    "contrastive_weight": 0.0,
    "margin_loss_weight": 0.0,
    "alignment_loss_weight": 0.1,
    "alignment_start_epoch": 1,
    "alignment_ramp_epochs": 0
  }
}