{
  "seed": 123,
  "ablation": "full",
  "mimic_version": 3,
  "mimic4_full": false,
  "cohort_tag": "mimic3",
  "best_val_jaccard": 0.5024543404579163,
  "test_metrics": {
    "Jaccard": 0.5028485059738159,
    "F1": 0.6610383987426758,
    "PRAUC": 0.7541213535507059,
    "DDI Rate": 0.08718445846491028,
    "Avg Meds": 22.472637176513672,
    "Avg True Meds": 19.90132713317871,
    "Precision": 0.6370346546173096,
    "Recall": 0.7311151623725891,
    "NHJ_new": 0.23397731467297203,
    "NHJ_dropped": 0.3042801367609124,
    "CVR": 0.0
  },
  "data_diagnostics": {
    "split_mode_requested": "hidr_vita",
    "require_cohort_split": false,
    "split_source": "hidr_vita_sequential",
    "split_seed_used": "n/a",
    "split_patient_counts": {
      "train": 4233,
      "val": 1059,
      "test": 1058
    },
    "split_example_counts": {
      "train": 6256,
      "val": 1220,
      "test": 1206
    },
    "ddi_density": 0.05261303581914269,
    "ddi_upper_pairs": 448,
    "ddi_total_pairs": 8515,
    "loaded_artifacts": {
      "records": "data/processed/records_final.pkl",
      "cohort": "data/processed/cohort_mimic3.pkl",
      "ddi": "data/processed/ddi_A_final.pkl",
      "ehr": "data/processed/ehr_adj_final.pkl",
      "embeddings": "data/embeddings/code_embeddings.pt"
    }
  },
  "param_counts": {
    "visit_encoder": {
      "total": 4583681,
      "trainable": 1981697
    },
    "drug_gnn": {
      "total": 2007616,
      "trainable": 2007616
    },
    "predictor": {
      "total": 262406,
      "trainable": 262404
    },
    "model_total": {
      "total": 7116871,
      "trainable": 4514885
    }
  },
  "threshold_sweep": {
    "0.4": {
      "Jaccard": 0.499953,
      "Avg Meds": 24.839138,
      "Avg True Meds": 19.901327,
      "DDI Rate": 0.083712
    },
    "0.45": {
      "Jaccard": 0.500977,
      "Avg Meds": 23.664179,
      "Avg True Meds": 19.901327,
      "DDI Rate": 0.085265
    },
    "0.5": {
      "Jaccard": 0.502849,
      "Avg Meds": 22.472637,
      "Avg True Meds": 19.901327,
      "DDI Rate": 0.087184
    },
    "0.55": {
      "Jaccard": 0.502331,
      "Avg Meds": 21.396351,
      "Avg True Meds": 19.901327,
      "DDI Rate": 0.088807
    },
    "0.6": {
      "Jaccard": 0.501804,
      "Avg Meds": 20.367331,
      "Avg True Meds": 19.901327,
      "DDI Rate": 0.090127
    },
    "0.65": {
      "Jaccard": 0.499148,
      "Avg Meds": 19.2869,
      "Avg True Meds": 19.901327,
      "DDI Rate": 0.091854
    },
    "0.7": {
      "Jaccard": 0.495147,
      "Avg Meds": 18.212273,
      "Avg True Meds": 19.901327,
      "DDI Rate": 0.093966
    },
    "0.75": {
      "Jaccard": 0.48922,
      "Avg Meds": 17.073797,
      "Avg True Meds": 19.901327,
      "DDI Rate": 0.095951
    }
  },
  "calibrated_threshold": 0.6,
  "calibrated_metrics": {
    "Jaccard": 0.501804,
    "Avg Meds": 20.367331,
    "Avg True Meds": 19.901327,
    "DDI Rate": 0.090127
  },
  "config": {
    "hidden_dim": 256,
    "use_notes": false,
    "use_labs": false,
    "use_copy": false,
    "fusion_strategy": "film",
    "lab_dim": 0,
    "pos_weight_cap": 5.0,
    "use_cosine_lr": false,
    "contrastive_weight": 0.0,
    "margin_loss_weight": 0.0,
    "alignment_loss_weight": 0.1,
    "alignment_start_epoch": 1,
    "alignment_ramp_epochs": 0
  }
}