{
  "seed": 42,
  "ablation": "full",
  "mimic_version": 3,
  "mimic4_full": false,
  "cohort_tag": "mimic3",
  "best_val_jaccard": 0.5391184687614441,
  "test_metrics": {
    "Jaccard": 0.539258599281311,
    "F1": 0.6927292943000793,
    "PRAUC": 0.7801521809273098,
    "DDI Rate": 0.07984652414491389,
    "Avg Meds": 22.80514144897461,
    "Avg True Meds": 19.90132713317871,
    "Precision": 0.6612767577171326,
    "Recall": 0.7547807693481445,
    "NHJ_new": 0.28735717895783874,
    "NHJ_dropped": 0.3688389988322007,
    "CVR": 0.0
  },
  "data_diagnostics": {
    "split_mode_requested": "hidr_vita",
    "require_cohort_split": false,
    "split_source": "hidr_vita_sequential",
    "split_seed_used": "n/a",
    "split_patient_counts": {
      "train": 4233,
      "val": 1059,
      "test": 1058
    },
    "split_example_counts": {
      "train": 6256,
      "val": 1220,
      "test": 1206
    },
    "ddi_density": 0.05261303581914269,
    "ddi_upper_pairs": 448,
    "ddi_total_pairs": 8515,
    "loaded_artifacts": {
      "records": "data/processed/records_final.pkl",
      "cohort": "data/processed/cohort_mimic3.pkl",
      "ddi": "data/processed/ddi_A_final.pkl",
      "ehr": "data/processed/ehr_adj_final.pkl",
      "embeddings": "data/embeddings/code_embeddings.pt",
      "labs": "data/processed/lab_vectors_200labs.pkl"
    }
  },
  "param_counts": {
    "visit_encoder": {
      "total": 4583681,
      "trainable": 1981697
    },
    "fusion": {
      "total": 423808,
      "trainable": 423808
    },
    "drug_gnn": {
      "total": 2960480,
      "trainable": 2960480
    },
    "predictor": {
      "total": 304454,
      "trainable": 304453
    },
    "model_total": {
      "total": 8535591,
      "trainable": 5933606
    }
  },
  "threshold_sweep": {
    "0.4": {
      "Jaccard": 0.533117,
      "Avg Meds": 24.799337,
      "Avg True Meds": 19.901327,
      "DDI Rate": 0.079809
    },
    "0.45": {
      "Jaccard": 0.536796,
      "Avg Meds": 23.807629,
      "Avg True Meds": 19.901327,
      "DDI Rate": 0.080029
    },
    "0.5": {
      "Jaccard": 0.539259,
      "Avg Meds": 22.805141,
      "Avg True Meds": 19.901327,
      "DDI Rate": 0.079847
    },
    "0.55": {
      "Jaccard": 0.539602,
      "Avg Meds": 21.859867,
      "Avg True Meds": 19.901327,
      "DDI Rate": 0.080308
    },
    "0.6": {
      "Jaccard": 0.539776,
      "Avg Meds": 20.921227,
      "Avg True Meds": 19.901327,
      "DDI Rate": 0.080816
    },
    "0.65": {
      "Jaccard": 0.538874,
      "Avg Meds": 20.01078,
      "Avg True Meds": 19.901327,
      "DDI Rate": 0.081587
    },
    "0.7": {
      "Jaccard": 0.535384,
      "Avg Meds": 19.061359,
      "Avg True Meds": 19.901327,
      "DDI Rate": 0.081727
    },
    "0.75": {
      "Jaccard": 0.530933,
      "Avg Meds": 18.092039,
      "Avg True Meds": 19.901327,
      "DDI Rate": 0.082005
    }
  },
  "calibrated_threshold": 0.65,
  "calibrated_metrics": {
    "Jaccard": 0.538874,
    "Avg Meds": 20.01078,
    "Avg True Meds": 19.901327,
    "DDI Rate": 0.081587
  },
  "config": {
    "hidden_dim": 256,
    "use_notes": false,
    "use_labs": true,
    "use_copy": false,
    "fusion_strategy": "film",
    "lab_dim": 400,
    "pos_weight_cap": 5.0,
    "use_cosine_lr": false,
    "contrastive_weight": 0.0,
    "margin_loss_weight": 0.0,
    "alignment_loss_weight": 0.1,
    "alignment_start_epoch": 1,
    "alignment_ramp_epochs": 0
  }
}