{
  "seed": 789,
  "ablation": "full",
  "mimic_version": 3,
  "mimic4_full": false,
  "cohort_tag": "mimic3",
  "best_val_jaccard": 0.5535195469856262,
  "test_metrics": {
    "Jaccard": 0.5528133511543274,
    "F1": 0.7042844891548157,
    "PRAUC": 0.7885874872591745,
    "DDI Rate": 0.08122547764922387,
    "Avg Meds": 22.257047653198242,
    "Avg True Meds": 19.90132713317871,
    "Precision": 0.6736040711402893,
    "Recall": 0.7647606730461121,
    "NHJ_new": 0.2732259011582324,
    "NHJ_dropped": 0.2930834920782792,
    "CVR": 0.0
  },
  "data_diagnostics": {
    "split_mode_requested": "hidr_vita",
    "require_cohort_split": false,
    "split_source": "hidr_vita_sequential",
    "split_seed_used": "n/a",
    "split_patient_counts": {
      "train": 4233,
      "val": 1059,
      "test": 1058
    },
    "split_example_counts": {
      "train": 6256,
      "val": 1220,
      "test": 1206
    },
    "ddi_density": 0.05261303581914269,
    "ddi_upper_pairs": 448,
    "ddi_total_pairs": 8515,
    "loaded_artifacts": {
      "records": "data/processed/records_final.pkl",
      "cohort": "data/processed/cohort_mimic3.pkl",
      "ddi": "data/processed/ddi_A_final.pkl",
      "ehr": "data/processed/ehr_adj_final.pkl",
      "embeddings": "data/embeddings/code_embeddings.pt",
      "labs": "data/processed/lab_vectors_200labs.pkl"
    }
  },
  "param_counts": {
    "visit_encoder": {
      "total": 5108993,
      "trainable": 2507009
    },
    "fusion": {
      "total": 423808,
      "trainable": 423808
    },
    "drug_gnn": {
      "total": 395008,
      "trainable": 395008
    },
    "predictor": {
      "total": 1547977,
      "trainable": 1358406
    },
    "model_total": {
      "total": 7738954,
      "trainable": 4947399
    }
  },
  "threshold_sweep": {
    "0.4": {
      "Jaccard": 0.553517,
      "Avg Meds": 23.270315,
      "Avg True Meds": 19.901327,
      "DDI Rate": 0.080384
    },
    "0.45": {
      "Jaccard": 0.553219,
      "Avg Meds": 22.735489,
      "Avg True Meds": 19.901327,
      "DDI Rate": 0.081042
    },
    "0.5": {
      "Jaccard": 0.552813,
      "Avg Meds": 22.257048,
      "Avg True Meds": 19.901327,
      "DDI Rate": 0.081225
    },
    "0.55": {
      "Jaccard": 0.553225,
      "Avg Meds": 21.78607,
      "Avg True Meds": 19.901327,
      "DDI Rate": 0.081524
    },
    "0.6": {
      "Jaccard": 0.553729,
      "Avg Meds": 21.290216,
      "Avg True Meds": 19.901327,
      "DDI Rate": 0.081791
    },
    "0.65": {
      "Jaccard": 0.553169,
      "Avg Meds": 20.796848,
      "Avg True Meds": 19.901327,
      "DDI Rate": 0.082075
    },
    "0.7": {
      "Jaccard": 0.552185,
      "Avg Meds": 20.251244,
      "Avg True Meds": 19.901327,
      "DDI Rate": 0.082637
    },
    "0.75": {
      "Jaccard": 0.54923,
      "Avg Meds": 19.682421,
      "Avg True Meds": 19.901327,
      "DDI Rate": 0.082971
    }
  },
  "calibrated_threshold": 0.75,
  "calibrated_metrics": {
    "Jaccard": 0.54923,
    "Avg Meds": 19.682421,
    "Avg True Meds": 19.901327,
    "DDI Rate": 0.082971
  },
  "config": {
    "hidden_dim": 256,
    "use_notes": false,
    "use_labs": true,
    "use_copy": true,
    "fusion_strategy": "film",
    "lab_dim": 400,
    "pos_weight_cap": 5.0,
    "use_cosine_lr": false,
    "contrastive_weight": 0.0,
    "margin_loss_weight": 0.0,
    "alignment_loss_weight": 0.1,
    "alignment_start_epoch": 1,
    "alignment_ramp_epochs": 0
  }
}