{
  "seed": 456,
  "ablation": "full",
  "mimic_version": 3,
  "mimic4_full": false,
  "cohort_tag": "mimic3",
  "best_val_jaccard": 0.500874400138855,
  "test_metrics": {
    "Jaccard": 0.5008529424667358,
    "F1": 0.6596463322639465,
    "PRAUC": 0.7547294943805087,
    "DDI Rate": 0.08247097369717095,
    "Avg Meds": 23.647594451904297,
    "Avg True Meds": 19.90132713317871,
    "Precision": 0.6194249391555786,
    "Recall": 0.7488617897033691,
    "NHJ_new": 0.23792447463462227,
    "NHJ_dropped": 0.29178985796476664,
    "CVR": 0.0
  },
  "data_diagnostics": {
    "split_mode_requested": "hidr_vita",
    "require_cohort_split": false,
    "split_source": "hidr_vita_sequential",
    "split_seed_used": "n/a",
    "split_patient_counts": {
      "train": 4233,
      "val": 1059,
      "test": 1058
    },
    "split_example_counts": {
      "train": 6256,
      "val": 1220,
      "test": 1206
    },
    "ddi_density": 0.05261303581914269,
    "ddi_upper_pairs": 448,
    "ddi_total_pairs": 8515,
    "loaded_artifacts": {
      "records": "data/processed/records_final.pkl",
      "cohort": "data/processed/cohort_mimic3.pkl",
      "ddi": "data/processed/ddi_A_final.pkl",
      "ehr": "data/processed/ehr_adj_final.pkl",
      "embeddings": "data/embeddings/code_embeddings.pt"
    }
  },
  "param_counts": {
    "visit_encoder": {
      "total": 4583681,
      "trainable": 1981697
    },
    "drug_gnn": {
      "total": 2007616,
      "trainable": 2007616
    },
    "predictor": {
      "total": 262406,
      "trainable": 262404
    },
    "model_total": {
      "total": 7116871,
      "trainable": 4514885
    }
  },
  "threshold_sweep": {
    "0.4": {
      "Jaccard": 0.496229,
      "Avg Meds": 26.174959,
      "Avg True Meds": 19.901327,
      "DDI Rate": 0.079286
    },
    "0.45": {
      "Jaccard": 0.499179,
      "Avg Meds": 24.882256,
      "Avg True Meds": 19.901327,
      "DDI Rate": 0.08112
    },
    "0.5": {
      "Jaccard": 0.500853,
      "Avg Meds": 23.647594,
      "Avg True Meds": 19.901327,
      "DDI Rate": 0.082471
    },
    "0.55": {
      "Jaccard": 0.502322,
      "Avg Meds": 22.483416,
      "Avg True Meds": 19.901327,
      "DDI Rate": 0.084014
    },
    "0.6": {
      "Jaccard": 0.501919,
      "Avg Meds": 21.330017,
      "Avg True Meds": 19.901327,
      "DDI Rate": 0.085311
    },
    "0.65": {
      "Jaccard": 0.501563,
      "Avg Meds": 20.221394,
      "Avg True Meds": 19.901327,
      "DDI Rate": 0.087063
    },
    "0.7": {
      "Jaccard": 0.498984,
      "Avg Meds": 19.009951,
      "Avg True Meds": 19.901327,
      "DDI Rate": 0.088353
    },
    "0.75": {
      "Jaccard": 0.494812,
      "Avg Meds": 17.828358,
      "Avg True Meds": 19.901327,
      "DDI Rate": 0.088966
    }
  },
  "calibrated_threshold": 0.65,
  "calibrated_metrics": {
    "Jaccard": 0.501563,
    "Avg Meds": 20.221394,
    "Avg True Meds": 19.901327,
    "DDI Rate": 0.087063
  },
  "config": {
    "hidden_dim": 256,
    "use_notes": false,
    "use_labs": false,
    "use_copy": false,
    "fusion_strategy": "film",
    "lab_dim": 0,
    "pos_weight_cap": 5.0,
    "use_cosine_lr": false,
    "contrastive_weight": 0.0,
    "margin_loss_weight": 0.0,
    "alignment_loss_weight": 0.1,
    "alignment_start_epoch": 1,
    "alignment_ramp_epochs": 0
  }
}