{
  "seed": 42,
  "ablation": "full",
  "mimic_version": 3,
  "mimic4_full": false,
  "cohort_tag": "mimic3",
  "best_val_jaccard": 0.5652691125869751,
  "test_metrics": {
    "Jaccard": 0.561368465423584,
    "F1": 0.7119913101196289,
    "PRAUC": 0.7943631326990916,
    "DDI Rate": 0.07855506585596918,
    "Avg Meds": 22.159204483032227,
    "Avg True Meds": 19.90132713317871,
    "Precision": 0.6841819286346436,
    "Recall": 0.7648788690567017,
    "NHJ_new": 0.2859060191794446,
    "NHJ_dropped": 0.31542187615444783,
    "CVR": 0.0
  },
  "data_diagnostics": {
    "split_mode_requested": "hidr_vita",
    "require_cohort_split": false,
    "split_source": "hidr_vita_sequential",
    "split_seed_used": "n/a",
    "split_patient_counts": {
      "train": 4233,
      "val": 1059,
      "test": 1058
    },
    "split_example_counts": {
      "train": 6256,
      "val": 1220,
      "test": 1206
    },
    "ddi_density": 0.05261303581914269,
    "ddi_upper_pairs": 448,
    "ddi_total_pairs": 8515,
    "loaded_artifacts": {
      "records": "data/processed/records_final.pkl",
      "cohort": "data/processed/cohort_mimic3.pkl",
      "ddi": "data/processed/ddi_A_final.pkl",
      "ehr": "data/processed/ehr_adj_final.pkl",
      "embeddings": "data/embeddings/code_embeddings.pt",
      "notes": "data/processed/note_embeddings_mimic3.pkl",
      "labs": "data/processed/lab_vectors_200labs.pkl"
    }
  },
  "param_counts": {
    "visit_encoder": {
      "total": 4583681,
      "trainable": 1981697
    },
    "fusion": {
      "total": 423808,
      "trainable": 423808
    },
    "drug_gnn": {
      "total": 395008,
      "trainable": 395008
    },
    "predictor": {
      "total": 559560,
      "trainable": 559560
    },
    "model_total": {
      "total": 6225225,
      "trainable": 3623241
    }
  },
  "threshold_sweep": {
    "0.4": {
      "Jaccard": 0.559662,
      "Avg Meds": 23.691542,
      "Avg True Meds": 19.901327,
      "DDI Rate": 0.078615
    },
    "0.45": {
      "Jaccard": 0.560757,
      "Avg Meds": 22.906301,
      "Avg True Meds": 19.901327,
      "DDI Rate": 0.078603
    },
    "0.5": {
      "Jaccard": 0.561368,
      "Avg Meds": 22.159204,
      "Avg True Meds": 19.901327,
      "DDI Rate": 0.078555
    },
    "0.55": {
      "Jaccard": 0.562158,
      "Avg Meds": 21.443615,
      "Avg True Meds": 19.901327,
      "DDI Rate": 0.078159
    },
    "0.6": {
      "Jaccard": 0.560579,
      "Avg Meds": 20.737976,
      "Avg True Meds": 19.901327,
      "DDI Rate": 0.077679
    },
    "0.65": {
      "Jaccard": 0.559117,
      "Avg Meds": 20.04146,
      "Avg True Meds": 19.901327,
      "DDI Rate": 0.076765
    },
    "0.7": {
      "Jaccard": 0.555806,
      "Avg Meds": 19.287727,
      "Avg True Meds": 19.901327,
      "DDI Rate": 0.07612
    },
    "0.75": {
      "Jaccard": 0.552807,
      "Avg Meds": 18.51078,
      "Avg True Meds": 19.901327,
      "DDI Rate": 0.075753
    }
  },
  "calibrated_threshold": 0.65,
  "calibrated_metrics": {
    "Jaccard": 0.559117,
    "Avg Meds": 20.04146,
    "Avg True Meds": 19.901327,
    "DDI Rate": 0.076765
  },
  "config": {
    "hidden_dim": 256,
    "use_notes": true,
    "use_labs": true,
    "use_copy": true,
    "fusion_strategy": "film",
    "lab_dim": 400,
    "pos_weight_cap": 5.0,
    "use_cosine_lr": false,
    "contrastive_weight": 0.0,
    "margin_loss_weight": 0.0,
    "alignment_loss_weight": 0.1,
    "alignment_start_epoch": 1,
    "alignment_ramp_epochs": 0
  }
}