{
  "seed": 123,
  "ablation": "full",
  "mimic_version": 3,
  "mimic4_full": false,
  "cohort_tag": "mimic3",
  "best_val_jaccard": 0.5437098741531372,
  "test_metrics": {
    "Jaccard": 0.5419044494628906,
    "F1": 0.6952298879623413,
    "PRAUC": 0.7866970902535324,
    "DDI Rate": 0.07999117452379201,
    "Avg Meds": 23.27114486694336,
    "Avg True Meds": 19.90132713317871,
    "Precision": 0.6529488563537598,
    "Recall": 0.7710226774215698,
    "NHJ_new": 0.29289246468167557,
    "NHJ_dropped": 0.34443455934524536,
    "CVR": 0.0
  },
  "data_diagnostics": {
    "split_mode_requested": "hidr_vita",
    "require_cohort_split": false,
    "split_source": "hidr_vita_sequential",
    "split_seed_used": "n/a",
    "split_patient_counts": {
      "train": 4233,
      "val": 1059,
      "test": 1058
    },
    "split_example_counts": {
      "train": 6256,
      "val": 1220,
      "test": 1206
    },
    "ddi_density": 0.05261303581914269,
    "ddi_upper_pairs": 448,
    "ddi_total_pairs": 8515,
    "loaded_artifacts": {
      "records": "data/processed/records_final.pkl",
      "cohort": "data/processed/cohort_mimic3.pkl",
      "ddi": "data/processed/ddi_A_final.pkl",
      "ehr": "data/processed/ehr_adj_final.pkl",
      "embeddings": "data/embeddings/code_embeddings.pt",
      "notes": "data/processed/note_embeddings_mimic3.pkl"
    }
  },
  "param_counts": {
    "visit_encoder": {
      "total": 4649474,
      "trainable": 2047490
    },
    "fusion": {
      "total": 400512,
      "trainable": 400512
    },
    "drug_gnn": {
      "total": 1151776,
      "trainable": 1151776
    },
    "predictor": {
      "total": 327942,
      "trainable": 327941
    },
    "model_total": {
      "total": 6792872,
      "trainable": 4190887
    }
  },
  "threshold_sweep": {
    "0.4": {
      "Jaccard": 0.536332,
      "Avg Meds": 25.07131,
      "Avg True Meds": 19.901327,
      "DDI Rate": 0.079345
    },
    "0.45": {
      "Jaccard": 0.540053,
      "Avg Meds": 24.171642,
      "Avg True Meds": 19.901327,
      "DDI Rate": 0.079565
    },
    "0.5": {
      "Jaccard": 0.541904,
      "Avg Meds": 23.271145,
      "Avg True Meds": 19.901327,
      "DDI Rate": 0.079991
    },
    "0.55": {
      "Jaccard": 0.544124,
      "Avg Meds": 22.421227,
      "Avg True Meds": 19.901327,
      "DDI Rate": 0.080272
    },
    "0.6": {
      "Jaccard": 0.544149,
      "Avg Meds": 21.618574,
      "Avg True Meds": 19.901327,
      "DDI Rate": 0.080767
    },
    "0.65": {
      "Jaccard": 0.543247,
      "Avg Meds": 20.800995,
      "Avg True Meds": 19.901327,
      "DDI Rate": 0.08065
    },
    "0.7": {
      "Jaccard": 0.54265,
      "Avg Meds": 19.974295,
      "Avg True Meds": 19.901327,
      "DDI Rate": 0.080761
    },
    "0.75": {
      "Jaccard": 0.540346,
      "Avg Meds": 19.074627,
      "Avg True Meds": 19.901327,
      "DDI Rate": 0.081271
    }
  },
  "calibrated_threshold": 0.7,
  "calibrated_metrics": {
    "Jaccard": 0.54265,
    "Avg Meds": 19.974295,
    "Avg True Meds": 19.901327,
    "DDI Rate": 0.080761
  },
  "config": {
    "hidden_dim": 256,
    "use_notes": true,
    "use_labs": false,
    "use_copy": false,
    "fusion_strategy": "film",
    "lab_dim": 0,
    "pos_weight_cap": 5.0,
    "use_cosine_lr": false,
    "contrastive_weight": 0.0,
    "margin_loss_weight": 0.0,
    "alignment_loss_weight": 0.1,
    "alignment_start_epoch": 1,
    "alignment_ramp_epochs": 0
  }
}