{
  "seed": 42,
  "ablation": "full",
  "mimic_version": 3,
  "mimic4_full": false,
  "cohort_tag": "mimic3",
  "best_val_jaccard": 0.536806583404541,
  "test_metrics": {
    "Jaccard": 0.5347040295600891,
    "F1": 0.6895559430122375,
    "PRAUC": 0.7778394437008422,
    "DDI Rate": 0.07654920227948109,
    "Avg Meds": 21.941957473754883,
    "Avg True Meds": 19.90132713317871,
    "Precision": 0.6676711440086365,
    "Recall": 0.7404031753540039,
    "NHJ_new": 0.2809321088226218,
    "NHJ_dropped": 0.37813686383397954,
    "CVR": 0.0
  },
  "data_diagnostics": {
    "split_mode_requested": "hidr_vita",
    "require_cohort_split": false,
    "split_source": "hidr_vita_sequential",
    "split_seed_used": "n/a",
    "split_patient_counts": {
      "train": 4233,
      "val": 1059,
      "test": 1058
    },
    "split_example_counts": {
      "train": 6256,
      "val": 1220,
      "test": 1206
    },
    "ddi_density": 0.05261303581914269,
    "ddi_upper_pairs": 448,
    "ddi_total_pairs": 8515,
    "loaded_artifacts": {
      "records": "data/processed/records_final.pkl",
      "cohort": "data/processed/cohort_mimic3.pkl",
      "ddi": "data/processed/ddi_A_final.pkl",
      "ehr": "data/processed/ehr_adj_final.pkl",
      "embeddings": "data/embeddings/code_embeddings.pt",
      "labs": "data/processed/lab_vectors_200labs.pkl"
    }
  },
  "param_counts": {
    "visit_encoder": {
      "total": 3731473,
      "trainable": 1129489
    },
    "fusion": {
      "total": 423808,
      "trainable": 423808
    },
    "drug_gnn": {
      "total": 1974080,
      "trainable": 1974080
    },
    "predictor": {
      "total": 304454,
      "trainable": 304453
    },
    "model_total": {
      "total": 6696983,
      "trainable": 4094998
    }
  },
  "threshold_sweep": {
    "0.4": {
      "Jaccard": 0.530785,
      "Avg Meds": 23.883085,
      "Avg True Meds": 19.901327,
      "DDI Rate": 0.076444
    },
    "0.45": {
      "Jaccard": 0.533757,
      "Avg Meds": 22.895523,
      "Avg True Meds": 19.901327,
      "DDI Rate": 0.076476
    },
    "0.5": {
      "Jaccard": 0.534704,
      "Avg Meds": 21.941957,
      "Avg True Meds": 19.901327,
      "DDI Rate": 0.076549
    },
    "0.55": {
      "Jaccard": 0.535039,
      "Avg Meds": 21.019072,
      "Avg True Meds": 19.901327,
      "DDI Rate": 0.076736
    },
    "0.6": {
      "Jaccard": 0.533533,
      "Avg Meds": 20.139303,
      "Avg True Meds": 19.901327,
      "DDI Rate": 0.077095
    },
    "0.65": {
      "Jaccard": 0.532124,
      "Avg Meds": 19.28607,
      "Avg True Meds": 19.901327,
      "DDI Rate": 0.077142
    },
    "0.7": {
      "Jaccard": 0.528868,
      "Avg Meds": 18.405472,
      "Avg True Meds": 19.901327,
      "DDI Rate": 0.077364
    },
    "0.75": {
      "Jaccard": 0.522587,
      "Avg Meds": 17.466003,
      "Avg True Meds": 19.901327,
      "DDI Rate": 0.0783
    }
  },
  "calibrated_threshold": 0.6,
  "calibrated_metrics": {
    "Jaccard": 0.533533,
    "Avg Meds": 20.139303,
    "Avg True Meds": 19.901327,
    "DDI Rate": 0.077095
  },
  "config": {
    "hidden_dim": 256,
    "use_notes": false,
    "use_labs": true,
    "use_copy": false,
    "fusion_strategy": "film",
    "lab_dim": 400,
    "pos_weight_cap": 5.0,
    "use_cosine_lr": false,
    "contrastive_weight": 0.0,
    "margin_loss_weight": 0.0,
    "alignment_loss_weight": 0.1,
    "alignment_start_epoch": 1,
    "alignment_ramp_epochs": 0
  }
}