{
  "seed": 123,
  "ablation": "full",
  "mimic_version": 3,
  "mimic4_full": false,
  "cohort_tag": "mimic3",
  "best_val_jaccard": 0.5554195642471313,
  "test_metrics": {
    "Jaccard": 0.5518348813056946,
    "F1": 0.7036821246147156,
    "PRAUC": 0.7901859607348628,
    "DDI Rate": 0.0777560318275154,
    "Avg Meds": 22.082090377807617,
    "Avg True Meds": 19.90132713317871,
    "Precision": 0.6770190596580505,
    "Recall": 0.7541463375091553,
    "NHJ_new": 0.30388520109026057,
    "NHJ_dropped": 0.39294846120633575,
    "CVR": 0.0
  },
  "data_diagnostics": {
    "split_mode_requested": "hidr_vita",
    "require_cohort_split": false,
    "split_source": "hidr_vita_sequential",
    "split_seed_used": "n/a",
    "split_patient_counts": {
      "train": 4233,
      "val": 1059,
      "test": 1058
    },
    "split_example_counts": {
      "train": 6256,
      "val": 1220,
      "test": 1206
    },
    "ddi_density": 0.05261303581914269,
    "ddi_upper_pairs": 448,
    "ddi_total_pairs": 8515,
    "loaded_artifacts": {
      "records": "data/processed/records_final.pkl",
      "cohort": "data/processed/cohort_mimic3.pkl",
      "ddi": "data/processed/ddi_A_final.pkl",
      "ehr": "data/processed/ehr_adj_final.pkl",
      "embeddings": "data/embeddings/code_embeddings.pt",
      "notes": "data/processed/note_embeddings_mimic3.pkl",
      "labs": "data/processed/lab_vectors_200labs.pkl"
    }
  },
  "param_counts": {
    "visit_encoder": {
      "total": 5108993,
      "trainable": 2507009
    },
    "fusion": {
      "total": 423808,
      "trainable": 423808
    },
    "drug_gnn": {
      "total": 1974080,
      "trainable": 1974080
    },
    "predictor": {
      "total": 369990,
      "trainable": 369990
    },
    "model_total": {
      "total": 8140039,
      "trainable": 5538055
    }
  },
  "threshold_sweep": {
    "0.4": {
      "Jaccard": 0.546885,
      "Avg Meds": 23.694859,
      "Avg True Meds": 19.901327,
      "DDI Rate": 0.077452
    },
    "0.45": {
      "Jaccard": 0.550045,
      "Avg Meds": 22.854893,
      "Avg True Meds": 19.901327,
      "DDI Rate": 0.077705
    },
    "0.5": {
      "Jaccard": 0.551835,
      "Avg Meds": 22.08209,
      "Avg True Meds": 19.901327,
      "DDI Rate": 0.077756
    },
    "0.55": {
      "Jaccard": 0.554096,
      "Avg Meds": 21.287727,
      "Avg True Meds": 19.901327,
      "DDI Rate": 0.078114
    },
    "0.6": {
      "Jaccard": 0.553402,
      "Avg Meds": 20.54063,
      "Avg True Meds": 19.901327,
      "DDI Rate": 0.078409
    },
    "0.65": {
      "Jaccard": 0.55244,
      "Avg Meds": 19.762024,
      "Avg True Meds": 19.901327,
      "DDI Rate": 0.078753
    },
    "0.7": {
      "Jaccard": 0.549782,
      "Avg Meds": 18.990049,
      "Avg True Meds": 19.901327,
      "DDI Rate": 0.07873
    },
    "0.75": {
      "Jaccard": 0.544031,
      "Avg Meds": 18.130182,
      "Avg True Meds": 19.901327,
      "DDI Rate": 0.078559
    }
  },
  "calibrated_threshold": 0.65,
  "calibrated_metrics": {
    "Jaccard": 0.55244,
    "Avg Meds": 19.762024,
    "Avg True Meds": 19.901327,
    "DDI Rate": 0.078753
  },
  "config": {
    "hidden_dim": 256,
    "use_notes": true,
    "use_labs": true,
    "use_copy": false,
    "fusion_strategy": "film",
    "lab_dim": 400,
    "pos_weight_cap": 5.0,
    "use_cosine_lr": false,
    "contrastive_weight": 0.0,
    "margin_loss_weight": 0.0,
    "alignment_loss_weight": 0.1,
    "alignment_start_epoch": 1,
    "alignment_ramp_epochs": 0
  }
}