{
  "seed": 123,
  "ablation": "full",
  "mimic_version": 3,
  "mimic4_full": false,
  "cohort_tag": "mimic3",
  "best_val_jaccard": 0.4997604489326477,
  "test_metrics": {
    "Jaccard": 0.4971616268157959,
    "F1": 0.6566393375396729,
    "PRAUC": 0.7523677846988237,
    "DDI Rate": 0.07423498490666361,
    "Avg Meds": 22.210613250732422,
    "Avg True Meds": 19.90132713317871,
    "Precision": 0.6344867944717407,
    "Recall": 0.7243192195892334,
    "NHJ_new": 0.23277682065963745,
    "NHJ_dropped": 0.32987977642762034,
    "CVR": 0.0
  },
  "data_diagnostics": {
    "split_mode_requested": "hidr_vita",
    "require_cohort_split": false,
    "split_source": "hidr_vita_sequential",
    "split_seed_used": "n/a",
    "split_patient_counts": {
      "train": 4233,
      "val": 1059,
      "test": 1058
    },
    "split_example_counts": {
      "train": 6256,
      "val": 1220,
      "test": 1206
    },
    "ddi_density": 0.05261303581914269,
    "ddi_upper_pairs": 448,
    "ddi_total_pairs": 8515,
    "loaded_artifacts": {
      "records": "data/processed/records_final.pkl",
      "cohort": "data/processed/cohort_mimic3.pkl",
      "ddi": "data/processed/ddi_A_final.pkl",
      "ehr": "data/processed/ehr_adj_final.pkl",
      "embeddings": "data/embeddings/code_embeddings.pt"
    }
  },
  "param_counts": {
    "visit_encoder": {
      "total": 6292225,
      "trainable": 3690241
    },
    "drug_gnn": {
      "total": 1974080,
      "trainable": 1974080
    },
    "predictor": {
      "total": 262406,
      "trainable": 262404
    },
    "model_total": {
      "total": 8791879,
      "trainable": 6189893
    }
  },
  "threshold_sweep": {
    "0.4": {
      "Jaccard": 0.489844,
      "Avg Meds": 25.420399,
      "Avg True Meds": 19.901327,
      "DDI Rate": 0.07263
    },
    "0.45": {
      "Jaccard": 0.494785,
      "Avg Meds": 23.805141,
      "Avg True Meds": 19.901327,
      "DDI Rate": 0.073616
    },
    "0.5": {
      "Jaccard": 0.497162,
      "Avg Meds": 22.210613,
      "Avg True Meds": 19.901327,
      "DDI Rate": 0.074235
    },
    "0.55": {
      "Jaccard": 0.497481,
      "Avg Meds": 20.597843,
      "Avg True Meds": 19.901327,
      "DDI Rate": 0.075085
    },
    "0.6": {
      "Jaccard": 0.495719,
      "Avg Meds": 18.972637,
      "Avg True Meds": 19.901327,
      "DDI Rate": 0.076103
    },
    "0.65": {
      "Jaccard": 0.491157,
      "Avg Meds": 17.471807,
      "Avg True Meds": 19.901327,
      "DDI Rate": 0.076926
    },
    "0.7": {
      "Jaccard": 0.482302,
      "Avg Meds": 15.951078,
      "Avg True Meds": 19.901327,
      "DDI Rate": 0.075991
    },
    "0.75": {
      "Jaccard": 0.468292,
      "Avg Meds": 14.496683,
      "Avg True Meds": 19.901327,
      "DDI Rate": 0.075474
    }
  },
  "calibrated_threshold": 0.55,
  "calibrated_metrics": {
    "Jaccard": 0.497481,
    "Avg Meds": 20.597843,
    "Avg True Meds": 19.901327,
    "DDI Rate": 0.075085
  },
  "config": {
    "hidden_dim": 256,
    "use_notes": false,
    "use_labs": false,
    "use_copy": false,
    "fusion_strategy": "film",
    "lab_dim": 0,
    "pos_weight_cap": 5.0,
    "use_cosine_lr": false,
    "contrastive_weight": 0.0,
    "margin_loss_weight": 0.0,
    "alignment_loss_weight": 0.1,
    "alignment_start_epoch": 1,
    "alignment_ramp_epochs": 0
  }
}