{
  "seed": 456,
  "ablation": "full",
  "mimic_version": 3,
  "mimic4_full": false,
  "cohort_tag": "mimic3",
  "best_val_jaccard": 0.5646010041236877,
  "test_metrics": {
    "Jaccard": 0.5634796023368835,
    "F1": 0.7132279276847839,
    "PRAUC": 0.800954640826676,
    "DDI Rate": 0.0800872359093807,
    "Avg Meds": 22.25041389465332,
    "Avg True Meds": 19.90132713317871,
    "Precision": 0.6836103200912476,
    "Recall": 0.7676180005073547,
    "NHJ_new": 0.28181148281222895,
    "NHJ_dropped": 0.2936354326574426,
    "CVR": 0.0
  },
  "data_diagnostics": {
    "split_mode_requested": "hidr_vita",
    "require_cohort_split": false,
    "split_source": "hidr_vita_sequential",
    "split_seed_used": "n/a",
    "split_patient_counts": {
      "train": 4233,
      "val": 1059,
      "test": 1058
    },
    "split_example_counts": {
      "train": 6256,
      "val": 1220,
      "test": 1206
    },
    "ddi_density": 0.05261303581914269,
    "ddi_upper_pairs": 448,
    "ddi_total_pairs": 8515,
    "loaded_artifacts": {
      "records": "data/processed/records_final.pkl",
      "cohort": "data/processed/cohort_mimic3.pkl",
      "ddi": "data/processed/ddi_A_final.pkl",
      "ehr": "data/processed/ehr_adj_final.pkl",
      "embeddings": "data/embeddings/code_embeddings.pt",
      "notes": "data/processed/note_embeddings_mimic3.pkl",
      "labs": "data/processed/lab_vectors_200labs.pkl"
    }
  },
  "param_counts": {
    "visit_encoder": {
      "total": 4583681,
      "trainable": 1981697
    },
    "fusion": {
      "total": 423808,
      "trainable": 423808
    },
    "drug_gnn": {
      "total": 2007616,
      "trainable": 2007616
    },
    "predictor": {
      "total": 559560,
      "trainable": 559560
    },
    "model_total": {
      "total": 7837833,
      "trainable": 5235849
    }
  },
  "threshold_sweep": {
    "0.4": {
      "Jaccard": 0.558882,
      "Avg Meds": 23.974295,
      "Avg True Meds": 19.901327,
      "DDI Rate": 0.080147
    },
    "0.45": {
      "Jaccard": 0.561646,
      "Avg Meds": 23.077114,
      "Avg True Meds": 19.901327,
      "DDI Rate": 0.07983
    },
    "0.5": {
      "Jaccard": 0.56348,
      "Avg Meds": 22.250414,
      "Avg True Meds": 19.901327,
      "DDI Rate": 0.080087
    },
    "0.55": {
      "Jaccard": 0.56397,
      "Avg Meds": 21.461029,
      "Avg True Meds": 19.901327,
      "DDI Rate": 0.080197
    },
    "0.6": {
      "Jaccard": 0.563046,
      "Avg Meds": 20.704809,
      "Avg True Meds": 19.901327,
      "DDI Rate": 0.080479
    },
    "0.65": {
      "Jaccard": 0.560662,
      "Avg Meds": 19.907131,
      "Avg True Meds": 19.901327,
      "DDI Rate": 0.080314
    },
    "0.7": {
      "Jaccard": 0.556959,
      "Avg Meds": 19.082918,
      "Avg True Meds": 19.901327,
      "DDI Rate": 0.080471
    },
    "0.75": {
      "Jaccard": 0.553674,
      "Avg Meds": 18.231344,
      "Avg True Meds": 19.901327,
      "DDI Rate": 0.08061
    }
  },
  "calibrated_threshold": 0.65,
  "calibrated_metrics": {
    "Jaccard": 0.560662,
    "Avg Meds": 19.907131,
    "Avg True Meds": 19.901327,
    "DDI Rate": 0.080314
  },
  "config": {
    "hidden_dim": 256,
    "use_notes": true,
    "use_labs": true,
    "use_copy": true,
    "fusion_strategy": "film",
    "lab_dim": 400,
    "pos_weight_cap": 5.0,
    "use_cosine_lr": false,
    "contrastive_weight": 0.0,
    "margin_loss_weight": 0.0,
    "alignment_loss_weight": 0.1,
    "alignment_start_epoch": 1,
    "alignment_ramp_epochs": 0
  }
}