{
  "seed": 456,
  "ablation": "full",
  "mimic_version": 3,
  "mimic4_full": false,
  "cohort_tag": "mimic3",
  "best_val_jaccard": 0.5413455367088318,
  "test_metrics": {
    "Jaccard": 0.5397844910621643,
    "F1": 0.6933183670043945,
    "PRAUC": 0.7820426253440365,
    "DDI Rate": 0.0764663024818559,
    "Avg Meds": 22.44776153564453,
    "Avg True Meds": 19.90132713317871,
    "Precision": 0.6638084650039673,
    "Recall": 0.7528902292251587,
    "NHJ_new": 0.283411852623287,
    "NHJ_dropped": 0.36720008442276403,
    "CVR": 0.0
  },
  "data_diagnostics": {
    "split_mode_requested": "hidr_vita",
    "require_cohort_split": false,
    "split_source": "hidr_vita_sequential",
    "split_seed_used": "n/a",
    "split_patient_counts": {
      "train": 4233,
      "val": 1059,
      "test": 1058
    },
    "split_example_counts": {
      "train": 6256,
      "val": 1220,
      "test": 1206
    },
    "ddi_density": 0.05261303581914269,
    "ddi_upper_pairs": 448,
    "ddi_total_pairs": 8515,
    "loaded_artifacts": {
      "records": "data/processed/records_final.pkl",
      "cohort": "data/processed/cohort_mimic3.pkl",
      "ddi": "data/processed/ddi_A_final.pkl",
      "ehr": "data/processed/ehr_adj_final.pkl",
      "embeddings": "data/embeddings/code_embeddings.pt",
      "labs": "data/processed/lab_vectors_200labs.pkl"
    }
  },
  "param_counts": {
    "visit_encoder": {
      "total": 4649474,
      "trainable": 2047490
    },
    "fusion": {
      "total": 423808,
      "trainable": 423808
    },
    "drug_gnn": {
      "total": 1151776,
      "trainable": 1151776
    },
    "predictor": {
      "total": 304454,
      "trainable": 304453
    },
    "model_total": {
      "total": 6792680,
      "trainable": 4190695
    }
  },
  "threshold_sweep": {
    "0.4": {
      "Jaccard": 0.534811,
      "Avg Meds": 24.237148,
      "Avg True Meds": 19.901327,
      "DDI Rate": 0.075637
    },
    "0.45": {
      "Jaccard": 0.537816,
      "Avg Meds": 23.314262,
      "Avg True Meds": 19.901327,
      "DDI Rate": 0.075704
    },
    "0.5": {
      "Jaccard": 0.539784,
      "Avg Meds": 22.447762,
      "Avg True Meds": 19.901327,
      "DDI Rate": 0.076466
    },
    "0.55": {
      "Jaccard": 0.54059,
      "Avg Meds": 21.692371,
      "Avg True Meds": 19.901327,
      "DDI Rate": 0.076451
    },
    "0.6": {
      "Jaccard": 0.540542,
      "Avg Meds": 20.882256,
      "Avg True Meds": 19.901327,
      "DDI Rate": 0.076586
    },
    "0.65": {
      "Jaccard": 0.539801,
      "Avg Meds": 20.08209,
      "Avg True Meds": 19.901327,
      "DDI Rate": 0.076626
    },
    "0.7": {
      "Jaccard": 0.538137,
      "Avg Meds": 19.218077,
      "Avg True Meds": 19.901327,
      "DDI Rate": 0.077143
    },
    "0.75": {
      "Jaccard": 0.534682,
      "Avg Meds": 18.377281,
      "Avg True Meds": 19.901327,
      "DDI Rate": 0.077661
    }
  },
  "calibrated_threshold": 0.65,
  "calibrated_metrics": {
    "Jaccard": 0.539801,
    "Avg Meds": 20.08209,
    "Avg True Meds": 19.901327,
    "DDI Rate": 0.076626
  },
  "config": {
    "hidden_dim": 256,
    "use_notes": false,
    "use_labs": true,
    "use_copy": false,
    "fusion_strategy": "film",
    "lab_dim": 400,
    "pos_weight_cap": 5.0,
    "use_cosine_lr": false,
    "contrastive_weight": 0.0,
    "margin_loss_weight": 0.0,
    "alignment_loss_weight": 0.1,
    "alignment_start_epoch": 1,
    "alignment_ramp_epochs": 0
  }
}