{
  "seed": 456,
  "ablation": "full",
  "mimic_version": 3,
  "mimic4_full": false,
  "cohort_tag": "mimic3",
  "best_val_jaccard": 0.5435582995414734,
  "test_metrics": {
    "Jaccard": 0.5410856604576111,
    "F1": 0.6944350004196167,
    "PRAUC": 0.7837697513100439,
    "DDI Rate": 0.08218607591523427,
    "Avg Meds": 22.899667739868164,
    "Avg True Meds": 19.90132713317871,
    "Precision": 0.6596040725708008,
    "Recall": 0.7610729932785034,
    "NHJ_new": 0.2856500744819641,
    "NHJ_dropped": 0.3590063044899388,
    "CVR": 0.0
  },
  "data_diagnostics": {
    "split_mode_requested": "hidr_vita",
    "require_cohort_split": false,
    "split_source": "hidr_vita_sequential",
    "split_seed_used": "n/a",
    "split_patient_counts": {
      "train": 4233,
      "val": 1059,
      "test": 1058
    },
    "split_example_counts": {
      "train": 6256,
      "val": 1220,
      "test": 1206
    },
    "ddi_density": 0.05261303581914269,
    "ddi_upper_pairs": 448,
    "ddi_total_pairs": 8515,
    "loaded_artifacts": {
      "records": "data/processed/records_final.pkl",
      "cohort": "data/processed/cohort_mimic3.pkl",
      "ddi": "data/processed/ddi_A_final.pkl",
      "ehr": "data/processed/ehr_adj_final.pkl",
      "embeddings": "data/embeddings/code_embeddings.pt",
      "labs": "data/processed/lab_vectors_204_MAXlabs.pkl"
    }
  },
  "param_counts": {
    "visit_encoder": {
      "total": 4649474,
      "trainable": 2047490
    },
    "fusion": {
      "total": 424320,
      "trainable": 424320
    },
    "drug_gnn": {
      "total": 1151776,
      "trainable": 1151776
    },
    "predictor": {
      "total": 304966,
      "trainable": 304965
    },
    "model_total": {
      "total": 6793704,
      "trainable": 4191719
    }
  },
  "threshold_sweep": {
    "0.4": {
      "Jaccard": 0.537156,
      "Avg Meds": 24.664179,
      "Avg True Meds": 19.901327,
      "DDI Rate": 0.081014
    },
    "0.45": {
      "Jaccard": 0.539346,
      "Avg Meds": 23.733831,
      "Avg True Meds": 19.901327,
      "DDI Rate": 0.0813
    },
    "0.5": {
      "Jaccard": 0.541086,
      "Avg Meds": 22.899668,
      "Avg True Meds": 19.901327,
      "DDI Rate": 0.082186
    },
    "0.55": {
      "Jaccard": 0.542269,
      "Avg Meds": 22.062189,
      "Avg True Meds": 19.901327,
      "DDI Rate": 0.082789
    },
    "0.6": {
      "Jaccard": 0.54302,
      "Avg Meds": 21.243782,
      "Avg True Meds": 19.901327,
      "DDI Rate": 0.082884
    },
    "0.65": {
      "Jaccard": 0.541704,
      "Avg Meds": 20.416252,
      "Avg True Meds": 19.901327,
      "DDI Rate": 0.083173
    },
    "0.7": {
      "Jaccard": 0.53956,
      "Avg Meds": 19.534826,
      "Avg True Meds": 19.901327,
      "DDI Rate": 0.083671
    },
    "0.75": {
      "Jaccard": 0.53645,
      "Avg Meds": 18.669155,
      "Avg True Meds": 19.901327,
      "DDI Rate": 0.083719
    }
  },
  "calibrated_threshold": 0.7,
  "calibrated_metrics": {
    "Jaccard": 0.53956,
    "Avg Meds": 19.534826,
    "Avg True Meds": 19.901327,
    "DDI Rate": 0.083671
  },
  "config": {
    "hidden_dim": 256,
    "use_notes": false,
    "use_labs": true,
    "use_copy": false,
    "fusion_strategy": "film",
    "lab_dim": 408,
    "pos_weight_cap": 5.0,
    "use_cosine_lr": false,
    "contrastive_weight": 0.0,
    "margin_loss_weight": 0.0,
    "alignment_loss_weight": 0.1,
    "alignment_start_epoch": 1,
    "alignment_ramp_epochs": 0
  }
}