{
  "seed": 123,
  "ablation": "full",
  "mimic_version": 3,
  "mimic4_full": false,
  "cohort_tag": "mimic3",
  "best_val_jaccard": 0.565009355545044,
  "test_metrics": {
    "Jaccard": 0.5622533559799194,
    "F1": 0.7123306393623352,
    "PRAUC": 0.7998700263905448,
    "DDI Rate": 0.0774884057248292,
    "Avg Meds": 22.375621795654297,
    "Avg True Meds": 19.90132713317871,
    "Precision": 0.6812729835510254,
    "Recall": 0.7690413594245911,
    "NHJ_new": 0.284000658675244,
    "NHJ_dropped": 0.2673228343850688,
    "CVR": 0.0
  },
  "data_diagnostics": {
    "split_mode_requested": "hidr_vita",
    "require_cohort_split": false,
    "split_source": "hidr_vita_sequential",
    "split_seed_used": "n/a",
    "split_patient_counts": {
      "train": 4233,
      "val": 1059,
      "test": 1058
    },
    "split_example_counts": {
      "train": 6256,
      "val": 1220,
      "test": 1206
    },
    "ddi_density": 0.05261303581914269,
    "ddi_upper_pairs": 448,
    "ddi_total_pairs": 8515,
    "loaded_artifacts": {
      "records": "data/processed/records_final.pkl",
      "cohort": "data/processed/cohort_mimic3.pkl",
      "ddi": "data/processed/ddi_A_final.pkl",
      "ehr": "data/processed/ehr_adj_final.pkl",
      "embeddings": "data/embeddings/code_embeddings.pt",
      "notes": "data/processed/note_embeddings_mimic3.pkl",
      "labs": "data/processed/lab_vectors_200labs.pkl"
    }
  },
  "param_counts": {
    "visit_encoder": {
      "total": 4583681,
      "trainable": 1981697
    },
    "fusion": {
      "total": 423808,
      "trainable": 423808
    },
    "drug_gnn": {
      "total": 262400,
      "trainable": 262400
    },
    "predictor": {
      "total": 559560,
      "trainable": 559560
    },
    "model_total": {
      "total": 6092617,
      "trainable": 3490633
    }
  },
  "threshold_sweep": {
    "0.4": {
      "Jaccard": 0.558105,
      "Avg Meds": 24.04063,
      "Avg True Meds": 19.901327,
      "DDI Rate": 0.077921
    },
    "0.45": {
      "Jaccard": 0.560134,
      "Avg Meds": 23.194859,
      "Avg True Meds": 19.901327,
      "DDI Rate": 0.077653
    },
    "0.5": {
      "Jaccard": 0.562253,
      "Avg Meds": 22.375622,
      "Avg True Meds": 19.901327,
      "DDI Rate": 0.077488
    },
    "0.55": {
      "Jaccard": 0.56266,
      "Avg Meds": 21.553068,
      "Avg True Meds": 19.901327,
      "DDI Rate": 0.077629
    },
    "0.6": {
      "Jaccard": 0.561364,
      "Avg Meds": 20.830017,
      "Avg True Meds": 19.901327,
      "DDI Rate": 0.077488
    },
    "0.65": {
      "Jaccard": 0.560584,
      "Avg Meds": 20.059702,
      "Avg True Meds": 19.901327,
      "DDI Rate": 0.077366
    },
    "0.7": {
      "Jaccard": 0.557788,
      "Avg Meds": 19.257048,
      "Avg True Meds": 19.901327,
      "DDI Rate": 0.077183
    },
    "0.75": {
      "Jaccard": 0.551955,
      "Avg Meds": 18.416252,
      "Avg True Meds": 19.901327,
      "DDI Rate": 0.07673
    }
  },
  "calibrated_threshold": 0.65,
  "calibrated_metrics": {
    "Jaccard": 0.560584,
    "Avg Meds": 20.059702,
    "Avg True Meds": 19.901327,
    "DDI Rate": 0.077366
  },
  "config": {
    "hidden_dim": 256,
    "use_notes": true,
    "use_labs": true,
    "use_copy": true,
    "fusion_strategy": "film",
    "lab_dim": 400,
    "pos_weight_cap": 5.0,
    "use_cosine_lr": false,
    "contrastive_weight": 0.0,
    "margin_loss_weight": 0.0,
    "alignment_loss_weight": 0.1,
    "alignment_start_epoch": 1,
    "alignment_ramp_epochs": 0
  }
}