{
  "seed": 123,
  "ablation": "full",
  "mimic_version": 3,
  "mimic4_full": false,
  "cohort_tag": "mimic3",
  "best_val_jaccard": 0.5530368685722351,
  "test_metrics": {
    "Jaccard": 0.5498339533805847,
    "F1": 0.7022847533226013,
    "PRAUC": 0.7932771445777574,
    "DDI Rate": 0.08230146349672801,
    "Avg Meds": 22.008291244506836,
    "Avg True Meds": 19.90132713317871,
    "Precision": 0.6766790747642517,
    "Recall": 0.7524460554122925,
    "NHJ_new": 0.3067582320225866,
    "NHJ_dropped": 0.4031332637134351,
    "CVR": 0.0
  },
  "data_diagnostics": {
    "split_mode_requested": "hidr_vita",
    "require_cohort_split": false,
    "split_source": "hidr_vita_sequential",
    "split_seed_used": "n/a",
    "split_patient_counts": {
      "train": 4233,
      "val": 1059,
      "test": 1058
    },
    "split_example_counts": {
      "train": 6256,
      "val": 1220,
      "test": 1206
    },
    "ddi_density": 0.05261303581914269,
    "ddi_upper_pairs": 448,
    "ddi_total_pairs": 8515,
    "loaded_artifacts": {
      "records": "data/processed/records_final.pkl",
      "cohort": "data/processed/cohort_mimic3.pkl",
      "ddi": "data/processed/ddi_A_final.pkl",
      "ehr": "data/processed/ehr_adj_final.pkl",
      "embeddings": "data/embeddings/code_embeddings.pt",
      "notes": "data/processed/note_embeddings_mimic3.pkl",
      "labs": "data/processed/lab_vectors_200labs.pkl"
    }
  },
  "param_counts": {
    "visit_encoder": {
      "total": 4583681,
      "trainable": 1981697
    },
    "fusion": {
      "total": 423808,
      "trainable": 423808
    },
    "drug_gnn": {
      "total": 1974080,
      "trainable": 1974080
    },
    "predictor": {
      "total": 369990,
      "trainable": 369990
    },
    "model_total": {
      "total": 7614727,
      "trainable": 5012743
    }
  },
  "threshold_sweep": {
    "0.4": {
      "Jaccard": 0.546449,
      "Avg Meds": 23.624378,
      "Avg True Meds": 19.901327,
      "DDI Rate": 0.081945
    },
    "0.45": {
      "Jaccard": 0.548343,
      "Avg Meds": 22.806799,
      "Avg True Meds": 19.901327,
      "DDI Rate": 0.08223
    },
    "0.5": {
      "Jaccard": 0.549834,
      "Avg Meds": 22.008291,
      "Avg True Meds": 19.901327,
      "DDI Rate": 0.082301
    },
    "0.55": {
      "Jaccard": 0.549928,
      "Avg Meds": 21.225538,
      "Avg True Meds": 19.901327,
      "DDI Rate": 0.082766
    },
    "0.6": {
      "Jaccard": 0.550503,
      "Avg Meds": 20.445274,
      "Avg True Meds": 19.901327,
      "DDI Rate": 0.082358
    },
    "0.65": {
      "Jaccard": 0.549774,
      "Avg Meds": 19.663349,
      "Avg True Meds": 19.901327,
      "DDI Rate": 0.082508
    },
    "0.7": {
      "Jaccard": 0.548209,
      "Avg Meds": 18.830845,
      "Avg True Meds": 19.901327,
      "DDI Rate": 0.082351
    },
    "0.75": {
      "Jaccard": 0.543905,
      "Avg Meds": 17.961857,
      "Avg True Meds": 19.901327,
      "DDI Rate": 0.081924
    }
  },
  "calibrated_threshold": 0.65,
  "calibrated_metrics": {
    "Jaccard": 0.549774,
    "Avg Meds": 19.663349,
    "Avg True Meds": 19.901327,
    "DDI Rate": 0.082508
  },
  "config": {
    "hidden_dim": 256,
    "use_notes": true,
    "use_labs": true,
    "use_copy": false,
    "fusion_strategy": "film",
    "lab_dim": 400,
    "pos_weight_cap": 5.0,
    "use_cosine_lr": false,
    "contrastive_weight": 0.0,
    "margin_loss_weight": 0.0,
    "alignment_loss_weight": 0.1,
    "alignment_start_epoch": 1,
    "alignment_ramp_epochs": 0
  }
}