{
  "seed": 123,
  "ablation": "full",
  "mimic_version": 3,
  "mimic4_full": false,
  "cohort_tag": "mimic3",
  "best_val_jaccard": 0.5662902593612671,
  "test_metrics": {
    "Jaccard": 0.5620350241661072,
    "F1": 0.7123976945877075,
    "PRAUC": 0.7973723262716381,
    "DDI Rate": 0.07475403117863434,
    "Avg Meds": 21.582090377807617,
    "Avg True Meds": 19.90132713317871,
    "Precision": 0.6946408152580261,
    "Recall": 0.7532013654708862,
    "NHJ_new": 0.276208581108796,
    "NHJ_dropped": 0.30604572202029984,
    "CVR": 0.0
  },
  "data_diagnostics": {
    "split_mode_requested": "hidr_vita",
    "require_cohort_split": false,
    "split_source": "hidr_vita_sequential",
    "split_seed_used": "n/a",
    "split_patient_counts": {
      "train": 4233,
      "val": 1059,
      "test": 1058
    },
    "split_example_counts": {
      "train": 6256,
      "val": 1220,
      "test": 1206
    },
    "ddi_density": 0.05261303581914269,
    "ddi_upper_pairs": 448,
    "ddi_total_pairs": 8515,
    "loaded_artifacts": {
      "records": "data/processed/records_final.pkl",
      "cohort": "data/processed/cohort_mimic3.pkl",
      "ddi": "data/processed/ddi_A_final.pkl",
      "ehr": "data/processed/ehr_adj_final.pkl",
      "embeddings": "data/embeddings/code_embeddings.pt",
      "notes": "data/processed/note_embeddings_mimic3.pkl",
      "labs": "data/processed/lab_vectors_200labs.pkl"
    }
  },
  "param_counts": {
    "visit_encoder": {
      "total": 4583681,
      "trainable": 1981697
    },
    "fusion": {
      "total": 423808,
      "trainable": 423808
    },
    "drug_gnn": {
      "total": 526080,
      "trainable": 526080
    },
    "predictor": {
      "total": 559560,
      "trainable": 559560
    },
    "model_total": {
      "total": 6356297,
      "trainable": 3754313
    }
  },
  "threshold_sweep": {
    "0.4": {
      "Jaccard": 0.561752,
      "Avg Meds": 23.369818,
      "Avg True Meds": 19.901327,
      "DDI Rate": 0.076012
    },
    "0.45": {
      "Jaccard": 0.562555,
      "Avg Meds": 22.463516,
      "Avg True Meds": 19.901327,
      "DDI Rate": 0.075489
    },
    "0.5": {
      "Jaccard": 0.562035,
      "Avg Meds": 21.58209,
      "Avg True Meds": 19.901327,
      "DDI Rate": 0.074754
    },
    "0.55": {
      "Jaccard": 0.561765,
      "Avg Meds": 20.782753,
      "Avg True Meds": 19.901327,
      "DDI Rate": 0.074314
    },
    "0.6": {
      "Jaccard": 0.559221,
      "Avg Meds": 19.924543,
      "Avg True Meds": 19.901327,
      "DDI Rate": 0.073495
    },
    "0.65": {
      "Jaccard": 0.556653,
      "Avg Meds": 19.064676,
      "Avg True Meds": 19.901327,
      "DDI Rate": 0.073573
    },
    "0.7": {
      "Jaccard": 0.550346,
      "Avg Meds": 18.219734,
      "Avg True Meds": 19.901327,
      "DDI Rate": 0.073039
    },
    "0.75": {
      "Jaccard": 0.542969,
      "Avg Meds": 17.333334,
      "Avg True Meds": 19.901327,
      "DDI Rate": 0.072391
    }
  },
  "calibrated_threshold": 0.6,
  "calibrated_metrics": {
    "Jaccard": 0.559221,
    "Avg Meds": 19.924543,
    "Avg True Meds": 19.901327,
    "DDI Rate": 0.073495
  },
  "config": {
    "hidden_dim": 256,
    "use_notes": true,
    "use_labs": true,
    "use_copy": true,
    "fusion_strategy": "film",
    "lab_dim": 400,
    "pos_weight_cap": 5.0,
    "use_cosine_lr": false,
    "contrastive_weight": 0.0,
    "margin_loss_weight": 0.0,
    "alignment_loss_weight": 0.1,
    "alignment_start_epoch": 1,
    "alignment_ramp_epochs": 0
  }
}