{
  "seed": 42,
  "ablation": "full",
  "mimic_version": 3,
  "mimic4_full": false,
  "cohort_tag": "mimic3",
  "best_val_jaccard": 0.5400983691215515,
  "test_metrics": {
    "Jaccard": 0.5394677519798279,
    "F1": 0.6930698752403259,
    "PRAUC": 0.781889364123365,
    "DDI Rate": 0.0789378968881155,
    "Avg Meds": 22.18573760986328,
    "Avg True Meds": 19.90132713317871,
    "Precision": 0.6698405742645264,
    "Recall": 0.744888424873352,
    "NHJ_new": 0.2867827886029294,
    "NHJ_dropped": 0.37436805116502864,
    "CVR": 0.0
  },
  "data_diagnostics": {
    "split_mode_requested": "hidr_vita",
    "require_cohort_split": false,
    "split_source": "hidr_vita_sequential",
    "split_seed_used": "n/a",
    "split_patient_counts": {
      "train": 4233,
      "val": 1059,
      "test": 1058
    },
    "split_example_counts": {
      "train": 6256,
      "val": 1220,
      "test": 1206
    },
    "ddi_density": 0.05261303581914269,
    "ddi_upper_pairs": 448,
    "ddi_total_pairs": 8515,
    "loaded_artifacts": {
      "records": "data/processed/records_final.pkl",
      "cohort": "data/processed/cohort_mimic3.pkl",
      "ddi": "data/processed/ddi_A_final.pkl",
      "ehr": "data/processed/ehr_adj_final.pkl",
      "embeddings": "data/embeddings/code_embeddings.pt",
      "labs": "data/processed/lab_vectors_200labs.pkl"
    }
  },
  "param_counts": {
    "visit_encoder": {
      "total": 4583681,
      "trainable": 1981697
    },
    "fusion": {
      "total": 423808,
      "trainable": 423808
    },
    "drug_gnn": {
      "total": 1974080,
      "trainable": 1974080
    },
    "predictor": {
      "total": 304454,
      "trainable": 304453
    },
    "model_total": {
      "total": 7549191,
      "trainable": 4947206
    }
  },
  "threshold_sweep": {
    "0.4": {
      "Jaccard": 0.535241,
      "Avg Meds": 24.01078,
      "Avg True Meds": 19.901327,
      "DDI Rate": 0.079005
    },
    "0.45": {
      "Jaccard": 0.538583,
      "Avg Meds": 23.033167,
      "Avg True Meds": 19.901327,
      "DDI Rate": 0.07886
    },
    "0.5": {
      "Jaccard": 0.539468,
      "Avg Meds": 22.185738,
      "Avg True Meds": 19.901327,
      "DDI Rate": 0.078938
    },
    "0.55": {
      "Jaccard": 0.540222,
      "Avg Meds": 21.364014,
      "Avg True Meds": 19.901327,
      "DDI Rate": 0.079258
    },
    "0.6": {
      "Jaccard": 0.539343,
      "Avg Meds": 20.518242,
      "Avg True Meds": 19.901327,
      "DDI Rate": 0.07936
    },
    "0.65": {
      "Jaccard": 0.536819,
      "Avg Meds": 19.71559,
      "Avg True Meds": 19.901327,
      "DDI Rate": 0.079748
    },
    "0.7": {
      "Jaccard": 0.535021,
      "Avg Meds": 18.847429,
      "Avg True Meds": 19.901327,
      "DDI Rate": 0.079772
    },
    "0.75": {
      "Jaccard": 0.529703,
      "Avg Meds": 17.955223,
      "Avg True Meds": 19.901327,
      "DDI Rate": 0.079692
    }
  },
  "calibrated_threshold": 0.65,
  "calibrated_metrics": {
    "Jaccard": 0.536819,
    "Avg Meds": 19.71559,
    "Avg True Meds": 19.901327,
    "DDI Rate": 0.079748
  },
  "config": {
    "hidden_dim": 256,
    "use_notes": false,
    "use_labs": true,
    "use_copy": false,
    "fusion_strategy": "film",
    "lab_dim": 400,
    "pos_weight_cap": 5.0,
    "use_cosine_lr": false,
    "contrastive_weight": 0.0,
    "margin_loss_weight": 0.0,
    "alignment_loss_weight": 0.1,
    "alignment_start_epoch": 1,
    "alignment_ramp_epochs": 0
  }
}