{
  "seed": 123,
  "ablation": "full",
  "mimic_version": 3,
  "mimic4_full": false,
  "cohort_tag": "mimic3",
  "best_val_jaccard": 0.49948570132255554,
  "test_metrics": {
    "Jaccard": 0.4999566674232483,
    "F1": 0.6587674617767334,
    "PRAUC": 0.7533261366780843,
    "DDI Rate": 0.08668386264710624,
    "Avg Meds": 22.412105560302734,
    "Avg True Meds": 19.90132713317871,
    "Precision": 0.6369320154190063,
    "Recall": 0.7254460453987122,
    "NHJ_new": 0.2347874288496218,
    "NHJ_dropped": 0.3144358976891166,
    "CVR": 0.0
  },
  "data_diagnostics": {
    "split_mode_requested": "hidr_vita",
    "require_cohort_split": false,
    "split_source": "hidr_vita_sequential",
    "split_seed_used": "n/a",
    "split_patient_counts": {
      "train": 4233,
      "val": 1059,
      "test": 1058
    },
    "split_example_counts": {
      "train": 6256,
      "val": 1220,
      "test": 1206
    },
    "ddi_density": 0.05261303581914269,
    "ddi_upper_pairs": 448,
    "ddi_total_pairs": 8515,
    "loaded_artifacts": {
      "records": "data/processed/records_final.pkl",
      "cohort": "data/processed/cohort_mimic3.pkl",
      "ddi": "data/processed/ddi_A_final.pkl",
      "ehr": "data/processed/ehr_adj_final.pkl",
      "embeddings": "data/embeddings/code_embeddings.pt"
    }
  },
  "param_counts": {
    "visit_encoder": {
      "total": 4583681,
      "trainable": 1981697
    },
    "drug_gnn": {
      "total": 1974080,
      "trainable": 1974080
    },
    "predictor": {
      "total": 657670,
      "trainable": 657668
    },
    "model_total": {
      "total": 7478599,
      "trainable": 4876613
    }
  },
  "threshold_sweep": {
    "0.4": {
      "Jaccard": 0.498427,
      "Avg Meds": 24.735489,
      "Avg True Meds": 19.901327,
      "DDI Rate": 0.084452
    },
    "0.45": {
      "Jaccard": 0.499101,
      "Avg Meds": 23.543947,
      "Avg True Meds": 19.901327,
      "DDI Rate": 0.085749
    },
    "0.5": {
      "Jaccard": 0.499957,
      "Avg Meds": 22.412106,
      "Avg True Meds": 19.901327,
      "DDI Rate": 0.086684
    },
    "0.55": {
      "Jaccard": 0.499359,
      "Avg Meds": 21.319237,
      "Avg True Meds": 19.901327,
      "DDI Rate": 0.088215
    },
    "0.6": {
      "Jaccard": 0.497056,
      "Avg Meds": 20.281923,
      "Avg True Meds": 19.901327,
      "DDI Rate": 0.089469
    },
    "0.65": {
      "Jaccard": 0.495179,
      "Avg Meds": 19.218077,
      "Avg True Meds": 19.901327,
      "DDI Rate": 0.090672
    },
    "0.7": {
      "Jaccard": 0.491975,
      "Avg Meds": 18.150084,
      "Avg True Meds": 19.901327,
      "DDI Rate": 0.091557
    },
    "0.75": {
      "Jaccard": 0.487343,
      "Avg Meds": 17.049751,
      "Avg True Meds": 19.901327,
      "DDI Rate": 0.092145
    }
  },
  "calibrated_threshold": 0.6,
  "calibrated_metrics": {
    "Jaccard": 0.497056,
    "Avg Meds": 20.281923,
    "Avg True Meds": 19.901327,
    "DDI Rate": 0.089469
  },
  "config": {
    "hidden_dim": 256,
    "use_notes": false,
    "use_labs": false,
    "use_copy": false,
    "fusion_strategy": "film",
    "lab_dim": 0,
    "pos_weight_cap": 5.0,
    "use_cosine_lr": false,
    "contrastive_weight": 0.0,
    "margin_loss_weight": 0.0,
    "alignment_loss_weight": 0.1,
    "alignment_start_epoch": 1,
    "alignment_ramp_epochs": 0
  }
}