{
  "seed": 42,
  "ablation": "full",
  "mimic_version": 3,
  "mimic4_full": false,
  "cohort_tag": "mimic3",
  "best_val_jaccard": 0.5508760213851929,
  "test_metrics": {
    "Jaccard": 0.5472490787506104,
    "F1": 0.6996090412139893,
    "PRAUC": 0.7905045545883495,
    "DDI Rate": 0.07885079684949194,
    "Avg Meds": 24.127695083618164,
    "Avg True Meds": 19.90132713317871,
    "Precision": 0.6459258794784546,
    "Recall": 0.7927616834640503,
    "NHJ_new": 0.28089341207554464,
    "NHJ_dropped": 0.26433751379188736,
    "CVR": 0.0
  },
  "data_diagnostics": {
    "split_mode_requested": "hidr_vita",
    "require_cohort_split": false,
    "split_source": "hidr_vita_sequential",
    "split_seed_used": "n/a",
    "split_patient_counts": {
      "train": 4233,
      "val": 1059,
      "test": 1058
    },
    "split_example_counts": {
      "train": 6256,
      "val": 1220,
      "test": 1206
    },
    "ddi_density": 0.05261303581914269,
    "ddi_upper_pairs": 448,
    "ddi_total_pairs": 8515,
    "loaded_artifacts": {
      "records": "data/processed/records_final.pkl",
      "cohort": "data/processed/cohort_mimic3.pkl",
      "ddi": "data/processed/ddi_A_final.pkl",
      "ehr": "data/processed/ehr_adj_final.pkl",
      "embeddings": "data/embeddings/code_embeddings.pt",
      "notes": "data/processed/note_embeddings_mimic3.pkl"
    }
  },
  "param_counts": {
    "visit_encoder": {
      "total": 4583681,
      "trainable": 1981697
    },
    "fusion": {
      "total": 400512,
      "trainable": 400512
    },
    "drug_gnn": {
      "total": 1974080,
      "trainable": 1974080
    },
    "predictor": {
      "total": 1381895,
      "trainable": 1381894
    },
    "model_total": {
      "total": 8603336,
      "trainable": 6001351
    }
  },
  "threshold_sweep": {
    "0.4": {
      "Jaccard": 0.54323,
      "Avg Meds": 25.796848,
      "Avg True Meds": 19.901327,
      "DDI Rate": 0.078001
    },
    "0.45": {
      "Jaccard": 0.545989,
      "Avg Meds": 24.946102,
      "Avg True Meds": 19.901327,
      "DDI Rate": 0.078497
    },
    "0.5": {
      "Jaccard": 0.547249,
      "Avg Meds": 24.127695,
      "Avg True Meds": 19.901327,
      "DDI Rate": 0.078851
    },
    "0.55": {
      "Jaccard": 0.549977,
      "Avg Meds": 23.325041,
      "Avg True Meds": 19.901327,
      "DDI Rate": 0.079623
    },
    "0.6": {
      "Jaccard": 0.551101,
      "Avg Meds": 22.576284,
      "Avg True Meds": 19.901327,
      "DDI Rate": 0.079968
    },
    "0.65": {
      "Jaccard": 0.551197,
      "Avg Meds": 21.756218,
      "Avg True Meds": 19.901327,
      "DDI Rate": 0.080535
    },
    "0.7": {
      "Jaccard": 0.550431,
      "Avg Meds": 20.932007,
      "Avg True Meds": 19.901327,
      "DDI Rate": 0.081469
    },
    "0.75": {
      "Jaccard": 0.549496,
      "Avg Meds": 20.024876,
      "Avg True Meds": 19.901327,
      "DDI Rate": 0.081888
    }
  },
  "calibrated_threshold": 0.75,
  "calibrated_metrics": {
    "Jaccard": 0.549496,
    "Avg Meds": 20.024876,
    "Avg True Meds": 19.901327,
    "DDI Rate": 0.081888
  },
  "config": {
    "hidden_dim": 256,
    "use_notes": true,
    "use_labs": false,
    "use_copy": false,
    "fusion_strategy": "film",
    "lab_dim": 0,
    "pos_weight_cap": 5.0,
    "use_cosine_lr": false,
    "contrastive_weight": 0.0,
    "margin_loss_weight": 0.0,
    "alignment_loss_weight": 0.1,
    "alignment_start_epoch": 1,
    "alignment_ramp_epochs": 0
  }
}