{
  "seed": 789,
  "ablation": "full",
  "mimic_version": 3,
  "mimic4_full": false,
  "cohort_tag": "mimic3",
  "best_val_jaccard": 0.5611962080001831,
  "test_metrics": {
    "Jaccard": 0.5620730519294739,
    "F1": 0.7120178937911987,
    "PRAUC": 0.7905003721968233,
    "DDI Rate": 0.07964259730811205,
    "Avg Meds": 21.96575355529785,
    "Avg True Meds": 19.807077407836914,
    "Precision": 0.6835026144981384,
    "Recall": 0.7677673697471619,
    "NHJ_new": 0.301470442542008,
    "NHJ_dropped": 0.3466039704424994,
    "CVR": 0.0
  },
  "data_diagnostics": {
    "split_mode_requested": "hidr_vita",
    "require_cohort_split": false,
    "split_source": "hidr_vita_sequential",
    "split_seed_used": "n/a",
    "split_patient_counts": {
      "train": 4233,
      "val": 1059,
      "test": 1058
    },
    "split_example_counts": {
      "train": 3707,
      "val": 859,
      "test": 876
    },
    "ddi_density": 0.05261303581914269,
    "ddi_upper_pairs": 448,
    "ddi_total_pairs": 8515,
    "loaded_artifacts": {
      "records": "data/processed/records_final.pkl",
      "cohort": "data/processed/cohort_mimic3.pkl",
      "ddi": "data/processed/ddi_A_final.pkl",
      "ehr": "data/processed/ehr_adj_final.pkl",
      "embeddings": "data/embeddings/code_embeddings.pt",
      "notes": "data/processed/note_embeddings_mimic3.pkl",
      "labs": "data/processed/lab_vectors_200labs.pkl"
    }
  },
  "param_counts": {
    "visit_encoder": {
      "total": 5108993,
      "trainable": 2507009
    },
    "fusion": {
      "total": 423808,
      "trainable": 423808
    },
    "drug_gnn": {
      "total": 395008,
      "trainable": 395008
    },
    "predictor": {
      "total": 1613513,
      "trainable": 1423943
    },
    "model_total": {
      "total": 7804490,
      "trainable": 5012936
    }
  },
  "threshold_sweep": {
    "0.4": {
      "Jaccard": 0.561142,
      "Avg Meds": 23.030823,
      "Avg True Meds": 19.807077,
      "DDI Rate": 0.078996
    },
    "0.45": {
      "Jaccard": 0.561696,
      "Avg Meds": 22.498857,
      "Avg True Meds": 19.807077,
      "DDI Rate": 0.079163
    },
    "0.5": {
      "Jaccard": 0.562073,
      "Avg Meds": 21.965754,
      "Avg True Meds": 19.807077,
      "DDI Rate": 0.079643
    },
    "0.55": {
      "Jaccard": 0.56158,
      "Avg Meds": 21.47032,
      "Avg True Meds": 19.807077,
      "DDI Rate": 0.079876
    },
    "0.6": {
      "Jaccard": 0.560643,
      "Avg Meds": 20.984018,
      "Avg True Meds": 19.807077,
      "DDI Rate": 0.080069
    },
    "0.65": {
      "Jaccard": 0.560081,
      "Avg Meds": 20.43379,
      "Avg True Meds": 19.807077,
      "DDI Rate": 0.080172
    },
    "0.7": {
      "Jaccard": 0.559001,
      "Avg Meds": 19.910959,
      "Avg True Meds": 19.807077,
      "DDI Rate": 0.080543
    },
    "0.75": {
      "Jaccard": 0.557104,
      "Avg Meds": 19.332191,
      "Avg True Meds": 19.807077,
      "DDI Rate": 0.080835
    }
  },
  "calibrated_threshold": 0.7,
  "calibrated_metrics": {
    "Jaccard": 0.559001,
    "Avg Meds": 19.910959,
    "Avg True Meds": 19.807077,
    "DDI Rate": 0.080543
  },
  "config": {
    "hidden_dim": 256,
    "use_notes": true,
    "use_labs": true,
    "use_copy": true,
    "fusion_strategy": "film",
    "lab_dim": 400,
    "pos_weight_cap": 5.0,
    "use_cosine_lr": true,
    "contrastive_weight": 0.0,
    "margin_loss_weight": 0.0,
    "alignment_loss_weight": 0.1,
    "alignment_start_epoch": 1,
    "alignment_ramp_epochs": 0
  }
}