{
  "seed": 456,
  "ablation": "full",
  "mimic_version": 3,
  "mimic4_full": false,
  "cohort_tag": "mimic3",
  "best_val_jaccard": 0.5625691413879395,
  "test_metrics": {
    "Jaccard": 0.5593989491462708,
    "F1": 0.7100529670715332,
    "PRAUC": 0.7977855986853204,
    "DDI Rate": 0.08609507519064928,
    "Avg Meds": 21.009950637817383,
    "Avg True Meds": 19.90132713317871,
    "Precision": 0.6988196969032288,
    "Recall": 0.7449005842208862,
    "NHJ_new": 0.2744326183670445,
    "NHJ_dropped": 0.3231581104429145,
    "CVR": 0.0
  },
  "data_diagnostics": {
    "split_mode_requested": "hidr_vita",
    "require_cohort_split": false,
    "split_source": "hidr_vita_sequential",
    "split_seed_used": "n/a",
    "split_patient_counts": {
      "train": 4233,
      "val": 1059,
      "test": 1058
    },
    "split_example_counts": {
      "train": 6256,
      "val": 1220,
      "test": 1206
    },
    "ddi_density": 0.05261303581914269,
    "ddi_upper_pairs": 448,
    "ddi_total_pairs": 8515,
    "loaded_artifacts": {
      "records": "data/processed/records_final.pkl",
      "cohort": "data/processed/cohort_mimic3.pkl",
      "ddi": "data/processed/ddi_A_final.pkl",
      "ehr": "data/processed/ehr_adj_final.pkl",
      "embeddings": "data/embeddings/code_embeddings.pt",
      "notes": "data/processed/note_embeddings_mimic3.pkl",
      "labs": "data/processed/lab_vectors_200labs.pkl"
    }
  },
  "param_counts": {
    "visit_encoder": {
      "total": 5762817,
      "trainable": 3160833
    },
    "fusion": {
      "total": 423808,
      "trainable": 423808
    },
    "drug_gnn": {
      "total": 1974080,
      "trainable": 1974080
    },
    "predictor": {
      "total": 559560,
      "trainable": 559560
    },
    "model_total": {
      "total": 8983433,
      "trainable": 6381449
    }
  },
  "threshold_sweep": {
    "0.4": {
      "Jaccard": 0.560073,
      "Avg Meds": 22.509951,
      "Avg True Meds": 19.901327,
      "DDI Rate": 0.086223
    },
    "0.45": {
      "Jaccard": 0.561087,
      "Avg Meds": 21.712273,
      "Avg True Meds": 19.901327,
      "DDI Rate": 0.086218
    },
    "0.5": {
      "Jaccard": 0.559399,
      "Avg Meds": 21.009951,
      "Avg True Meds": 19.901327,
      "DDI Rate": 0.086095
    },
    "0.55": {
      "Jaccard": 0.558754,
      "Avg Meds": 20.363184,
      "Avg True Meds": 19.901327,
      "DDI Rate": 0.085839
    },
    "0.6": {
      "Jaccard": 0.557188,
      "Avg Meds": 19.722221,
      "Avg True Meds": 19.901327,
      "DDI Rate": 0.085473
    },
    "0.65": {
      "Jaccard": 0.55551,
      "Avg Meds": 19.003317,
      "Avg True Meds": 19.901327,
      "DDI Rate": 0.086048
    },
    "0.7": {
      "Jaccard": 0.550386,
      "Avg Meds": 18.291874,
      "Avg True Meds": 19.901327,
      "DDI Rate": 0.085736
    },
    "0.75": {
      "Jaccard": 0.545295,
      "Avg Meds": 17.532339,
      "Avg True Meds": 19.901327,
      "DDI Rate": 0.08609
    }
  },
  "calibrated_threshold": 0.6,
  "calibrated_metrics": {
    "Jaccard": 0.557188,
    "Avg Meds": 19.722221,
    "Avg True Meds": 19.901327,
    "DDI Rate": 0.085473
  },
  "config": {
    "hidden_dim": 256,
    "use_notes": true,
    "use_labs": true,
    "use_copy": true,
    "fusion_strategy": "film",
    "lab_dim": 400,
    "pos_weight_cap": 5.0,
    "use_cosine_lr": false,
    "contrastive_weight": 0.0,
    "margin_loss_weight": 0.0,
    "alignment_loss_weight": 0.1,
    "alignment_start_epoch": 1,
    "alignment_ramp_epochs": 0
  }
}