{
  "seed": 123,
  "ablation": "full",
  "mimic_version": 3,
  "mimic4_full": false,
  "cohort_tag": "mimic3",
  "best_val_jaccard": 0.5428873300552368,
  "test_metrics": {
    "Jaccard": 0.5382638573646545,
    "F1": 0.6923545598983765,
    "PRAUC": 0.7848306373481064,
    "DDI Rate": 0.08035479396359983,
    "Avg Meds": 23.048921585083008,
    "Avg True Meds": 19.90132713317871,
    "Precision": 0.6542791724205017,
    "Recall": 0.7638431191444397,
    "NHJ_new": 0.29111597490938085,
    "NHJ_dropped": 0.34823545499851827,
    "CVR": 0.0
  },
  "data_diagnostics": {
    "split_mode_requested": "hidr_vita",
    "require_cohort_split": false,
    "split_source": "hidr_vita_sequential",
    "split_seed_used": "n/a",
    "split_patient_counts": {
      "train": 4233,
      "val": 1059,
      "test": 1058
    },
    "split_example_counts": {
      "train": 6256,
      "val": 1220,
      "test": 1206
    },
    "ddi_density": 0.05261303581914269,
    "ddi_upper_pairs": 448,
    "ddi_total_pairs": 8515,
    "loaded_artifacts": {
      "records": "data/processed/records_final.pkl",
      "cohort": "data/processed/cohort_mimic3.pkl",
      "ddi": "data/processed/ddi_A_final.pkl",
      "ehr": "data/processed/ehr_adj_final.pkl",
      "embeddings": "data/embeddings/code_embeddings.pt",
      "notes": "data/processed/note_embeddings_mimic3.pkl"
    }
  },
  "param_counts": {
    "visit_encoder": {
      "total": 4649474,
      "trainable": 2047490
    },
    "fusion": {
      "total": 400512,
      "trainable": 400512
    },
    "drug_gnn": {
      "total": 1151776,
      "trainable": 1151776
    },
    "predictor": {
      "total": 327942,
      "trainable": 327941
    },
    "model_total": {
      "total": 6792872,
      "trainable": 4190887
    }
  },
  "threshold_sweep": {
    "0.4": {
      "Jaccard": 0.532354,
      "Avg Meds": 24.817579,
      "Avg True Meds": 19.901327,
      "DDI Rate": 0.079696
    },
    "0.45": {
      "Jaccard": 0.536285,
      "Avg Meds": 23.894693,
      "Avg True Meds": 19.901327,
      "DDI Rate": 0.080348
    },
    "0.5": {
      "Jaccard": 0.538264,
      "Avg Meds": 23.048922,
      "Avg True Meds": 19.901327,
      "DDI Rate": 0.080355
    },
    "0.55": {
      "Jaccard": 0.540235,
      "Avg Meds": 22.232172,
      "Avg True Meds": 19.901327,
      "DDI Rate": 0.080695
    },
    "0.6": {
      "Jaccard": 0.541413,
      "Avg Meds": 21.441957,
      "Avg True Meds": 19.901327,
      "DDI Rate": 0.080904
    },
    "0.65": {
      "Jaccard": 0.542148,
      "Avg Meds": 20.638474,
      "Avg True Meds": 19.901327,
      "DDI Rate": 0.081257
    },
    "0.7": {
      "Jaccard": 0.538936,
      "Avg Meds": 19.798508,
      "Avg True Meds": 19.901327,
      "DDI Rate": 0.081833
    },
    "0.75": {
      "Jaccard": 0.536236,
      "Avg Meds": 18.884743,
      "Avg True Meds": 19.901327,
      "DDI Rate": 0.082542
    }
  },
  "calibrated_threshold": 0.7,
  "calibrated_metrics": {
    "Jaccard": 0.538936,
    "Avg Meds": 19.798508,
    "Avg True Meds": 19.901327,
    "DDI Rate": 0.081833
  },
  "config": {
    "hidden_dim": 256,
    "use_notes": true,
    "use_labs": false,
    "use_copy": false,
    "fusion_strategy": "film",
    "lab_dim": 0,
    "pos_weight_cap": 5.0,
    "use_cosine_lr": false,
    "contrastive_weight": 0.0,
    "margin_loss_weight": 0.0,
    "alignment_loss_weight": 0.1,
    "alignment_start_epoch": 1,
    "alignment_ramp_epochs": 0
  }
}