{
  "seed": 456,
  "ablation": "full",
  "mimic_version": 3,
  "mimic4_full": false,
  "cohort_tag": "mimic3",
  "best_val_jaccard": 0.560910701751709,
  "test_metrics": {
    "Jaccard": 0.5620675683021545,
    "F1": 0.7120365500450134,
    "PRAUC": 0.7932955471668621,
    "DDI Rate": 0.07752664511513768,
    "Avg Meds": 22.025114059448242,
    "Avg True Meds": 19.807077407836914,
    "Precision": 0.6811678409576416,
    "Recall": 0.7683863639831543,
    "NHJ_new": 0.29877134944711414,
    "NHJ_dropped": 0.34391558170318604,
    "CVR": 0.0
  },
  "data_diagnostics": {
    "split_mode_requested": "hidr_vita",
    "require_cohort_split": false,
    "split_source": "hidr_vita_sequential",
    "split_seed_used": "n/a",
    "split_patient_counts": {
      "train": 4233,
      "val": 1059,
      "test": 1058
    },
    "split_example_counts": {
      "train": 3707,
      "val": 859,
      "test": 876
    },
    "ddi_density": 0.05261303581914269,
    "ddi_upper_pairs": 448,
    "ddi_total_pairs": 8515,
    "loaded_artifacts": {
      "records": "data/processed/records_final.pkl",
      "cohort": "data/processed/cohort_mimic3.pkl",
      "ddi": "data/processed/ddi_A_final.pkl",
      "ehr": "data/processed/ehr_adj_final.pkl",
      "embeddings": "data/embeddings/code_embeddings.pt",
      "notes": "data/processed/note_embeddings_mimic3.pkl",
      "labs": "data/processed/lab_vectors_200labs.pkl"
    }
  },
  "param_counts": {
    "visit_encoder": {
      "total": 5108993,
      "trainable": 2507009
    },
    "fusion": {
      "total": 423808,
      "trainable": 423808
    },
    "drug_gnn": {
      "total": 395008,
      "trainable": 395008
    },
    "predictor": {
      "total": 1613513,
      "trainable": 1423943
    },
    "model_total": {
      "total": 7804490,
      "trainable": 5012936
    }
  },
  "threshold_sweep": {
    "0.4": {
      "Jaccard": 0.561096,
      "Avg Meds": 23.017124,
      "Avg True Meds": 19.807077,
      "DDI Rate": 0.07748
    },
    "0.45": {
      "Jaccard": 0.562318,
      "Avg Meds": 22.501143,
      "Avg True Meds": 19.807077,
      "DDI Rate": 0.077581
    },
    "0.5": {
      "Jaccard": 0.562068,
      "Avg Meds": 22.025114,
      "Avg True Meds": 19.807077,
      "DDI Rate": 0.077527
    },
    "0.55": {
      "Jaccard": 0.562164,
      "Avg Meds": 21.53653,
      "Avg True Meds": 19.807077,
      "DDI Rate": 0.077862
    },
    "0.6": {
      "Jaccard": 0.561912,
      "Avg Meds": 21.047945,
      "Avg True Meds": 19.807077,
      "DDI Rate": 0.078242
    },
    "0.65": {
      "Jaccard": 0.561758,
      "Avg Meds": 20.578768,
      "Avg True Meds": 19.807077,
      "DDI Rate": 0.078199
    },
    "0.7": {
      "Jaccard": 0.561197,
      "Avg Meds": 20.053654,
      "Avg True Meds": 19.807077,
      "DDI Rate": 0.078191
    },
    "0.75": {
      "Jaccard": 0.558954,
      "Avg Meds": 19.507992,
      "Avg True Meds": 19.807077,
      "DDI Rate": 0.078186
    }
  },
  "calibrated_threshold": 0.7,
  "calibrated_metrics": {
    "Jaccard": 0.561197,
    "Avg Meds": 20.053654,
    "Avg True Meds": 19.807077,
    "DDI Rate": 0.078191
  },
  "config": {
    "hidden_dim": 256,
    "use_notes": true,
    "use_labs": true,
    "use_copy": true,
    "fusion_strategy": "film",
    "lab_dim": 400,
    "pos_weight_cap": 5.0,
    "use_cosine_lr": false,
    "contrastive_weight": 0.0,
    "margin_loss_weight": 0.0,
    "alignment_loss_weight": 0.1,
    "alignment_start_epoch": 1,
    "alignment_ramp_epochs": 0
  }
}