{
  "seed": 123,
  "ablation": "full",
  "mimic_version": 3,
  "mimic4_full": false,
  "cohort_tag": "mimic3",
  "best_val_jaccard": 0.541117787361145,
  "test_metrics": {
    "Jaccard": 0.541581928730011,
    "F1": 0.6951095461845398,
    "PRAUC": 0.7832758141936335,
    "DDI Rate": 0.07754134835119116,
    "Avg Meds": 22.791044235229492,
    "Avg True Meds": 19.90132713317871,
    "Precision": 0.6609352231025696,
    "Recall": 0.7601004838943481,
    "NHJ_new": 0.2905494382506923,
    "NHJ_dropped": 0.36666169292048406,
    "CVR": 0.0
  },
  "data_diagnostics": {
    "split_mode_requested": "hidr_vita",
    "require_cohort_split": false,
    "split_source": "hidr_vita_sequential",
    "split_seed_used": "n/a",
    "split_patient_counts": {
      "train": 4233,
      "val": 1059,
      "test": 1058
    },
    "split_example_counts": {
      "train": 6256,
      "val": 1220,
      "test": 1206
    },
    "ddi_density": 0.05261303581914269,
    "ddi_upper_pairs": 448,
    "ddi_total_pairs": 8515,
    "loaded_artifacts": {
      "records": "data/processed/records_final.pkl",
      "cohort": "data/processed/cohort_mimic3.pkl",
      "ddi": "data/processed/ddi_A_final.pkl",
      "ehr": "data/processed/ehr_adj_final.pkl",
      "embeddings": "data/embeddings/code_embeddings.pt",
      "labs": "data/processed/lab_vectors_200labs.pkl"
    }
  },
  "param_counts": {
    "visit_encoder": {
      "total": 4583681,
      "trainable": 1981697
    },
    "fusion": {
      "total": 423808,
      "trainable": 423808
    },
    "drug_gnn": {
      "total": 1316608,
      "trainable": 1316608
    },
    "predictor": {
      "total": 304454,
      "trainable": 304453
    },
    "model_total": {
      "total": 6891719,
      "trainable": 4289734
    }
  },
  "threshold_sweep": {
    "0.4": {
      "Jaccard": 0.537021,
      "Avg Meds": 24.566336,
      "Avg True Meds": 19.901327,
      "DDI Rate": 0.077269
    },
    "0.45": {
      "Jaccard": 0.540158,
      "Avg Meds": 23.665009,
      "Avg True Meds": 19.901327,
      "DDI Rate": 0.077524
    },
    "0.5": {
      "Jaccard": 0.541582,
      "Avg Meds": 22.791044,
      "Avg True Meds": 19.901327,
      "DDI Rate": 0.077541
    },
    "0.55": {
      "Jaccard": 0.542443,
      "Avg Meds": 21.95854,
      "Avg True Meds": 19.901327,
      "DDI Rate": 0.077434
    },
    "0.6": {
      "Jaccard": 0.542701,
      "Avg Meds": 21.069653,
      "Avg True Meds": 19.901327,
      "DDI Rate": 0.077255
    },
    "0.65": {
      "Jaccard": 0.541036,
      "Avg Meds": 20.262024,
      "Avg True Meds": 19.901327,
      "DDI Rate": 0.077726
    },
    "0.7": {
      "Jaccard": 0.538633,
      "Avg Meds": 19.422886,
      "Avg True Meds": 19.901327,
      "DDI Rate": 0.077773
    },
    "0.75": {
      "Jaccard": 0.535856,
      "Avg Meds": 18.579601,
      "Avg True Meds": 19.901327,
      "DDI Rate": 0.07795
    }
  },
  "calibrated_threshold": 0.65,
  "calibrated_metrics": {
    "Jaccard": 0.541036,
    "Avg Meds": 20.262024,
    "Avg True Meds": 19.901327,
    "DDI Rate": 0.077726
  },
  "config": {
    "hidden_dim": 256,
    "use_notes": false,
    "use_labs": true,
    "use_copy": false,
    "fusion_strategy": "film",
    "lab_dim": 400,
    "pos_weight_cap": 5.0,
    "use_cosine_lr": false,
    "contrastive_weight": 0.0,
    "margin_loss_weight": 0.0,
    "alignment_loss_weight": 0.1,
    "alignment_start_epoch": 1,
    "alignment_ramp_epochs": 0
  }
}