{
  "seed": 123,
  "ablation": "full",
  "mimic_version": 3,
  "mimic4_full": false,
  "cohort_tag": "mimic3",
  "best_val_jaccard": 0.539577305316925,
  "test_metrics": {
    "Jaccard": 0.5379892587661743,
    "F1": 0.6919457316398621,
    "PRAUC": 0.7794297158119772,
    "DDI Rate": 0.07931875874580728,
    "Avg Meds": 20.986732482910156,
    "Avg True Meds": 19.90132713317871,
    "Precision": 0.6859102249145508,
    "Recall": 0.7233234643936157,
    "NHJ_new": 0.2813856154680252,
    "NHJ_dropped": 0.39387710784610946,
    "CVR": 0.0
  },
  "data_diagnostics": {
    "split_mode_requested": "hidr_vita",
    "require_cohort_split": false,
    "split_source": "hidr_vita_sequential",
    "split_seed_used": "n/a",
    "split_patient_counts": {
      "train": 4233,
      "val": 1059,
      "test": 1058
    },
    "split_example_counts": {
      "train": 6256,
      "val": 1220,
      "test": 1206
    },
    "ddi_density": 0.05261303581914269,
    "ddi_upper_pairs": 448,
    "ddi_total_pairs": 8515,
    "loaded_artifacts": {
      "records": "data/processed/records_final.pkl",
      "cohort": "data/processed/cohort_mimic3.pkl",
      "ddi": "data/processed/ddi_A_final.pkl",
      "ehr": "data/processed/ehr_adj_final.pkl",
      "embeddings": "data/embeddings/code_embeddings.pt",
      "labs": "data/processed/lab_vectors_200labs.pkl"
    }
  },
  "param_counts": {
    "visit_encoder": {
      "total": 4583681,
      "trainable": 1981697
    },
    "fusion": {
      "total": 423808,
      "trainable": 423808
    },
    "drug_gnn": {
      "total": 1974080,
      "trainable": 1974080
    },
    "predictor": {
      "total": 304454,
      "trainable": 304453
    },
    "model_total": {
      "total": 7549191,
      "trainable": 4947206
    }
  },
  "threshold_sweep": {
    "0.4": {
      "Jaccard": 0.537718,
      "Avg Meds": 22.734659,
      "Avg True Meds": 19.901327,
      "DDI Rate": 0.079532
    },
    "0.45": {
      "Jaccard": 0.538373,
      "Avg Meds": 21.810946,
      "Avg True Meds": 19.901327,
      "DDI Rate": 0.079516
    },
    "0.5": {
      "Jaccard": 0.537989,
      "Avg Meds": 20.986732,
      "Avg True Meds": 19.901327,
      "DDI Rate": 0.079319
    },
    "0.55": {
      "Jaccard": 0.536401,
      "Avg Meds": 20.184908,
      "Avg True Meds": 19.901327,
      "DDI Rate": 0.07896
    },
    "0.6": {
      "Jaccard": 0.533301,
      "Avg Meds": 19.396351,
      "Avg True Meds": 19.901327,
      "DDI Rate": 0.078717
    },
    "0.65": {
      "Jaccard": 0.52956,
      "Avg Meds": 18.561359,
      "Avg True Meds": 19.901327,
      "DDI Rate": 0.079059
    },
    "0.7": {
      "Jaccard": 0.525814,
      "Avg Meds": 17.743782,
      "Avg True Meds": 19.901327,
      "DDI Rate": 0.078877
    },
    "0.75": {
      "Jaccard": 0.518917,
      "Avg Meds": 16.85738,
      "Avg True Meds": 19.901327,
      "DDI Rate": 0.079156
    }
  },
  "calibrated_threshold": 0.55,
  "calibrated_metrics": {
    "Jaccard": 0.536401,
    "Avg Meds": 20.184908,
    "Avg True Meds": 19.901327,
    "DDI Rate": 0.07896
  },
  "config": {
    "hidden_dim": 256,
    "use_notes": false,
    "use_labs": true,
    "use_copy": false,
    "fusion_strategy": "film",
    "lab_dim": 400,
    "pos_weight_cap": 5.0,
    "use_cosine_lr": false,
    "contrastive_weight": 0.0,
    "margin_loss_weight": 0.0,
    "alignment_loss_weight": 0.1,
    "alignment_start_epoch": 1,
    "alignment_ramp_epochs": 0
  }
}