{
  "seed": 123,
  "ablation": "full",
  "mimic_version": 3,
  "mimic4_full": false,
  "cohort_tag": "mimic3",
  "best_val_jaccard": 0.5432506203651428,
  "test_metrics": {
    "Jaccard": 0.5422660708427429,
    "F1": 0.6954953074455261,
    "PRAUC": 0.7838138422211678,
    "DDI Rate": 0.0799835293041131,
    "Avg Meds": 22.874792098999023,
    "Avg True Meds": 19.90132713317871,
    "Precision": 0.6578029990196228,
    "Recall": 0.764413595199585,
    "NHJ_new": 0.29826850012729045,
    "NHJ_dropped": 0.3681147443620782,
    "CVR": 0.0
  },
  "data_diagnostics": {
    "split_mode_requested": "hidr_vita",
    "require_cohort_split": false,
    "split_source": "hidr_vita_sequential",
    "split_seed_used": "n/a",
    "split_patient_counts": {
      "train": 4233,
      "val": 1059,
      "test": 1058
    },
    "split_example_counts": {
      "train": 6256,
      "val": 1220,
      "test": 1206
    },
    "ddi_density": 0.05261303581914269,
    "ddi_upper_pairs": 448,
    "ddi_total_pairs": 8515,
    "loaded_artifacts": {
      "records": "data/processed/records_final.pkl",
      "cohort": "data/processed/cohort_mimic3.pkl",
      "ddi": "data/processed/ddi_A_final.pkl",
      "ehr": "data/processed/ehr_adj_final.pkl",
      "embeddings": "data/embeddings/code_embeddings.pt",
      "notes": "data/processed/note_embeddings_mimic3.pkl"
    }
  },
  "param_counts": {
    "visit_encoder": {
      "total": 4583681,
      "trainable": 1981697
    },
    "fusion": {
      "total": 400512,
      "trainable": 400512
    },
    "drug_gnn": {
      "total": 1974080,
      "trainable": 1974080
    },
    "predictor": {
      "total": 327942,
      "trainable": 327941
    },
    "model_total": {
      "total": 7549383,
      "trainable": 4947398
    }
  },
  "threshold_sweep": {
    "0.4": {
      "Jaccard": 0.535148,
      "Avg Meds": 24.925373,
      "Avg True Meds": 19.901327,
      "DDI Rate": 0.079659
    },
    "0.45": {
      "Jaccard": 0.539438,
      "Avg Meds": 23.861526,
      "Avg True Meds": 19.901327,
      "DDI Rate": 0.079774
    },
    "0.5": {
      "Jaccard": 0.542266,
      "Avg Meds": 22.874792,
      "Avg True Meds": 19.901327,
      "DDI Rate": 0.079984
    },
    "0.55": {
      "Jaccard": 0.543226,
      "Avg Meds": 21.95854,
      "Avg True Meds": 19.901327,
      "DDI Rate": 0.080678
    },
    "0.6": {
      "Jaccard": 0.542862,
      "Avg Meds": 21.038143,
      "Avg True Meds": 19.901327,
      "DDI Rate": 0.081381
    },
    "0.65": {
      "Jaccard": 0.541743,
      "Avg Meds": 20.077114,
      "Avg True Meds": 19.901327,
      "DDI Rate": 0.081854
    },
    "0.7": {
      "Jaccard": 0.539759,
      "Avg Meds": 19.171642,
      "Avg True Meds": 19.901327,
      "DDI Rate": 0.082259
    },
    "0.75": {
      "Jaccard": 0.536622,
      "Avg Meds": 18.200663,
      "Avg True Meds": 19.901327,
      "DDI Rate": 0.082973
    }
  },
  "calibrated_threshold": 0.65,
  "calibrated_metrics": {
    "Jaccard": 0.541743,
    "Avg Meds": 20.077114,
    "Avg True Meds": 19.901327,
    "DDI Rate": 0.081854
  },
  "config": {
    "hidden_dim": 256,
    "use_notes": true,
    "use_labs": false,
    "use_copy": false,
    "fusion_strategy": "film",
    "lab_dim": 0,
    "pos_weight_cap": 5.0,
    "use_cosine_lr": false,
    "contrastive_weight": 0.0,
    "margin_loss_weight": 0.0,
    "alignment_loss_weight": 0.1,
    "alignment_start_epoch": 1,
    "alignment_ramp_epochs": 0
  }
}