{
  "seed": 42,
  "ablation": "full",
  "mimic_version": 3,
  "mimic4_full": false,
  "cohort_tag": "mimic3",
  "best_val_jaccard": 0.5526374578475952,
  "test_metrics": {
    "Jaccard": 0.5491727590560913,
    "F1": 0.7015751004219055,
    "PRAUC": 0.7911761200336558,
    "DDI Rate": 0.07969353867666194,
    "Avg Meds": 21.963516235351562,
    "Avg True Meds": 19.90132713317871,
    "Precision": 0.6774887442588806,
    "Recall": 0.7498481869697571,
    "NHJ_new": 0.30139286345557165,
    "NHJ_dropped": 0.38967337733820867,
    "CVR": 0.0
  },
  "data_diagnostics": {
    "split_mode_requested": "hidr_vita",
    "require_cohort_split": false,
    "split_source": "hidr_vita_sequential",
    "split_seed_used": "n/a",
    "split_patient_counts": {
      "train": 4233,
      "val": 1059,
      "test": 1058
    },
    "split_example_counts": {
      "train": 6256,
      "val": 1220,
      "test": 1206
    },
    "ddi_density": 0.05261303581914269,
    "ddi_upper_pairs": 448,
    "ddi_total_pairs": 8515,
    "loaded_artifacts": {
      "records": "data/processed/records_final.pkl",
      "cohort": "data/processed/cohort_mimic3.pkl",
      "ddi": "data/processed/ddi_A_final.pkl",
      "ehr": "data/processed/ehr_adj_final.pkl",
      "embeddings": "data/embeddings/code_embeddings.pt",
      "notes": "data/processed/note_embeddings_mimic3.pkl",
      "labs": "data/processed/lab_vectors_200labs.pkl"
    }
  },
  "param_counts": {
    "visit_encoder": {
      "total": 4583681,
      "trainable": 1981697
    },
    "fusion": {
      "total": 423808,
      "trainable": 423808
    },
    "drug_gnn": {
      "total": 2007616,
      "trainable": 2007616
    },
    "predictor": {
      "total": 369990,
      "trainable": 369990
    },
    "model_total": {
      "total": 7648263,
      "trainable": 5046279
    }
  },
  "threshold_sweep": {
    "0.4": {
      "Jaccard": 0.545541,
      "Avg Meds": 23.521559,
      "Avg True Meds": 19.901327,
      "DDI Rate": 0.079254
    },
    "0.45": {
      "Jaccard": 0.547261,
      "Avg Meds": 22.690714,
      "Avg True Meds": 19.901327,
      "DDI Rate": 0.079557
    },
    "0.5": {
      "Jaccard": 0.549173,
      "Avg Meds": 21.963516,
      "Avg True Meds": 19.901327,
      "DDI Rate": 0.079694
    },
    "0.55": {
      "Jaccard": 0.550149,
      "Avg Meds": 21.300995,
      "Avg True Meds": 19.901327,
      "DDI Rate": 0.080138
    },
    "0.6": {
      "Jaccard": 0.54929,
      "Avg Meds": 20.586235,
      "Avg True Meds": 19.901327,
      "DDI Rate": 0.080367
    },
    "0.65": {
      "Jaccard": 0.5487,
      "Avg Meds": 19.860697,
      "Avg True Meds": 19.901327,
      "DDI Rate": 0.080953
    },
    "0.7": {
      "Jaccard": 0.546243,
      "Avg Meds": 19.129353,
      "Avg True Meds": 19.901327,
      "DDI Rate": 0.080556
    },
    "0.75": {
      "Jaccard": 0.543183,
      "Avg Meds": 18.32753,
      "Avg True Meds": 19.901327,
      "DDI Rate": 0.080726
    }
  },
  "calibrated_threshold": 0.65,
  "calibrated_metrics": {
    "Jaccard": 0.5487,
    "Avg Meds": 19.860697,
    "Avg True Meds": 19.901327,
    "DDI Rate": 0.080953
  },
  "config": {
    "hidden_dim": 256,
    "use_notes": true,
    "use_labs": true,
    "use_copy": false,
    "fusion_strategy": "film",
    "lab_dim": 400,
    "pos_weight_cap": 5.0,
    "use_cosine_lr": false,
    "contrastive_weight": 0.0,
    "margin_loss_weight": 0.0,
    "alignment_loss_weight": 0.1,
    "alignment_start_epoch": 1,
    "alignment_ramp_epochs": 0
  }
}