{
  "seed": 42,
  "ablation": "full",
  "mimic_version": 3,
  "mimic4_full": false,
  "cohort_tag": "mimic3",
  "best_val_jaccard": 0.5450205206871033,
  "test_metrics": {
    "Jaccard": 0.5417168140411377,
    "F1": 0.6953249573707581,
    "PRAUC": 0.78400668590678,
    "DDI Rate": 0.07774567422924122,
    "Avg Meds": 21.85157585144043,
    "Avg True Meds": 19.90132713317871,
    "Precision": 0.6746988892555237,
    "Recall": 0.7447712421417236,
    "NHJ_new": 0.28221870801950755,
    "NHJ_dropped": 0.3489882428395121,
    "CVR": 0.0
  },
  "data_diagnostics": {
    "split_mode_requested": "hidr_vita",
    "require_cohort_split": false,
    "split_source": "hidr_vita_sequential",
    "split_seed_used": "n/a",
    "split_patient_counts": {
      "train": 4233,
      "val": 1059,
      "test": 1058
    },
    "split_example_counts": {
      "train": 6256,
      "val": 1220,
      "test": 1206
    },
    "ddi_density": 0.05261303581914269,
    "ddi_upper_pairs": 448,
    "ddi_total_pairs": 8515,
    "loaded_artifacts": {
      "records": "data/processed/records_final.pkl",
      "cohort": "data/processed/cohort_mimic3.pkl",
      "ddi": "data/processed/ddi_A_final.pkl",
      "ehr": "data/processed/ehr_adj_final.pkl",
      "embeddings": "data/embeddings/code_embeddings.pt",
      "notes": "data/processed/note_embeddings_mimic3.pkl"
    }
  },
  "param_counts": {
    "visit_encoder": {
      "total": 5762817,
      "trainable": 3160833
    },
    "fusion": {
      "total": 400512,
      "trainable": 400512
    },
    "drug_gnn": {
      "total": 1974080,
      "trainable": 1974080
    },
    "predictor": {
      "total": 327942,
      "trainable": 327941
    },
    "model_total": {
      "total": 8728519,
      "trainable": 6126534
    }
  },
  "threshold_sweep": {
    "0.4": {
      "Jaccard": 0.538001,
      "Avg Meds": 23.678276,
      "Avg True Meds": 19.901327,
      "DDI Rate": 0.077027
    },
    "0.45": {
      "Jaccard": 0.540298,
      "Avg Meds": 22.733831,
      "Avg True Meds": 19.901327,
      "DDI Rate": 0.077359
    },
    "0.5": {
      "Jaccard": 0.541717,
      "Avg Meds": 21.851576,
      "Avg True Meds": 19.901327,
      "DDI Rate": 0.077746
    },
    "0.55": {
      "Jaccard": 0.541992,
      "Avg Meds": 20.956053,
      "Avg True Meds": 19.901327,
      "DDI Rate": 0.078139
    },
    "0.6": {
      "Jaccard": 0.54041,
      "Avg Meds": 20.075457,
      "Avg True Meds": 19.901327,
      "DDI Rate": 0.078495
    },
    "0.65": {
      "Jaccard": 0.537347,
      "Avg Meds": 19.216417,
      "Avg True Meds": 19.901327,
      "DDI Rate": 0.078782
    },
    "0.7": {
      "Jaccard": 0.53411,
      "Avg Meds": 18.31592,
      "Avg True Meds": 19.901327,
      "DDI Rate": 0.07957
    },
    "0.75": {
      "Jaccard": 0.52881,
      "Avg Meds": 17.377281,
      "Avg True Meds": 19.901327,
      "DDI Rate": 0.079558
    }
  },
  "calibrated_threshold": 0.6,
  "calibrated_metrics": {
    "Jaccard": 0.54041,
    "Avg Meds": 20.075457,
    "Avg True Meds": 19.901327,
    "DDI Rate": 0.078495
  },
  "config": {
    "hidden_dim": 256,
    "use_notes": true,
    "use_labs": false,
    "use_copy": false,
    "fusion_strategy": "film",
    "lab_dim": 0,
    "pos_weight_cap": 5.0,
    "use_cosine_lr": false,
    "contrastive_weight": 0.0,
    "margin_loss_weight": 0.0,
    "alignment_loss_weight": 0.1,
    "alignment_start_epoch": 1,
    "alignment_ramp_epochs": 0
  }
}