{
  "seed": 123,
  "ablation": "full",
  "mimic_version": 3,
  "mimic4_full": false,
  "cohort_tag": "mimic3",
  "best_val_jaccard": 0.5554730296134949,
  "test_metrics": {
    "Jaccard": 0.5553656816482544,
    "F1": 0.7062628865242004,
    "PRAUC": 0.787850229993719,
    "DDI Rate": 0.08152826816906658,
    "Avg Meds": 22.091211318969727,
    "Avg True Meds": 19.90132713317871,
    "Precision": 0.6772332191467285,
    "Recall": 0.7660934329032898,
    "NHJ_new": 0.2814593409237109,
    "NHJ_dropped": 0.31386973669654444,
    "CVR": 0.0
  },
  "data_diagnostics": {
    "split_mode_requested": "hidr_vita",
    "require_cohort_split": false,
    "split_source": "hidr_vita_sequential",
    "split_seed_used": "n/a",
    "split_patient_counts": {
      "train": 4233,
      "val": 1059,
      "test": 1058
    },
    "split_example_counts": {
      "train": 6256,
      "val": 1220,
      "test": 1206
    },
    "ddi_density": 0.05261303581914269,
    "ddi_upper_pairs": 448,
    "ddi_total_pairs": 8515,
    "loaded_artifacts": {
      "records": "data/processed/records_final.pkl",
      "cohort": "data/processed/cohort_mimic3.pkl",
      "ddi": "data/processed/ddi_A_final.pkl",
      "ehr": "data/processed/ehr_adj_final.pkl",
      "embeddings": "data/embeddings/code_embeddings.pt",
      "notes": "data/processed/note_embeddings_mimic3.pkl"
    }
  },
  "param_counts": {
    "visit_encoder": {
      "total": 5108993,
      "trainable": 2507009
    },
    "fusion": {
      "total": 400512,
      "trainable": 400512
    },
    "drug_gnn": {
      "total": 395008,
      "trainable": 395008
    },
    "predictor": {
      "total": 1571465,
      "trainable": 1381894
    },
    "model_total": {
      "total": 7739146,
      "trainable": 4947591
    }
  },
  "threshold_sweep": {
    "0.4": {
      "Jaccard": 0.555167,
      "Avg Meds": 23.150911,
      "Avg True Meds": 19.901327,
      "DDI Rate": 0.079977
    },
    "0.45": {
      "Jaccard": 0.554703,
      "Avg Meds": 22.621891,
      "Avg True Meds": 19.901327,
      "DDI Rate": 0.080615
    },
    "0.5": {
      "Jaccard": 0.555366,
      "Avg Meds": 22.091211,
      "Avg True Meds": 19.901327,
      "DDI Rate": 0.081528
    },
    "0.55": {
      "Jaccard": 0.555303,
      "Avg Meds": 21.566336,
      "Avg True Meds": 19.901327,
      "DDI Rate": 0.081687
    },
    "0.6": {
      "Jaccard": 0.554767,
      "Avg Meds": 21.054726,
      "Avg True Meds": 19.901327,
      "DDI Rate": 0.082318
    },
    "0.65": {
      "Jaccard": 0.55388,
      "Avg Meds": 20.509951,
      "Avg True Meds": 19.901327,
      "DDI Rate": 0.083034
    },
    "0.7": {
      "Jaccard": 0.552834,
      "Avg Meds": 19.985075,
      "Avg True Meds": 19.901327,
      "DDI Rate": 0.083405
    },
    "0.75": {
      "Jaccard": 0.551029,
      "Avg Meds": 19.399668,
      "Avg True Meds": 19.901327,
      "DDI Rate": 0.084052
    }
  },
  "calibrated_threshold": 0.7,
  "calibrated_metrics": {
    "Jaccard": 0.552834,
    "Avg Meds": 19.985075,
    "Avg True Meds": 19.901327,
    "DDI Rate": 0.083405
  },
  "config": {
    "hidden_dim": 256,
    "use_notes": true,
    "use_labs": false,
    "use_copy": true,
    "fusion_strategy": "film",
    "lab_dim": 0,
    "pos_weight_cap": 5.0,
    "use_cosine_lr": false,
    "contrastive_weight": 0.0,
    "margin_loss_weight": 0.0,
    "alignment_loss_weight": 0.1,
    "alignment_start_epoch": 1,
    "alignment_ramp_epochs": 0
  }
}