{
  "seed": 123,
  "ablation": "full",
  "mimic_version": 3,
  "mimic4_full": false,
  "cohort_tag": "mimic3",
  "best_val_jaccard": 0.516377866268158,
  "test_metrics": {
    "Jaccard": 0.5170018076896667,
    "F1": 0.6738424897193909,
    "PRAUC": 0.7698298458040931,
    "DDI Rate": 0.08214328251548357,
    "Avg Meds": 23.28772735595703,
    "Avg True Meds": 19.90132713317871,
    "Precision": 0.6384366154670715,
    "Recall": 0.7540121674537659,
    "NHJ_new": 0.2596290864442524,
    "NHJ_dropped": 0.3155925069984637,
    "CVR": 0.0
  },
  "data_diagnostics": {
    "split_mode_requested": "hidr_vita",
    "require_cohort_split": false,
    "split_source": "hidr_vita_sequential",
    "split_seed_used": "n/a",
    "split_patient_counts": {
      "train": 4233,
      "val": 1059,
      "test": 1058
    },
    "split_example_counts": {
      "train": 6256,
      "val": 1220,
      "test": 1206
    },
    "ddi_density": 0.05261303581914269,
    "ddi_upper_pairs": 448,
    "ddi_total_pairs": 8515,
    "loaded_artifacts": {
      "records": "data/processed/records_final.pkl",
      "cohort": "data/processed/cohort_mimic3.pkl",
      "ddi": "data/processed/ddi_A_final.pkl",
      "ehr": "data/processed/ehr_adj_final.pkl",
      "embeddings": "data/embeddings/code_embeddings.pt",
      "notes": "data/processed/note_embeddings_groq_intent.pkl"
    }
  },
  "param_counts": {
    "visit_encoder": {
      "total": 4649474,
      "trainable": 2047490
    },
    "fusion": {
      "total": 400512,
      "trainable": 400512
    },
    "drug_gnn": {
      "total": 1151776,
      "trainable": 1151776
    },
    "predictor": {
      "total": 327942,
      "trainable": 327941
    },
    "model_total": {
      "total": 6792872,
      "trainable": 4190887
    }
  },
  "threshold_sweep": {
    "0.4": {
      "Jaccard": 0.512615,
      "Avg Meds": 25.38806,
      "Avg True Meds": 19.901327,
      "DDI Rate": 0.080518
    },
    "0.45": {
      "Jaccard": 0.51447,
      "Avg Meds": 24.333334,
      "Avg True Meds": 19.901327,
      "DDI Rate": 0.081214
    },
    "0.5": {
      "Jaccard": 0.517002,
      "Avg Meds": 23.287727,
      "Avg True Meds": 19.901327,
      "DDI Rate": 0.082143
    },
    "0.55": {
      "Jaccard": 0.519167,
      "Avg Meds": 22.283583,
      "Avg True Meds": 19.901327,
      "DDI Rate": 0.082897
    },
    "0.6": {
      "Jaccard": 0.519553,
      "Avg Meds": 21.294361,
      "Avg True Meds": 19.901327,
      "DDI Rate": 0.083869
    },
    "0.65": {
      "Jaccard": 0.519003,
      "Avg Meds": 20.27529,
      "Avg True Meds": 19.901327,
      "DDI Rate": 0.08442
    },
    "0.7": {
      "Jaccard": 0.516818,
      "Avg Meds": 19.300165,
      "Avg True Meds": 19.901327,
      "DDI Rate": 0.085398
    },
    "0.75": {
      "Jaccard": 0.511611,
      "Avg Meds": 18.204809,
      "Avg True Meds": 19.901327,
      "DDI Rate": 0.086092
    }
  },
  "calibrated_threshold": 0.65,
  "calibrated_metrics": {
    "Jaccard": 0.519003,
    "Avg Meds": 20.27529,
    "Avg True Meds": 19.901327,
    "DDI Rate": 0.08442
  },
  "config": {
    "hidden_dim": 256,
    "use_notes": true,
    "use_labs": false,
    "use_copy": false,
    "fusion_strategy": "film",
    "lab_dim": 0,
    "pos_weight_cap": 5.0,
    "use_cosine_lr": false,
    "contrastive_weight": 0.0,
    "margin_loss_weight": 0.0,
    "alignment_loss_weight": 0.1,
    "alignment_start_epoch": 1,
    "alignment_ramp_epochs": 0
  }
}