{
  "seed": 42,
  "ablation": "full",
  "mimic_version": 3,
  "mimic4_full": false,
  "cohort_tag": "mimic3",
  "best_val_jaccard": 0.5641400218009949,
  "test_metrics": {
    "Jaccard": 0.5586849451065063,
    "F1": 0.709208071231842,
    "PRAUC": 0.7985623833880386,
    "DDI Rate": 0.0770418069840114,
    "Avg Meds": 20.286069869995117,
    "Avg True Meds": 19.90132713317871,
    "Precision": 0.7109490633010864,
    "Recall": 0.7296739220619202,
    "NHJ_new": 0.2638049745245984,
    "NHJ_dropped": 0.3387818838420667,
    "CVR": 0.0
  },
  "data_diagnostics": {
    "split_mode_requested": "hidr_vita",
    "require_cohort_split": false,
    "split_source": "hidr_vita_sequential",
    "split_seed_used": "n/a",
    "split_patient_counts": {
      "train": 4233,
      "val": 1059,
      "test": 1058
    },
    "split_example_counts": {
      "train": 6256,
      "val": 1220,
      "test": 1206
    },
    "ddi_density": 0.05261303581914269,
    "ddi_upper_pairs": 448,
    "ddi_total_pairs": 8515,
    "loaded_artifacts": {
      "records": "data/processed/records_final.pkl",
      "cohort": "data/processed/cohort_mimic3.pkl",
      "ddi": "data/processed/ddi_A_final.pkl",
      "ehr": "data/processed/ehr_adj_final.pkl",
      "embeddings": "data/embeddings/code_embeddings.pt",
      "notes": "data/processed/note_embeddings_mimic3.pkl",
      "labs": "data/processed/lab_vectors_200labs.pkl"
    }
  },
  "param_counts": {
    "visit_encoder": {
      "total": 6292225,
      "trainable": 3690241
    },
    "fusion": {
      "total": 423808,
      "trainable": 423808
    },
    "drug_gnn": {
      "total": 1974080,
      "trainable": 1974080
    },
    "predictor": {
      "total": 559560,
      "trainable": 559560
    },
    "model_total": {
      "total": 9512841,
      "trainable": 6910857
    }
  },
  "threshold_sweep": {
    "0.4": {
      "Jaccard": 0.560141,
      "Avg Meds": 21.92786,
      "Avg True Meds": 19.901327,
      "DDI Rate": 0.077799
    },
    "0.45": {
      "Jaccard": 0.55973,
      "Avg Meds": 21.076284,
      "Avg True Meds": 19.901327,
      "DDI Rate": 0.07759
    },
    "0.5": {
      "Jaccard": 0.558685,
      "Avg Meds": 20.28607,
      "Avg True Meds": 19.901327,
      "DDI Rate": 0.077042
    },
    "0.55": {
      "Jaccard": 0.55683,
      "Avg Meds": 19.554726,
      "Avg True Meds": 19.901327,
      "DDI Rate": 0.076326
    },
    "0.6": {
      "Jaccard": 0.554631,
      "Avg Meds": 18.736319,
      "Avg True Meds": 19.901327,
      "DDI Rate": 0.075397
    },
    "0.65": {
      "Jaccard": 0.549792,
      "Avg Meds": 17.992537,
      "Avg True Meds": 19.901327,
      "DDI Rate": 0.074642
    },
    "0.7": {
      "Jaccard": 0.543127,
      "Avg Meds": 17.179104,
      "Avg True Meds": 19.901327,
      "DDI Rate": 0.074227
    },
    "0.75": {
      "Jaccard": 0.535424,
      "Avg Meds": 16.311775,
      "Avg True Meds": 19.901327,
      "DDI Rate": 0.072726
    }
  },
  "calibrated_threshold": 0.55,
  "calibrated_metrics": {
    "Jaccard": 0.55683,
    "Avg Meds": 19.554726,
    "Avg True Meds": 19.901327,
    "DDI Rate": 0.076326
  },
  "config": {
    "hidden_dim": 256,
    "use_notes": true,
    "use_labs": true,
    "use_copy": true,
    "fusion_strategy": "film",
    "lab_dim": 400,
    "pos_weight_cap": 5.0,
    "use_cosine_lr": false,
    "contrastive_weight": 0.0,
    "margin_loss_weight": 0.0,
    "alignment_loss_weight": 0.1,
    "alignment_start_epoch": 1,
    "alignment_ramp_epochs": 0
  }
}