{
  "seed": 42,
  "ablation": "full",
  "mimic_version": 3,
  "mimic4_full": false,
  "cohort_tag": "mimic3",
  "best_val_jaccard": 0.5450497269630432,
  "test_metrics": {
    "Jaccard": 0.5421005487442017,
    "F1": 0.6954010725021362,
    "PRAUC": 0.7879552011609201,
    "DDI Rate": 0.08078302769128773,
    "Avg Meds": 23.180763244628906,
    "Avg True Meds": 19.90132713317871,
    "Precision": 0.654803454875946,
    "Recall": 0.768548846244812,
    "NHJ_new": 0.29686099055566284,
    "NHJ_dropped": 0.34786757826805115,
    "CVR": 0.0
  },
  "data_diagnostics": {
    "split_mode_requested": "hidr_vita",
    "require_cohort_split": false,
    "split_source": "hidr_vita_sequential",
    "split_seed_used": "n/a",
    "split_patient_counts": {
      "train": 4233,
      "val": 1059,
      "test": 1058
    },
    "split_example_counts": {
      "train": 6256,
      "val": 1220,
      "test": 1206
    },
    "ddi_density": 0.05261303581914269,
    "ddi_upper_pairs": 448,
    "ddi_total_pairs": 8515,
    "loaded_artifacts": {
      "records": "data/processed/records_final.pkl",
      "cohort": "data/processed/cohort_mimic3.pkl",
      "ddi": "data/processed/ddi_A_final.pkl",
      "ehr": "data/processed/ehr_adj_final.pkl",
      "embeddings": "data/embeddings/code_embeddings.pt",
      "notes": "data/processed/note_embeddings_mimic3.pkl"
    }
  },
  "param_counts": {
    "visit_encoder": {
      "total": 4649474,
      "trainable": 2047490
    },
    "fusion": {
      "total": 400512,
      "trainable": 400512
    },
    "drug_gnn": {
      "total": 1151776,
      "trainable": 1151776
    },
    "predictor": {
      "total": 327942,
      "trainable": 327941
    },
    "model_total": {
      "total": 6792872,
      "trainable": 4190887
    }
  },
  "threshold_sweep": {
    "0.4": {
      "Jaccard": 0.536834,
      "Avg Meds": 25.037313,
      "Avg True Meds": 19.901327,
      "DDI Rate": 0.079532
    },
    "0.45": {
      "Jaccard": 0.540103,
      "Avg Meds": 24.079601,
      "Avg True Meds": 19.901327,
      "DDI Rate": 0.080067
    },
    "0.5": {
      "Jaccard": 0.542101,
      "Avg Meds": 23.180763,
      "Avg True Meds": 19.901327,
      "DDI Rate": 0.080783
    },
    "0.55": {
      "Jaccard": 0.543426,
      "Avg Meds": 22.317579,
      "Avg True Meds": 19.901327,
      "DDI Rate": 0.081234
    },
    "0.6": {
      "Jaccard": 0.545012,
      "Avg Meds": 21.463516,
      "Avg True Meds": 19.901327,
      "DDI Rate": 0.081627
    },
    "0.65": {
      "Jaccard": 0.545864,
      "Avg Meds": 20.592039,
      "Avg True Meds": 19.901327,
      "DDI Rate": 0.081817
    },
    "0.7": {
      "Jaccard": 0.54405,
      "Avg Meds": 19.678276,
      "Avg True Meds": 19.901327,
      "DDI Rate": 0.082198
    },
    "0.75": {
      "Jaccard": 0.5414,
      "Avg Meds": 18.749586,
      "Avg True Meds": 19.901327,
      "DDI Rate": 0.082967
    }
  },
  "calibrated_threshold": 0.7,
  "calibrated_metrics": {
    "Jaccard": 0.54405,
    "Avg Meds": 19.678276,
    "Avg True Meds": 19.901327,
    "DDI Rate": 0.082198
  },
  "config": {
    "hidden_dim": 256,
    "use_notes": true,
    "use_labs": false,
    "use_copy": false,
    "fusion_strategy": "film",
    "lab_dim": 0,
    "pos_weight_cap": 5.0,
    "use_cosine_lr": false,
    "contrastive_weight": 0.0,
    "margin_loss_weight": 0.0,
    "alignment_loss_weight": 0.1,
    "alignment_start_epoch": 1,
    "alignment_ramp_epochs": 0
  }
}