{
  "seed": 42,
  "ablation": "full",
  "mimic_version": 3,
  "mimic4_full": false,
  "cohort_tag": "mimic3",
  "best_val_jaccard": 0.4991035461425781,
  "test_metrics": {
    "Jaccard": 0.4999330937862396,
    "F1": 0.658927321434021,
    "PRAUC": 0.7552502891509888,
    "DDI Rate": 0.08174627108028486,
    "Avg Meds": 23.72885513305664,
    "Avg True Meds": 19.90132713317871,
    "Precision": 0.6197652220726013,
    "Recall": 0.7494515180587769,
    "NHJ_new": 0.2386743936099504,
    "NHJ_dropped": 0.28812321000977564,
    "CVR": 0.0
  },
  "data_diagnostics": {
    "split_mode_requested": "hidr_vita",
    "require_cohort_split": false,
    "split_source": "hidr_vita_sequential",
    "split_seed_used": "n/a",
    "split_patient_counts": {
      "train": 4233,
      "val": 1059,
      "test": 1058
    },
    "split_example_counts": {
      "train": 6256,
      "val": 1220,
      "test": 1206
    },
    "ddi_density": 0.05261303581914269,
    "ddi_upper_pairs": 448,
    "ddi_total_pairs": 8515,
    "loaded_artifacts": {
      "records": "data/processed/records_final.pkl",
      "cohort": "data/processed/cohort_mimic3.pkl",
      "ddi": "data/processed/ddi_A_final.pkl",
      "ehr": "data/processed/ehr_adj_final.pkl",
      "embeddings": "data/embeddings/code_embeddings.pt"
    }
  },
  "param_counts": {
    "visit_encoder": {
      "total": 4649474,
      "trainable": 2047490
    },
    "drug_gnn": {
      "total": 2007616,
      "trainable": 2007616
    },
    "predictor": {
      "total": 262406,
      "trainable": 262404
    },
    "model_total": {
      "total": 7182664,
      "trainable": 4580678
    }
  },
  "threshold_sweep": {
    "0.4": {
      "Jaccard": 0.492856,
      "Avg Meds": 26.242952,
      "Avg True Meds": 19.901327,
      "DDI Rate": 0.079267
    },
    "0.45": {
      "Jaccard": 0.496782,
      "Avg Meds": 24.974295,
      "Avg True Meds": 19.901327,
      "DDI Rate": 0.080252
    },
    "0.5": {
      "Jaccard": 0.499933,
      "Avg Meds": 23.728855,
      "Avg True Meds": 19.901327,
      "DDI Rate": 0.081746
    },
    "0.55": {
      "Jaccard": 0.500775,
      "Avg Meds": 22.644279,
      "Avg True Meds": 19.901327,
      "DDI Rate": 0.083022
    },
    "0.6": {
      "Jaccard": 0.500707,
      "Avg Meds": 21.521559,
      "Avg True Meds": 19.901327,
      "DDI Rate": 0.08427
    },
    "0.65": {
      "Jaccard": 0.5003,
      "Avg Meds": 20.436153,
      "Avg True Meds": 19.901327,
      "DDI Rate": 0.085511
    },
    "0.7": {
      "Jaccard": 0.498364,
      "Avg Meds": 19.293531,
      "Avg True Meds": 19.901327,
      "DDI Rate": 0.086775
    },
    "0.75": {
      "Jaccard": 0.495059,
      "Avg Meds": 18.190714,
      "Avg True Meds": 19.901327,
      "DDI Rate": 0.088416
    }
  },
  "calibrated_threshold": 0.65,
  "calibrated_metrics": {
    "Jaccard": 0.5003,
    "Avg Meds": 20.436153,
    "Avg True Meds": 19.901327,
    "DDI Rate": 0.085511
  },
  "config": {
    "hidden_dim": 256,
    "use_notes": false,
    "use_labs": false,
    "use_copy": false,
    "fusion_strategy": "film",
    "lab_dim": 0,
    "pos_weight_cap": 5.0,
    "use_cosine_lr": false,
    "contrastive_weight": 0.0,
    "margin_loss_weight": 0.0,
    "alignment_loss_weight": 0.1,
    "alignment_start_epoch": 1,
    "alignment_ramp_epochs": 0
  }
}