{
  "seed": 456,
  "ablation": "full",
  "mimic_version": 3,
  "mimic4_full": false,
  "cohort_tag": "mimic3",
  "best_val_jaccard": 0.5420994758605957,
  "test_metrics": {
    "Jaccard": 0.5381265878677368,
    "F1": 0.6920345425605774,
    "PRAUC": 0.782872695985049,
    "DDI Rate": 0.08052275114464798,
    "Avg Meds": 22.35489273071289,
    "Avg True Meds": 19.90132713317871,
    "Precision": 0.6649446487426758,
    "Recall": 0.7479246854782104,
    "NHJ_new": 0.282123022957852,
    "NHJ_dropped": 0.3642824872543937,
    "CVR": 0.0
  },
  "data_diagnostics": {
    "split_mode_requested": "hidr_vita",
    "require_cohort_split": false,
    "split_source": "hidr_vita_sequential",
    "split_seed_used": "n/a",
    "split_patient_counts": {
      "train": 4233,
      "val": 1059,
      "test": 1058
    },
    "split_example_counts": {
      "train": 6256,
      "val": 1220,
      "test": 1206
    },
    "ddi_density": 0.05261303581914269,
    "ddi_upper_pairs": 448,
    "ddi_total_pairs": 8515,
    "loaded_artifacts": {
      "records": "data/processed/records_final.pkl",
      "cohort": "data/processed/cohort_mimic3.pkl",
      "ddi": "data/processed/ddi_A_final.pkl",
      "ehr": "data/processed/ehr_adj_final.pkl",
      "embeddings": "data/embeddings/code_embeddings.pt",
      "labs": "data/processed/lab_vectors_446_MAXlabs.pkl"
    }
  },
  "param_counts": {
    "visit_encoder": {
      "total": 4649474,
      "trainable": 2047490
    },
    "fusion": {
      "total": 455296,
      "trainable": 455296
    },
    "drug_gnn": {
      "total": 1151776,
      "trainable": 1151776
    },
    "predictor": {
      "total": 335942,
      "trainable": 335941
    },
    "model_total": {
      "total": 6855656,
      "trainable": 4253671
    }
  },
  "threshold_sweep": {
    "0.4": {
      "Jaccard": 0.534296,
      "Avg Meds": 24.154228,
      "Avg True Meds": 19.901327,
      "DDI Rate": 0.080382
    },
    "0.45": {
      "Jaccard": 0.536398,
      "Avg Meds": 23.194031,
      "Avg True Meds": 19.901327,
      "DDI Rate": 0.080968
    },
    "0.5": {
      "Jaccard": 0.538127,
      "Avg Meds": 22.354893,
      "Avg True Meds": 19.901327,
      "DDI Rate": 0.080523
    },
    "0.55": {
      "Jaccard": 0.53943,
      "Avg Meds": 21.549751,
      "Avg True Meds": 19.901327,
      "DDI Rate": 0.080943
    },
    "0.6": {
      "Jaccard": 0.539819,
      "Avg Meds": 20.7869,
      "Avg True Meds": 19.901327,
      "DDI Rate": 0.080356
    },
    "0.65": {
      "Jaccard": 0.537842,
      "Avg Meds": 19.963516,
      "Avg True Meds": 19.901327,
      "DDI Rate": 0.080704
    },
    "0.7": {
      "Jaccard": 0.535258,
      "Avg Meds": 19.104477,
      "Avg True Meds": 19.901327,
      "DDI Rate": 0.080693
    },
    "0.75": {
      "Jaccard": 0.53172,
      "Avg Meds": 18.226368,
      "Avg True Meds": 19.901327,
      "DDI Rate": 0.081401
    }
  },
  "calibrated_threshold": 0.65,
  "calibrated_metrics": {
    "Jaccard": 0.537842,
    "Avg Meds": 19.963516,
    "Avg True Meds": 19.901327,
    "DDI Rate": 0.080704
  },
  "config": {
    "hidden_dim": 256,
    "use_notes": false,
    "use_labs": true,
    "use_copy": false,
    "fusion_strategy": "film",
    "lab_dim": 892,
    "pos_weight_cap": 5.0,
    "use_cosine_lr": false,
    "contrastive_weight": 0.0,
    "margin_loss_weight": 0.0,
    "alignment_loss_weight": 0.1,
    "alignment_start_epoch": 1,
    "alignment_ramp_epochs": 0
  }
}