{
  "seed": 42,
  "ablation": "full",
  "mimic_version": 3,
  "mimic4_full": false,
  "cohort_tag": "mimic3",
  "best_val_jaccard": 0.5446563959121704,
  "test_metrics": {
    "Jaccard": 0.5410060882568359,
    "F1": 0.6944968700408936,
    "PRAUC": 0.7875145886363147,
    "DDI Rate": 0.07756998973391416,
    "Avg Meds": 23.79021644592285,
    "Avg True Meds": 19.90132713317871,
    "Precision": 0.6476684212684631,
    "Recall": 0.7772004008293152,
    "NHJ_new": 0.2955065157852675,
    "NHJ_dropped": 0.3465873630423295,
    "CVR": 0.0
  },
  "data_diagnostics": {
    "split_mode_requested": "hidr_vita",
    "require_cohort_split": false,
    "split_source": "hidr_vita_sequential",
    "split_seed_used": "n/a",
    "split_patient_counts": {
      "train": 4233,
      "val": 1059,
      "test": 1058
    },
    "split_example_counts": {
      "train": 6256,
      "val": 1220,
      "test": 1206
    },
    "ddi_density": 0.05261303581914269,
    "ddi_upper_pairs": 448,
    "ddi_total_pairs": 8515,
    "loaded_artifacts": {
      "records": "data/processed/records_final.pkl",
      "cohort": "data/processed/cohort_mimic3.pkl",
      "ddi": "data/processed/ddi_A_final.pkl",
      "ehr": "data/processed/ehr_adj_final.pkl",
      "embeddings": "data/embeddings/code_embeddings.pt",
      "notes": "data/processed/note_embeddings_mimic3.pkl"
    }
  },
  "param_counts": {
    "visit_encoder": {
      "total": 4583681,
      "trainable": 1981697
    },
    "fusion": {
      "total": 400512,
      "trainable": 400512
    },
    "drug_gnn": {
      "total": 395008,
      "trainable": 395008
    },
    "predictor": {
      "total": 327942,
      "trainable": 327941
    },
    "model_total": {
      "total": 5970311,
      "trainable": 3368326
    }
  },
  "threshold_sweep": {
    "0.4": {
      "Jaccard": 0.533921,
      "Avg Meds": 25.674129,
      "Avg True Meds": 19.901327,
      "DDI Rate": 0.077308
    },
    "0.45": {
      "Jaccard": 0.538401,
      "Avg Meds": 24.710613,
      "Avg True Meds": 19.901327,
      "DDI Rate": 0.077308
    },
    "0.5": {
      "Jaccard": 0.541006,
      "Avg Meds": 23.790216,
      "Avg True Meds": 19.901327,
      "DDI Rate": 0.07757
    },
    "0.55": {
      "Jaccard": 0.542578,
      "Avg Meds": 22.88723,
      "Avg True Meds": 19.901327,
      "DDI Rate": 0.077989
    },
    "0.6": {
      "Jaccard": 0.542553,
      "Avg Meds": 22.013268,
      "Avg True Meds": 19.901327,
      "DDI Rate": 0.078083
    },
    "0.65": {
      "Jaccard": 0.542668,
      "Avg Meds": 21.14262,
      "Avg True Meds": 19.901327,
      "DDI Rate": 0.078009
    },
    "0.7": {
      "Jaccard": 0.543203,
      "Avg Meds": 20.25539,
      "Avg True Meds": 19.901327,
      "DDI Rate": 0.078347
    },
    "0.75": {
      "Jaccard": 0.54158,
      "Avg Meds": 19.330017,
      "Avg True Meds": 19.901327,
      "DDI Rate": 0.078709
    }
  },
  "calibrated_threshold": 0.7,
  "calibrated_metrics": {
    "Jaccard": 0.543203,
    "Avg Meds": 20.25539,
    "Avg True Meds": 19.901327,
    "DDI Rate": 0.078347
  },
  "config": {
    "hidden_dim": 256,
    "use_notes": true,
    "use_labs": false,
    "use_copy": false,
    "fusion_strategy": "film",
    "lab_dim": 0,
    "pos_weight_cap": 5.0,
    "use_cosine_lr": false,
    "contrastive_weight": 0.0,
    "margin_loss_weight": 0.0,
    "alignment_loss_weight": 0.1,
    "alignment_start_epoch": 1,
    "alignment_ramp_epochs": 0
  }
}