{
  "seed": 456,
  "ablation": "full",
  "mimic_version": 3,
  "mimic4_full": false,
  "cohort_tag": "mimic3",
  "best_val_jaccard": 0.5529347658157349,
  "test_metrics": {
    "Jaccard": 0.5516332387924194,
    "F1": 0.7035993933677673,
    "PRAUC": 0.7940913432965822,
    "DDI Rate": 0.07979418024838865,
    "Avg Meds": 22.79353141784668,
    "Avg True Meds": 19.90132713317871,
    "Precision": 0.6672906279563904,
    "Recall": 0.7658219933509827,
    "NHJ_new": 0.3073211649530812,
    "NHJ_dropped": 0.3874039069602364,
    "CVR": 0.0
  },
  "data_diagnostics": {
    "split_mode_requested": "hidr_vita",
    "require_cohort_split": false,
    "split_source": "hidr_vita_sequential",
    "split_seed_used": "n/a",
    "split_patient_counts": {
      "train": 4233,
      "val": 1059,
      "test": 1058
    },
    "split_example_counts": {
      "train": 6256,
      "val": 1220,
      "test": 1206
    },
    "ddi_density": 0.05261303581914269,
    "ddi_upper_pairs": 448,
    "ddi_total_pairs": 8515,
    "loaded_artifacts": {
      "records": "data/processed/records_final.pkl",
      "cohort": "data/processed/cohort_mimic3.pkl",
      "ddi": "data/processed/ddi_A_final.pkl",
      "ehr": "data/processed/ehr_adj_final.pkl",
      "embeddings": "data/embeddings/code_embeddings.pt",
      "notes": "data/processed/note_embeddings_mimic3.pkl",
      "labs": "data/processed/lab_vectors_200labs.pkl"
    }
  },
  "param_counts": {
    "visit_encoder": {
      "total": 4583681,
      "trainable": 1981697
    },
    "fusion": {
      "total": 423808,
      "trainable": 423808
    },
    "drug_gnn": {
      "total": 262400,
      "trainable": 262400
    },
    "predictor": {
      "total": 369990,
      "trainable": 369990
    },
    "model_total": {
      "total": 5903047,
      "trainable": 3301063
    }
  },
  "threshold_sweep": {
    "0.4": {
      "Jaccard": 0.545881,
      "Avg Meds": 24.760365,
      "Avg True Meds": 19.901327,
      "DDI Rate": 0.079895
    },
    "0.45": {
      "Jaccard": 0.549402,
      "Avg Meds": 23.748756,
      "Avg True Meds": 19.901327,
      "DDI Rate": 0.079751
    },
    "0.5": {
      "Jaccard": 0.551633,
      "Avg Meds": 22.793531,
      "Avg True Meds": 19.901327,
      "DDI Rate": 0.079794
    },
    "0.55": {
      "Jaccard": 0.552744,
      "Avg Meds": 21.862354,
      "Avg True Meds": 19.901327,
      "DDI Rate": 0.079964
    },
    "0.6": {
      "Jaccard": 0.552946,
      "Avg Meds": 20.973467,
      "Avg True Meds": 19.901327,
      "DDI Rate": 0.080313
    },
    "0.65": {
      "Jaccard": 0.551363,
      "Avg Meds": 20.055555,
      "Avg True Meds": 19.901327,
      "DDI Rate": 0.080257
    },
    "0.7": {
      "Jaccard": 0.548722,
      "Avg Meds": 19.17247,
      "Avg True Meds": 19.901327,
      "DDI Rate": 0.080486
    },
    "0.75": {
      "Jaccard": 0.543978,
      "Avg Meds": 18.165009,
      "Avg True Meds": 19.901327,
      "DDI Rate": 0.080856
    }
  },
  "calibrated_threshold": 0.65,
  "calibrated_metrics": {
    "Jaccard": 0.551363,
    "Avg Meds": 20.055555,
    "Avg True Meds": 19.901327,
    "DDI Rate": 0.080257
  },
  "config": {
    "hidden_dim": 256,
    "use_notes": true,
    "use_labs": true,
    "use_copy": false,
    "fusion_strategy": "film",
    "lab_dim": 400,
    "pos_weight_cap": 5.0,
    "use_cosine_lr": false,
    "contrastive_weight": 0.0,
    "margin_loss_weight": 0.0,
    "alignment_loss_weight": 0.1,
    "alignment_start_epoch": 1,
    "alignment_ramp_epochs": 0
  }
}