{
  "seed": 123,
  "ablation": "full",
  "mimic_version": 3,
  "mimic4_full": false,
  "cohort_tag": "mimic3",
  "best_val_jaccard": 0.5409263968467712,
  "test_metrics": {
    "Jaccard": 0.5403123497962952,
    "F1": 0.6936458349227905,
    "PRAUC": 0.7813307573758086,
    "DDI Rate": 0.08154112699017813,
    "Avg Meds": 22.529022216796875,
    "Avg True Meds": 19.90132713317871,
    "Precision": 0.6625779271125793,
    "Recall": 0.7537019848823547,
    "NHJ_new": 0.2868966946476384,
    "NHJ_dropped": 0.36741959264403895,
    "CVR": 0.0
  },
  "data_diagnostics": {
    "split_mode_requested": "hidr_vita",
    "require_cohort_split": false,
    "split_source": "hidr_vita_sequential",
    "split_seed_used": "n/a",
    "split_patient_counts": {
      "train": 4233,
      "val": 1059,
      "test": 1058
    },
    "split_example_counts": {
      "train": 6256,
      "val": 1220,
      "test": 1206
    },
    "ddi_density": 0.05261303581914269,
    "ddi_upper_pairs": 448,
    "ddi_total_pairs": 8515,
    "loaded_artifacts": {
      "records": "data/processed/records_final.pkl",
      "cohort": "data/processed/cohort_mimic3.pkl",
      "ddi": "data/processed/ddi_A_final.pkl",
      "ehr": "data/processed/ehr_adj_final.pkl",
      "embeddings": "data/embeddings/code_embeddings.pt",
      "labs": "data/processed/lab_vectors_200labs.pkl"
    }
  },
  "param_counts": {
    "visit_encoder": {
      "total": 4583681,
      "trainable": 1981697
    },
    "fusion": {
      "total": 423808,
      "trainable": 423808
    },
    "drug_gnn": {
      "total": 1974080,
      "trainable": 1974080
    },
    "predictor": {
      "total": 699718,
      "trainable": 699717
    },
    "model_total": {
      "total": 7944455,
      "trainable": 5342470
    }
  },
  "threshold_sweep": {
    "0.4": {
      "Jaccard": 0.535878,
      "Avg Meds": 24.337479,
      "Avg True Meds": 19.901327,
      "DDI Rate": 0.080509
    },
    "0.45": {
      "Jaccard": 0.539212,
      "Avg Meds": 23.400497,
      "Avg True Meds": 19.901327,
      "DDI Rate": 0.081217
    },
    "0.5": {
      "Jaccard": 0.540312,
      "Avg Meds": 22.529022,
      "Avg True Meds": 19.901327,
      "DDI Rate": 0.081541
    },
    "0.55": {
      "Jaccard": 0.540129,
      "Avg Meds": 21.740465,
      "Avg True Meds": 19.901327,
      "DDI Rate": 0.081978
    },
    "0.6": {
      "Jaccard": 0.540417,
      "Avg Meds": 20.950249,
      "Avg True Meds": 19.901327,
      "DDI Rate": 0.08272
    },
    "0.65": {
      "Jaccard": 0.538116,
      "Avg Meds": 20.116915,
      "Avg True Meds": 19.901327,
      "DDI Rate": 0.083656
    },
    "0.7": {
      "Jaccard": 0.535398,
      "Avg Meds": 19.296021,
      "Avg True Meds": 19.901327,
      "DDI Rate": 0.084102
    },
    "0.75": {
      "Jaccard": 0.5319,
      "Avg Meds": 18.416252,
      "Avg True Meds": 19.901327,
      "DDI Rate": 0.084786
    }
  },
  "calibrated_threshold": 0.65,
  "calibrated_metrics": {
    "Jaccard": 0.538116,
    "Avg Meds": 20.116915,
    "Avg True Meds": 19.901327,
    "DDI Rate": 0.083656
  },
  "config": {
    "hidden_dim": 256,
    "use_notes": false,
    "use_labs": true,
    "use_copy": false,
    "fusion_strategy": "film",
    "lab_dim": 400,
    "pos_weight_cap": 5.0,
    "use_cosine_lr": false,
    "contrastive_weight": 0.0,
    "margin_loss_weight": 0.0,
    "alignment_loss_weight": 0.1,
    "alignment_start_epoch": 1,
    "alignment_ramp_epochs": 0
  }
}