{
  "seed": 123,
  "ablation": "full",
  "mimic_version": 3,
  "mimic4_full": false,
  "cohort_tag": "mimic3",
  "best_val_jaccard": 0.545096755027771,
  "test_metrics": {
    "Jaccard": 0.5423853993415833,
    "F1": 0.6956179738044739,
    "PRAUC": 0.7854037203392933,
    "DDI Rate": 0.08289234317901599,
    "Avg Meds": 22.356550216674805,
    "Avg True Meds": 19.90132713317871,
    "Precision": 0.6667520999908447,
    "Recall": 0.7553742527961731,
    "NHJ_new": 0.2838258758971566,
    "NHJ_dropped": 0.3530708676890323,
    "CVR": 0.0
  },
  "data_diagnostics": {
    "split_mode_requested": "hidr_vita",
    "require_cohort_split": false,
    "split_source": "hidr_vita_sequential",
    "split_seed_used": "n/a",
    "split_patient_counts": {
      "train": 4233,
      "val": 1059,
      "test": 1058
    },
    "split_example_counts": {
      "train": 6256,
      "val": 1220,
      "test": 1206
    },
    "ddi_density": 0.05261303581914269,
    "ddi_upper_pairs": 448,
    "ddi_total_pairs": 8515,
    "loaded_artifacts": {
      "records": "data/processed/records_final.pkl",
      "cohort": "data/processed/cohort_mimic3.pkl",
      "ddi": "data/processed/ddi_A_final.pkl",
      "ehr": "data/processed/ehr_adj_final.pkl",
      "embeddings": "data/embeddings/code_embeddings.pt",
      "notes": "data/processed/note_embeddings_mimic3.pkl"
    }
  },
  "param_counts": {
    "visit_encoder": {
      "total": 5762817,
      "trainable": 3160833
    },
    "fusion": {
      "total": 400512,
      "trainable": 400512
    },
    "drug_gnn": {
      "total": 1974080,
      "trainable": 1974080
    },
    "predictor": {
      "total": 327942,
      "trainable": 327941
    },
    "model_total": {
      "total": 8728519,
      "trainable": 6126534
    }
  },
  "threshold_sweep": {
    "0.4": {
      "Jaccard": 0.537834,
      "Avg Meds": 24.437811,
      "Avg True Meds": 19.901327,
      "DDI Rate": 0.080999
    },
    "0.45": {
      "Jaccard": 0.540056,
      "Avg Meds": 23.39801,
      "Avg True Meds": 19.901327,
      "DDI Rate": 0.081949
    },
    "0.5": {
      "Jaccard": 0.542385,
      "Avg Meds": 22.35655,
      "Avg True Meds": 19.901327,
      "DDI Rate": 0.082892
    },
    "0.55": {
      "Jaccard": 0.543237,
      "Avg Meds": 21.393034,
      "Avg True Meds": 19.901327,
      "DDI Rate": 0.083723
    },
    "0.6": {
      "Jaccard": 0.54338,
      "Avg Meds": 20.485905,
      "Avg True Meds": 19.901327,
      "DDI Rate": 0.083968
    },
    "0.65": {
      "Jaccard": 0.541586,
      "Avg Meds": 19.584578,
      "Avg True Meds": 19.901327,
      "DDI Rate": 0.084505
    },
    "0.7": {
      "Jaccard": 0.538273,
      "Avg Meds": 18.607794,
      "Avg True Meds": 19.901327,
      "DDI Rate": 0.085661
    },
    "0.75": {
      "Jaccard": 0.53198,
      "Avg Meds": 17.620232,
      "Avg True Meds": 19.901327,
      "DDI Rate": 0.085899
    }
  },
  "calibrated_threshold": 0.65,
  "calibrated_metrics": {
    "Jaccard": 0.541586,
    "Avg Meds": 19.584578,
    "Avg True Meds": 19.901327,
    "DDI Rate": 0.084505
  },
  "config": {
    "hidden_dim": 256,
    "use_notes": true,
    "use_labs": false,
    "use_copy": false,
    "fusion_strategy": "film",
    "lab_dim": 0,
    "pos_weight_cap": 5.0,
    "use_cosine_lr": false,
    "contrastive_weight": 0.0,
    "margin_loss_weight": 0.0,
    "alignment_loss_weight": 0.1,
    "alignment_start_epoch": 1,
    "alignment_ramp_epochs": 0
  }
}