{
  "seed": 42,
  "ablation": "full",
  "mimic_version": 3,
  "mimic4_full": false,
  "cohort_tag": "mimic3",
  "best_val_jaccard": 0.502336323261261,
  "test_metrics": {
    "Jaccard": 0.5026344060897827,
    "F1": 0.6611356735229492,
    "PRAUC": 0.7593284061264638,
    "DDI Rate": 0.08068221620980576,
    "Avg Meds": 24.347429275512695,
    "Avg True Meds": 19.90132713317871,
    "Precision": 0.6151295900344849,
    "Recall": 0.7617968916893005,
    "NHJ_new": 0.24783988610694282,
    "NHJ_dropped": 0.27788697104705007,
    "CVR": 0.0
  },
  "data_diagnostics": {
    "split_mode_requested": "hidr_vita",
    "require_cohort_split": false,
    "split_source": "hidr_vita_sequential",
    "split_seed_used": "n/a",
    "split_patient_counts": {
      "train": 4233,
      "val": 1059,
      "test": 1058
    },
    "split_example_counts": {
      "train": 6256,
      "val": 1220,
      "test": 1206
    },
    "ddi_density": 0.05261303581914269,
    "ddi_upper_pairs": 448,
    "ddi_total_pairs": 8515,
    "loaded_artifacts": {
      "records": "data/processed/records_final.pkl",
      "cohort": "data/processed/cohort_mimic3.pkl",
      "ddi": "data/processed/ddi_A_final.pkl",
      "ehr": "data/processed/ehr_adj_final.pkl",
      "embeddings": "data/embeddings/code_embeddings.pt"
    }
  },
  "param_counts": {
    "visit_encoder": {
      "total": 4649474,
      "trainable": 2047490
    },
    "drug_gnn": {
      "total": 1151776,
      "trainable": 1151776
    },
    "predictor": {
      "total": 262406,
      "trainable": 262404
    },
    "model_total": {
      "total": 6326824,
      "trainable": 3724838
    }
  },
  "threshold_sweep": {
    "0.4": {
      "Jaccard": 0.496603,
      "Avg Meds": 26.646767,
      "Avg True Meds": 19.901327,
      "DDI Rate": 0.078869
    },
    "0.45": {
      "Jaccard": 0.500087,
      "Avg Meds": 25.485075,
      "Avg True Meds": 19.901327,
      "DDI Rate": 0.07973
    },
    "0.5": {
      "Jaccard": 0.502634,
      "Avg Meds": 24.347429,
      "Avg True Meds": 19.901327,
      "DDI Rate": 0.080682
    },
    "0.55": {
      "Jaccard": 0.504655,
      "Avg Meds": 23.262024,
      "Avg True Meds": 19.901327,
      "DDI Rate": 0.081766
    },
    "0.6": {
      "Jaccard": 0.504842,
      "Avg Meds": 22.165009,
      "Avg True Meds": 19.901327,
      "DDI Rate": 0.082923
    },
    "0.65": {
      "Jaccard": 0.503915,
      "Avg Meds": 21.098673,
      "Avg True Meds": 19.901327,
      "DDI Rate": 0.08388
    },
    "0.7": {
      "Jaccard": 0.503585,
      "Avg Meds": 19.97015,
      "Avg True Meds": 19.901327,
      "DDI Rate": 0.084841
    },
    "0.75": {
      "Jaccard": 0.499769,
      "Avg Meds": 18.806799,
      "Avg True Meds": 19.901327,
      "DDI Rate": 0.08565
    }
  },
  "calibrated_threshold": 0.7,
  "calibrated_metrics": {
    "Jaccard": 0.503585,
    "Avg Meds": 19.97015,
    "Avg True Meds": 19.901327,
    "DDI Rate": 0.084841
  },
  "config": {
    "hidden_dim": 256,
    "use_notes": false,
    "use_labs": false,
    "use_copy": false,
    "fusion_strategy": "film",
    "lab_dim": 0,
    "pos_weight_cap": 5.0,
    "use_cosine_lr": false,
    "contrastive_weight": 0.0,
    "margin_loss_weight": 0.0,
    "alignment_loss_weight": 0.1,
    "alignment_start_epoch": 1,
    "alignment_ramp_epochs": 0
  }
}