{
  "seed": 456,
  "ablation": "full",
  "mimic_version": 3,
  "mimic4_full": false,
  "cohort_tag": "mimic3",
  "best_val_jaccard": 0.51229327917099,
  "test_metrics": {
    "Jaccard": 0.5144412517547607,
    "F1": 0.6714687347412109,
    "PRAUC": 0.7556196648036868,
    "DDI Rate": 0.08556194178233267,
    "Avg Meds": 22.687397003173828,
    "Avg True Meds": 19.90132713317871,
    "Precision": 0.6437926888465881,
    "Recall": 0.7483358383178711,
    "NHJ_new": 0.22812727328978086,
    "NHJ_dropped": 0.2447955780907681,
    "CVR": 0.0
  },
  "data_diagnostics": {
    "split_mode_requested": "hidr_vita",
    "require_cohort_split": false,
    "split_source": "hidr_vita_sequential",
    "split_seed_used": "n/a",
    "split_patient_counts": {
      "train": 4233,
      "val": 1059,
      "test": 1058
    },
    "split_example_counts": {
      "train": 6256,
      "val": 1220,
      "test": 1206
    },
    "ddi_density": 0.05261303581914269,
    "ddi_upper_pairs": 448,
    "ddi_total_pairs": 8515,
    "loaded_artifacts": {
      "records": "data/processed/records_final.pkl",
      "cohort": "data/processed/cohort_mimic3.pkl",
      "ddi": "data/processed/ddi_A_final.pkl",
      "ehr": "data/processed/ehr_adj_final.pkl",
      "embeddings": "data/embeddings/code_embeddings.pt"
    }
  },
  "param_counts": {
    "visit_encoder": {
      "total": 5108993,
      "trainable": 2507009
    },
    "drug_gnn": {
      "total": 395008,
      "trainable": 395008
    },
    "predictor": {
      "total": 1316359,
      "trainable": 1316357
    },
    "model_total": {
      "total": 7083528,
      "trainable": 4481542
    }
  },
  "threshold_sweep": {
    "0.4": {
      "Jaccard": 0.514852,
      "Avg Meds": 23.621891,
      "Avg True Meds": 19.901327,
      "DDI Rate": 0.084128
    },
    "0.45": {
      "Jaccard": 0.514959,
      "Avg Meds": 23.149254,
      "Avg True Meds": 19.901327,
      "DDI Rate": 0.084947
    },
    "0.5": {
      "Jaccard": 0.514441,
      "Avg Meds": 22.687397,
      "Avg True Meds": 19.901327,
      "DDI Rate": 0.085562
    },
    "0.55": {
      "Jaccard": 0.514606,
      "Avg Meds": 22.241293,
      "Avg True Meds": 19.901327,
      "DDI Rate": 0.086003
    },
    "0.6": {
      "Jaccard": 0.514186,
      "Avg Meds": 21.766169,
      "Avg True Meds": 19.901327,
      "DDI Rate": 0.08693
    },
    "0.65": {
      "Jaccard": 0.513805,
      "Avg Meds": 21.263681,
      "Avg True Meds": 19.901327,
      "DDI Rate": 0.087899
    },
    "0.7": {
      "Jaccard": 0.512599,
      "Avg Meds": 20.757048,
      "Avg True Meds": 19.901327,
      "DDI Rate": 0.088433
    },
    "0.75": {
      "Jaccard": 0.510924,
      "Avg Meds": 20.210613,
      "Avg True Meds": 19.901327,
      "DDI Rate": 0.089268
    }
  },
  "calibrated_threshold": 0.75,
  "calibrated_metrics": {
    "Jaccard": 0.510924,
    "Avg Meds": 20.210613,
    "Avg True Meds": 19.901327,
    "DDI Rate": 0.089268
  },
  "config": {
    "hidden_dim": 256,
    "use_notes": false,
    "use_labs": false,
    "use_copy": false,
    "fusion_strategy": "film",
    "lab_dim": 0,
    "pos_weight_cap": 5.0,
    "use_cosine_lr": false,
    "contrastive_weight": 0.0,
    "margin_loss_weight": 0.0,
    "alignment_loss_weight": 0.1,
    "alignment_start_epoch": 1,
    "alignment_ramp_epochs": 0
  }
}