{
  "seed": 123,
  "ablation": "full",
  "mimic_version": 3,
  "mimic4_full": false,
  "cohort_tag": "mimic3",
  "best_val_jaccard": 0.5538008213043213,
  "test_metrics": {
    "Jaccard": 0.5487695932388306,
    "F1": 0.7012749910354614,
    "PRAUC": 0.790724043184254,
    "DDI Rate": 0.07807996971190408,
    "Avg Meds": 21.87313461303711,
    "Avg True Meds": 19.90132713317871,
    "Precision": 0.6775453090667725,
    "Recall": 0.7483288645744324,
    "NHJ_new": 0.30429111107399587,
    "NHJ_dropped": 0.40280257871276454,
    "CVR": 0.0
  },
  "data_diagnostics": {
    "split_mode_requested": "hidr_vita",
    "require_cohort_split": false,
    "split_source": "hidr_vita_sequential",
    "split_seed_used": "n/a",
    "split_patient_counts": {
      "train": 4233,
      "val": 1059,
      "test": 1058
    },
    "split_example_counts": {
      "train": 6256,
      "val": 1220,
      "test": 1206
    },
    "ddi_density": 0.05261303581914269,
    "ddi_upper_pairs": 448,
    "ddi_total_pairs": 8515,
    "loaded_artifacts": {
      "records": "data/processed/records_final.pkl",
      "cohort": "data/processed/cohort_mimic3.pkl",
      "ddi": "data/processed/ddi_A_final.pkl",
      "ehr": "data/processed/ehr_adj_final.pkl",
      "embeddings": "data/embeddings/code_embeddings.pt",
      "notes": "data/processed/note_embeddings_mimic3.pkl",
      "labs": "data/processed/lab_vectors_200labs.pkl"
    }
  },
  "param_counts": {
    "visit_encoder": {
      "total": 4583681,
      "trainable": 1981697
    },
    "fusion": {
      "total": 423808,
      "trainable": 423808
    },
    "drug_gnn": {
      "total": 1974080,
      "trainable": 1974080
    },
    "predictor": {
      "total": 369990,
      "trainable": 369990
    },
    "model_total": {
      "total": 7614727,
      "trainable": 5012743
    }
  },
  "threshold_sweep": {
    "0.4": {
      "Jaccard": 0.544424,
      "Avg Meds": 23.563847,
      "Avg True Meds": 19.901327,
      "DDI Rate": 0.077925
    },
    "0.45": {
      "Jaccard": 0.547455,
      "Avg Meds": 22.703979,
      "Avg True Meds": 19.901327,
      "DDI Rate": 0.077873
    },
    "0.5": {
      "Jaccard": 0.54877,
      "Avg Meds": 21.873135,
      "Avg True Meds": 19.901327,
      "DDI Rate": 0.07808
    },
    "0.55": {
      "Jaccard": 0.549734,
      "Avg Meds": 21.051409,
      "Avg True Meds": 19.901327,
      "DDI Rate": 0.077896
    },
    "0.6": {
      "Jaccard": 0.550231,
      "Avg Meds": 20.31592,
      "Avg True Meds": 19.901327,
      "DDI Rate": 0.077646
    },
    "0.65": {
      "Jaccard": 0.54863,
      "Avg Meds": 19.507463,
      "Avg True Meds": 19.901327,
      "DDI Rate": 0.07758
    },
    "0.7": {
      "Jaccard": 0.546721,
      "Avg Meds": 18.691542,
      "Avg True Meds": 19.901327,
      "DDI Rate": 0.076914
    },
    "0.75": {
      "Jaccard": 0.543207,
      "Avg Meds": 17.824213,
      "Avg True Meds": 19.901327,
      "DDI Rate": 0.076563
    }
  },
  "calibrated_threshold": 0.65,
  "calibrated_metrics": {
    "Jaccard": 0.54863,
    "Avg Meds": 19.507463,
    "Avg True Meds": 19.901327,
    "DDI Rate": 0.07758
  },
  "config": {
    "hidden_dim": 256,
    "use_notes": true,
    "use_labs": true,
    "use_copy": false,
    "fusion_strategy": "film",
    "lab_dim": 400,
    "pos_weight_cap": 5.0,
    "use_cosine_lr": false,
    "contrastive_weight": 0.0,
    "margin_loss_weight": 0.0,
    "alignment_loss_weight": 0.1,
    "alignment_start_epoch": 1,
    "alignment_ramp_epochs": 0
  }
}