{
  "seed": 456,
  "ablation": "full",
  "mimic_version": 3,
  "mimic4_full": false,
  "cohort_tag": "mimic3",
  "best_val_jaccard": 0.5557595491409302,
  "test_metrics": {
    "Jaccard": 0.55488520860672,
    "F1": 0.7060127854347229,
    "PRAUC": 0.7925954191978871,
    "DDI Rate": 0.0775325312528074,
    "Avg Meds": 21.170812606811523,
    "Avg True Meds": 19.90132713317871,
    "Precision": 0.6959714293479919,
    "Recall": 0.742283821105957,
    "NHJ_new": 0.2547672257611626,
    "NHJ_dropped": 0.2956991885837756,
    "CVR": 0.0
  },
  "data_diagnostics": {
    "split_mode_requested": "hidr_vita",
    "require_cohort_split": false,
    "split_source": "hidr_vita_sequential",
    "split_seed_used": "n/a",
    "split_patient_counts": {
      "train": 4233,
      "val": 1059,
      "test": 1058
    },
    "split_example_counts": {
      "train": 6256,
      "val": 1220,
      "test": 1206
    },
    "ddi_density": 0.05261303581914269,
    "ddi_upper_pairs": 448,
    "ddi_total_pairs": 8515,
    "loaded_artifacts": {
      "records": "data/processed/records_final.pkl",
      "cohort": "data/processed/cohort_mimic3.pkl",
      "ddi": "data/processed/ddi_A_final.pkl",
      "ehr": "data/processed/ehr_adj_final.pkl",
      "embeddings": "data/embeddings/code_embeddings.pt",
      "labs": "data/processed/lab_vectors_200labs.pkl"
    }
  },
  "param_counts": {
    "visit_encoder": {
      "total": 4649474,
      "trainable": 2047490
    },
    "fusion": {
      "total": 423808,
      "trainable": 423808
    },
    "drug_gnn": {
      "total": 1151776,
      "trainable": 1151776
    },
    "predictor": {
      "total": 494024,
      "trainable": 494023
    },
    "model_total": {
      "total": 6982250,
      "trainable": 4380265
    }
  },
  "threshold_sweep": {
    "0.4": {
      "Jaccard": 0.553956,
      "Avg Meds": 22.810116,
      "Avg True Meds": 19.901327,
      "DDI Rate": 0.077665
    },
    "0.45": {
      "Jaccard": 0.554902,
      "Avg Meds": 21.961857,
      "Avg True Meds": 19.901327,
      "DDI Rate": 0.077717
    },
    "0.5": {
      "Jaccard": 0.554885,
      "Avg Meds": 21.170813,
      "Avg True Meds": 19.901327,
      "DDI Rate": 0.077533
    },
    "0.55": {
      "Jaccard": 0.554498,
      "Avg Meds": 20.384743,
      "Avg True Meds": 19.901327,
      "DDI Rate": 0.077365
    },
    "0.6": {
      "Jaccard": 0.551287,
      "Avg Meds": 19.645107,
      "Avg True Meds": 19.901327,
      "DDI Rate": 0.077295
    },
    "0.65": {
      "Jaccard": 0.547353,
      "Avg Meds": 18.889719,
      "Avg True Meds": 19.901327,
      "DDI Rate": 0.07727
    },
    "0.7": {
      "Jaccard": 0.541341,
      "Avg Meds": 18.113598,
      "Avg True Meds": 19.901327,
      "DDI Rate": 0.076905
    },
    "0.75": {
      "Jaccard": 0.535531,
      "Avg Meds": 17.279436,
      "Avg True Meds": 19.901327,
      "DDI Rate": 0.076711
    }
  },
  "calibrated_threshold": 0.6,
  "calibrated_metrics": {
    "Jaccard": 0.551287,
    "Avg Meds": 19.645107,
    "Avg True Meds": 19.901327,
    "DDI Rate": 0.077295
  },
  "config": {
    "hidden_dim": 256,
    "use_notes": false,
    "use_labs": true,
    "use_copy": true,
    "fusion_strategy": "film",
    "lab_dim": 400,
    "pos_weight_cap": 5.0,
    "use_cosine_lr": false,
    "contrastive_weight": 0.0,
    "margin_loss_weight": 0.0,
    "alignment_loss_weight": 0.1,
    "alignment_start_epoch": 1,
    "alignment_ramp_epochs": 0
  }
}