{
  "seed": 456,
  "ablation": "full",
  "mimic_version": 3,
  "mimic4_full": false,
  "cohort_tag": "mimic3",
  "best_val_jaccard": 0.5411041975021362,
  "test_metrics": {
    "Jaccard": 0.5398017764091492,
    "F1": 0.6932210922241211,
    "PRAUC": 0.7827212253683608,
    "DDI Rate": 0.08211554605815462,
    "Avg Meds": 22.633499145507812,
    "Avg True Meds": 19.90132713317871,
    "Precision": 0.6619857549667358,
    "Recall": 0.7544258236885071,
    "NHJ_new": 0.28875026891106054,
    "NHJ_dropped": 0.36844478626000254,
    "CVR": 0.0
  },
  "data_diagnostics": {
    "split_mode_requested": "hidr_vita",
    "require_cohort_split": false,
    "split_source": "hidr_vita_sequential",
    "split_seed_used": "n/a",
    "split_patient_counts": {
      "train": 4233,
      "val": 1059,
      "test": 1058
    },
    "split_example_counts": {
      "train": 6256,
      "val": 1220,
      "test": 1206
    },
    "ddi_density": 0.05261303581914269,
    "ddi_upper_pairs": 448,
    "ddi_total_pairs": 8515,
    "loaded_artifacts": {
      "records": "data/processed/records_final.pkl",
      "cohort": "data/processed/cohort_mimic3.pkl",
      "ddi": "data/processed/ddi_A_final.pkl",
      "ehr": "data/processed/ehr_adj_final.pkl",
      "embeddings": "data/embeddings/code_embeddings.pt",
      "labs": "data/processed/lab_vectors_250labs.pkl"
    }
  },
  "param_counts": {
    "visit_encoder": {
      "total": 4649474,
      "trainable": 2047490
    },
    "fusion": {
      "total": 430208,
      "trainable": 430208
    },
    "drug_gnn": {
      "total": 1151776,
      "trainable": 1151776
    },
    "predictor": {
      "total": 310854,
      "trainable": 310853
    },
    "model_total": {
      "total": 6805480,
      "trainable": 4203495
    }
  },
  "threshold_sweep": {
    "0.4": {
      "Jaccard": 0.536214,
      "Avg Meds": 24.471807,
      "Avg True Meds": 19.901327,
      "DDI Rate": 0.081352
    },
    "0.45": {
      "Jaccard": 0.537631,
      "Avg Meds": 23.519901,
      "Avg True Meds": 19.901327,
      "DDI Rate": 0.081582
    },
    "0.5": {
      "Jaccard": 0.539802,
      "Avg Meds": 22.633499,
      "Avg True Meds": 19.901327,
      "DDI Rate": 0.082116
    },
    "0.55": {
      "Jaccard": 0.540367,
      "Avg Meds": 21.789387,
      "Avg True Meds": 19.901327,
      "DDI Rate": 0.082215
    },
    "0.6": {
      "Jaccard": 0.539022,
      "Avg Meds": 20.944445,
      "Avg True Meds": 19.901327,
      "DDI Rate": 0.082481
    },
    "0.65": {
      "Jaccard": 0.536867,
      "Avg Meds": 20.127695,
      "Avg True Meds": 19.901327,
      "DDI Rate": 0.082586
    },
    "0.7": {
      "Jaccard": 0.536038,
      "Avg Meds": 19.290216,
      "Avg True Meds": 19.901327,
      "DDI Rate": 0.082562
    },
    "0.75": {
      "Jaccard": 0.533223,
      "Avg Meds": 18.444445,
      "Avg True Meds": 19.901327,
      "DDI Rate": 0.082655
    }
  },
  "calibrated_threshold": 0.65,
  "calibrated_metrics": {
    "Jaccard": 0.536867,
    "Avg Meds": 20.127695,
    "Avg True Meds": 19.901327,
    "DDI Rate": 0.082586
  },
  "config": {
    "hidden_dim": 256,
    "use_notes": false,
    "use_labs": true,
    "use_copy": false,
    "fusion_strategy": "film",
    "lab_dim": 500,
    "pos_weight_cap": 5.0,
    "use_cosine_lr": false,
    "contrastive_weight": 0.0,
    "margin_loss_weight": 0.0,
    "alignment_loss_weight": 0.1,
    "alignment_start_epoch": 1,
    "alignment_ramp_epochs": 0
  }
}