{
  "seed": 123,
  "ablation": "full",
  "mimic_version": 3,
  "mimic4_full": false,
  "cohort_tag": "mimic3",
  "best_val_jaccard": 0.5471999645233154,
  "test_metrics": {
    "Jaccard": 0.5470572710037231,
    "F1": 0.69975346326828,
    "PRAUC": 0.787849239646616,
    "DDI Rate": 0.08333098474671276,
    "Avg Meds": 22.480928421020508,
    "Avg True Meds": 19.90132713317871,
    "Precision": 0.6671338677406311,
    "Recall": 0.7598006725311279,
    "NHJ_new": 0.3036937533240569,
    "NHJ_dropped": 0.38368597156123113,
    "CVR": 0.0
  },
  "data_diagnostics": {
    "split_mode_requested": "hidr_vita",
    "require_cohort_split": false,
    "split_source": "hidr_vita_sequential",
    "split_seed_used": "n/a",
    "split_patient_counts": {
      "train": 4233,
      "val": 1059,
      "test": 1058
    },
    "split_example_counts": {
      "train": 6256,
      "val": 1220,
      "test": 1206
    },
    "ddi_density": 0.05261303581914269,
    "ddi_upper_pairs": 448,
    "ddi_total_pairs": 8515,
    "loaded_artifacts": {
      "records": "data/processed/records_final.pkl",
      "cohort": "data/processed/cohort_mimic3.pkl",
      "ddi": "data/processed/ddi_A_final.pkl",
      "ehr": "data/processed/ehr_adj_final.pkl",
      "embeddings": "data/embeddings/code_embeddings.pt",
      "notes": "data/processed/note_embeddings_mimic3.pkl",
      "labs": "data/processed/lab_vectors_200labs.pkl"
    }
  },
  "param_counts": {
    "visit_encoder": {
      "total": 4583681,
      "trainable": 1981697
    },
    "fusion": {
      "total": 423808,
      "trainable": 423808
    },
    "drug_gnn": {
      "total": 1974080,
      "trainable": 1974080
    },
    "predictor": {
      "total": 1054152,
      "trainable": 864582
    },
    "model_total": {
      "total": 8298889,
      "trainable": 5507335
    }
  },
  "threshold_sweep": {
    "0.4": {
      "Jaccard": 0.542714,
      "Avg Meds": 24.090382,
      "Avg True Meds": 19.901327,
      "DDI Rate": 0.082939
    },
    "0.45": {
      "Jaccard": 0.544881,
      "Avg Meds": 23.268656,
      "Avg True Meds": 19.901327,
      "DDI Rate": 0.083008
    },
    "0.5": {
      "Jaccard": 0.547057,
      "Avg Meds": 22.480928,
      "Avg True Meds": 19.901327,
      "DDI Rate": 0.083331
    },
    "0.55": {
      "Jaccard": 0.547914,
      "Avg Meds": 21.728855,
      "Avg True Meds": 19.901327,
      "DDI Rate": 0.083499
    },
    "0.6": {
      "Jaccard": 0.549254,
      "Avg Meds": 20.95937,
      "Avg True Meds": 19.901327,
      "DDI Rate": 0.083898
    },
    "0.65": {
      "Jaccard": 0.548511,
      "Avg Meds": 20.221394,
      "Avg True Meds": 19.901327,
      "DDI Rate": 0.084214
    },
    "0.7": {
      "Jaccard": 0.546341,
      "Avg Meds": 19.444445,
      "Avg True Meds": 19.901327,
      "DDI Rate": 0.084538
    },
    "0.75": {
      "Jaccard": 0.543921,
      "Avg Meds": 18.569653,
      "Avg True Meds": 19.901327,
      "DDI Rate": 0.085483
    }
  },
  "calibrated_threshold": 0.65,
  "calibrated_metrics": {
    "Jaccard": 0.548511,
    "Avg Meds": 20.221394,
    "Avg True Meds": 19.901327,
    "DDI Rate": 0.084214
  },
  "config": {
    "hidden_dim": 256,
    "use_notes": true,
    "use_labs": true,
    "use_copy": true,
    "fusion_strategy": "film",
    "lab_dim": 400,
    "pos_weight_cap": 5.0,
    "use_cosine_lr": false,
    "contrastive_weight": 0.0,
    "margin_loss_weight": 0.0,
    "alignment_loss_weight": 0.1,
    "alignment_start_epoch": 1,
    "alignment_ramp_epochs": 0
  }
}