{
  "seed": 42,
  "ablation": "full",
  "mimic_version": 3,
  "mimic4_full": false,
  "cohort_tag": "mimic3",
  "best_val_jaccard": 0.4992358088493347,
  "test_metrics": {
    "Jaccard": 0.4996757507324219,
    "F1": 0.6586209535598755,
    "PRAUC": 0.7517551011627275,
    "DDI Rate": 0.08229271697820523,
    "Avg Meds": 23.16666603088379,
    "Avg True Meds": 19.90132713317871,
    "Precision": 0.6304664015769958,
    "Recall": 0.7366271018981934,
    "NHJ_new": 0.2438310886684217,
    "NHJ_dropped": 0.309137772572668,
    "CVR": 0.0
  },
  "data_diagnostics": {
    "split_mode_requested": "hidr_vita",
    "require_cohort_split": false,
    "split_source": "hidr_vita_sequential",
    "split_seed_used": "n/a",
    "split_patient_counts": {
      "train": 4233,
      "val": 1059,
      "test": 1058
    },
    "split_example_counts": {
      "train": 6256,
      "val": 1220,
      "test": 1206
    },
    "ddi_density": 0.05261303581914269,
    "ddi_upper_pairs": 448,
    "ddi_total_pairs": 8515,
    "loaded_artifacts": {
      "records": "data/processed/records_final.pkl",
      "cohort": "data/processed/cohort_mimic3.pkl",
      "ddi": "data/processed/ddi_A_final.pkl",
      "ehr": "data/processed/ehr_adj_final.pkl",
      "embeddings": "data/embeddings/code_embeddings.pt"
    }
  },
  "param_counts": {
    "visit_encoder": {
      "total": 4616835,
      "trainable": 2014851
    },
    "drug_gnn": {
      "total": 1974080,
      "trainable": 1974080
    },
    "predictor": {
      "total": 262406,
      "trainable": 262404
    },
    "model_total": {
      "total": 7116489,
      "trainable": 4514503
    }
  },
  "threshold_sweep": {
    "0.4": {
      "Jaccard": 0.495958,
      "Avg Meds": 25.923716,
      "Avg True Meds": 19.901327,
      "DDI Rate": 0.078207
    },
    "0.45": {
      "Jaccard": 0.498351,
      "Avg Meds": 24.558043,
      "Avg True Meds": 19.901327,
      "DDI Rate": 0.079902
    },
    "0.5": {
      "Jaccard": 0.499676,
      "Avg Meds": 23.166666,
      "Avg True Meds": 19.901327,
      "DDI Rate": 0.082293
    },
    "0.55": {
      "Jaccard": 0.500358,
      "Avg Meds": 21.800995,
      "Avg True Meds": 19.901327,
      "DDI Rate": 0.08455
    },
    "0.6": {
      "Jaccard": 0.499905,
      "Avg Meds": 20.529022,
      "Avg True Meds": 19.901327,
      "DDI Rate": 0.08605
    },
    "0.65": {
      "Jaccard": 0.495964,
      "Avg Meds": 19.329187,
      "Avg True Meds": 19.901327,
      "DDI Rate": 0.08849
    },
    "0.7": {
      "Jaccard": 0.490424,
      "Avg Meds": 18.026533,
      "Avg True Meds": 19.901327,
      "DDI Rate": 0.090115
    },
    "0.75": {
      "Jaccard": 0.483225,
      "Avg Meds": 16.741293,
      "Avg True Meds": 19.901327,
      "DDI Rate": 0.09092
    }
  },
  "calibrated_threshold": 0.65,
  "calibrated_metrics": {
    "Jaccard": 0.495964,
    "Avg Meds": 19.329187,
    "Avg True Meds": 19.901327,
    "DDI Rate": 0.08849
  },
  "config": {
    "hidden_dim": 256,
    "use_notes": false,
    "use_labs": false,
    "use_copy": false,
    "fusion_strategy": "film",
    "lab_dim": 0,
    "pos_weight_cap": 5.0,
    "use_cosine_lr": false,
    "contrastive_weight": 0.0,
    "margin_loss_weight": 0.0,
    "alignment_loss_weight": 0.1,
    "alignment_start_epoch": 1,
    "alignment_ramp_epochs": 0
  }
}