{
  "seed": 42,
  "ablation": "full",
  "mimic_version": 3,
  "mimic4_full": false,
  "cohort_tag": "mimic3",
  "best_val_jaccard": 0.5405546426773071,
  "test_metrics": {
    "Jaccard": 0.5393446087837219,
    "F1": 0.6930882930755615,
    "PRAUC": 0.7769525833034922,
    "DDI Rate": 0.0838488841214912,
    "Avg Meds": 21.315919876098633,
    "Avg True Meds": 19.90132713317871,
    "Precision": 0.6833057403564453,
    "Recall": 0.731625497341156,
    "NHJ_new": 0.2718330958956166,
    "NHJ_dropped": 0.3625139311740273,
    "CVR": 0.0
  },
  "data_diagnostics": {
    "split_mode_requested": "hidr_vita",
    "require_cohort_split": false,
    "split_source": "hidr_vita_sequential",
    "split_seed_used": "n/a",
    "split_patient_counts": {
      "train": 4233,
      "val": 1059,
      "test": 1058
    },
    "split_example_counts": {
      "train": 6256,
      "val": 1220,
      "test": 1206
    },
    "ddi_density": 0.05261303581914269,
    "ddi_upper_pairs": 448,
    "ddi_total_pairs": 8515,
    "loaded_artifacts": {
      "records": "data/processed/records_final.pkl",
      "cohort": "data/processed/cohort_mimic3.pkl",
      "ddi": "data/processed/ddi_A_final.pkl",
      "ehr": "data/processed/ehr_adj_final.pkl",
      "embeddings": "data/embeddings/code_embeddings.pt",
      "labs": "data/processed/lab_vectors_200labs.pkl"
    }
  },
  "param_counts": {
    "visit_encoder": {
      "total": 5762817,
      "trainable": 3160833
    },
    "fusion": {
      "total": 423808,
      "trainable": 423808
    },
    "drug_gnn": {
      "total": 1974080,
      "trainable": 1974080
    },
    "predictor": {
      "total": 304454,
      "trainable": 304453
    },
    "model_total": {
      "total": 8728327,
      "trainable": 6126342
    }
  },
  "threshold_sweep": {
    "0.4": {
      "Jaccard": 0.537205,
      "Avg Meds": 23.144279,
      "Avg True Meds": 19.901327,
      "DDI Rate": 0.082655
    },
    "0.45": {
      "Jaccard": 0.539152,
      "Avg Meds": 22.162521,
      "Avg True Meds": 19.901327,
      "DDI Rate": 0.083158
    },
    "0.5": {
      "Jaccard": 0.539345,
      "Avg Meds": 21.31592,
      "Avg True Meds": 19.901327,
      "DDI Rate": 0.083849
    },
    "0.55": {
      "Jaccard": 0.53908,
      "Avg Meds": 20.444445,
      "Avg True Meds": 19.901327,
      "DDI Rate": 0.084272
    },
    "0.6": {
      "Jaccard": 0.536703,
      "Avg Meds": 19.622719,
      "Avg True Meds": 19.901327,
      "DDI Rate": 0.084867
    },
    "0.65": {
      "Jaccard": 0.531779,
      "Avg Meds": 18.790216,
      "Avg True Meds": 19.901327,
      "DDI Rate": 0.085945
    },
    "0.7": {
      "Jaccard": 0.526152,
      "Avg Meds": 17.854893,
      "Avg True Meds": 19.901327,
      "DDI Rate": 0.086126
    },
    "0.75": {
      "Jaccard": 0.518182,
      "Avg Meds": 16.872305,
      "Avg True Meds": 19.901327,
      "DDI Rate": 0.08763
    }
  },
  "calibrated_threshold": 0.6,
  "calibrated_metrics": {
    "Jaccard": 0.536703,
    "Avg Meds": 19.622719,
    "Avg True Meds": 19.901327,
    "DDI Rate": 0.084867
  },
  "config": {
    "hidden_dim": 256,
    "use_notes": false,
    "use_labs": true,
    "use_copy": false,
    "fusion_strategy": "film",
    "lab_dim": 400,
    "pos_weight_cap": 5.0,
    "use_cosine_lr": false,
    "contrastive_weight": 0.0,
    "margin_loss_weight": 0.0,
    "alignment_loss_weight": 0.1,
    "alignment_start_epoch": 1,
    "alignment_ramp_epochs": 0
  }
}