{
  "seed": 1024,
  "ablation": "full",
  "mimic_version": 3,
  "mimic4_full": false,
  "cohort_tag": "mimic3",
  "best_val_jaccard": 0.5641589760780334,
  "test_metrics": {
    "Jaccard": 0.5657473206520081,
    "F1": 0.7151282429695129,
    "PRAUC": 0.7943100453359404,
    "DDI Rate": 0.08133775585611906,
    "Avg Meds": 21.570480346679688,
    "Avg True Meds": 19.90132713317871,
    "Precision": 0.6922640800476074,
    "Recall": 0.7616487741470337,
    "NHJ_new": 0.29533579082865463,
    "NHJ_dropped": 0.3460993155052787,
    "CVR": 0.0
  },
  "data_diagnostics": {
    "split_mode_requested": "hidr_vita",
    "require_cohort_split": false,
    "split_source": "hidr_vita_sequential",
    "split_seed_used": "n/a",
    "split_patient_counts": {
      "train": 4233,
      "val": 1059,
      "test": 1058
    },
    "split_example_counts": {
      "train": 6256,
      "val": 1220,
      "test": 1206
    },
    "ddi_density": 0.05261303581914269,
    "ddi_upper_pairs": 448,
    "ddi_total_pairs": 8515,
    "loaded_artifacts": {
      "records": "data/processed/records_final.pkl",
      "cohort": "data/processed/cohort_mimic3.pkl",
      "ddi": "data/processed/ddi_A_final.pkl",
      "ehr": "data/processed/ehr_adj_final.pkl",
      "embeddings": "data/embeddings/code_embeddings.pt",
      "notes": "data/processed/note_embeddings_mimic3.pkl",
      "labs": "data/processed/lab_vectors_200labs.pkl"
    }
  },
  "param_counts": {
    "visit_encoder": {
      "total": 5108993,
      "trainable": 2507009
    },
    "fusion": {
      "total": 423808,
      "trainable": 423808
    },
    "drug_gnn": {
      "total": 395008,
      "trainable": 395008
    },
    "predictor": {
      "total": 1613513,
      "trainable": 1423943
    },
    "model_total": {
      "total": 7804490,
      "trainable": 5012936
    }
  },
  "threshold_sweep": {
    "0.4": {
      "Jaccard": 0.565675,
      "Avg Meds": 22.567163,
      "Avg True Meds": 19.901327,
      "DDI Rate": 0.080846
    },
    "0.45": {
      "Jaccard": 0.565942,
      "Avg Meds": 22.077944,
      "Avg True Meds": 19.901327,
      "DDI Rate": 0.081198
    },
    "0.5": {
      "Jaccard": 0.565747,
      "Avg Meds": 21.57048,
      "Avg True Meds": 19.901327,
      "DDI Rate": 0.081338
    },
    "0.55": {
      "Jaccard": 0.565442,
      "Avg Meds": 21.060532,
      "Avg True Meds": 19.901327,
      "DDI Rate": 0.081695
    },
    "0.6": {
      "Jaccard": 0.564358,
      "Avg Meds": 20.522388,
      "Avg True Meds": 19.901327,
      "DDI Rate": 0.082301
    },
    "0.65": {
      "Jaccard": 0.562908,
      "Avg Meds": 20.009121,
      "Avg True Meds": 19.901327,
      "DDI Rate": 0.082511
    },
    "0.7": {
      "Jaccard": 0.561439,
      "Avg Meds": 19.532339,
      "Avg True Meds": 19.901327,
      "DDI Rate": 0.082906
    },
    "0.75": {
      "Jaccard": 0.559328,
      "Avg Meds": 18.963516,
      "Avg True Meds": 19.901327,
      "DDI Rate": 0.083273
    }
  },
  "calibrated_threshold": 0.65,
  "calibrated_metrics": {
    "Jaccard": 0.562908,
    "Avg Meds": 20.009121,
    "Avg True Meds": 19.901327,
    "DDI Rate": 0.082511
  },
  "config": {
    "hidden_dim": 256,
    "use_notes": true,
    "use_labs": true,
    "use_copy": true,
    "fusion_strategy": "film",
    "lab_dim": 400,
    "pos_weight_cap": 5.0,
    "use_cosine_lr": false,
    "contrastive_weight": 0.0,
    "margin_loss_weight": 0.0,
    "alignment_loss_weight": 0.1,
    "alignment_start_epoch": 1,
    "alignment_ramp_epochs": 0
  }
}