{
  "seed": 123,
  "ablation": "full",
  "mimic_version": 3,
  "mimic4_full": false,
  "cohort_tag": "mimic3",
  "best_val_jaccard": 0.5434156060218811,
  "test_metrics": {
    "Jaccard": 0.5420802235603333,
    "F1": 0.6955128312110901,
    "PRAUC": 0.785919602892718,
    "DDI Rate": 0.08015417065183655,
    "Avg Meds": 22.472637176513672,
    "Avg True Meds": 19.90132713317871,
    "Precision": 0.6638513803482056,
    "Recall": 0.75857013463974,
    "NHJ_new": 0.2833511625465594,
    "NHJ_dropped": 0.3521746177422373,
    "CVR": 0.0
  },
  "data_diagnostics": {
    "split_mode_requested": "hidr_vita",
    "require_cohort_split": false,
    "split_source": "hidr_vita_sequential",
    "split_seed_used": "n/a",
    "split_patient_counts": {
      "train": 4233,
      "val": 1059,
      "test": 1058
    },
    "split_example_counts": {
      "train": 6256,
      "val": 1220,
      "test": 1206
    },
    "ddi_density": 0.05261303581914269,
    "ddi_upper_pairs": 448,
    "ddi_total_pairs": 8515,
    "loaded_artifacts": {
      "records": "data/processed/records_final.pkl",
      "cohort": "data/processed/cohort_mimic3.pkl",
      "ddi": "data/processed/ddi_A_final.pkl",
      "ehr": "data/processed/ehr_adj_final.pkl",
      "embeddings": "data/embeddings/code_embeddings.pt",
      "notes": "data/processed/note_embeddings_mimic3_with_meds.pkl"
    }
  },
  "param_counts": {
    "visit_encoder": {
      "total": 4649474,
      "trainable": 2047490
    },
    "fusion": {
      "total": 400512,
      "trainable": 400512
    },
    "drug_gnn": {
      "total": 1151776,
      "trainable": 1151776
    },
    "predictor": {
      "total": 327942,
      "trainable": 327941
    },
    "model_total": {
      "total": 6792872,
      "trainable": 4190887
    }
  },
  "threshold_sweep": {
    "0.4": {
      "Jaccard": 0.537392,
      "Avg Meds": 24.131012,
      "Avg True Meds": 19.901327,
      "DDI Rate": 0.079061
    },
    "0.45": {
      "Jaccard": 0.540243,
      "Avg Meds": 23.273632,
      "Avg True Meds": 19.901327,
      "DDI Rate": 0.079646
    },
    "0.5": {
      "Jaccard": 0.54208,
      "Avg Meds": 22.472637,
      "Avg True Meds": 19.901327,
      "DDI Rate": 0.080154
    },
    "0.55": {
      "Jaccard": 0.542684,
      "Avg Meds": 21.686567,
      "Avg True Meds": 19.901327,
      "DDI Rate": 0.08056
    },
    "0.6": {
      "Jaccard": 0.544154,
      "Avg Meds": 20.902985,
      "Avg True Meds": 19.901327,
      "DDI Rate": 0.080607
    },
    "0.65": {
      "Jaccard": 0.542157,
      "Avg Meds": 20.121061,
      "Avg True Meds": 19.901327,
      "DDI Rate": 0.081232
    },
    "0.7": {
      "Jaccard": 0.540683,
      "Avg Meds": 19.325041,
      "Avg True Meds": 19.901327,
      "DDI Rate": 0.081526
    },
    "0.75": {
      "Jaccard": 0.537966,
      "Avg Meds": 18.48922,
      "Avg True Meds": 19.901327,
      "DDI Rate": 0.081953
    }
  },
  "calibrated_threshold": 0.65,
  "calibrated_metrics": {
    "Jaccard": 0.542157,
    "Avg Meds": 20.121061,
    "Avg True Meds": 19.901327,
    "DDI Rate": 0.081232
  },
  "config": {
    "hidden_dim": 256,
    "use_notes": true,
    "use_labs": false,
    "use_copy": false,
    "fusion_strategy": "film",
    "lab_dim": 0,
    "pos_weight_cap": 5.0,
    "use_cosine_lr": false,
    "contrastive_weight": 0.0,
    "margin_loss_weight": 0.0,
    "alignment_loss_weight": 0.1,
    "alignment_start_epoch": 1,
    "alignment_ramp_epochs": 0
  }
}