{
  "seed": 123,
  "ablation": "full",
  "mimic_version": 3,
  "mimic4_full": false,
  "cohort_tag": "mimic3",
  "best_val_jaccard": 0.5005722045898438,
  "test_metrics": {
    "Jaccard": 0.5042465329170227,
    "F1": 0.6624252796173096,
    "PRAUC": 0.7563671625155272,
    "DDI Rate": 0.08350477015435329,
    "Avg Meds": 23.213930130004883,
    "Avg True Meds": 19.90132713317871,
    "Precision": 0.6309952139854431,
    "Recall": 0.7431753873825073,
    "NHJ_new": 0.23995969719008395,
    "NHJ_dropped": 0.2882289266900012,
    "CVR": 0.0
  },
  "data_diagnostics": {
    "split_mode_requested": "hidr_vita",
    "require_cohort_split": false,
    "split_source": "hidr_vita_sequential",
    "split_seed_used": "n/a",
    "split_patient_counts": {
      "train": 4233,
      "val": 1059,
      "test": 1058
    },
    "split_example_counts": {
      "train": 6256,
      "val": 1220,
      "test": 1206
    },
    "ddi_density": 0.05261303581914269,
    "ddi_upper_pairs": 448,
    "ddi_total_pairs": 8515,
    "loaded_artifacts": {
      "records": "data/processed/records_final.pkl",
      "cohort": "data/processed/cohort_mimic3.pkl",
      "ddi": "data/processed/ddi_A_final.pkl",
      "ehr": "data/processed/ehr_adj_final.pkl",
      "embeddings": "data/embeddings/code_embeddings.pt"
    }
  },
  "param_counts": {
    "visit_encoder": {
      "total": 4649474,
      "trainable": 2047490
    },
    "drug_gnn": {
      "total": 2007616,
      "trainable": 2007616
    },
    "predictor": {
      "total": 262406,
      "trainable": 262404
    },
    "model_total": {
      "total": 7182664,
      "trainable": 4580678
    }
  },
  "threshold_sweep": {
    "0.4": {
      "Jaccard": 0.500486,
      "Avg Meds": 25.660032,
      "Avg True Meds": 19.901327,
      "DDI Rate": 0.080258
    },
    "0.45": {
      "Jaccard": 0.502599,
      "Avg Meds": 24.411278,
      "Avg True Meds": 19.901327,
      "DDI Rate": 0.082264
    },
    "0.5": {
      "Jaccard": 0.504247,
      "Avg Meds": 23.21393,
      "Avg True Meds": 19.901327,
      "DDI Rate": 0.083505
    },
    "0.55": {
      "Jaccard": 0.505183,
      "Avg Meds": 22.042288,
      "Avg True Meds": 19.901327,
      "DDI Rate": 0.085
    },
    "0.6": {
      "Jaccard": 0.5044,
      "Avg Meds": 20.981758,
      "Avg True Meds": 19.901327,
      "DDI Rate": 0.08653
    },
    "0.65": {
      "Jaccard": 0.502475,
      "Avg Meds": 19.833334,
      "Avg True Meds": 19.901327,
      "DDI Rate": 0.088601
    },
    "0.7": {
      "Jaccard": 0.498068,
      "Avg Meds": 18.7131,
      "Avg True Meds": 19.901327,
      "DDI Rate": 0.089819
    },
    "0.75": {
      "Jaccard": 0.492956,
      "Avg Meds": 17.49917,
      "Avg True Meds": 19.901327,
      "DDI Rate": 0.091359
    }
  },
  "calibrated_threshold": 0.65,
  "calibrated_metrics": {
    "Jaccard": 0.502475,
    "Avg Meds": 19.833334,
    "Avg True Meds": 19.901327,
    "DDI Rate": 0.088601
  },
  "config": {
    "hidden_dim": 256,
    "use_notes": false,
    "use_labs": false,
    "use_copy": false,
    "fusion_strategy": "film",
    "lab_dim": 0,
    "pos_weight_cap": 5.0,
    "use_cosine_lr": false,
    "contrastive_weight": 0.0,
    "margin_loss_weight": 0.0,
    "alignment_loss_weight": 0.1,
    "alignment_start_epoch": 1,
    "alignment_ramp_epochs": 0
  }
}