{
  "seed": 42,
  "ablation": "full",
  "mimic_version": 3,
  "mimic4_full": false,
  "cohort_tag": "mimic3",
  "best_val_jaccard": 0.539349377155304,
  "test_metrics": {
    "Jaccard": 0.538739800453186,
    "F1": 0.6923997402191162,
    "PRAUC": 0.7792958122384968,
    "DDI Rate": 0.08460799749532631,
    "Avg Meds": 22.578773498535156,
    "Avg True Meds": 19.90132713317871,
    "Precision": 0.6651086807250977,
    "Recall": 0.7502476572990417,
    "NHJ_new": 0.28277349393618734,
    "NHJ_dropped": 0.3661416361206456,
    "CVR": 0.0
  },
  "data_diagnostics": {
    "split_mode_requested": "hidr_vita",
    "require_cohort_split": false,
    "split_source": "hidr_vita_sequential",
    "split_seed_used": "n/a",
    "split_patient_counts": {
      "train": 4233,
      "val": 1059,
      "test": 1058
    },
    "split_example_counts": {
      "train": 6256,
      "val": 1220,
      "test": 1206
    },
    "ddi_density": 0.05261303581914269,
    "ddi_upper_pairs": 448,
    "ddi_total_pairs": 8515,
    "loaded_artifacts": {
      "records": "data/processed/records_final.pkl",
      "cohort": "data/processed/cohort_mimic3.pkl",
      "ddi": "data/processed/ddi_A_final.pkl",
      "ehr": "data/processed/ehr_adj_final.pkl",
      "embeddings": "data/embeddings/code_embeddings.pt",
      "labs": "data/processed/lab_vectors_200labs.pkl"
    }
  },
  "param_counts": {
    "visit_encoder": {
      "total": 5108993,
      "trainable": 2507009
    },
    "fusion": {
      "total": 423808,
      "trainable": 423808
    },
    "drug_gnn": {
      "total": 1974080,
      "trainable": 1974080
    },
    "predictor": {
      "total": 304454,
      "trainable": 304453
    },
    "model_total": {
      "total": 8074503,
      "trainable": 5472518
    }
  },
  "threshold_sweep": {
    "0.4": {
      "Jaccard": 0.533461,
      "Avg Meds": 24.583748,
      "Avg True Meds": 19.901327,
      "DDI Rate": 0.083256
    },
    "0.45": {
      "Jaccard": 0.536875,
      "Avg Meds": 23.54146,
      "Avg True Meds": 19.901327,
      "DDI Rate": 0.084292
    },
    "0.5": {
      "Jaccard": 0.53874,
      "Avg Meds": 22.578773,
      "Avg True Meds": 19.901327,
      "DDI Rate": 0.084608
    },
    "0.55": {
      "Jaccard": 0.539662,
      "Avg Meds": 21.703979,
      "Avg True Meds": 19.901327,
      "DDI Rate": 0.085113
    },
    "0.6": {
      "Jaccard": 0.539162,
      "Avg Meds": 20.800165,
      "Avg True Meds": 19.901327,
      "DDI Rate": 0.085847
    },
    "0.65": {
      "Jaccard": 0.536947,
      "Avg Meds": 19.934494,
      "Avg True Meds": 19.901327,
      "DDI Rate": 0.086066
    },
    "0.7": {
      "Jaccard": 0.533754,
      "Avg Meds": 18.983416,
      "Avg True Meds": 19.901327,
      "DDI Rate": 0.086242
    },
    "0.75": {
      "Jaccard": 0.528582,
      "Avg Meds": 17.990879,
      "Avg True Meds": 19.901327,
      "DDI Rate": 0.086509
    }
  },
  "calibrated_threshold": 0.65,
  "calibrated_metrics": {
    "Jaccard": 0.536947,
    "Avg Meds": 19.934494,
    "Avg True Meds": 19.901327,
    "DDI Rate": 0.086066
  },
  "config": {
    "hidden_dim": 256,
    "use_notes": false,
    "use_labs": true,
    "use_copy": false,
    "fusion_strategy": "film",
    "lab_dim": 400,
    "pos_weight_cap": 5.0,
    "use_cosine_lr": false,
    "contrastive_weight": 0.0,
    "margin_loss_weight": 0.0,
    "alignment_loss_weight": 0.1,
    "alignment_start_epoch": 1,
    "alignment_ramp_epochs": 0
  }
}