{
  "seed": 42,
  "ablation": "full",
  "mimic_version": 3,
  "mimic4_full": false,
  "cohort_tag": "mimic3",
  "best_val_jaccard": 0.5393096208572388,
  "test_metrics": {
    "Jaccard": 0.5402559638023376,
    "F1": 0.6940373182296753,
    "PRAUC": 0.7807659580540242,
    "DDI Rate": 0.07922628054223782,
    "Avg Meds": 21.362354278564453,
    "Avg True Meds": 19.90132713317871,
    "Precision": 0.6793769598007202,
    "Recall": 0.7343884706497192,
    "NHJ_new": 0.2878252142354062,
    "NHJ_dropped": 0.3911047813139464,
    "CVR": 0.0
  },
  "data_diagnostics": {
    "split_mode_requested": "hidr_vita",
    "require_cohort_split": false,
    "split_source": "hidr_vita_sequential",
    "split_seed_used": "n/a",
    "split_patient_counts": {
      "train": 4233,
      "val": 1059,
      "test": 1058
    },
    "split_example_counts": {
      "train": 6256,
      "val": 1220,
      "test": 1206
    },
    "ddi_density": 0.05261303581914269,
    "ddi_upper_pairs": 448,
    "ddi_total_pairs": 8515,
    "loaded_artifacts": {
      "records": "data/processed/records_final.pkl",
      "cohort": "data/processed/cohort_mimic3.pkl",
      "ddi": "data/processed/ddi_A_final.pkl",
      "ehr": "data/processed/ehr_adj_final.pkl",
      "embeddings": "data/embeddings/code_embeddings.pt",
      "labs": "data/processed/lab_vectors_200labs.pkl"
    }
  },
  "param_counts": {
    "visit_encoder": {
      "total": 4583681,
      "trainable": 1981697
    },
    "fusion": {
      "total": 423808,
      "trainable": 423808
    },
    "drug_gnn": {
      "total": 789792,
      "trainable": 789792
    },
    "predictor": {
      "total": 304454,
      "trainable": 304453
    },
    "model_total": {
      "total": 6364903,
      "trainable": 3762918
    }
  },
  "threshold_sweep": {
    "0.4": {
      "Jaccard": 0.537819,
      "Avg Meds": 23.127695,
      "Avg True Meds": 19.901327,
      "DDI Rate": 0.079088
    },
    "0.45": {
      "Jaccard": 0.540081,
      "Avg Meds": 22.155888,
      "Avg True Meds": 19.901327,
      "DDI Rate": 0.079318
    },
    "0.5": {
      "Jaccard": 0.540256,
      "Avg Meds": 21.362354,
      "Avg True Meds": 19.901327,
      "DDI Rate": 0.079226
    },
    "0.55": {
      "Jaccard": 0.539921,
      "Avg Meds": 20.528193,
      "Avg True Meds": 19.901327,
      "DDI Rate": 0.079463
    },
    "0.6": {
      "Jaccard": 0.53744,
      "Avg Meds": 19.665838,
      "Avg True Meds": 19.901327,
      "DDI Rate": 0.079556
    },
    "0.65": {
      "Jaccard": 0.53325,
      "Avg Meds": 18.82753,
      "Avg True Meds": 19.901327,
      "DDI Rate": 0.079224
    },
    "0.7": {
      "Jaccard": 0.529522,
      "Avg Meds": 17.970978,
      "Avg True Meds": 19.901327,
      "DDI Rate": 0.078657
    },
    "0.75": {
      "Jaccard": 0.522962,
      "Avg Meds": 17.10116,
      "Avg True Meds": 19.901327,
      "DDI Rate": 0.078825
    }
  },
  "calibrated_threshold": 0.6,
  "calibrated_metrics": {
    "Jaccard": 0.53744,
    "Avg Meds": 19.665838,
    "Avg True Meds": 19.901327,
    "DDI Rate": 0.079556
  },
  "config": {
    "hidden_dim": 256,
    "use_notes": false,
    "use_labs": true,
    "use_copy": false,
    "fusion_strategy": "film",
    "lab_dim": 400,
    "pos_weight_cap": 5.0,
    "use_cosine_lr": false,
    "contrastive_weight": 0.0,
    "margin_loss_weight": 0.0,
    "alignment_loss_weight": 0.1,
    "alignment_start_epoch": 1,
    "alignment_ramp_epochs": 0
  }
}