{
  "seed": 456,
  "ablation": "full",
  "mimic_version": 3,
  "mimic4_full": false,
  "cohort_tag": "mimic3",
  "best_val_jaccard": 0.5549519062042236,
  "test_metrics": {
    "Jaccard": 0.5514388680458069,
    "F1": 0.7035096883773804,
    "PRAUC": 0.7923666867014275,
    "DDI Rate": 0.0782459480447907,
    "Avg Meds": 22.315092086791992,
    "Avg True Meds": 19.90132713317871,
    "Precision": 0.6742424964904785,
    "Recall": 0.757904052734375,
    "NHJ_new": 0.30907515318770157,
    "NHJ_dropped": 0.3938911039578287,
    "CVR": 0.0
  },
  "data_diagnostics": {
    "split_mode_requested": "hidr_vita",
    "require_cohort_split": false,
    "split_source": "hidr_vita_sequential",
    "split_seed_used": "n/a",
    "split_patient_counts": {
      "train": 4233,
      "val": 1059,
      "test": 1058
    },
    "split_example_counts": {
      "train": 6256,
      "val": 1220,
      "test": 1206
    },
    "ddi_density": 0.05261303581914269,
    "ddi_upper_pairs": 448,
    "ddi_total_pairs": 8515,
    "loaded_artifacts": {
      "records": "data/processed/records_final.pkl",
      "cohort": "data/processed/cohort_mimic3.pkl",
      "ddi": "data/processed/ddi_A_final.pkl",
      "ehr": "data/processed/ehr_adj_final.pkl",
      "embeddings": "data/embeddings/code_embeddings.pt",
      "notes": "data/processed/note_embeddings_mimic3.pkl",
      "labs": "data/processed/lab_vectors_200labs.pkl"
    }
  },
  "param_counts": {
    "visit_encoder": {
      "total": 4583681,
      "trainable": 1981697
    },
    "fusion": {
      "total": 423808,
      "trainable": 423808
    },
    "drug_gnn": {
      "total": 1316608,
      "trainable": 1316608
    },
    "predictor": {
      "total": 369990,
      "trainable": 369990
    },
    "model_total": {
      "total": 6957255,
      "trainable": 4355271
    }
  },
  "threshold_sweep": {
    "0.4": {
      "Jaccard": 0.546951,
      "Avg Meds": 24.029022,
      "Avg True Meds": 19.901327,
      "DDI Rate": 0.078207
    },
    "0.45": {
      "Jaccard": 0.550426,
      "Avg Meds": 23.130182,
      "Avg True Meds": 19.901327,
      "DDI Rate": 0.078108
    },
    "0.5": {
      "Jaccard": 0.551439,
      "Avg Meds": 22.315092,
      "Avg True Meds": 19.901327,
      "DDI Rate": 0.078246
    },
    "0.55": {
      "Jaccard": 0.553682,
      "Avg Meds": 21.496683,
      "Avg True Meds": 19.901327,
      "DDI Rate": 0.078601
    },
    "0.6": {
      "Jaccard": 0.552181,
      "Avg Meds": 20.680763,
      "Avg True Meds": 19.901327,
      "DDI Rate": 0.079217
    },
    "0.65": {
      "Jaccard": 0.551792,
      "Avg Meds": 19.837479,
      "Avg True Meds": 19.901327,
      "DDI Rate": 0.079855
    },
    "0.7": {
      "Jaccard": 0.550431,
      "Avg Meds": 18.982588,
      "Avg True Meds": 19.901327,
      "DDI Rate": 0.080005
    },
    "0.75": {
      "Jaccard": 0.544112,
      "Avg Meds": 18.038971,
      "Avg True Meds": 19.901327,
      "DDI Rate": 0.080374
    }
  },
  "calibrated_threshold": 0.65,
  "calibrated_metrics": {
    "Jaccard": 0.551792,
    "Avg Meds": 19.837479,
    "Avg True Meds": 19.901327,
    "DDI Rate": 0.079855
  },
  "config": {
    "hidden_dim": 256,
    "use_notes": true,
    "use_labs": true,
    "use_copy": false,
    "fusion_strategy": "film",
    "lab_dim": 400,
    "pos_weight_cap": 5.0,
    "use_cosine_lr": false,
    "contrastive_weight": 0.0,
    "margin_loss_weight": 0.0,
    "alignment_loss_weight": 0.1,
    "alignment_start_epoch": 1,
    "alignment_ramp_epochs": 0
  }
}