{
  "seed": 42,
  "ablation": "full",
  "mimic_version": 3,
  "mimic4_full": false,
  "cohort_tag": "mimic3",
  "best_val_jaccard": 0.4981265664100647,
  "test_metrics": {
    "Jaccard": 0.5027602910995483,
    "F1": 0.6611619591712952,
    "PRAUC": 0.7489799913164632,
    "DDI Rate": 0.08893042706881257,
    "Avg Meds": 22.50912094116211,
    "Avg True Meds": 19.90132713317871,
    "Precision": 0.6414943933486938,
    "Recall": 0.7302736043930054,
    "NHJ_new": 0.23229501121922544,
    "NHJ_dropped": 0.30067007165206106,
    "CVR": 0.0
  },
  "data_diagnostics": {
    "split_mode_requested": "hidr_vita",
    "require_cohort_split": false,
    "split_source": "hidr_vita_sequential",
    "split_seed_used": "n/a",
    "split_patient_counts": {
      "train": 4233,
      "val": 1059,
      "test": 1058
    },
    "split_example_counts": {
      "train": 6256,
      "val": 1220,
      "test": 1206
    },
    "ddi_density": 0.05261303581914269,
    "ddi_upper_pairs": 448,
    "ddi_total_pairs": 8515,
    "loaded_artifacts": {
      "records": "data/processed/records_final.pkl",
      "cohort": "data/processed/cohort_mimic3.pkl",
      "ddi": "data/processed/ddi_A_final.pkl",
      "ehr": "data/processed/ehr_adj_final.pkl",
      "embeddings": "data/embeddings/code_embeddings.pt"
    }
  },
  "param_counts": {
    "visit_encoder": {
      "total": 6292225,
      "trainable": 3690241
    },
    "drug_gnn": {
      "total": 1974080,
      "trainable": 1974080
    },
    "predictor": {
      "total": 262406,
      "trainable": 262404
    },
    "model_total": {
      "total": 8791879,
      "trainable": 6189893
    }
  },
  "threshold_sweep": {
    "0.4": {
      "Jaccard": 0.498027,
      "Avg Meds": 25.043947,
      "Avg True Meds": 19.901327,
      "DDI Rate": 0.085914
    },
    "0.45": {
      "Jaccard": 0.501415,
      "Avg Meds": 23.708126,
      "Avg True Meds": 19.901327,
      "DDI Rate": 0.0875
    },
    "0.5": {
      "Jaccard": 0.50276,
      "Avg Meds": 22.509121,
      "Avg True Meds": 19.901327,
      "DDI Rate": 0.08893
    },
    "0.55": {
      "Jaccard": 0.502842,
      "Avg Meds": 21.375622,
      "Avg True Meds": 19.901327,
      "DDI Rate": 0.090495
    },
    "0.6": {
      "Jaccard": 0.502312,
      "Avg Meds": 20.317579,
      "Avg True Meds": 19.901327,
      "DDI Rate": 0.091704
    },
    "0.65": {
      "Jaccard": 0.498811,
      "Avg Meds": 19.308458,
      "Avg True Meds": 19.901327,
      "DDI Rate": 0.092439
    },
    "0.7": {
      "Jaccard": 0.496417,
      "Avg Meds": 18.234659,
      "Avg True Meds": 19.901327,
      "DDI Rate": 0.093507
    },
    "0.75": {
      "Jaccard": 0.490411,
      "Avg Meds": 17.106136,
      "Avg True Meds": 19.901327,
      "DDI Rate": 0.094818
    }
  },
  "calibrated_threshold": 0.6,
  "calibrated_metrics": {
    "Jaccard": 0.502312,
    "Avg Meds": 20.317579,
    "Avg True Meds": 19.901327,
    "DDI Rate": 0.091704
  },
  "config": {
    "hidden_dim": 256,
    "use_notes": false,
    "use_labs": false,
    "use_copy": false,
    "fusion_strategy": "film",
    "lab_dim": 0,
    "pos_weight_cap": 5.0,
    "use_cosine_lr": false,
    "contrastive_weight": 0.0,
    "margin_loss_weight": 0.0,
    "alignment_loss_weight": 0.1,
    "alignment_start_epoch": 1,
    "alignment_ramp_epochs": 0
  }
}