{
  "seed": 456,
  "ablation": "full",
  "mimic_version": 3,
  "mimic4_full": false,
  "cohort_tag": "mimic3",
  "best_val_jaccard": 0.5434092879295349,
  "test_metrics": {
    "Jaccard": 0.5426294803619385,
    "F1": 0.695737898349762,
    "PRAUC": 0.7818454814546116,
    "DDI Rate": 0.08001233492310134,
    "Avg Meds": 22.938640594482422,
    "Avg True Meds": 19.90132713317871,
    "Precision": 0.6594518423080444,
    "Recall": 0.7640882134437561,
    "NHJ_new": 0.29517070635368947,
    "NHJ_dropped": 0.35947160030666153,
    "CVR": 0.0
  },
  "data_diagnostics": {
    "split_mode_requested": "hidr_vita",
    "require_cohort_split": false,
    "split_source": "hidr_vita_sequential",
    "split_seed_used": "n/a",
    "split_patient_counts": {
      "train": 4233,
      "val": 1059,
      "test": 1058
    },
    "split_example_counts": {
      "train": 6256,
      "val": 1220,
      "test": 1206
    },
    "ddi_density": 0.05261303581914269,
    "ddi_upper_pairs": 448,
    "ddi_total_pairs": 8515,
    "loaded_artifacts": {
      "records": "data/processed/records_final.pkl",
      "cohort": "data/processed/cohort_mimic3.pkl",
      "ddi": "data/processed/ddi_A_final.pkl",
      "ehr": "data/processed/ehr_adj_final.pkl",
      "embeddings": "data/embeddings/code_embeddings.pt",
      "notes": "data/processed/note_embeddings_mimic3.pkl"
    }
  },
  "param_counts": {
    "visit_encoder": {
      "total": 4583681,
      "trainable": 1981697
    },
    "fusion": {
      "total": 400512,
      "trainable": 400512
    },
    "drug_gnn": {
      "total": 789792,
      "trainable": 789792
    },
    "predictor": {
      "total": 327942,
      "trainable": 327941
    },
    "model_total": {
      "total": 6365095,
      "trainable": 3763110
    }
  },
  "threshold_sweep": {
    "0.4": {
      "Jaccard": 0.537117,
      "Avg Meds": 24.820896,
      "Avg True Meds": 19.901327,
      "DDI Rate": 0.079263
    },
    "0.45": {
      "Jaccard": 0.540718,
      "Avg Meds": 23.845772,
      "Avg True Meds": 19.901327,
      "DDI Rate": 0.079261
    },
    "0.5": {
      "Jaccard": 0.542629,
      "Avg Meds": 22.938641,
      "Avg True Meds": 19.901327,
      "DDI Rate": 0.080012
    },
    "0.55": {
      "Jaccard": 0.544221,
      "Avg Meds": 21.997513,
      "Avg True Meds": 19.901327,
      "DDI Rate": 0.080198
    },
    "0.6": {
      "Jaccard": 0.542792,
      "Avg Meds": 21.116087,
      "Avg True Meds": 19.901327,
      "DDI Rate": 0.08028
    },
    "0.65": {
      "Jaccard": 0.542451,
      "Avg Meds": 20.287727,
      "Avg True Meds": 19.901327,
      "DDI Rate": 0.080375
    },
    "0.7": {
      "Jaccard": 0.541505,
      "Avg Meds": 19.376451,
      "Avg True Meds": 19.901327,
      "DDI Rate": 0.080506
    },
    "0.75": {
      "Jaccard": 0.538467,
      "Avg Meds": 18.441128,
      "Avg True Meds": 19.901327,
      "DDI Rate": 0.081138
    }
  },
  "calibrated_threshold": 0.65,
  "calibrated_metrics": {
    "Jaccard": 0.542451,
    "Avg Meds": 20.287727,
    "Avg True Meds": 19.901327,
    "DDI Rate": 0.080375
  },
  "config": {
    "hidden_dim": 256,
    "use_notes": true,
    "use_labs": false,
    "use_copy": false,
    "fusion_strategy": "film",
    "lab_dim": 0,
    "pos_weight_cap": 5.0,
    "use_cosine_lr": false,
    "contrastive_weight": 0.0,
    "margin_loss_weight": 0.0,
    "alignment_loss_weight": 0.1,
    "alignment_start_epoch": 1,
    "alignment_ramp_epochs": 0
  }
}