{
  "seed": 42,
  "ablation": "full",
  "mimic_version": 3,
  "mimic4_full": false,
  "cohort_tag": "mimic3",
  "best_val_jaccard": 0.5400673747062683,
  "test_metrics": {
    "Jaccard": 0.5414733290672302,
    "F1": 0.6951556205749512,
    "PRAUC": 0.7842454008335298,
    "DDI Rate": 0.0835530685775246,
    "Avg Meds": 21.59867286682129,
    "Avg True Meds": 19.90132713317871,
    "Precision": 0.6786305904388428,
    "Recall": 0.7390002012252808,
    "NHJ_new": 0.2827553858882503,
    "NHJ_dropped": 0.3808316149209675,
    "CVR": 0.0
  },
  "data_diagnostics": {
    "split_mode_requested": "hidr_vita",
    "require_cohort_split": false,
    "split_source": "hidr_vita_sequential",
    "split_seed_used": "n/a",
    "split_patient_counts": {
      "train": 4233,
      "val": 1059,
      "test": 1058
    },
    "split_example_counts": {
      "train": 6256,
      "val": 1220,
      "test": 1206
    },
    "ddi_density": 0.05261303581914269,
    "ddi_upper_pairs": 448,
    "ddi_total_pairs": 8515,
    "loaded_artifacts": {
      "records": "data/processed/records_final.pkl",
      "cohort": "data/processed/cohort_mimic3.pkl",
      "ddi": "data/processed/ddi_A_final.pkl",
      "ehr": "data/processed/ehr_adj_final.pkl",
      "embeddings": "data/embeddings/code_embeddings.pt",
      "labs": "data/processed/lab_vectors_204_MAXlabs.pkl"
    }
  },
  "param_counts": {
    "visit_encoder": {
      "total": 4649474,
      "trainable": 2047490
    },
    "fusion": {
      "total": 424320,
      "trainable": 424320
    },
    "drug_gnn": {
      "total": 1151776,
      "trainable": 1151776
    },
    "predictor": {
      "total": 304966,
      "trainable": 304965
    },
    "model_total": {
      "total": 6793704,
      "trainable": 4191719
    }
  },
  "threshold_sweep": {
    "0.4": {
      "Jaccard": 0.536906,
      "Avg Meds": 23.414595,
      "Avg True Meds": 19.901327,
      "DDI Rate": 0.083338
    },
    "0.45": {
      "Jaccard": 0.540076,
      "Avg Meds": 22.464344,
      "Avg True Meds": 19.901327,
      "DDI Rate": 0.083396
    },
    "0.5": {
      "Jaccard": 0.541473,
      "Avg Meds": 21.598673,
      "Avg True Meds": 19.901327,
      "DDI Rate": 0.083553
    },
    "0.55": {
      "Jaccard": 0.541521,
      "Avg Meds": 20.779436,
      "Avg True Meds": 19.901327,
      "DDI Rate": 0.083588
    },
    "0.6": {
      "Jaccard": 0.539667,
      "Avg Meds": 19.973467,
      "Avg True Meds": 19.901327,
      "DDI Rate": 0.083731
    },
    "0.65": {
      "Jaccard": 0.536484,
      "Avg Meds": 19.164179,
      "Avg True Meds": 19.901327,
      "DDI Rate": 0.084284
    },
    "0.7": {
      "Jaccard": 0.533134,
      "Avg Meds": 18.310946,
      "Avg True Meds": 19.901327,
      "DDI Rate": 0.084775
    },
    "0.75": {
      "Jaccard": 0.527928,
      "Avg Meds": 17.407131,
      "Avg True Meds": 19.901327,
      "DDI Rate": 0.085094
    }
  },
  "calibrated_threshold": 0.6,
  "calibrated_metrics": {
    "Jaccard": 0.539667,
    "Avg Meds": 19.973467,
    "Avg True Meds": 19.901327,
    "DDI Rate": 0.083731
  },
  "config": {
    "hidden_dim": 256,
    "use_notes": false,
    "use_labs": true,
    "use_copy": false,
    "fusion_strategy": "film",
    "lab_dim": 408,
    "pos_weight_cap": 5.0,
    "use_cosine_lr": false,
    "contrastive_weight": 0.0,
    "margin_loss_weight": 0.0,
    "alignment_loss_weight": 0.1,
    "alignment_start_epoch": 1,
    "alignment_ramp_epochs": 0
  }
}