{
  "seed": 42,
  "ablation": "full",
  "mimic_version": 3,
  "mimic4_full": false,
  "cohort_tag": "mimic3",
  "best_val_jaccard": 0.5662062764167786,
  "test_metrics": {
    "Jaccard": 0.5620882511138916,
    "F1": 0.712302565574646,
    "PRAUC": 0.7980691636633428,
    "DDI Rate": 0.07800361030847806,
    "Avg Meds": 22.519901275634766,
    "Avg True Meds": 19.90132713317871,
    "Precision": 0.6792420148849487,
    "Recall": 0.7719972729682922,
    "NHJ_new": 0.2894332032454641,
    "NHJ_dropped": 0.2890281739987825,
    "CVR": 0.0
  },
  "data_diagnostics": {
    "split_mode_requested": "hidr_vita",
    "require_cohort_split": false,
    "split_source": "hidr_vita_sequential",
    "split_seed_used": "n/a",
    "split_patient_counts": {
      "train": 4233,
      "val": 1059,
      "test": 1058
    },
    "split_example_counts": {
      "train": 6256,
      "val": 1220,
      "test": 1206
    },
    "ddi_density": 0.05261303581914269,
    "ddi_upper_pairs": 448,
    "ddi_total_pairs": 8515,
    "loaded_artifacts": {
      "records": "data/processed/records_final.pkl",
      "cohort": "data/processed/cohort_mimic3.pkl",
      "ddi": "data/processed/ddi_A_final.pkl",
      "ehr": "data/processed/ehr_adj_final.pkl",
      "embeddings": "data/embeddings/code_embeddings.pt",
      "notes": "data/processed/note_embeddings_mimic3.pkl",
      "labs": "data/processed/lab_vectors_200labs.pkl"
    }
  },
  "param_counts": {
    "visit_encoder": {
      "total": 4583681,
      "trainable": 1981697
    },
    "fusion": {
      "total": 423808,
      "trainable": 423808
    },
    "drug_gnn": {
      "total": 1974080,
      "trainable": 1974080
    },
    "predictor": {
      "total": 559560,
      "trainable": 559560
    },
    "model_total": {
      "total": 7804297,
      "trainable": 5202313
    }
  },
  "threshold_sweep": {
    "0.4": {
      "Jaccard": 0.559828,
      "Avg Meds": 24.159204,
      "Avg True Meds": 19.901327,
      "DDI Rate": 0.078747
    },
    "0.45": {
      "Jaccard": 0.56131,
      "Avg Meds": 23.325871,
      "Avg True Meds": 19.901327,
      "DDI Rate": 0.0782
    },
    "0.5": {
      "Jaccard": 0.562088,
      "Avg Meds": 22.519901,
      "Avg True Meds": 19.901327,
      "DDI Rate": 0.078004
    },
    "0.55": {
      "Jaccard": 0.562053,
      "Avg Meds": 21.789387,
      "Avg True Meds": 19.901327,
      "DDI Rate": 0.077276
    },
    "0.6": {
      "Jaccard": 0.562811,
      "Avg Meds": 21.053898,
      "Avg True Meds": 19.901327,
      "DDI Rate": 0.076871
    },
    "0.65": {
      "Jaccard": 0.561683,
      "Avg Meds": 20.301825,
      "Avg True Meds": 19.901327,
      "DDI Rate": 0.076652
    },
    "0.7": {
      "Jaccard": 0.557947,
      "Avg Meds": 19.533167,
      "Avg True Meds": 19.901327,
      "DDI Rate": 0.07631
    },
    "0.75": {
      "Jaccard": 0.554265,
      "Avg Meds": 18.71476,
      "Avg True Meds": 19.901327,
      "DDI Rate": 0.075619
    }
  },
  "calibrated_threshold": 0.7,
  "calibrated_metrics": {
    "Jaccard": 0.557947,
    "Avg Meds": 19.533167,
    "Avg True Meds": 19.901327,
    "DDI Rate": 0.07631
  },
  "config": {
    "hidden_dim": 256,
    "use_notes": true,
    "use_labs": true,
    "use_copy": true,
    "fusion_strategy": "film",
    "lab_dim": 400,
    "pos_weight_cap": 5.0,
    "use_cosine_lr": false,
    "contrastive_weight": 0.0,
    "margin_loss_weight": 0.0,
    "alignment_loss_weight": 0.1,
    "alignment_start_epoch": 1,
    "alignment_ramp_epochs": 0
  }
}