{
  "seed": 456,
  "ablation": "full",
  "mimic_version": 3,
  "mimic4_full": false,
  "cohort_tag": "mimic3",
  "best_val_jaccard": 0.5632298588752747,
  "test_metrics": {
    "Jaccard": 0.5594782829284668,
    "F1": 0.7101261019706726,
    "PRAUC": 0.7957823314750769,
    "DDI Rate": 0.08056136817759876,
    "Avg Meds": 22.179933547973633,
    "Avg True Meds": 19.90132713317871,
    "Precision": 0.6833679676055908,
    "Recall": 0.7622038722038269,
    "NHJ_new": 0.28577248752117157,
    "NHJ_dropped": 0.3190530554244393,
    "CVR": 0.0
  },
  "data_diagnostics": {
    "split_mode_requested": "hidr_vita",
    "require_cohort_split": false,
    "split_source": "hidr_vita_sequential",
    "split_seed_used": "n/a",
    "split_patient_counts": {
      "train": 4233,
      "val": 1059,
      "test": 1058
    },
    "split_example_counts": {
      "train": 6256,
      "val": 1220,
      "test": 1206
    },
    "ddi_density": 0.05261303581914269,
    "ddi_upper_pairs": 448,
    "ddi_total_pairs": 8515,
    "loaded_artifacts": {
      "records": "data/processed/records_final.pkl",
      "cohort": "data/processed/cohort_mimic3.pkl",
      "ddi": "data/processed/ddi_A_final.pkl",
      "ehr": "data/processed/ehr_adj_final.pkl",
      "embeddings": "data/embeddings/code_embeddings.pt",
      "notes": "data/processed/note_embeddings_mimic3.pkl",
      "labs": "data/processed/lab_vectors_200labs.pkl"
    }
  },
  "param_counts": {
    "visit_encoder": {
      "total": 4583681,
      "trainable": 1981697
    },
    "fusion": {
      "total": 423808,
      "trainable": 423808
    },
    "drug_gnn": {
      "total": 2960480,
      "trainable": 2960480
    },
    "predictor": {
      "total": 559560,
      "trainable": 559560
    },
    "model_total": {
      "total": 8790697,
      "trainable": 6188713
    }
  },
  "threshold_sweep": {
    "0.4": {
      "Jaccard": 0.554945,
      "Avg Meds": 23.859867,
      "Avg True Meds": 19.901327,
      "DDI Rate": 0.081188
    },
    "0.45": {
      "Jaccard": 0.557674,
      "Avg Meds": 23.00083,
      "Avg True Meds": 19.901327,
      "DDI Rate": 0.081057
    },
    "0.5": {
      "Jaccard": 0.559478,
      "Avg Meds": 22.179934,
      "Avg True Meds": 19.901327,
      "DDI Rate": 0.080561
    },
    "0.55": {
      "Jaccard": 0.559416,
      "Avg Meds": 21.359037,
      "Avg True Meds": 19.901327,
      "DDI Rate": 0.080479
    },
    "0.6": {
      "Jaccard": 0.558886,
      "Avg Meds": 20.577944,
      "Avg True Meds": 19.901327,
      "DDI Rate": 0.080286
    },
    "0.65": {
      "Jaccard": 0.557835,
      "Avg Meds": 19.81592,
      "Avg True Meds": 19.901327,
      "DDI Rate": 0.080023
    },
    "0.7": {
      "Jaccard": 0.555254,
      "Avg Meds": 18.987562,
      "Avg True Meds": 19.901327,
      "DDI Rate": 0.079659
    },
    "0.75": {
      "Jaccard": 0.549037,
      "Avg Meds": 18.091211,
      "Avg True Meds": 19.901327,
      "DDI Rate": 0.079739
    }
  },
  "calibrated_threshold": 0.65,
  "calibrated_metrics": {
    "Jaccard": 0.557835,
    "Avg Meds": 19.81592,
    "Avg True Meds": 19.901327,
    "DDI Rate": 0.080023
  },
  "config": {
    "hidden_dim": 256,
    "use_notes": true,
    "use_labs": true,
    "use_copy": true,
    "fusion_strategy": "film",
    "lab_dim": 400,
    "pos_weight_cap": 5.0,
    "use_cosine_lr": false,
    "contrastive_weight": 0.0,
    "margin_loss_weight": 0.0,
    "alignment_loss_weight": 0.1,
    "alignment_start_epoch": 1,
    "alignment_ramp_epochs": 0
  }
}