{
  "seed": 123,
  "ablation": "full",
  "mimic_version": 3,
  "mimic4_full": false,
  "cohort_tag": "mimic3",
  "best_val_jaccard": 0.5608020424842834,
  "test_metrics": {
    "Jaccard": 0.5598323345184326,
    "F1": 0.7102754712104797,
    "PRAUC": 0.7963941877614288,
    "DDI Rate": 0.08032050141482089,
    "Avg Meds": 23.44112777709961,
    "Avg True Meds": 19.90132713317871,
    "Precision": 0.6644042134284973,
    "Recall": 0.787362813949585,
    "NHJ_new": 0.3030775597220973,
    "NHJ_dropped": 0.3236279362126401,
    "CVR": 0.0
  },
  "data_diagnostics": {
    "split_mode_requested": "hidr_vita",
    "require_cohort_split": false,
    "split_source": "hidr_vita_sequential",
    "split_seed_used": "n/a",
    "split_patient_counts": {
      "train": 4233,
      "val": 1059,
      "test": 1058
    },
    "split_example_counts": {
      "train": 6256,
      "val": 1220,
      "test": 1206
    },
    "ddi_density": 0.05261303581914269,
    "ddi_upper_pairs": 448,
    "ddi_total_pairs": 8515,
    "loaded_artifacts": {
      "records": "data/processed/records_final.pkl",
      "cohort": "data/processed/cohort_mimic3.pkl",
      "ddi": "data/processed/ddi_A_final.pkl",
      "ehr": "data/processed/ehr_adj_final.pkl",
      "embeddings": "data/embeddings/code_embeddings.pt",
      "notes": "data/processed/note_embeddings_mimic3.pkl",
      "labs": "data/processed/lab_vectors_200labs.pkl"
    }
  },
  "param_counts": {
    "visit_encoder": {
      "total": 4583681,
      "trainable": 1981697
    },
    "fusion": {
      "total": 423808,
      "trainable": 423808
    },
    "drug_gnn": {
      "total": 1974080,
      "trainable": 1974080
    },
    "predictor": {
      "total": 1423943,
      "trainable": 1423943
    },
    "model_total": {
      "total": 8668680,
      "trainable": 6066696
    }
  },
  "threshold_sweep": {
    "0.4": {
      "Jaccard": 0.554644,
      "Avg Meds": 24.986732,
      "Avg True Meds": 19.901327,
      "DDI Rate": 0.0795
    },
    "0.45": {
      "Jaccard": 0.557668,
      "Avg Meds": 24.220564,
      "Avg True Meds": 19.901327,
      "DDI Rate": 0.079789
    },
    "0.5": {
      "Jaccard": 0.559832,
      "Avg Meds": 23.441128,
      "Avg True Meds": 19.901327,
      "DDI Rate": 0.080321
    },
    "0.55": {
      "Jaccard": 0.56182,
      "Avg Meds": 22.692371,
      "Avg True Meds": 19.901327,
      "DDI Rate": 0.081031
    },
    "0.6": {
      "Jaccard": 0.561898,
      "Avg Meds": 21.980099,
      "Avg True Meds": 19.901327,
      "DDI Rate": 0.081421
    },
    "0.65": {
      "Jaccard": 0.560826,
      "Avg Meds": 21.24544,
      "Avg True Meds": 19.901327,
      "DDI Rate": 0.081886
    },
    "0.7": {
      "Jaccard": 0.559011,
      "Avg Meds": 20.493366,
      "Avg True Meds": 19.901327,
      "DDI Rate": 0.083043
    },
    "0.75": {
      "Jaccard": 0.558041,
      "Avg Meds": 19.656717,
      "Avg True Meds": 19.901327,
      "DDI Rate": 0.08363
    }
  },
  "calibrated_threshold": 0.75,
  "calibrated_metrics": {
    "Jaccard": 0.558041,
    "Avg Meds": 19.656717,
    "Avg True Meds": 19.901327,
    "DDI Rate": 0.08363
  },
  "config": {
    "hidden_dim": 256,
    "use_notes": true,
    "use_labs": true,
    "use_copy": false,
    "fusion_strategy": "film",
    "lab_dim": 400,
    "pos_weight_cap": 5.0,
    "use_cosine_lr": false,
    "contrastive_weight": 0.0,
    "margin_loss_weight": 0.0,
    "alignment_loss_weight": 0.1,
    "alignment_start_epoch": 1,
    "alignment_ramp_epochs": 0
  }
}