{
  "seed": 42,
  "ablation": "full",
  "mimic_version": 3,
  "mimic4_full": false,
  "cohort_tag": "mimic3",
  "best_val_jaccard": 0.5334861874580383,
  "test_metrics": {
    "Jaccard": 0.5339058041572571,
    "F1": 0.6884773969650269,
    "PRAUC": 0.7795347890615923,
    "DDI Rate": 0.07992082949934848,
    "Avg Meds": 22.6077938079834,
    "Avg True Meds": 19.90132713317871,
    "Precision": 0.6579789519309998,
    "Recall": 0.7515068054199219,
    "NHJ_new": 0.2744627634161397,
    "NHJ_dropped": 0.33866896911671285,
    "CVR": 0.0
  },
  "data_diagnostics": {
    "split_mode_requested": "hidr_vita",
    "require_cohort_split": false,
    "split_source": "hidr_vita_sequential",
    "split_seed_used": "n/a",
    "split_patient_counts": {
      "train": 4233,
      "val": 1059,
      "test": 1058
    },
    "split_example_counts": {
      "train": 6256,
      "val": 1220,
      "test": 1206
    },
    "ddi_density": 0.05261303581914269,
    "ddi_upper_pairs": 448,
    "ddi_total_pairs": 8515,
    "loaded_artifacts": {
      "records": "data/processed/records_final.pkl",
      "cohort": "data/processed/cohort_mimic3.pkl",
      "ddi": "data/processed/ddi_A_final.pkl",
      "ehr": "data/processed/ehr_adj_final.pkl",
      "embeddings": "data/embeddings/code_embeddings.pt",
      "labs": "data/processed/lab_vectors_50labs.pkl"
    }
  },
  "param_counts": {
    "visit_encoder": {
      "total": 4649474,
      "trainable": 2047490
    },
    "fusion": {
      "total": 404608,
      "trainable": 404608
    },
    "drug_gnn": {
      "total": 1151776,
      "trainable": 1151776
    },
    "predictor": {
      "total": 285254,
      "trainable": 285253
    },
    "model_total": {
      "total": 6754280,
      "trainable": 4152295
    }
  },
  "threshold_sweep": {
    "0.4": {
      "Jaccard": 0.531788,
      "Avg Meds": 24.5,
      "Avg True Meds": 19.901327,
      "DDI Rate": 0.079606
    },
    "0.45": {
      "Jaccard": 0.532653,
      "Avg Meds": 23.552238,
      "Avg True Meds": 19.901327,
      "DDI Rate": 0.079603
    },
    "0.5": {
      "Jaccard": 0.533906,
      "Avg Meds": 22.607794,
      "Avg True Meds": 19.901327,
      "DDI Rate": 0.079921
    },
    "0.55": {
      "Jaccard": 0.533838,
      "Avg Meds": 21.736319,
      "Avg True Meds": 19.901327,
      "DDI Rate": 0.080288
    },
    "0.6": {
      "Jaccard": 0.534196,
      "Avg Meds": 20.839138,
      "Avg True Meds": 19.901327,
      "DDI Rate": 0.080899
    },
    "0.65": {
      "Jaccard": 0.533552,
      "Avg Meds": 19.956053,
      "Avg True Meds": 19.901327,
      "DDI Rate": 0.081123
    },
    "0.7": {
      "Jaccard": 0.53153,
      "Avg Meds": 19.053898,
      "Avg True Meds": 19.901327,
      "DDI Rate": 0.081714
    },
    "0.75": {
      "Jaccard": 0.527304,
      "Avg Meds": 18.155888,
      "Avg True Meds": 19.901327,
      "DDI Rate": 0.082052
    }
  },
  "calibrated_threshold": 0.65,
  "calibrated_metrics": {
    "Jaccard": 0.533552,
    "Avg Meds": 19.956053,
    "Avg True Meds": 19.901327,
    "DDI Rate": 0.081123
  },
  "config": {
    "hidden_dim": 256,
    "use_notes": false,
    "use_labs": true,
    "use_copy": false,
    "fusion_strategy": "film",
    "lab_dim": 100,
    "pos_weight_cap": 5.0,
    "use_cosine_lr": false,
    "contrastive_weight": 0.0,
    "margin_loss_weight": 0.0,
    "alignment_loss_weight": 0.1,
    "alignment_start_epoch": 1,
    "alignment_ramp_epochs": 0
  }
}