{
  "seed": 123,
  "ablation": "full",
  "mimic_version": 3,
  "mimic4_full": false,
  "cohort_tag": "mimic3",
  "best_val_jaccard": 0.5034831166267395,
  "test_metrics": {
    "Jaccard": 0.5030332207679749,
    "F1": 0.6615281701087952,
    "PRAUC": 0.7538249244078011,
    "DDI Rate": 0.08662280701754387,
    "Avg Meds": 21.551408767700195,
    "Avg True Meds": 19.90132713317871,
    "Precision": 0.6499122381210327,
    "Recall": 0.7160051465034485,
    "NHJ_new": 0.2230086342284554,
    "NHJ_dropped": 0.32246217445323344,
    "CVR": 0.0
  },
  "data_diagnostics": {
    "split_mode_requested": "hidr_vita",
    "require_cohort_split": false,
    "split_source": "hidr_vita_sequential",
    "split_seed_used": "n/a",
    "split_patient_counts": {
      "train": 4233,
      "val": 1059,
      "test": 1058
    },
    "split_example_counts": {
      "train": 6256,
      "val": 1220,
      "test": 1206
    },
    "ddi_density": 0.05261303581914269,
    "ddi_upper_pairs": 448,
    "ddi_total_pairs": 8515,
    "loaded_artifacts": {
      "records": "data/processed/records_final.pkl",
      "cohort": "data/processed/cohort_mimic3.pkl",
      "ddi": "data/processed/ddi_A_final.pkl",
      "ehr": "data/processed/ehr_adj_final.pkl",
      "embeddings": "data/embeddings/code_embeddings.pt"
    }
  },
  "param_counts": {
    "visit_encoder": {
      "total": 4583681,
      "trainable": 1981697
    },
    "drug_gnn": {
      "total": 2960480,
      "trainable": 2960480
    },
    "predictor": {
      "total": 262406,
      "trainable": 262404
    },
    "model_total": {
      "total": 8069735,
      "trainable": 5467749
    }
  },
  "threshold_sweep": {
    "0.4": {
      "Jaccard": 0.502807,
      "Avg Meds": 23.995026,
      "Avg True Meds": 19.901327,
      "DDI Rate": 0.082754
    },
    "0.45": {
      "Jaccard": 0.503524,
      "Avg Meds": 22.742952,
      "Avg True Meds": 19.901327,
      "DDI Rate": 0.084767
    },
    "0.5": {
      "Jaccard": 0.503033,
      "Avg Meds": 21.551409,
      "Avg True Meds": 19.901327,
      "DDI Rate": 0.086623
    },
    "0.55": {
      "Jaccard": 0.501688,
      "Avg Meds": 20.412106,
      "Avg True Meds": 19.901327,
      "DDI Rate": 0.088597
    },
    "0.6": {
      "Jaccard": 0.501074,
      "Avg Meds": 19.235489,
      "Avg True Meds": 19.901327,
      "DDI Rate": 0.090406
    },
    "0.65": {
      "Jaccard": 0.496351,
      "Avg Meds": 18.107794,
      "Avg True Meds": 19.901327,
      "DDI Rate": 0.092571
    },
    "0.7": {
      "Jaccard": 0.489652,
      "Avg Meds": 16.89801,
      "Avg True Meds": 19.901327,
      "DDI Rate": 0.094285
    },
    "0.75": {
      "Jaccard": 0.481221,
      "Avg Meds": 15.68325,
      "Avg True Meds": 19.901327,
      "DDI Rate": 0.096282
    }
  },
  "calibrated_threshold": 0.55,
  "calibrated_metrics": {
    "Jaccard": 0.501688,
    "Avg Meds": 20.412106,
    "Avg True Meds": 19.901327,
    "DDI Rate": 0.088597
  },
  "config": {
    "hidden_dim": 256,
    "use_notes": false,
    "use_labs": false,
    "use_copy": false,
    "fusion_strategy": "film",
    "lab_dim": 0,
    "pos_weight_cap": 5.0,
    "use_cosine_lr": false,
    "contrastive_weight": 0.0,
    "margin_loss_weight": 0.0,
    "alignment_loss_weight": 0.1,
    "alignment_start_epoch": 1,
    "alignment_ramp_epochs": 0
  }
}