{
  "seed": 123,
  "ablation": "full",
  "mimic_version": 3,
  "mimic4_full": false,
  "cohort_tag": "mimic3",
  "best_val_jaccard": 0.5663243532180786,
  "test_metrics": {
    "Jaccard": 0.5626454949378967,
    "F1": 0.7128294706344604,
    "PRAUC": 0.7984798562904519,
    "DDI Rate": 0.08244211207003756,
    "Avg Meds": 22.359037399291992,
    "Avg True Meds": 19.90132713317871,
    "Precision": 0.682604968547821,
    "Recall": 0.7693859934806824,
    "NHJ_new": 0.2839409144301164,
    "NHJ_dropped": 0.27724232171711166,
    "CVR": 0.0
  },
  "data_diagnostics": {
    "split_mode_requested": "hidr_vita",
    "require_cohort_split": false,
    "split_source": "hidr_vita_sequential",
    "split_seed_used": "n/a",
    "split_patient_counts": {
      "train": 4233,
      "val": 1059,
      "test": 1058
    },
    "split_example_counts": {
      "train": 6256,
      "val": 1220,
      "test": 1206
    },
    "ddi_density": 0.05261303581914269,
    "ddi_upper_pairs": 448,
    "ddi_total_pairs": 8515,
    "loaded_artifacts": {
      "records": "data/processed/records_final.pkl",
      "cohort": "data/processed/cohort_mimic3.pkl",
      "ddi": "data/processed/ddi_A_final.pkl",
      "ehr": "data/processed/ehr_adj_final.pkl",
      "embeddings": "data/embeddings/code_embeddings.pt",
      "notes": "data/processed/note_embeddings_mimic3.pkl",
      "labs": "data/processed/lab_vectors_200labs.pkl"
    }
  },
  "param_counts": {
    "visit_encoder": {
      "total": 4616835,
      "trainable": 2014851
    },
    "fusion": {
      "total": 423808,
      "trainable": 423808
    },
    "drug_gnn": {
      "total": 1974080,
      "trainable": 1974080
    },
    "predictor": {
      "total": 559560,
      "trainable": 559560
    },
    "model_total": {
      "total": 7837451,
      "trainable": 5235467
    }
  },
  "threshold_sweep": {
    "0.4": {
      "Jaccard": 0.558754,
      "Avg Meds": 24.032339,
      "Avg True Meds": 19.901327,
      "DDI Rate": 0.082794
    },
    "0.45": {
      "Jaccard": 0.560458,
      "Avg Meds": 23.157545,
      "Avg True Meds": 19.901327,
      "DDI Rate": 0.082739
    },
    "0.5": {
      "Jaccard": 0.562645,
      "Avg Meds": 22.359037,
      "Avg True Meds": 19.901327,
      "DDI Rate": 0.082442
    },
    "0.55": {
      "Jaccard": 0.563238,
      "Avg Meds": 21.609453,
      "Avg True Meds": 19.901327,
      "DDI Rate": 0.08154
    },
    "0.6": {
      "Jaccard": 0.562439,
      "Avg Meds": 20.854893,
      "Avg True Meds": 19.901327,
      "DDI Rate": 0.081399
    },
    "0.65": {
      "Jaccard": 0.560785,
      "Avg Meds": 20.048922,
      "Avg True Meds": 19.901327,
      "DDI Rate": 0.081166
    },
    "0.7": {
      "Jaccard": 0.558296,
      "Avg Meds": 19.272802,
      "Avg True Meds": 19.901327,
      "DDI Rate": 0.080546
    },
    "0.75": {
      "Jaccard": 0.552586,
      "Avg Meds": 18.377281,
      "Avg True Meds": 19.901327,
      "DDI Rate": 0.080296
    }
  },
  "calibrated_threshold": 0.65,
  "calibrated_metrics": {
    "Jaccard": 0.560785,
    "Avg Meds": 20.048922,
    "Avg True Meds": 19.901327,
    "DDI Rate": 0.081166
  },
  "config": {
    "hidden_dim": 256,
    "use_notes": true,
    "use_labs": true,
    "use_copy": true,
    "fusion_strategy": "film",
    "lab_dim": 400,
    "pos_weight_cap": 5.0,
    "use_cosine_lr": false,
    "contrastive_weight": 0.0,
    "margin_loss_weight": 0.0,
    "alignment_loss_weight": 0.1,
    "alignment_start_epoch": 1,
    "alignment_ramp_epochs": 0
  }
}