{
  "seed": 456,
  "ablation": "full",
  "mimic_version": 3,
  "mimic4_full": false,
  "cohort_tag": "mimic3",
  "best_val_jaccard": 0.5438480377197266,
  "test_metrics": {
    "Jaccard": 0.5426546931266785,
    "F1": 0.6956267952919006,
    "PRAUC": 0.7845987237254325,
    "DDI Rate": 0.07945546588129712,
    "Avg Meds": 22.329187393188477,
    "Avg True Meds": 19.90132713317871,
    "Precision": 0.667517900466919,
    "Recall": 0.7530301213264465,
    "NHJ_new": 0.28511994998706014,
    "NHJ_dropped": 0.3622744271629735,
    "CVR": 0.0
  },
  "data_diagnostics": {
    "split_mode_requested": "hidr_vita",
    "require_cohort_split": false,
    "split_source": "hidr_vita_sequential",
    "split_seed_used": "n/a",
    "split_patient_counts": {
      "train": 4233,
      "val": 1059,
      "test": 1058
    },
    "split_example_counts": {
      "train": 6256,
      "val": 1220,
      "test": 1206
    },
    "ddi_density": 0.05261303581914269,
    "ddi_upper_pairs": 448,
    "ddi_total_pairs": 8515,
    "loaded_artifacts": {
      "records": "data/processed/records_final.pkl",
      "cohort": "data/processed/cohort_mimic3.pkl",
      "ddi": "data/processed/ddi_A_final.pkl",
      "ehr": "data/processed/ehr_adj_final.pkl",
      "embeddings": "data/embeddings/code_embeddings.pt",
      "labs": "data/processed/lab_vectors_200labs.pkl"
    }
  },
  "param_counts": {
    "visit_encoder": {
      "total": 4649474,
      "trainable": 2047490
    },
    "fusion": {
      "total": 423808,
      "trainable": 423808
    },
    "drug_gnn": {
      "total": 1151776,
      "trainable": 1151776
    },
    "predictor": {
      "total": 13603846,
      "trainable": 13603845
    },
    "model_total": {
      "total": 20092072,
      "trainable": 17490087
    }
  },
  "threshold_sweep": {
    "0.4": {
      "Jaccard": 0.539443,
      "Avg Meds": 23.968491,
      "Avg True Meds": 19.901327,
      "DDI Rate": 0.078652
    },
    "0.45": {
      "Jaccard": 0.541006,
      "Avg Meds": 23.117744,
      "Avg True Meds": 19.901327,
      "DDI Rate": 0.079084
    },
    "0.5": {
      "Jaccard": 0.542655,
      "Avg Meds": 22.329187,
      "Avg True Meds": 19.901327,
      "DDI Rate": 0.079455
    },
    "0.55": {
      "Jaccard": 0.543885,
      "Avg Meds": 21.515755,
      "Avg True Meds": 19.901327,
      "DDI Rate": 0.079696
    },
    "0.6": {
      "Jaccard": 0.543963,
      "Avg Meds": 20.761194,
      "Avg True Meds": 19.901327,
      "DDI Rate": 0.080209
    },
    "0.65": {
      "Jaccard": 0.544132,
      "Avg Meds": 20.025705,
      "Avg True Meds": 19.901327,
      "DDI Rate": 0.080469
    },
    "0.7": {
      "Jaccard": 0.542131,
      "Avg Meds": 19.258707,
      "Avg True Meds": 19.901327,
      "DDI Rate": 0.081283
    },
    "0.75": {
      "Jaccard": 0.537939,
      "Avg Meds": 18.463516,
      "Avg True Meds": 19.901327,
      "DDI Rate": 0.082516
    }
  },
  "calibrated_threshold": 0.65,
  "calibrated_metrics": {
    "Jaccard": 0.544132,
    "Avg Meds": 20.025705,
    "Avg True Meds": 19.901327,
    "DDI Rate": 0.080469
  },
  "config": {
    "hidden_dim": 256,
    "use_notes": false,
    "use_labs": true,
    "use_copy": false,
    "fusion_strategy": "film",
    "lab_dim": 400,
    "pos_weight_cap": 5.0,
    "use_cosine_lr": false,
    "contrastive_weight": 0.0,
    "margin_loss_weight": 0.0,
    "alignment_loss_weight": 0.1,
    "alignment_start_epoch": 1,
    "alignment_ramp_epochs": 0
  }
}