{
  "seed": 42,
  "ablation": "full",
  "mimic_version": 3,
  "mimic4_full": false,
  "cohort_tag": "mimic3",
  "best_val_jaccard": 0.5001198649406433,
  "test_metrics": {
    "Jaccard": 0.5009428858757019,
    "F1": 0.6595685482025146,
    "PRAUC": 0.7549600136119663,
    "DDI Rate": 0.08500535797805893,
    "Avg Meds": 23.325040817260742,
    "Avg True Meds": 19.90132713317871,
    "Precision": 0.6285859942436218,
    "Recall": 0.7414726614952087,
    "NHJ_new": 0.23620890080928802,
    "NHJ_dropped": 0.29391826218680334,
    "CVR": 0.0
  },
  "data_diagnostics": {
    "split_mode_requested": "hidr_vita",
    "require_cohort_split": false,
    "split_source": "hidr_vita_sequential",
    "split_seed_used": "n/a",
    "split_patient_counts": {
      "train": 4233,
      "val": 1059,
      "test": 1058
    },
    "split_example_counts": {
      "train": 6256,
      "val": 1220,
      "test": 1206
    },
    "ddi_density": 0.05261303581914269,
    "ddi_upper_pairs": 448,
    "ddi_total_pairs": 8515,
    "loaded_artifacts": {
      "records": "data/processed/records_final.pkl",
      "cohort": "data/processed/cohort_mimic3.pkl",
      "ddi": "data/processed/ddi_A_final.pkl",
      "ehr": "data/processed/ehr_adj_final.pkl",
      "embeddings": "data/embeddings/code_embeddings.pt"
    }
  },
  "param_counts": {
    "visit_encoder": {
      "total": 4583681,
      "trainable": 1981697
    },
    "drug_gnn": {
      "total": 1974080,
      "trainable": 1974080
    },
    "predictor": {
      "total": 987654,
      "trainable": 987652
    },
    "model_total": {
      "total": 7808583,
      "trainable": 5206597
    }
  },
  "threshold_sweep": {
    "0.4": {
      "Jaccard": 0.497914,
      "Avg Meds": 25.505804,
      "Avg True Meds": 19.901327,
      "DDI Rate": 0.081506
    },
    "0.45": {
      "Jaccard": 0.499685,
      "Avg Meds": 24.35821,
      "Avg True Meds": 19.901327,
      "DDI Rate": 0.083256
    },
    "0.5": {
      "Jaccard": 0.500943,
      "Avg Meds": 23.325041,
      "Avg True Meds": 19.901327,
      "DDI Rate": 0.085005
    },
    "0.55": {
      "Jaccard": 0.502186,
      "Avg Meds": 22.31675,
      "Avg True Meds": 19.901327,
      "DDI Rate": 0.086742
    },
    "0.6": {
      "Jaccard": 0.502049,
      "Avg Meds": 21.303482,
      "Avg True Meds": 19.901327,
      "DDI Rate": 0.088283
    },
    "0.65": {
      "Jaccard": 0.500736,
      "Avg Meds": 20.221394,
      "Avg True Meds": 19.901327,
      "DDI Rate": 0.090094
    },
    "0.7": {
      "Jaccard": 0.49916,
      "Avg Meds": 19.188225,
      "Avg True Meds": 19.901327,
      "DDI Rate": 0.091111
    },
    "0.75": {
      "Jaccard": 0.495366,
      "Avg Meds": 18.079601,
      "Avg True Meds": 19.901327,
      "DDI Rate": 0.0926
    }
  },
  "calibrated_threshold": 0.65,
  "calibrated_metrics": {
    "Jaccard": 0.500736,
    "Avg Meds": 20.221394,
    "Avg True Meds": 19.901327,
    "DDI Rate": 0.090094
  },
  "config": {
    "hidden_dim": 256,
    "use_notes": false,
    "use_labs": false,
    "use_copy": false,
    "fusion_strategy": "film",
    "lab_dim": 0,
    "pos_weight_cap": 5.0,
    "use_cosine_lr": false,
    "contrastive_weight": 0.0,
    "margin_loss_weight": 0.0,
    "alignment_loss_weight": 0.1,
    "alignment_start_epoch": 1,
    "alignment_ramp_epochs": 0
  }
}