{
  "seed": 42,
  "ablation": "full",
  "mimic_version": 3,
  "mimic4_full": false,
  "cohort_tag": "mimic3",
  "best_val_jaccard": 0.5657864809036255,
  "test_metrics": {
    "Jaccard": 0.5633841753005981,
    "F1": 0.7131699919700623,
    "PRAUC": 0.8002152239643731,
    "DDI Rate": 0.08098023069591322,
    "Avg Meds": 21.98175811767578,
    "Avg True Meds": 19.90132713317871,
    "Precision": 0.6874176263809204,
    "Recall": 0.7631947994232178,
    "NHJ_new": 0.28523826755975423,
    "NHJ_dropped": 0.29806268215179443,
    "CVR": 0.0
  },
  "data_diagnostics": {
    "split_mode_requested": "hidr_vita",
    "require_cohort_split": false,
    "split_source": "hidr_vita_sequential",
    "split_seed_used": "n/a",
    "split_patient_counts": {
      "train": 4233,
      "val": 1059,
      "test": 1058
    },
    "split_example_counts": {
      "train": 6256,
      "val": 1220,
      "test": 1206
    },
    "ddi_density": 0.05261303581914269,
    "ddi_upper_pairs": 448,
    "ddi_total_pairs": 8515,
    "loaded_artifacts": {
      "records": "data/processed/records_final.pkl",
      "cohort": "data/processed/cohort_mimic3.pkl",
      "ddi": "data/processed/ddi_A_final.pkl",
      "ehr": "data/processed/ehr_adj_final.pkl",
      "embeddings": "data/embeddings/code_embeddings.pt",
      "notes": "data/processed/note_embeddings_mimic3.pkl",
      "labs": "data/processed/lab_vectors_200labs.pkl"
    }
  },
  "param_counts": {
    "visit_encoder": {
      "total": 4649474,
      "trainable": 2047490
    },
    "fusion": {
      "total": 423808,
      "trainable": 423808
    },
    "drug_gnn": {
      "total": 1151776,
      "trainable": 1151776
    },
    "predictor": {
      "total": 559560,
      "trainable": 559560
    },
    "model_total": {
      "total": 7047786,
      "trainable": 4445802
    }
  },
  "threshold_sweep": {
    "0.4": {
      "Jaccard": 0.560951,
      "Avg Meds": 23.593699,
      "Avg True Meds": 19.901327,
      "DDI Rate": 0.080893
    },
    "0.45": {
      "Jaccard": 0.563225,
      "Avg Meds": 22.759535,
      "Avg True Meds": 19.901327,
      "DDI Rate": 0.080926
    },
    "0.5": {
      "Jaccard": 0.563384,
      "Avg Meds": 21.981758,
      "Avg True Meds": 19.901327,
      "DDI Rate": 0.08098
    },
    "0.55": {
      "Jaccard": 0.563376,
      "Avg Meds": 21.259535,
      "Avg True Meds": 19.901327,
      "DDI Rate": 0.080754
    },
    "0.6": {
      "Jaccard": 0.564173,
      "Avg Meds": 20.506634,
      "Avg True Meds": 19.901327,
      "DDI Rate": 0.080649
    },
    "0.65": {
      "Jaccard": 0.561669,
      "Avg Meds": 19.776119,
      "Avg True Meds": 19.901327,
      "DDI Rate": 0.080278
    },
    "0.7": {
      "Jaccard": 0.558023,
      "Avg Meds": 18.975954,
      "Avg True Meds": 19.901327,
      "DDI Rate": 0.080221
    },
    "0.75": {
      "Jaccard": 0.553478,
      "Avg Meds": 18.164179,
      "Avg True Meds": 19.901327,
      "DDI Rate": 0.079876
    }
  },
  "calibrated_threshold": 0.65,
  "calibrated_metrics": {
    "Jaccard": 0.561669,
    "Avg Meds": 19.776119,
    "Avg True Meds": 19.901327,
    "DDI Rate": 0.080278
  },
  "config": {
    "hidden_dim": 256,
    "use_notes": true,
    "use_labs": true,
    "use_copy": true,
    "fusion_strategy": "film",
    "lab_dim": 400,
    "pos_weight_cap": 5.0,
    "use_cosine_lr": false,
    "contrastive_weight": 0.0,
    "margin_loss_weight": 0.0,
    "alignment_loss_weight": 0.1,
    "alignment_start_epoch": 1,
    "alignment_ramp_epochs": 0
  }
}