{
  "seed": 456,
  "ablation": "full",
  "mimic_version": 3,
  "mimic4_full": false,
  "cohort_tag": "mimic3",
  "best_val_jaccard": 0.5017693042755127,
  "test_metrics": {
    "Jaccard": 0.5008610486984253,
    "F1": 0.6590497493743896,
    "PRAUC": 0.7526764194062705,
    "DDI Rate": 0.08064578367612268,
    "Avg Meds": 23.18242073059082,
    "Avg True Meds": 19.90132713317871,
    "Precision": 0.6327646970748901,
    "Recall": 0.7380580902099609,
    "NHJ_new": 0.23356863150471135,
    "NHJ_dropped": 0.2794269229236402,
    "CVR": 0.0
  },
  "data_diagnostics": {
    "split_mode_requested": "hidr_vita",
    "require_cohort_split": false,
    "split_source": "hidr_vita_sequential",
    "split_seed_used": "n/a",
    "split_patient_counts": {
      "train": 4233,
      "val": 1059,
      "test": 1058
    },
    "split_example_counts": {
      "train": 6256,
      "val": 1220,
      "test": 1206
    },
    "ddi_density": 0.05261303581914269,
    "ddi_upper_pairs": 448,
    "ddi_total_pairs": 8515,
    "loaded_artifacts": {
      "records": "data/processed/records_final.pkl",
      "cohort": "data/processed/cohort_mimic3.pkl",
      "ddi": "data/processed/ddi_A_final.pkl",
      "ehr": "data/processed/ehr_adj_final.pkl",
      "embeddings": "data/embeddings/code_embeddings.pt"
    }
  },
  "param_counts": {
    "visit_encoder": {
      "total": 4649474,
      "trainable": 2047490
    },
    "drug_gnn": {
      "total": 1151776,
      "trainable": 1151776
    },
    "predictor": {
      "total": 262406,
      "trainable": 262404
    },
    "model_total": {
      "total": 6326824,
      "trainable": 3724838
    }
  },
  "threshold_sweep": {
    "0.4": {
      "Jaccard": 0.498403,
      "Avg Meds": 25.163349,
      "Avg True Meds": 19.901327,
      "DDI Rate": 0.078899
    },
    "0.45": {
      "Jaccard": 0.499792,
      "Avg Meds": 24.160032,
      "Avg True Meds": 19.901327,
      "DDI Rate": 0.079518
    },
    "0.5": {
      "Jaccard": 0.500861,
      "Avg Meds": 23.182421,
      "Avg True Meds": 19.901327,
      "DDI Rate": 0.080646
    },
    "0.55": {
      "Jaccard": 0.501355,
      "Avg Meds": 22.237148,
      "Avg True Meds": 19.901327,
      "DDI Rate": 0.081283
    },
    "0.6": {
      "Jaccard": 0.500463,
      "Avg Meds": 21.319237,
      "Avg True Meds": 19.901327,
      "DDI Rate": 0.082194
    },
    "0.65": {
      "Jaccard": 0.499711,
      "Avg Meds": 20.379768,
      "Avg True Meds": 19.901327,
      "DDI Rate": 0.083064
    },
    "0.7": {
      "Jaccard": 0.497973,
      "Avg Meds": 19.438641,
      "Avg True Meds": 19.901327,
      "DDI Rate": 0.084231
    },
    "0.75": {
      "Jaccard": 0.495029,
      "Avg Meds": 18.403814,
      "Avg True Meds": 19.901327,
      "DDI Rate": 0.086369
    }
  },
  "calibrated_threshold": 0.7,
  "calibrated_metrics": {
    "Jaccard": 0.497973,
    "Avg Meds": 19.438641,
    "Avg True Meds": 19.901327,
    "DDI Rate": 0.084231
  },
  "config": {
    "hidden_dim": 256,
    "use_notes": false,
    "use_labs": false,
    "use_copy": false,
    "fusion_strategy": "film",
    "lab_dim": 0,
    "pos_weight_cap": 5.0,
    "use_cosine_lr": false,
    "contrastive_weight": 0.0,
    "margin_loss_weight": 0.0,
    "alignment_loss_weight": 0.1,
    "alignment_start_epoch": 1,
    "alignment_ramp_epochs": 0
  }
}