{
  "seed": 123,
  "ablation": "full",
  "mimic_version": 3,
  "mimic4_full": false,
  "cohort_tag": "mimic3",
  "best_val_jaccard": 0.5407504439353943,
  "test_metrics": {
    "Jaccard": 0.5400376319885254,
    "F1": 0.6933783292770386,
    "PRAUC": 0.7840285699319626,
    "DDI Rate": 0.0788798814839298,
    "Avg Meds": 22.98175811767578,
    "Avg True Meds": 19.90132713317871,
    "Precision": 0.6574943661689758,
    "Recall": 0.760040819644928,
    "NHJ_new": 0.2878230998390599,
    "NHJ_dropped": 0.3602254751481508,
    "CVR": 0.0
  },
  "data_diagnostics": {
    "split_mode_requested": "hidr_vita",
    "require_cohort_split": false,
    "split_source": "hidr_vita_sequential",
    "split_seed_used": "n/a",
    "split_patient_counts": {
      "train": 4233,
      "val": 1059,
      "test": 1058
    },
    "split_example_counts": {
      "train": 6256,
      "val": 1220,
      "test": 1206
    },
    "ddi_density": 0.05261303581914269,
    "ddi_upper_pairs": 448,
    "ddi_total_pairs": 8515,
    "loaded_artifacts": {
      "records": "data/processed/records_final.pkl",
      "cohort": "data/processed/cohort_mimic3.pkl",
      "ddi": "data/processed/ddi_A_final.pkl",
      "ehr": "data/processed/ehr_adj_final.pkl",
      "embeddings": "data/embeddings/code_embeddings.pt",
      "labs": "data/processed/lab_vectors_200labs.pkl"
    }
  },
  "param_counts": {
    "visit_encoder": {
      "total": 4649474,
      "trainable": 2047490
    },
    "fusion": {
      "total": 423808,
      "trainable": 423808
    },
    "drug_gnn": {
      "total": 1151776,
      "trainable": 1151776
    },
    "predictor": {
      "total": 304454,
      "trainable": 304453
    },
    "model_total": {
      "total": 6792680,
      "trainable": 4190695
    }
  },
  "threshold_sweep": {
    "0.4": {
      "Jaccard": 0.53515,
      "Avg Meds": 24.932837,
      "Avg True Meds": 19.901327,
      "DDI Rate": 0.078683
    },
    "0.45": {
      "Jaccard": 0.53818,
      "Avg Meds": 23.944445,
      "Avg True Meds": 19.901327,
      "DDI Rate": 0.078431
    },
    "0.5": {
      "Jaccard": 0.540038,
      "Avg Meds": 22.981758,
      "Avg True Meds": 19.901327,
      "DDI Rate": 0.07888
    },
    "0.55": {
      "Jaccard": 0.541022,
      "Avg Meds": 22.104477,
      "Avg True Meds": 19.901327,
      "DDI Rate": 0.079045
    },
    "0.6": {
      "Jaccard": 0.541467,
      "Avg Meds": 21.251244,
      "Avg True Meds": 19.901327,
      "DDI Rate": 0.079124
    },
    "0.65": {
      "Jaccard": 0.540032,
      "Avg Meds": 20.360697,
      "Avg True Meds": 19.901327,
      "DDI Rate": 0.079402
    },
    "0.7": {
      "Jaccard": 0.53729,
      "Avg Meds": 19.455223,
      "Avg True Meds": 19.901327,
      "DDI Rate": 0.079822
    },
    "0.75": {
      "Jaccard": 0.534798,
      "Avg Meds": 18.488392,
      "Avg True Meds": 19.901327,
      "DDI Rate": 0.080139
    }
  },
  "calibrated_threshold": 0.7,
  "calibrated_metrics": {
    "Jaccard": 0.53729,
    "Avg Meds": 19.455223,
    "Avg True Meds": 19.901327,
    "DDI Rate": 0.079822
  },
  "config": {
    "hidden_dim": 256,
    "use_notes": false,
    "use_labs": true,
    "use_copy": false,
    "fusion_strategy": "film",
    "lab_dim": 400,
    "pos_weight_cap": 5.0,
    "use_cosine_lr": false,
    "contrastive_weight": 0.0,
    "margin_loss_weight": 0.0,
    "alignment_loss_weight": 0.1,
    "alignment_start_epoch": 1,
    "alignment_ramp_epochs": 0
  }
}