{
  "seed": 1024,
  "ablation": "full",
  "mimic_version": 3,
  "mimic4_full": false,
  "cohort_tag": "mimic3",
  "best_val_jaccard": 0.5539880990982056,
  "test_metrics": {
    "Jaccard": 0.5543811321258545,
    "F1": 0.7053035497665405,
    "PRAUC": 0.7868742932680305,
    "DDI Rate": 0.07827241348791929,
    "Avg Meds": 23.334991455078125,
    "Avg True Meds": 19.90132713317871,
    "Precision": 0.6609327793121338,
    "Recall": 0.7849076390266418,
    "NHJ_new": 0.2909201940423564,
    "NHJ_dropped": 0.29598138834300797,
    "CVR": 0.0
  },
  "data_diagnostics": {
    "split_mode_requested": "hidr_vita",
    "require_cohort_split": false,
    "split_source": "hidr_vita_sequential",
    "split_seed_used": "n/a",
    "split_patient_counts": {
      "train": 4233,
      "val": 1059,
      "test": 1058
    },
    "split_example_counts": {
      "train": 6256,
      "val": 1220,
      "test": 1206
    },
    "ddi_density": 0.05261303581914269,
    "ddi_upper_pairs": 448,
    "ddi_total_pairs": 8515,
    "loaded_artifacts": {
      "records": "data/processed/records_final.pkl",
      "cohort": "data/processed/cohort_mimic3.pkl",
      "ddi": "data/processed/ddi_A_final.pkl",
      "ehr": "data/processed/ehr_adj_final.pkl",
      "embeddings": "data/embeddings/code_embeddings.pt",
      "notes": "data/processed/note_embeddings_mimic3.pkl"
    }
  },
  "param_counts": {
    "visit_encoder": {
      "total": 5108993,
      "trainable": 2507009
    },
    "fusion": {
      "total": 400512,
      "trainable": 400512
    },
    "drug_gnn": {
      "total": 395008,
      "trainable": 395008
    },
    "predictor": {
      "total": 1381895,
      "trainable": 1381894
    },
    "model_total": {
      "total": 7549576,
      "trainable": 4947591
    }
  },
  "threshold_sweep": {
    "0.4": {
      "Jaccard": 0.551241,
      "Avg Meds": 24.51078,
      "Avg True Meds": 19.901327,
      "DDI Rate": 0.077632
    },
    "0.45": {
      "Jaccard": 0.553569,
      "Avg Meds": 23.883085,
      "Avg True Meds": 19.901327,
      "DDI Rate": 0.077865
    },
    "0.5": {
      "Jaccard": 0.554381,
      "Avg Meds": 23.334991,
      "Avg True Meds": 19.901327,
      "DDI Rate": 0.078272
    },
    "0.55": {
      "Jaccard": 0.554895,
      "Avg Meds": 22.733002,
      "Avg True Meds": 19.901327,
      "DDI Rate": 0.078741
    },
    "0.6": {
      "Jaccard": 0.555468,
      "Avg Meds": 22.135986,
      "Avg True Meds": 19.901327,
      "DDI Rate": 0.079087
    },
    "0.65": {
      "Jaccard": 0.556884,
      "Avg Meds": 21.57131,
      "Avg True Meds": 19.901327,
      "DDI Rate": 0.079282
    },
    "0.7": {
      "Jaccard": 0.555763,
      "Avg Meds": 20.997513,
      "Avg True Meds": 19.901327,
      "DDI Rate": 0.079239
    },
    "0.75": {
      "Jaccard": 0.55401,
      "Avg Meds": 20.368988,
      "Avg True Meds": 19.901327,
      "DDI Rate": 0.079334
    }
  },
  "calibrated_threshold": 0.75,
  "calibrated_metrics": {
    "Jaccard": 0.55401,
    "Avg Meds": 20.368988,
    "Avg True Meds": 19.901327,
    "DDI Rate": 0.079334
  },
  "config": {
    "hidden_dim": 256,
    "use_notes": true,
    "use_labs": false,
    "use_copy": false,
    "fusion_strategy": "film",
    "lab_dim": 0,
    "pos_weight_cap": 5.0,
    "use_cosine_lr": false,
    "contrastive_weight": 0.0,
    "margin_loss_weight": 0.0,
    "alignment_loss_weight": 0.1,
    "alignment_start_epoch": 1,
    "alignment_ramp_epochs": 0
  }
}