{
  "seed": 42,
  "ablation": "full",
  "mimic_version": 3,
  "mimic4_full": false,
  "cohort_tag": "mimic3",
  "best_val_jaccard": 0.5425739288330078,
  "test_metrics": {
    "Jaccard": 0.5401182174682617,
    "F1": 0.6936575174331665,
    "PRAUC": 0.7831654434744234,
    "DDI Rate": 0.07627668173783277,
    "Avg Meds": 23.04643440246582,
    "Avg True Meds": 19.90132713317871,
    "Precision": 0.656400203704834,
    "Recall": 0.7627800107002258,
    "NHJ_new": 0.2945612300383417,
    "NHJ_dropped": 0.3567995554522464,
    "CVR": 0.0
  },
  "data_diagnostics": {
    "split_mode_requested": "hidr_vita",
    "require_cohort_split": false,
    "split_source": "hidr_vita_sequential",
    "split_seed_used": "n/a",
    "split_patient_counts": {
      "train": 4233,
      "val": 1059,
      "test": 1058
    },
    "split_example_counts": {
      "train": 6256,
      "val": 1220,
      "test": 1206
    },
    "ddi_density": 0.05261303581914269,
    "ddi_upper_pairs": 448,
    "ddi_total_pairs": 8515,
    "loaded_artifacts": {
      "records": "data/processed/records_final.pkl",
      "cohort": "data/processed/cohort_mimic3.pkl",
      "ddi": "data/processed/ddi_A_final.pkl",
      "ehr": "data/processed/ehr_adj_final.pkl",
      "embeddings": "data/embeddings/code_embeddings.pt",
      "notes": "data/processed/note_embeddings_mimic3.pkl"
    }
  },
  "param_counts": {
    "visit_encoder": {
      "total": 4583681,
      "trainable": 1981697
    },
    "fusion": {
      "total": 400512,
      "trainable": 400512
    },
    "drug_gnn": {
      "total": 2960480,
      "trainable": 2960480
    },
    "predictor": {
      "total": 327942,
      "trainable": 327941
    },
    "model_total": {
      "total": 8535783,
      "trainable": 5933798
    }
  },
  "threshold_sweep": {
    "0.4": {
      "Jaccard": 0.534156,
      "Avg Meds": 25.07048,
      "Avg True Meds": 19.901327,
      "DDI Rate": 0.075356
    },
    "0.45": {
      "Jaccard": 0.538317,
      "Avg Meds": 24.014095,
      "Avg True Meds": 19.901327,
      "DDI Rate": 0.075829
    },
    "0.5": {
      "Jaccard": 0.540118,
      "Avg Meds": 23.046434,
      "Avg True Meds": 19.901327,
      "DDI Rate": 0.076277
    },
    "0.55": {
      "Jaccard": 0.542137,
      "Avg Meds": 22.1534,
      "Avg True Meds": 19.901327,
      "DDI Rate": 0.076522
    },
    "0.6": {
      "Jaccard": 0.543028,
      "Avg Meds": 21.239635,
      "Avg True Meds": 19.901327,
      "DDI Rate": 0.076809
    },
    "0.65": {
      "Jaccard": 0.541518,
      "Avg Meds": 20.373964,
      "Avg True Meds": 19.901327,
      "DDI Rate": 0.077336
    },
    "0.7": {
      "Jaccard": 0.540147,
      "Avg Meds": 19.439468,
      "Avg True Meds": 19.901327,
      "DDI Rate": 0.07746
    },
    "0.75": {
      "Jaccard": 0.536034,
      "Avg Meds": 18.42786,
      "Avg True Meds": 19.901327,
      "DDI Rate": 0.077912
    }
  },
  "calibrated_threshold": 0.7,
  "calibrated_metrics": {
    "Jaccard": 0.540147,
    "Avg Meds": 19.439468,
    "Avg True Meds": 19.901327,
    "DDI Rate": 0.07746
  },
  "config": {
    "hidden_dim": 256,
    "use_notes": true,
    "use_labs": false,
    "use_copy": false,
    "fusion_strategy": "film",
    "lab_dim": 0,
    "pos_weight_cap": 5.0,
    "use_cosine_lr": false,
    "contrastive_weight": 0.0,
    "margin_loss_weight": 0.0,
    "alignment_loss_weight": 0.1,
    "alignment_start_epoch": 1,
    "alignment_ramp_epochs": 0
  }
}