{
  "seed": 456,
  "ablation": "full",
  "mimic_version": 3,
  "mimic4_full": false,
  "cohort_tag": "mimic3",
  "best_val_jaccard": 0.5630127191543579,
  "test_metrics": {
    "Jaccard": 0.5584172010421753,
    "F1": 0.7090044617652893,
    "PRAUC": 0.7961871588056183,
    "DDI Rate": 0.08096514407556368,
    "Avg Meds": 21.97844123840332,
    "Avg True Meds": 19.90132713317871,
    "Precision": 0.6878585815429688,
    "Recall": 0.754956841468811,
    "NHJ_new": 0.2803121860090055,
    "NHJ_dropped": 0.323470834054445,
    "CVR": 0.0
  },
  "data_diagnostics": {
    "split_mode_requested": "hidr_vita",
    "require_cohort_split": false,
    "split_source": "hidr_vita_sequential",
    "split_seed_used": "n/a",
    "split_patient_counts": {
      "train": 4233,
      "val": 1059,
      "test": 1058
    },
    "split_example_counts": {
      "train": 6256,
      "val": 1220,
      "test": 1206
    },
    "ddi_density": 0.05261303581914269,
    "ddi_upper_pairs": 448,
    "ddi_total_pairs": 8515,
    "loaded_artifacts": {
      "records": "data/processed/records_final.pkl",
      "cohort": "data/processed/cohort_mimic3.pkl",
      "ddi": "data/processed/ddi_A_final.pkl",
      "ehr": "data/processed/ehr_adj_final.pkl",
      "embeddings": "data/embeddings/code_embeddings.pt",
      "notes": "data/processed/note_embeddings_mimic3.pkl",
      "labs": "data/processed/lab_vectors_200labs.pkl"
    }
  },
  "param_counts": {
    "visit_encoder": {
      "total": 4583681,
      "trainable": 1981697
    },
    "fusion": {
      "total": 423808,
      "trainable": 423808
    },
    "drug_gnn": {
      "total": 1974080,
      "trainable": 1974080
    },
    "predictor": {
      "total": 559560,
      "trainable": 559560
    },
    "model_total": {
      "total": 7804297,
      "trainable": 5202313
    }
  },
  "threshold_sweep": {
    "0.4": {
      "Jaccard": 0.554173,
      "Avg Meds": 23.909618,
      "Avg True Meds": 19.901327,
      "DDI Rate": 0.081362
    },
    "0.45": {
      "Jaccard": 0.556948,
      "Avg Meds": 22.893034,
      "Avg True Meds": 19.901327,
      "DDI Rate": 0.080891
    },
    "0.5": {
      "Jaccard": 0.558417,
      "Avg Meds": 21.978441,
      "Avg True Meds": 19.901327,
      "DDI Rate": 0.080965
    },
    "0.55": {
      "Jaccard": 0.556824,
      "Avg Meds": 21.106966,
      "Avg True Meds": 19.901327,
      "DDI Rate": 0.080682
    },
    "0.6": {
      "Jaccard": 0.556186,
      "Avg Meds": 20.320896,
      "Avg True Meds": 19.901327,
      "DDI Rate": 0.080644
    },
    "0.65": {
      "Jaccard": 0.553745,
      "Avg Meds": 19.437811,
      "Avg True Meds": 19.901327,
      "DDI Rate": 0.080272
    },
    "0.7": {
      "Jaccard": 0.5481,
      "Avg Meds": 18.507463,
      "Avg True Meds": 19.901327,
      "DDI Rate": 0.080076
    },
    "0.75": {
      "Jaccard": 0.541063,
      "Avg Meds": 17.512438,
      "Avg True Meds": 19.901327,
      "DDI Rate": 0.079641
    }
  },
  "calibrated_threshold": 0.6,
  "calibrated_metrics": {
    "Jaccard": 0.556186,
    "Avg Meds": 20.320896,
    "Avg True Meds": 19.901327,
    "DDI Rate": 0.080644
  },
  "config": {
    "hidden_dim": 256,
    "use_notes": true,
    "use_labs": true,
    "use_copy": true,
    "fusion_strategy": "film",
    "lab_dim": 400,
    "pos_weight_cap": 5.0,
    "use_cosine_lr": false,
    "contrastive_weight": 0.0,
    "margin_loss_weight": 0.0,
    "alignment_loss_weight": 0.1,
    "alignment_start_epoch": 1,
    "alignment_ramp_epochs": 0
  }
}