{
  "seed": 123,
  "ablation": "full",
  "mimic_version": 3,
  "mimic4_full": false,
  "cohort_tag": "mimic3",
  "best_val_jaccard": 0.5090504288673401,
  "test_metrics": {
    "Jaccard": 0.5103153586387634,
    "F1": 0.6679286956787109,
    "PRAUC": 0.7650412631617478,
    "DDI Rate": 0.08768144781215308,
    "Avg Meds": 24.507463455200195,
    "Avg True Meds": 19.90132713317871,
    "Precision": 0.6134936809539795,
    "Recall": 0.7580642104148865,
    "NHJ_new": 0.29319398340425995,
    "NHJ_dropped": 0.40357087003557307,
    "CVR": 0.0
  },
  "data_diagnostics": {
    "split_mode_requested": "hidr_vita",
    "require_cohort_split": false,
    "split_source": "hidr_vita_sequential",
    "split_seed_used": "n/a",
    "split_patient_counts": {
      "train": 4233,
      "val": 1059,
      "test": 1058
    },
    "split_example_counts": {
      "train": 6256,
      "val": 1220,
      "test": 1206
    },
    "ddi_density": 0.05261303581914269,
    "ddi_upper_pairs": 448,
    "ddi_total_pairs": 8515,
    "loaded_artifacts": {
      "records": "data/processed/records_final.pkl",
      "cohort": "data/processed/cohort_mimic3.pkl",
      "ddi": "data/processed/ddi_A_final.pkl",
      "ehr": "data/processed/ehr_adj_final.pkl",
      "embeddings": "data/embeddings/code_embeddings.pt",
      "notes": "data/processed/note_embeddings_mimic3.pkl",
      "labs": "data/processed/lab_vectors_200labs.pkl"
    }
  },
  "param_counts": {
    "visit_encoder": {
      "total": 4583681,
      "trainable": 1981697
    },
    "fusion": {
      "total": 423808,
      "trainable": 423808
    },
    "drug_gnn": {
      "total": 1974080,
      "trainable": 1974080
    },
    "predictor": {
      "total": 627974,
      "trainable": 627972
    },
    "model_total": {
      "total": 7872711,
      "trainable": 5270725
    }
  },
  "threshold_sweep": {
    "0.4": {
      "Jaccard": 0.494562,
      "Avg Meds": 27.946102,
      "Avg True Meds": 19.901327,
      "DDI Rate": 0.088978
    },
    "0.45": {
      "Jaccard": 0.504048,
      "Avg Meds": 26.154228,
      "Avg True Meds": 19.901327,
      "DDI Rate": 0.088347
    },
    "0.5": {
      "Jaccard": 0.510315,
      "Avg Meds": 24.507463,
      "Avg True Meds": 19.901327,
      "DDI Rate": 0.087681
    },
    "0.55": {
      "Jaccard": 0.515069,
      "Avg Meds": 22.913765,
      "Avg True Meds": 19.901327,
      "DDI Rate": 0.087363
    },
    "0.6": {
      "Jaccard": 0.516283,
      "Avg Meds": 21.412935,
      "Avg True Meds": 19.901327,
      "DDI Rate": 0.086671
    },
    "0.65": {
      "Jaccard": 0.51436,
      "Avg Meds": 19.878939,
      "Avg True Meds": 19.901327,
      "DDI Rate": 0.086123
    },
    "0.7": {
      "Jaccard": 0.509486,
      "Avg Meds": 18.31592,
      "Avg True Meds": 19.901327,
      "DDI Rate": 0.084245
    },
    "0.75": {
      "Jaccard": 0.500071,
      "Avg Meds": 16.855721,
      "Avg True Meds": 19.901327,
      "DDI Rate": 0.082218
    }
  },
  "calibrated_threshold": 0.65,
  "calibrated_metrics": {
    "Jaccard": 0.51436,
    "Avg Meds": 19.878939,
    "Avg True Meds": 19.901327,
    "DDI Rate": 0.086123
  },
  "config": {
    "hidden_dim": 256,
    "use_notes": true,
    "use_labs": true,
    "use_copy": false,
    "fusion_strategy": "film",
    "lab_dim": 400,
    "pos_weight_cap": 5.0,
    "use_cosine_lr": false,
    "contrastive_weight": 0.0,
    "margin_loss_weight": 0.0,
    "alignment_loss_weight": 0.1,
    "alignment_start_epoch": 1,
    "alignment_ramp_epochs": 0
  }
}