{
  "seed": 456,
  "ablation": "full",
  "mimic_version": 3,
  "mimic4_full": false,
  "cohort_tag": "mimic3",
  "best_val_jaccard": 0.5500122904777527,
  "test_metrics": {
    "Jaccard": 0.552521824836731,
    "F1": 0.703984260559082,
    "PRAUC": 0.791281000965814,
    "DDI Rate": 0.08051965062902255,
    "Avg Meds": 23.184080123901367,
    "Avg True Meds": 19.90132713317871,
    "Precision": 0.6618621945381165,
    "Recall": 0.7802891731262207,
    "NHJ_new": 0.2908476842077155,
    "NHJ_dropped": 0.30118356880388764,
    "CVR": 0.0
  },
  "data_diagnostics": {
    "split_mode_requested": "hidr_vita",
    "require_cohort_split": false,
    "split_source": "hidr_vita_sequential",
    "split_seed_used": "n/a",
    "split_patient_counts": {
      "train": 4233,
      "val": 1059,
      "test": 1058
    },
    "split_example_counts": {
      "train": 6256,
      "val": 1220,
      "test": 1206
    },
    "ddi_density": 0.05261303581914269,
    "ddi_upper_pairs": 448,
    "ddi_total_pairs": 8515,
    "loaded_artifacts": {
      "records": "data/processed/records_final.pkl",
      "cohort": "data/processed/cohort_mimic3.pkl",
      "ddi": "data/processed/ddi_A_final.pkl",
      "ehr": "data/processed/ehr_adj_final.pkl",
      "embeddings": "data/embeddings/code_embeddings.pt",
      "notes": "data/processed/note_embeddings_mimic3.pkl"
    }
  },
  "param_counts": {
    "visit_encoder": {
      "total": 4583681,
      "trainable": 1981697
    },
    "fusion": {
      "total": 400512,
      "trainable": 400512
    },
    "drug_gnn": {
      "total": 1974080,
      "trainable": 1974080
    },
    "predictor": {
      "total": 1381895,
      "trainable": 1381894
    },
    "model_total": {
      "total": 8603336,
      "trainable": 6001351
    }
  },
  "threshold_sweep": {
    "0.4": {
      "Jaccard": 0.546924,
      "Avg Meds": 24.772802,
      "Avg True Meds": 19.901327,
      "DDI Rate": 0.080175
    },
    "0.45": {
      "Jaccard": 0.550532,
      "Avg Meds": 23.951078,
      "Avg True Meds": 19.901327,
      "DDI Rate": 0.080233
    },
    "0.5": {
      "Jaccard": 0.552522,
      "Avg Meds": 23.18408,
      "Avg True Meds": 19.901327,
      "DDI Rate": 0.08052
    },
    "0.55": {
      "Jaccard": 0.552895,
      "Avg Meds": 22.395523,
      "Avg True Meds": 19.901327,
      "DDI Rate": 0.081087
    },
    "0.6": {
      "Jaccard": 0.553823,
      "Avg Meds": 21.608624,
      "Avg True Meds": 19.901327,
      "DDI Rate": 0.08148
    },
    "0.65": {
      "Jaccard": 0.553116,
      "Avg Meds": 20.849916,
      "Avg True Meds": 19.901327,
      "DDI Rate": 0.081984
    },
    "0.7": {
      "Jaccard": 0.551698,
      "Avg Meds": 20.087065,
      "Avg True Meds": 19.901327,
      "DDI Rate": 0.082312
    },
    "0.75": {
      "Jaccard": 0.549567,
      "Avg Meds": 19.239635,
      "Avg True Meds": 19.901327,
      "DDI Rate": 0.082881
    }
  },
  "calibrated_threshold": 0.7,
  "calibrated_metrics": {
    "Jaccard": 0.551698,
    "Avg Meds": 20.087065,
    "Avg True Meds": 19.901327,
    "DDI Rate": 0.082312
  },
  "config": {
    "hidden_dim": 256,
    "use_notes": true,
    "use_labs": false,
    "use_copy": false,
    "fusion_strategy": "film",
    "lab_dim": 0,
    "pos_weight_cap": 5.0,
    "use_cosine_lr": false,
    "contrastive_weight": 0.0,
    "margin_loss_weight": 0.0,
    "alignment_loss_weight": 0.1,
    "alignment_start_epoch": 1,
    "alignment_ramp_epochs": 0
  }
}