{
  "seed": 42,
  "ablation": "full",
  "mimic_version": 3,
  "mimic4_full": false,
  "cohort_tag": "mimic3",
  "best_val_jaccard": 0.5413267016410828,
  "test_metrics": {
    "Jaccard": 0.5407182574272156,
    "F1": 0.6942983865737915,
    "PRAUC": 0.7877373115772753,
    "DDI Rate": 0.08183131596102683,
    "Avg Meds": 23.221393585205078,
    "Avg True Meds": 19.90132713317871,
    "Precision": 0.6530012488365173,
    "Recall": 0.7684805989265442,
    "NHJ_new": 0.2989611500187924,
    "NHJ_dropped": 0.3608911288411994,
    "CVR": 0.0
  },
  "data_diagnostics": {
    "split_mode_requested": "hidr_vita",
    "require_cohort_split": false,
    "split_source": "hidr_vita_sequential",
    "split_seed_used": "n/a",
    "split_patient_counts": {
      "train": 4233,
      "val": 1059,
      "test": 1058
    },
    "split_example_counts": {
      "train": 6256,
      "val": 1220,
      "test": 1206
    },
    "ddi_density": 0.05261303581914269,
    "ddi_upper_pairs": 448,
    "ddi_total_pairs": 8515,
    "loaded_artifacts": {
      "records": "data/processed/records_final.pkl",
      "cohort": "data/processed/cohort_mimic3.pkl",
      "ddi": "data/processed/ddi_A_final.pkl",
      "ehr": "data/processed/ehr_adj_final.pkl",
      "embeddings": "data/embeddings/code_embeddings.pt",
      "notes": "data/processed/note_embeddings_mimic3.pkl"
    }
  },
  "param_counts": {
    "visit_encoder": {
      "total": 4583681,
      "trainable": 1981697
    },
    "fusion": {
      "total": 400512,
      "trainable": 400512
    },
    "drug_gnn": {
      "total": 1974080,
      "trainable": 1974080
    },
    "predictor": {
      "total": 327942,
      "trainable": 327941
    },
    "model_total": {
      "total": 7549383,
      "trainable": 4947398
    }
  },
  "threshold_sweep": {
    "0.4": {
      "Jaccard": 0.532666,
      "Avg Meds": 25.38806,
      "Avg True Meds": 19.901327,
      "DDI Rate": 0.08097
    },
    "0.45": {
      "Jaccard": 0.537017,
      "Avg Meds": 24.276119,
      "Avg True Meds": 19.901327,
      "DDI Rate": 0.081357
    },
    "0.5": {
      "Jaccard": 0.540718,
      "Avg Meds": 23.221394,
      "Avg True Meds": 19.901327,
      "DDI Rate": 0.081831
    },
    "0.55": {
      "Jaccard": 0.541964,
      "Avg Meds": 22.205639,
      "Avg True Meds": 19.901327,
      "DDI Rate": 0.082299
    },
    "0.6": {
      "Jaccard": 0.542908,
      "Avg Meds": 21.231344,
      "Avg True Meds": 19.901327,
      "DDI Rate": 0.082802
    },
    "0.65": {
      "Jaccard": 0.542686,
      "Avg Meds": 20.239635,
      "Avg True Meds": 19.901327,
      "DDI Rate": 0.083256
    },
    "0.7": {
      "Jaccard": 0.539989,
      "Avg Meds": 19.251244,
      "Avg True Meds": 19.901327,
      "DDI Rate": 0.084177
    },
    "0.75": {
      "Jaccard": 0.536048,
      "Avg Meds": 18.233002,
      "Avg True Meds": 19.901327,
      "DDI Rate": 0.08499
    }
  },
  "calibrated_threshold": 0.65,
  "calibrated_metrics": {
    "Jaccard": 0.542686,
    "Avg Meds": 20.239635,
    "Avg True Meds": 19.901327,
    "DDI Rate": 0.083256
  },
  "config": {
    "hidden_dim": 256,
    "use_notes": true,
    "use_labs": false,
    "use_copy": false,
    "fusion_strategy": "film",
    "lab_dim": 0,
    "pos_weight_cap": 5.0,
    "use_cosine_lr": false,
    "contrastive_weight": 0.0,
    "margin_loss_weight": 0.0,
    "alignment_loss_weight": 0.1,
    "alignment_start_epoch": 1,
    "alignment_ramp_epochs": 0
  }
}