{
  "seed": 123,
  "ablation": "full",
  "mimic_version": 3,
  "mimic4_full": false,
  "cohort_tag": "mimic3",
  "best_val_jaccard": 0.5115182995796204,
  "test_metrics": {
    "Jaccard": 0.5127484798431396,
    "F1": 0.669933021068573,
    "PRAUC": 0.763355706853853,
    "DDI Rate": 0.08585748593223931,
    "Avg Meds": 23.572139739990234,
    "Avg True Meds": 19.90132713317871,
    "Precision": 0.6315348148345947,
    "Recall": 0.7594847679138184,
    "NHJ_new": 0.2266279537426798,
    "NHJ_dropped": 0.23710310302282633,
    "CVR": 0.0
  },
  "data_diagnostics": {
    "split_mode_requested": "hidr_vita",
    "require_cohort_split": false,
    "split_source": "hidr_vita_sequential",
    "split_seed_used": "n/a",
    "split_patient_counts": {
      "train": 4233,
      "val": 1059,
      "test": 1058
    },
    "split_example_counts": {
      "train": 6256,
      "val": 1220,
      "test": 1206
    },
    "ddi_density": 0.05261303581914269,
    "ddi_upper_pairs": 448,
    "ddi_total_pairs": 8515,
    "loaded_artifacts": {
      "records": "data/processed/records_final.pkl",
      "cohort": "data/processed/cohort_mimic3.pkl",
      "ddi": "data/processed/ddi_A_final.pkl",
      "ehr": "data/processed/ehr_adj_final.pkl",
      "embeddings": "data/embeddings/code_embeddings.pt"
    }
  },
  "param_counts": {
    "visit_encoder": {
      "total": 4583681,
      "trainable": 1981697
    },
    "drug_gnn": {
      "total": 1974080,
      "trainable": 1974080
    },
    "predictor": {
      "total": 790279,
      "trainable": 790277
    },
    "model_total": {
      "total": 7611208,
      "trainable": 5009222
    }
  },
  "threshold_sweep": {
    "0.4": {
      "Jaccard": 0.510775,
      "Avg Meds": 25.299337,
      "Avg True Meds": 19.901327,
      "DDI Rate": 0.081366
    },
    "0.45": {
      "Jaccard": 0.511565,
      "Avg Meds": 24.41791,
      "Avg True Meds": 19.901327,
      "DDI Rate": 0.08371
    },
    "0.5": {
      "Jaccard": 0.512748,
      "Avg Meds": 23.57214,
      "Avg True Meds": 19.901327,
      "DDI Rate": 0.085857
    },
    "0.55": {
      "Jaccard": 0.513272,
      "Avg Meds": 22.765341,
      "Avg True Meds": 19.901327,
      "DDI Rate": 0.087612
    },
    "0.6": {
      "Jaccard": 0.512677,
      "Avg Meds": 21.906301,
      "Avg True Meds": 19.901327,
      "DDI Rate": 0.089292
    },
    "0.65": {
      "Jaccard": 0.512946,
      "Avg Meds": 21.014925,
      "Avg True Meds": 19.901327,
      "DDI Rate": 0.091234
    },
    "0.7": {
      "Jaccard": 0.512489,
      "Avg Meds": 20.082918,
      "Avg True Meds": 19.901327,
      "DDI Rate": 0.093065
    },
    "0.75": {
      "Jaccard": 0.510557,
      "Avg Meds": 19.021559,
      "Avg True Meds": 19.901327,
      "DDI Rate": 0.095343
    }
  },
  "calibrated_threshold": 0.7,
  "calibrated_metrics": {
    "Jaccard": 0.512489,
    "Avg Meds": 20.082918,
    "Avg True Meds": 19.901327,
    "DDI Rate": 0.093065
  },
  "config": {
    "hidden_dim": 256,
    "use_notes": false,
    "use_labs": false,
    "use_copy": false,
    "fusion_strategy": "film",
    "lab_dim": 0,
    "pos_weight_cap": 5.0,
    "use_cosine_lr": false,
    "contrastive_weight": 0.0,
    "margin_loss_weight": 0.0,
    "alignment_loss_weight": 0.1,
    "alignment_start_epoch": 1,
    "alignment_ramp_epochs": 0
  }
}