{
  "seed": 456,
  "ablation": "full",
  "mimic_version": 3,
  "mimic4_full": false,
  "cohort_tag": "mimic3",
  "best_val_jaccard": 0.5426706075668335,
  "test_metrics": {
    "Jaccard": 0.5397443175315857,
    "F1": 0.6933173537254333,
    "PRAUC": 0.7826364681655209,
    "DDI Rate": 0.08001645834866085,
    "Avg Meds": 24.059701919555664,
    "Avg True Meds": 19.90132713317871,
    "Precision": 0.6429916620254517,
    "Recall": 0.7808141708374023,
    "NHJ_new": 0.2963253973346007,
    "NHJ_dropped": 0.3436524538617385,
    "CVR": 0.0
  },
  "data_diagnostics": {
    "split_mode_requested": "hidr_vita",
    "require_cohort_split": false,
    "split_source": "hidr_vita_sequential",
    "split_seed_used": "n/a",
    "split_patient_counts": {
      "train": 4233,
      "val": 1059,
      "test": 1058
    },
    "split_example_counts": {
      "train": 6256,
      "val": 1220,
      "test": 1206
    },
    "ddi_density": 0.05261303581914269,
    "ddi_upper_pairs": 448,
    "ddi_total_pairs": 8515,
    "loaded_artifacts": {
      "records": "data/processed/records_final.pkl",
      "cohort": "data/processed/cohort_mimic3.pkl",
      "ddi": "data/processed/ddi_A_final.pkl",
      "ehr": "data/processed/ehr_adj_final.pkl",
      "embeddings": "data/embeddings/code_embeddings.pt",
      "notes": "data/processed/note_embeddings_mimic3.pkl"
    }
  },
  "param_counts": {
    "visit_encoder": {
      "total": 4583681,
      "trainable": 1981697
    },
    "fusion": {
      "total": 400512,
      "trainable": 400512
    },
    "drug_gnn": {
      "total": 1974080,
      "trainable": 1974080
    },
    "predictor": {
      "total": 327942,
      "trainable": 327941
    },
    "model_total": {
      "total": 7549383,
      "trainable": 4947398
    }
  },
  "threshold_sweep": {
    "0.4": {
      "Jaccard": 0.532467,
      "Avg Meds": 26.034826,
      "Avg True Meds": 19.901327,
      "DDI Rate": 0.079839
    },
    "0.45": {
      "Jaccard": 0.537411,
      "Avg Meds": 25.022388,
      "Avg True Meds": 19.901327,
      "DDI Rate": 0.080007
    },
    "0.5": {
      "Jaccard": 0.539744,
      "Avg Meds": 24.059702,
      "Avg True Meds": 19.901327,
      "DDI Rate": 0.080016
    },
    "0.55": {
      "Jaccard": 0.542393,
      "Avg Meds": 23.109453,
      "Avg True Meds": 19.901327,
      "DDI Rate": 0.080265
    },
    "0.6": {
      "Jaccard": 0.543365,
      "Avg Meds": 22.207296,
      "Avg True Meds": 19.901327,
      "DDI Rate": 0.080697
    },
    "0.65": {
      "Jaccard": 0.543718,
      "Avg Meds": 21.3267,
      "Avg True Meds": 19.901327,
      "DDI Rate": 0.080833
    },
    "0.7": {
      "Jaccard": 0.542269,
      "Avg Meds": 20.412106,
      "Avg True Meds": 19.901327,
      "DDI Rate": 0.08078
    },
    "0.75": {
      "Jaccard": 0.539988,
      "Avg Meds": 19.475124,
      "Avg True Meds": 19.901327,
      "DDI Rate": 0.081037
    }
  },
  "calibrated_threshold": 0.75,
  "calibrated_metrics": {
    "Jaccard": 0.539988,
    "Avg Meds": 19.475124,
    "Avg True Meds": 19.901327,
    "DDI Rate": 0.081037
  },
  "config": {
    "hidden_dim": 256,
    "use_notes": true,
    "use_labs": false,
    "use_copy": false,
    "fusion_strategy": "film",
    "lab_dim": 0,
    "pos_weight_cap": 5.0,
    "use_cosine_lr": false,
    "contrastive_weight": 0.0,
    "margin_loss_weight": 0.0,
    "alignment_loss_weight": 0.1,
    "alignment_start_epoch": 1,
    "alignment_ramp_epochs": 0
  }
}