{
  "seed": 123,
  "ablation": "full",
  "mimic_version": 3,
  "mimic4_full": false,
  "cohort_tag": "mimic3",
  "best_val_jaccard": 0.541303277015686,
  "test_metrics": {
    "Jaccard": 0.5360796451568604,
    "F1": 0.6901678442955017,
    "PRAUC": 0.7772089392125422,
    "DDI Rate": 0.08356897959183673,
    "Avg Meds": 21.770315170288086,
    "Avg True Meds": 19.90132713317871,
    "Precision": 0.6726869940757751,
    "Recall": 0.7352345585823059,
    "NHJ_new": 0.27848282926960993,
    "NHJ_dropped": 0.38001869854174164,
    "CVR": 0.0
  },
  "data_diagnostics": {
    "split_mode_requested": "hidr_vita",
    "require_cohort_split": false,
    "split_source": "hidr_vita_sequential",
    "split_seed_used": "n/a",
    "split_patient_counts": {
      "train": 4233,
      "val": 1059,
      "test": 1058
    },
    "split_example_counts": {
      "train": 6256,
      "val": 1220,
      "test": 1206
    },
    "ddi_density": 0.05261303581914269,
    "ddi_upper_pairs": 448,
    "ddi_total_pairs": 8515,
    "loaded_artifacts": {
      "records": "data/processed/records_final.pkl",
      "cohort": "data/processed/cohort_mimic3.pkl",
      "ddi": "data/processed/ddi_A_final.pkl",
      "ehr": "data/processed/ehr_adj_final.pkl",
      "embeddings": "data/embeddings/code_embeddings.pt",
      "labs": "data/processed/lab_vectors_200labs.pkl"
    }
  },
  "param_counts": {
    "visit_encoder": {
      "total": 4583681,
      "trainable": 1981697
    },
    "fusion": {
      "total": 423808,
      "trainable": 423808
    },
    "drug_gnn": {
      "total": 2960480,
      "trainable": 2960480
    },
    "predictor": {
      "total": 304454,
      "trainable": 304453
    },
    "model_total": {
      "total": 8535591,
      "trainable": 5933606
    }
  },
  "threshold_sweep": {
    "0.4": {
      "Jaccard": 0.532878,
      "Avg Meds": 23.57214,
      "Avg True Meds": 19.901327,
      "DDI Rate": 0.08255
    },
    "0.45": {
      "Jaccard": 0.535379,
      "Avg Meds": 22.623549,
      "Avg True Meds": 19.901327,
      "DDI Rate": 0.083142
    },
    "0.5": {
      "Jaccard": 0.53608,
      "Avg Meds": 21.770315,
      "Avg True Meds": 19.901327,
      "DDI Rate": 0.083569
    },
    "0.55": {
      "Jaccard": 0.535416,
      "Avg Meds": 20.935324,
      "Avg True Meds": 19.901327,
      "DDI Rate": 0.084218
    },
    "0.6": {
      "Jaccard": 0.534303,
      "Avg Meds": 20.111111,
      "Avg True Meds": 19.901327,
      "DDI Rate": 0.084495
    },
    "0.65": {
      "Jaccard": 0.532318,
      "Avg Meds": 19.291874,
      "Avg True Meds": 19.901327,
      "DDI Rate": 0.085311
    },
    "0.7": {
      "Jaccard": 0.52906,
      "Avg Meds": 18.451078,
      "Avg True Meds": 19.901327,
      "DDI Rate": 0.0855
    },
    "0.75": {
      "Jaccard": 0.525098,
      "Avg Meds": 17.561359,
      "Avg True Meds": 19.901327,
      "DDI Rate": 0.086167
    }
  },
  "calibrated_threshold": 0.6,
  "calibrated_metrics": {
    "Jaccard": 0.534303,
    "Avg Meds": 20.111111,
    "Avg True Meds": 19.901327,
    "DDI Rate": 0.084495
  },
  "config": {
    "hidden_dim": 256,
    "use_notes": false,
    "use_labs": true,
    "use_copy": false,
    "fusion_strategy": "film",
    "lab_dim": 400,
    "pos_weight_cap": 5.0,
    "use_cosine_lr": false,
    "contrastive_weight": 0.0,
    "margin_loss_weight": 0.0,
    "alignment_loss_weight": 0.1,
    "alignment_start_epoch": 1,
    "alignment_ramp_epochs": 0
  }
}