{
  "seed": 123,
  "ablation": "full",
  "mimic_version": 3,
  "mimic4_full": false,
  "cohort_tag": "mimic3",
  "best_val_jaccard": 0.5512601733207703,
  "test_metrics": {
    "Jaccard": 0.5542922616004944,
    "F1": 0.7053016424179077,
    "PRAUC": 0.7857674456327353,
    "DDI Rate": 0.08116503786785424,
    "Avg Meds": 21.591211318969727,
    "Avg True Meds": 19.90132713317871,
    "Precision": 0.6846476793289185,
    "Recall": 0.7528822422027588,
    "NHJ_new": 0.26884494408180837,
    "NHJ_dropped": 0.3151548355817795,
    "CVR": 0.0
  },
  "data_diagnostics": {
    "split_mode_requested": "hidr_vita",
    "require_cohort_split": false,
    "split_source": "hidr_vita_sequential",
    "split_seed_used": "n/a",
    "split_patient_counts": {
      "train": 4233,
      "val": 1059,
      "test": 1058
    },
    "split_example_counts": {
      "train": 6256,
      "val": 1220,
      "test": 1206
    },
    "ddi_density": 0.05261303581914269,
    "ddi_upper_pairs": 448,
    "ddi_total_pairs": 8515,
    "loaded_artifacts": {
      "records": "data/processed/records_final.pkl",
      "cohort": "data/processed/cohort_mimic3.pkl",
      "ddi": "data/processed/ddi_A_final.pkl",
      "ehr": "data/processed/ehr_adj_final.pkl",
      "embeddings": "data/embeddings/code_embeddings.pt",
      "labs": "data/processed/lab_vectors_200labs.pkl"
    }
  },
  "param_counts": {
    "visit_encoder": {
      "total": 5108993,
      "trainable": 2507009
    },
    "fusion": {
      "total": 423808,
      "trainable": 423808
    },
    "drug_gnn": {
      "total": 395008,
      "trainable": 395008
    },
    "predictor": {
      "total": 1547977,
      "trainable": 1358406
    },
    "model_total": {
      "total": 7738954,
      "trainable": 4947399
    }
  },
  "threshold_sweep": {
    "0.4": {
      "Jaccard": 0.552752,
      "Avg Meds": 22.556385,
      "Avg True Meds": 19.901327,
      "DDI Rate": 0.080051
    },
    "0.45": {
      "Jaccard": 0.553608,
      "Avg Meds": 22.062189,
      "Avg True Meds": 19.901327,
      "DDI Rate": 0.080552
    },
    "0.5": {
      "Jaccard": 0.554292,
      "Avg Meds": 21.591211,
      "Avg True Meds": 19.901327,
      "DDI Rate": 0.081165
    },
    "0.55": {
      "Jaccard": 0.553355,
      "Avg Meds": 21.162521,
      "Avg True Meds": 19.901327,
      "DDI Rate": 0.081992
    },
    "0.6": {
      "Jaccard": 0.55192,
      "Avg Meds": 20.705639,
      "Avg True Meds": 19.901327,
      "DDI Rate": 0.082276
    },
    "0.65": {
      "Jaccard": 0.551232,
      "Avg Meds": 20.242123,
      "Avg True Meds": 19.901327,
      "DDI Rate": 0.082886
    },
    "0.7": {
      "Jaccard": 0.550749,
      "Avg Meds": 19.747927,
      "Avg True Meds": 19.901327,
      "DDI Rate": 0.083133
    },
    "0.75": {
      "Jaccard": 0.549114,
      "Avg Meds": 19.236319,
      "Avg True Meds": 19.901327,
      "DDI Rate": 0.083372
    }
  },
  "calibrated_threshold": 0.7,
  "calibrated_metrics": {
    "Jaccard": 0.550749,
    "Avg Meds": 19.747927,
    "Avg True Meds": 19.901327,
    "DDI Rate": 0.083133
  },
  "config": {
    "hidden_dim": 256,
    "use_notes": false,
    "use_labs": true,
    "use_copy": true,
    "fusion_strategy": "film",
    "lab_dim": 400,
    "pos_weight_cap": 5.0,
    "use_cosine_lr": false,
    "contrastive_weight": 0.0,
    "margin_loss_weight": 0.0,
    "alignment_loss_weight": 0.1,
    "alignment_start_epoch": 1,
    "alignment_ramp_epochs": 0
  }
}