{
  "seed": 456,
  "ablation": "full",
  "mimic_version": 3,
  "mimic4_full": false,
  "cohort_tag": "mimic3",
  "best_val_jaccard": 0.5436760783195496,
  "test_metrics": {
    "Jaccard": 0.5416392683982849,
    "F1": 0.6949793696403503,
    "PRAUC": 0.7833931195435653,
    "DDI Rate": 0.08251683583760848,
    "Avg Meds": 22.18242073059082,
    "Avg True Meds": 19.90132713317871,
    "Precision": 0.6710711121559143,
    "Recall": 0.7476412653923035,
    "NHJ_new": 0.2838699017700396,
    "NHJ_dropped": 0.3691674125821967,
    "CVR": 0.0
  },
  "data_diagnostics": {
    "split_mode_requested": "hidr_vita",
    "require_cohort_split": false,
    "split_source": "hidr_vita_sequential",
    "split_seed_used": "n/a",
    "split_patient_counts": {
      "train": 4233,
      "val": 1059,
      "test": 1058
    },
    "split_example_counts": {
      "train": 6256,
      "val": 1220,
      "test": 1206
    },
    "ddi_density": 0.05261303581914269,
    "ddi_upper_pairs": 448,
    "ddi_total_pairs": 8515,
    "loaded_artifacts": {
      "records": "data/processed/records_final.pkl",
      "cohort": "data/processed/cohort_mimic3.pkl",
      "ddi": "data/processed/ddi_A_final.pkl",
      "ehr": "data/processed/ehr_adj_final.pkl",
      "embeddings": "data/embeddings/code_embeddings.pt",
      "labs": "data/processed/lab_vectors_200labs.pkl"
    }
  },
  "param_counts": {
    "visit_encoder": {
      "total": 4649474,
      "trainable": 2047490
    },
    "fusion": {
      "total": 423808,
      "trainable": 423808
    },
    "drug_gnn": {
      "total": 1151776,
      "trainable": 1151776
    },
    "predictor": {
      "total": 379398,
      "trainable": 379397
    },
    "model_total": {
      "total": 6867624,
      "trainable": 4265639
    }
  },
  "threshold_sweep": {
    "0.4": {
      "Jaccard": 0.537664,
      "Avg Meds": 23.844112,
      "Avg True Meds": 19.901327,
      "DDI Rate": 0.081925
    },
    "0.45": {
      "Jaccard": 0.539752,
      "Avg Meds": 22.95854,
      "Avg True Meds": 19.901327,
      "DDI Rate": 0.082238
    },
    "0.5": {
      "Jaccard": 0.541639,
      "Avg Meds": 22.182421,
      "Avg True Meds": 19.901327,
      "DDI Rate": 0.082517
    },
    "0.55": {
      "Jaccard": 0.540015,
      "Avg Meds": 21.395523,
      "Avg True Meds": 19.901327,
      "DDI Rate": 0.082453
    },
    "0.6": {
      "Jaccard": 0.53957,
      "Avg Meds": 20.634329,
      "Avg True Meds": 19.901327,
      "DDI Rate": 0.082744
    },
    "0.65": {
      "Jaccard": 0.539104,
      "Avg Meds": 19.82753,
      "Avg True Meds": 19.901327,
      "DDI Rate": 0.08312
    },
    "0.7": {
      "Jaccard": 0.536759,
      "Avg Meds": 19.020729,
      "Avg True Meds": 19.901327,
      "DDI Rate": 0.082852
    },
    "0.75": {
      "Jaccard": 0.533769,
      "Avg Meds": 18.169155,
      "Avg True Meds": 19.901327,
      "DDI Rate": 0.083228
    }
  },
  "calibrated_threshold": 0.65,
  "calibrated_metrics": {
    "Jaccard": 0.539104,
    "Avg Meds": 19.82753,
    "Avg True Meds": 19.901327,
    "DDI Rate": 0.08312
  },
  "config": {
    "hidden_dim": 256,
    "use_notes": false,
    "use_labs": true,
    "use_copy": false,
    "fusion_strategy": "film",
    "lab_dim": 400,
    "pos_weight_cap": 5.0,
    "use_cosine_lr": false,
    "contrastive_weight": 0.0,
    "margin_loss_weight": 0.0,
    "alignment_loss_weight": 0.1,
    "alignment_start_epoch": 1,
    "alignment_ramp_epochs": 0
  }
}