{
  "seed": 456,
  "ablation": "full",
  "mimic_version": 3,
  "mimic4_full": false,
  "cohort_tag": "mimic3",
  "best_val_jaccard": 0.544619619846344,
  "test_metrics": {
    "Jaccard": 0.541242778301239,
    "F1": 0.6946721076965332,
    "PRAUC": 0.7868282378181384,
    "DDI Rate": 0.0797977744262335,
    "Avg Meds": 22.88225555419922,
    "Avg True Meds": 19.90132713317871,
    "Precision": 0.6584504246711731,
    "Recall": 0.763200581073761,
    "NHJ_new": 0.29242609049144547,
    "NHJ_dropped": 0.34960075585465683,
    "CVR": 0.0
  },
  "data_diagnostics": {
    "split_mode_requested": "hidr_vita",
    "require_cohort_split": false,
    "split_source": "hidr_vita_sequential",
    "split_seed_used": "n/a",
    "split_patient_counts": {
      "train": 4233,
      "val": 1059,
      "test": 1058
    },
    "split_example_counts": {
      "train": 6256,
      "val": 1220,
      "test": 1206
    },
    "ddi_density": 0.05261303581914269,
    "ddi_upper_pairs": 448,
    "ddi_total_pairs": 8515,
    "loaded_artifacts": {
      "records": "data/processed/records_final.pkl",
      "cohort": "data/processed/cohort_mimic3.pkl",
      "ddi": "data/processed/ddi_A_final.pkl",
      "ehr": "data/processed/ehr_adj_final.pkl",
      "embeddings": "data/embeddings/code_embeddings.pt",
      "notes": "data/processed/note_embeddings_mimic3.pkl"
    }
  },
  "param_counts": {
    "visit_encoder": {
      "total": 7013378,
      "trainable": 4411394
    },
    "fusion": {
      "total": 400512,
      "trainable": 400512
    },
    "drug_gnn": {
      "total": 1151776,
      "trainable": 1151776
    },
    "predictor": {
      "total": 327942,
      "trainable": 327941
    },
    "model_total": {
      "total": 9156776,
      "trainable": 6554791
    }
  },
  "threshold_sweep": {
    "0.4": {
      "Jaccard": 0.536743,
      "Avg Meds": 24.64262,
      "Avg True Meds": 19.901327,
      "DDI Rate": 0.07936
    },
    "0.45": {
      "Jaccard": 0.53965,
      "Avg Meds": 23.739635,
      "Avg True Meds": 19.901327,
      "DDI Rate": 0.079654
    },
    "0.5": {
      "Jaccard": 0.541243,
      "Avg Meds": 22.882256,
      "Avg True Meds": 19.901327,
      "DDI Rate": 0.079798
    },
    "0.55": {
      "Jaccard": 0.54344,
      "Avg Meds": 22.016584,
      "Avg True Meds": 19.901327,
      "DDI Rate": 0.080001
    },
    "0.6": {
      "Jaccard": 0.543615,
      "Avg Meds": 21.218077,
      "Avg True Meds": 19.901327,
      "DDI Rate": 0.080545
    },
    "0.65": {
      "Jaccard": 0.542708,
      "Avg Meds": 20.38723,
      "Avg True Meds": 19.901327,
      "DDI Rate": 0.08099
    },
    "0.7": {
      "Jaccard": 0.541745,
      "Avg Meds": 19.54146,
      "Avg True Meds": 19.901327,
      "DDI Rate": 0.081277
    },
    "0.75": {
      "Jaccard": 0.53851,
      "Avg Meds": 18.617744,
      "Avg True Meds": 19.901327,
      "DDI Rate": 0.082349
    }
  },
  "calibrated_threshold": 0.7,
  "calibrated_metrics": {
    "Jaccard": 0.541745,
    "Avg Meds": 19.54146,
    "Avg True Meds": 19.901327,
    "DDI Rate": 0.081277
  },
  "config": {
    "hidden_dim": 256,
    "use_notes": true,
    "use_labs": false,
    "use_copy": false,
    "fusion_strategy": "film",
    "lab_dim": 0,
    "pos_weight_cap": 5.0,
    "use_cosine_lr": false,
    "contrastive_weight": 0.0,
    "margin_loss_weight": 0.0,
    "alignment_loss_weight": 0.1,
    "alignment_start_epoch": 1,
    "alignment_ramp_epochs": 0
  }
}