{
  "seed": 123,
  "ablation": "full",
  "mimic_version": 3,
  "mimic4_full": false,
  "cohort_tag": "mimic3",
  "best_val_jaccard": 0.527496337890625,
  "test_metrics": {
    "Jaccard": 0.5296765565872192,
    "F1": 0.6847139596939087,
    "PRAUC": 0.7717660966863539,
    "DDI Rate": 0.08399485630622203,
    "Avg Meds": 23.085405349731445,
    "Avg True Meds": 19.90132713317871,
    "Precision": 0.6481332182884216,
    "Recall": 0.7564826011657715,
    "NHJ_new": 0.2828146250624406,
    "NHJ_dropped": 0.35355621419454875,
    "CVR": 0.0
  },
  "data_diagnostics": {
    "split_mode_requested": "hidr_vita",
    "require_cohort_split": false,
    "split_source": "hidr_vita_sequential",
    "split_seed_used": "n/a",
    "split_patient_counts": {
      "train": 4233,
      "val": 1059,
      "test": 1058
    },
    "split_example_counts": {
      "train": 6256,
      "val": 1220,
      "test": 1206
    },
    "ddi_density": 0.05261303581914269,
    "ddi_upper_pairs": 448,
    "ddi_total_pairs": 8515,
    "loaded_artifacts": {
      "records": "data/processed/records_final.pkl",
      "cohort": "data/processed/cohort_mimic3.pkl",
      "ddi": "data/processed/ddi_A_final.pkl",
      "ehr": "data/processed/ehr_adj_final.pkl",
      "embeddings": "data/embeddings/code_embeddings.pt",
      "notes": "data/processed/note_embeddings_mimic3.pkl"
    }
  },
  "param_counts": {
    "visit_encoder": {
      "total": 3793665,
      "trainable": 1191681
    },
    "fusion": {
      "total": 400512,
      "trainable": 400512
    },
    "drug_gnn": {
      "total": 1974080,
      "trainable": 1974080
    },
    "predictor": {
      "total": 327942,
      "trainable": 327941
    },
    "model_total": {
      "total": 6759367,
      "trainable": 4157382
    }
  },
  "threshold_sweep": {
    "0.4": {
      "Jaccard": 0.52492,
      "Avg Meds": 25.066336,
      "Avg True Meds": 19.901327,
      "DDI Rate": 0.082475
    },
    "0.45": {
      "Jaccard": 0.527901,
      "Avg Meds": 24.048922,
      "Avg True Meds": 19.901327,
      "DDI Rate": 0.083408
    },
    "0.5": {
      "Jaccard": 0.529677,
      "Avg Meds": 23.085405,
      "Avg True Meds": 19.901327,
      "DDI Rate": 0.083995
    },
    "0.55": {
      "Jaccard": 0.530631,
      "Avg Meds": 22.097843,
      "Avg True Meds": 19.901327,
      "DDI Rate": 0.084346
    },
    "0.6": {
      "Jaccard": 0.530514,
      "Avg Meds": 21.155888,
      "Avg True Meds": 19.901327,
      "DDI Rate": 0.085257
    },
    "0.65": {
      "Jaccard": 0.528891,
      "Avg Meds": 20.227198,
      "Avg True Meds": 19.901327,
      "DDI Rate": 0.085474
    },
    "0.7": {
      "Jaccard": 0.52582,
      "Avg Meds": 19.21393,
      "Avg True Meds": 19.901327,
      "DDI Rate": 0.085859
    },
    "0.75": {
      "Jaccard": 0.52128,
      "Avg Meds": 18.208126,
      "Avg True Meds": 19.901327,
      "DDI Rate": 0.086259
    }
  },
  "calibrated_threshold": 0.65,
  "calibrated_metrics": {
    "Jaccard": 0.528891,
    "Avg Meds": 20.227198,
    "Avg True Meds": 19.901327,
    "DDI Rate": 0.085474
  },
  "config": {
    "hidden_dim": 256,
    "use_notes": true,
    "use_labs": false,
    "use_copy": false,
    "fusion_strategy": "film",
    "lab_dim": 0,
    "pos_weight_cap": 5.0,
    "use_cosine_lr": false,
    "contrastive_weight": 0.0,
    "margin_loss_weight": 0.0,
    "alignment_loss_weight": 0.1,
    "alignment_start_epoch": 1,
    "alignment_ramp_epochs": 0
  }
}