{
  "seed": 456,
  "ablation": "full",
  "mimic_version": 3,
  "mimic4_full": false,
  "cohort_tag": "mimic3",
  "best_val_jaccard": 0.5471893548965454,
  "test_metrics": {
    "Jaccard": 0.5443442463874817,
    "F1": 0.6975598335266113,
    "PRAUC": 0.7892174342410132,
    "DDI Rate": 0.08407143647207971,
    "Avg Meds": 23.62023162841797,
    "Avg True Meds": 19.90132713317871,
    "Precision": 0.6505863666534424,
    "Recall": 0.7772040963172913,
    "NHJ_new": 0.30651086098269414,
    "NHJ_dropped": 0.3752295029790778,
    "CVR": 0.0
  },
  "data_diagnostics": {
    "split_mode_requested": "hidr_vita",
    "require_cohort_split": false,
    "split_source": "hidr_vita_sequential",
    "split_seed_used": "n/a",
    "split_patient_counts": {
      "train": 4233,
      "val": 1059,
      "test": 1058
    },
    "split_example_counts": {
      "train": 6256,
      "val": 1220,
      "test": 1206
    },
    "ddi_density": 0.05261303581914269,
    "ddi_upper_pairs": 448,
    "ddi_total_pairs": 8515,
    "loaded_artifacts": {
      "records": "data/processed/records_final.pkl",
      "cohort": "data/processed/cohort_mimic3.pkl",
      "ddi": "data/processed/ddi_A_final.pkl",
      "ehr": "data/processed/ehr_adj_final.pkl",
      "embeddings": "data/embeddings/code_embeddings.pt",
      "notes": "data/processed/note_embeddings_mimic3.pkl",
      "labs": "data/processed/lab_vectors_200labs.pkl"
    }
  },
  "param_counts": {
    "visit_encoder": {
      "total": 4583681,
      "trainable": 1981697
    },
    "fusion": {
      "total": 423808,
      "trainable": 423808
    },
    "drug_gnn": {
      "total": 1974080,
      "trainable": 1974080
    },
    "predictor": {
      "total": 864582,
      "trainable": 864582
    },
    "model_total": {
      "total": 8109319,
      "trainable": 5507335
    }
  },
  "threshold_sweep": {
    "0.4": {
      "Jaccard": 0.537833,
      "Avg Meds": 25.378939,
      "Avg True Meds": 19.901327,
      "DDI Rate": 0.083748
    },
    "0.45": {
      "Jaccard": 0.541452,
      "Avg Meds": 24.461857,
      "Avg True Meds": 19.901327,
      "DDI Rate": 0.083767
    },
    "0.5": {
      "Jaccard": 0.544344,
      "Avg Meds": 23.620232,
      "Avg True Meds": 19.901327,
      "DDI Rate": 0.084071
    },
    "0.55": {
      "Jaccard": 0.546043,
      "Avg Meds": 22.795191,
      "Avg True Meds": 19.901327,
      "DDI Rate": 0.084354
    },
    "0.6": {
      "Jaccard": 0.547252,
      "Avg Meds": 21.946932,
      "Avg True Meds": 19.901327,
      "DDI Rate": 0.085035
    },
    "0.65": {
      "Jaccard": 0.547424,
      "Avg Meds": 21.107794,
      "Avg True Meds": 19.901327,
      "DDI Rate": 0.085542
    },
    "0.7": {
      "Jaccard": 0.546633,
      "Avg Meds": 20.272802,
      "Avg True Meds": 19.901327,
      "DDI Rate": 0.085613
    },
    "0.75": {
      "Jaccard": 0.54464,
      "Avg Meds": 19.299337,
      "Avg True Meds": 19.901327,
      "DDI Rate": 0.085401
    }
  },
  "calibrated_threshold": 0.7,
  "calibrated_metrics": {
    "Jaccard": 0.546633,
    "Avg Meds": 20.272802,
    "Avg True Meds": 19.901327,
    "DDI Rate": 0.085613
  },
  "config": {
    "hidden_dim": 256,
    "use_notes": true,
    "use_labs": true,
    "use_copy": false,
    "fusion_strategy": "film",
    "lab_dim": 400,
    "pos_weight_cap": 5.0,
    "use_cosine_lr": false,
    "contrastive_weight": 0.0,
    "margin_loss_weight": 0.0,
    "alignment_loss_weight": 0.1,
    "alignment_start_epoch": 1,
    "alignment_ramp_epochs": 0
  }
}