{
  "seed": 123,
  "ablation": "full",
  "mimic_version": 3,
  "mimic4_full": false,
  "cohort_tag": "mimic3",
  "best_val_jaccard": 0.5165535807609558,
  "test_metrics": {
    "Jaccard": 0.518562912940979,
    "F1": 0.6751395463943481,
    "PRAUC": 0.7621610329912564,
    "DDI Rate": 0.07983836652037657,
    "Avg Meds": 22.943614959716797,
    "Avg True Meds": 19.90132713317871,
    "Precision": 0.6441519856452942,
    "Recall": 0.7547252774238586,
    "NHJ_new": 0.2266554095243153,
    "NHJ_dropped": 0.21308867868624234,
    "CVR": 0.0
  },
  "data_diagnostics": {
    "split_mode_requested": "hidr_vita",
    "require_cohort_split": false,
    "split_source": "hidr_vita_sequential",
    "split_seed_used": "n/a",
    "split_patient_counts": {
      "train": 4233,
      "val": 1059,
      "test": 1058
    },
    "split_example_counts": {
      "train": 6256,
      "val": 1220,
      "test": 1206
    },
    "ddi_density": 0.05261303581914269,
    "ddi_upper_pairs": 448,
    "ddi_total_pairs": 8515,
    "loaded_artifacts": {
      "records": "data/processed/records_final.pkl",
      "cohort": "data/processed/cohort_mimic3.pkl",
      "ddi": "data/processed/ddi_A_final.pkl",
      "ehr": "data/processed/ehr_adj_final.pkl",
      "embeddings": "data/embeddings/code_embeddings.pt"
    }
  },
  "param_counts": {
    "visit_encoder": {
      "total": 5108993,
      "trainable": 2507009
    },
    "drug_gnn": {
      "total": 395008,
      "trainable": 395008
    },
    "predictor": {
      "total": 1505929,
      "trainable": 1316357
    },
    "model_total": {
      "total": 7273098,
      "trainable": 4481542
    }
  },
  "threshold_sweep": {
    "0.4": {
      "Jaccard": 0.518137,
      "Avg Meds": 23.733831,
      "Avg True Meds": 19.901327,
      "DDI Rate": 0.078501
    },
    "0.45": {
      "Jaccard": 0.518711,
      "Avg Meds": 23.349916,
      "Avg True Meds": 19.901327,
      "DDI Rate": 0.078969
    },
    "0.5": {
      "Jaccard": 0.518563,
      "Avg Meds": 22.943615,
      "Avg True Meds": 19.901327,
      "DDI Rate": 0.079838
    },
    "0.55": {
      "Jaccard": 0.517955,
      "Avg Meds": 22.507463,
      "Avg True Meds": 19.901327,
      "DDI Rate": 0.081017
    },
    "0.6": {
      "Jaccard": 0.517196,
      "Avg Meds": 22.056385,
      "Avg True Meds": 19.901327,
      "DDI Rate": 0.082249
    },
    "0.65": {
      "Jaccard": 0.518064,
      "Avg Meds": 21.588722,
      "Avg True Meds": 19.901327,
      "DDI Rate": 0.083431
    },
    "0.7": {
      "Jaccard": 0.516575,
      "Avg Meds": 21.076284,
      "Avg True Meds": 19.901327,
      "DDI Rate": 0.08447
    },
    "0.75": {
      "Jaccard": 0.51581,
      "Avg Meds": 20.53068,
      "Avg True Meds": 19.901327,
      "DDI Rate": 0.085508
    }
  },
  "calibrated_threshold": 0.75,
  "calibrated_metrics": {
    "Jaccard": 0.51581,
    "Avg Meds": 20.53068,
    "Avg True Meds": 19.901327,
    "DDI Rate": 0.085508
  },
  "config": {
    "hidden_dim": 256,
    "use_notes": false,
    "use_labs": false,
    "use_copy": true,
    "fusion_strategy": "film",
    "lab_dim": 0,
    "pos_weight_cap": 5.0,
    "use_cosine_lr": false,
    "contrastive_weight": 0.0,
    "margin_loss_weight": 0.0,
    "alignment_loss_weight": 0.1,
    "alignment_start_epoch": 1,
    "alignment_ramp_epochs": 0
  }
}