{
  "seed": 42,
  "ablation": "full",
  "mimic_version": 3,
  "mimic4_full": false,
  "cohort_tag": "mimic3",
  "best_val_jaccard": 0.5644524097442627,
  "test_metrics": {
    "Jaccard": 0.5624917149543762,
    "F1": 0.7123388051986694,
    "PRAUC": 0.7964315646931713,
    "DDI Rate": 0.08102913804303558,
    "Avg Meds": 21.51824188232422,
    "Avg True Meds": 19.90132713317871,
    "Precision": 0.6941391825675964,
    "Recall": 0.7544329166412354,
    "NHJ_new": 0.3026391518743415,
    "NHJ_dropped": 0.38982488607105453,
    "CVR": 0.0
  },
  "data_diagnostics": {
    "split_mode_requested": "hidr_vita",
    "require_cohort_split": false,
    "split_source": "hidr_vita_sequential",
    "split_seed_used": "n/a",
    "split_patient_counts": {
      "train": 4233,
      "val": 1059,
      "test": 1058
    },
    "split_example_counts": {
      "train": 6256,
      "val": 1220,
      "test": 1206
    },
    "ddi_density": 0.05261303581914269,
    "ddi_upper_pairs": 448,
    "ddi_total_pairs": 8515,
    "loaded_artifacts": {
      "records": "data/processed/records_final.pkl",
      "cohort": "data/processed/cohort_mimic3.pkl",
      "ddi": "data/processed/ddi_A_final.pkl",
      "ehr": "data/processed/ehr_adj_final.pkl",
      "embeddings": "data/embeddings/code_embeddings.pt",
      "notes": "data/processed/note_embeddings_mimic3.pkl",
      "labs": "data/processed/lab_vectors_200labs.pkl"
    }
  },
  "param_counts": {
    "visit_encoder": {
      "total": 11023105,
      "trainable": 8421121
    },
    "fusion": {
      "total": 1445632,
      "trainable": 1445632
    },
    "drug_gnn": {
      "total": 1052160,
      "trainable": 1052160
    },
    "predictor": {
      "total": 5913993,
      "trainable": 5239943
    },
    "model_total": {
      "total": 20092298,
      "trainable": 16816264
    }
  },
  "threshold_sweep": {
    "0.4": {
      "Jaccard": 0.561214,
      "Avg Meds": 22.551409,
      "Avg True Meds": 19.901327,
      "DDI Rate": 0.080893
    },
    "0.45": {
      "Jaccard": 0.562337,
      "Avg Meds": 22.003317,
      "Avg True Meds": 19.901327,
      "DDI Rate": 0.080887
    },
    "0.5": {
      "Jaccard": 0.562492,
      "Avg Meds": 21.518242,
      "Avg True Meds": 19.901327,
      "DDI Rate": 0.081029
    },
    "0.55": {
      "Jaccard": 0.562419,
      "Avg Meds": 20.990879,
      "Avg True Meds": 19.901327,
      "DDI Rate": 0.080907
    },
    "0.6": {
      "Jaccard": 0.5616,
      "Avg Meds": 20.513268,
      "Avg True Meds": 19.901327,
      "DDI Rate": 0.080815
    },
    "0.65": {
      "Jaccard": 0.560037,
      "Avg Meds": 19.998343,
      "Avg True Meds": 19.901327,
      "DDI Rate": 0.081036
    },
    "0.7": {
      "Jaccard": 0.557892,
      "Avg Meds": 19.468491,
      "Avg True Meds": 19.901327,
      "DDI Rate": 0.081327
    },
    "0.75": {
      "Jaccard": 0.554795,
      "Avg Meds": 18.883913,
      "Avg True Meds": 19.901327,
      "DDI Rate": 0.081675
    }
  },
  "calibrated_threshold": 0.65,
  "calibrated_metrics": {
    "Jaccard": 0.560037,
    "Avg Meds": 19.998343,
    "Avg True Meds": 19.901327,
    "DDI Rate": 0.081036
  },
  "config": {
    "hidden_dim": 512,
    "use_notes": true,
    "use_labs": true,
    "use_copy": true,
    "fusion_strategy": "film",
    "lab_dim": 400,
    "pos_weight_cap": 5.0,
    "use_cosine_lr": false,
    "contrastive_weight": 0.0,
    "margin_loss_weight": 0.0,
    "alignment_loss_weight": 0.1,
    "alignment_start_epoch": 1,
    "alignment_ramp_epochs": 0
  }
}