{
  "seed": 42,
  "ablation": "full",
  "mimic_version": 3,
  "mimic4_full": false,
  "cohort_tag": "mimic3",
  "best_val_jaccard": 0.5410478711128235,
  "test_metrics": {
    "Jaccard": 0.5439985990524292,
    "F1": 0.6973262429237366,
    "PRAUC": 0.7887575621139062,
    "DDI Rate": 0.07909499408750492,
    "Avg Meds": 22.3681583404541,
    "Avg True Meds": 19.90132713317871,
    "Precision": 0.6692513823509216,
    "Recall": 0.7562887668609619,
    "NHJ_new": 0.29254921564930364,
    "NHJ_dropped": 0.3645787505727065,
    "CVR": 0.0
  },
  "data_diagnostics": {
    "split_mode_requested": "hidr_vita",
    "require_cohort_split": false,
    "split_source": "hidr_vita_sequential",
    "split_seed_used": "n/a",
    "split_patient_counts": {
      "train": 4233,
      "val": 1059,
      "test": 1058
    },
    "split_example_counts": {
      "train": 6256,
      "val": 1220,
      "test": 1206
    },
    "ddi_density": 0.05261303581914269,
    "ddi_upper_pairs": 448,
    "ddi_total_pairs": 8515,
    "loaded_artifacts": {
      "records": "data/processed/records_final.pkl",
      "cohort": "data/processed/cohort_mimic3.pkl",
      "ddi": "data/processed/ddi_A_final.pkl",
      "ehr": "data/processed/ehr_adj_final.pkl",
      "embeddings": "data/embeddings/code_embeddings.pt",
      "notes": "data/processed/note_embeddings_mimic3_with_meds.pkl"
    }
  },
  "param_counts": {
    "visit_encoder": {
      "total": 4649474,
      "trainable": 2047490
    },
    "fusion": {
      "total": 400512,
      "trainable": 400512
    },
    "drug_gnn": {
      "total": 1151776,
      "trainable": 1151776
    },
    "predictor": {
      "total": 327942,
      "trainable": 327941
    },
    "model_total": {
      "total": 6792872,
      "trainable": 4190887
    }
  },
  "threshold_sweep": {
    "0.4": {
      "Jaccard": 0.53908,
      "Avg Meds": 24.247097,
      "Avg True Meds": 19.901327,
      "DDI Rate": 0.078519
    },
    "0.45": {
      "Jaccard": 0.542206,
      "Avg Meds": 23.271973,
      "Avg True Meds": 19.901327,
      "DDI Rate": 0.078888
    },
    "0.5": {
      "Jaccard": 0.543999,
      "Avg Meds": 22.368158,
      "Avg True Meds": 19.901327,
      "DDI Rate": 0.079095
    },
    "0.55": {
      "Jaccard": 0.54498,
      "Avg Meds": 21.485075,
      "Avg True Meds": 19.901327,
      "DDI Rate": 0.079497
    },
    "0.6": {
      "Jaccard": 0.545883,
      "Avg Meds": 20.679104,
      "Avg True Meds": 19.901327,
      "DDI Rate": 0.079758
    },
    "0.65": {
      "Jaccard": 0.54429,
      "Avg Meds": 19.811775,
      "Avg True Meds": 19.901327,
      "DDI Rate": 0.080707
    },
    "0.7": {
      "Jaccard": 0.543095,
      "Avg Meds": 18.904644,
      "Avg True Meds": 19.901327,
      "DDI Rate": 0.081256
    },
    "0.75": {
      "Jaccard": 0.538176,
      "Avg Meds": 18.003317,
      "Avg True Meds": 19.901327,
      "DDI Rate": 0.082063
    }
  },
  "calibrated_threshold": 0.65,
  "calibrated_metrics": {
    "Jaccard": 0.54429,
    "Avg Meds": 19.811775,
    "Avg True Meds": 19.901327,
    "DDI Rate": 0.080707
  },
  "config": {
    "hidden_dim": 256,
    "use_notes": true,
    "use_labs": false,
    "use_copy": false,
    "fusion_strategy": "film",
    "lab_dim": 0,
    "pos_weight_cap": 5.0,
    "use_cosine_lr": false,
    "contrastive_weight": 0.0,
    "margin_loss_weight": 0.0,
    "alignment_loss_weight": 0.1,
    "alignment_start_epoch": 1,
    "alignment_ramp_epochs": 0
  }
}