{
  "seed": 42,
  "ablation": "full",
  "mimic_version": 3,
  "mimic4_full": false,
  "cohort_tag": "mimic3",
  "best_val_jaccard": 0.5535573363304138,
  "test_metrics": {
    "Jaccard": 0.5479323267936707,
    "F1": 0.7005516886711121,
    "PRAUC": 0.7915156208407845,
    "DDI Rate": 0.07773103541864568,
    "Avg Meds": 21.29684829711914,
    "Avg True Meds": 19.90132713317871,
    "Precision": 0.6885069608688354,
    "Recall": 0.7354883551597595,
    "NHJ_new": 0.30316068310486644,
    "NHJ_dropped": 0.4091784969756478,
    "CVR": 0.0
  },
  "data_diagnostics": {
    "split_mode_requested": "hidr_vita",
    "require_cohort_split": false,
    "split_source": "hidr_vita_sequential",
    "split_seed_used": "n/a",
    "split_patient_counts": {
      "train": 4233,
      "val": 1059,
      "test": 1058
    },
    "split_example_counts": {
      "train": 6256,
      "val": 1220,
      "test": 1206
    },
    "ddi_density": 0.05261303581914269,
    "ddi_upper_pairs": 448,
    "ddi_total_pairs": 8515,
    "loaded_artifacts": {
      "records": "data/processed/records_final.pkl",
      "cohort": "data/processed/cohort_mimic3.pkl",
      "ddi": "data/processed/ddi_A_final.pkl",
      "ehr": "data/processed/ehr_adj_final.pkl",
      "embeddings": "data/embeddings/code_embeddings.pt",
      "notes": "data/processed/note_embeddings_mimic3.pkl",
      "labs": "data/processed/lab_vectors_200labs.pkl"
    }
  },
  "param_counts": {
    "visit_encoder": {
      "total": 4583681,
      "trainable": 1981697
    },
    "fusion": {
      "total": 423808,
      "trainable": 423808
    },
    "drug_gnn": {
      "total": 789792,
      "trainable": 789792
    },
    "predictor": {
      "total": 369990,
      "trainable": 369990
    },
    "model_total": {
      "total": 6430439,
      "trainable": 3828455
    }
  },
  "threshold_sweep": {
    "0.4": {
      "Jaccard": 0.546133,
      "Avg Meds": 23.004974,
      "Avg True Meds": 19.901327,
      "DDI Rate": 0.077903
    },
    "0.45": {
      "Jaccard": 0.547901,
      "Avg Meds": 22.126036,
      "Avg True Meds": 19.901327,
      "DDI Rate": 0.077938
    },
    "0.5": {
      "Jaccard": 0.547932,
      "Avg Meds": 21.296848,
      "Avg True Meds": 19.901327,
      "DDI Rate": 0.077731
    },
    "0.55": {
      "Jaccard": 0.54736,
      "Avg Meds": 20.504974,
      "Avg True Meds": 19.901327,
      "DDI Rate": 0.077872
    },
    "0.6": {
      "Jaccard": 0.546513,
      "Avg Meds": 19.742123,
      "Avg True Meds": 19.901327,
      "DDI Rate": 0.07736
    },
    "0.65": {
      "Jaccard": 0.545598,
      "Avg Meds": 18.971807,
      "Avg True Meds": 19.901327,
      "DDI Rate": 0.077493
    },
    "0.7": {
      "Jaccard": 0.540861,
      "Avg Meds": 18.126036,
      "Avg True Meds": 19.901327,
      "DDI Rate": 0.077844
    },
    "0.75": {
      "Jaccard": 0.535605,
      "Avg Meds": 17.243782,
      "Avg True Meds": 19.901327,
      "DDI Rate": 0.077858
    }
  },
  "calibrated_threshold": 0.6,
  "calibrated_metrics": {
    "Jaccard": 0.546513,
    "Avg Meds": 19.742123,
    "Avg True Meds": 19.901327,
    "DDI Rate": 0.07736
  },
  "config": {
    "hidden_dim": 256,
    "use_notes": true,
    "use_labs": true,
    "use_copy": false,
    "fusion_strategy": "film",
    "lab_dim": 400,
    "pos_weight_cap": 5.0,
    "use_cosine_lr": false,
    "contrastive_weight": 0.0,
    "margin_loss_weight": 0.0,
    "alignment_loss_weight": 0.1,
    "alignment_start_epoch": 1,
    "alignment_ramp_epochs": 0
  }
}