{
  "seed": 42,
  "ablation": "full",
  "mimic_version": 3,
  "mimic4_full": false,
  "cohort_tag": "mimic3",
  "best_val_jaccard": 0.5518442392349243,
  "test_metrics": {
    "Jaccard": 0.5483884215354919,
    "F1": 0.7011312246322632,
    "PRAUC": 0.7875932235698472,
    "DDI Rate": 0.08478437528216312,
    "Avg Meds": 21.28441047668457,
    "Avg True Meds": 19.90132713317871,
    "Precision": 0.6858955025672913,
    "Recall": 0.739162266254425,
    "NHJ_new": 0.3019188854255174,
    "NHJ_dropped": 0.40659603476524353,
    "CVR": 0.0
  },
  "data_diagnostics": {
    "split_mode_requested": "hidr_vita",
    "require_cohort_split": false,
    "split_source": "hidr_vita_sequential",
    "split_seed_used": "n/a",
    "split_patient_counts": {
      "train": 4233,
      "val": 1059,
      "test": 1058
    },
    "split_example_counts": {
      "train": 6256,
      "val": 1220,
      "test": 1206
    },
    "ddi_density": 0.05261303581914269,
    "ddi_upper_pairs": 448,
    "ddi_total_pairs": 8515,
    "loaded_artifacts": {
      "records": "data/processed/records_final.pkl",
      "cohort": "data/processed/cohort_mimic3.pkl",
      "ddi": "data/processed/ddi_A_final.pkl",
      "ehr": "data/processed/ehr_adj_final.pkl",
      "embeddings": "data/embeddings/code_embeddings.pt",
      "notes": "data/processed/note_embeddings_mimic3.pkl",
      "labs": "data/processed/lab_vectors_200labs.pkl"
    }
  },
  "param_counts": {
    "visit_encoder": {
      "total": 4583681,
      "trainable": 1981697
    },
    "fusion": {
      "total": 423808,
      "trainable": 423808
    },
    "drug_gnn": {
      "total": 1974080,
      "trainable": 1974080
    },
    "predictor": {
      "total": 369990,
      "trainable": 369990
    },
    "model_total": {
      "total": 7614727,
      "trainable": 5012743
    }
  },
  "threshold_sweep": {
    "0.4": {
      "Jaccard": 0.545813,
      "Avg Meds": 23.022388,
      "Avg True Meds": 19.901327,
      "DDI Rate": 0.084303
    },
    "0.45": {
      "Jaccard": 0.547132,
      "Avg Meds": 22.126036,
      "Avg True Meds": 19.901327,
      "DDI Rate": 0.084559
    },
    "0.5": {
      "Jaccard": 0.548388,
      "Avg Meds": 21.28441,
      "Avg True Meds": 19.901327,
      "DDI Rate": 0.084784
    },
    "0.55": {
      "Jaccard": 0.54834,
      "Avg Meds": 20.421227,
      "Avg True Meds": 19.901327,
      "DDI Rate": 0.084983
    },
    "0.6": {
      "Jaccard": 0.547844,
      "Avg Meds": 19.679104,
      "Avg True Meds": 19.901327,
      "DDI Rate": 0.085453
    },
    "0.65": {
      "Jaccard": 0.545688,
      "Avg Meds": 18.883085,
      "Avg True Meds": 19.901327,
      "DDI Rate": 0.085554
    },
    "0.7": {
      "Jaccard": 0.542991,
      "Avg Meds": 18.048922,
      "Avg True Meds": 19.901327,
      "DDI Rate": 0.085717
    },
    "0.75": {
      "Jaccard": 0.537585,
      "Avg Meds": 17.174129,
      "Avg True Meds": 19.901327,
      "DDI Rate": 0.085938
    }
  },
  "calibrated_threshold": 0.6,
  "calibrated_metrics": {
    "Jaccard": 0.547844,
    "Avg Meds": 19.679104,
    "Avg True Meds": 19.901327,
    "DDI Rate": 0.085453
  },
  "config": {
    "hidden_dim": 256,
    "use_notes": true,
    "use_labs": true,
    "use_copy": false,
    "fusion_strategy": "film",
    "lab_dim": 400,
    "pos_weight_cap": 5.0,
    "use_cosine_lr": false,
    "contrastive_weight": 0.0,
    "margin_loss_weight": 0.0,
    "alignment_loss_weight": 0.1,
    "alignment_start_epoch": 1,
    "alignment_ramp_epochs": 0
  }
}