{
  "seed": 456,
  "ablation": "full",
  "mimic_version": 3,
  "mimic4_full": false,
  "cohort_tag": "mimic3",
  "best_val_jaccard": 0.49031466245651245,
  "test_metrics": {
    "Jaccard": 0.4888206422328949,
    "F1": 0.6479848027229309,
    "PRAUC": 0.742193338208752,
    "DDI Rate": 0.10035294722353895,
    "Avg Meds": 23.49419593811035,
    "Avg True Meds": 19.90132713317871,
    "Precision": 0.60811847448349,
    "Recall": 0.7209101319313049,
    "NHJ_new": 0.26738669919340236,
    "NHJ_dropped": 0.4030996576735848,
    "CVR": 0.0
  },
  "data_diagnostics": {
    "split_mode_requested": "hidr_vita",
    "require_cohort_split": false,
    "split_source": "hidr_vita_sequential",
    "split_seed_used": "n/a",
    "split_patient_counts": {
      "train": 4233,
      "val": 1059,
      "test": 1058
    },
    "split_example_counts": {
      "train": 6256,
      "val": 1220,
      "test": 1206
    },
    "ddi_density": 0.05261303581914269,
    "ddi_upper_pairs": 448,
    "ddi_total_pairs": 8515,
    "loaded_artifacts": {
      "records": "data/processed/records_final.pkl",
      "cohort": "data/processed/cohort_mimic3.pkl",
      "ddi": "data/processed/ddi_A_final.pkl",
      "ehr": "data/processed/ehr_adj_final.pkl",
      "embeddings": "data/embeddings/code_embeddings.pt",
      "labs": "data/processed/lab_vectors_200labs.pkl"
    }
  },
  "param_counts": {
    "visit_encoder": {
      "total": 4583681,
      "trainable": 1981697
    },
    "fusion": {
      "total": 423808,
      "trainable": 423808
    },
    "drug_gnn": {
      "total": 1974080,
      "trainable": 1974080
    },
    "predictor": {
      "total": 627974,
      "trainable": 627972
    },
    "model_total": {
      "total": 7872711,
      "trainable": 5270725
    }
  },
  "threshold_sweep": {
    "0.4": {
      "Jaccard": 0.480486,
      "Avg Meds": 27.329187,
      "Avg True Meds": 19.901327,
      "DDI Rate": 0.099275
    },
    "0.45": {
      "Jaccard": 0.485895,
      "Avg Meds": 25.348259,
      "Avg True Meds": 19.901327,
      "DDI Rate": 0.099944
    },
    "0.5": {
      "Jaccard": 0.488821,
      "Avg Meds": 23.494196,
      "Avg True Meds": 19.901327,
      "DDI Rate": 0.100353
    },
    "0.55": {
      "Jaccard": 0.490128,
      "Avg Meds": 21.810946,
      "Avg True Meds": 19.901327,
      "DDI Rate": 0.101091
    },
    "0.6": {
      "Jaccard": 0.489348,
      "Avg Meds": 20.177446,
      "Avg True Meds": 19.901327,
      "DDI Rate": 0.100269
    },
    "0.65": {
      "Jaccard": 0.482145,
      "Avg Meds": 18.481758,
      "Avg True Meds": 19.901327,
      "DDI Rate": 0.099994
    },
    "0.7": {
      "Jaccard": 0.47379,
      "Avg Meds": 16.920399,
      "Avg True Meds": 19.901327,
      "DDI Rate": 0.097853
    },
    "0.75": {
      "Jaccard": 0.462646,
      "Avg Meds": 15.306799,
      "Avg True Meds": 19.901327,
      "DDI Rate": 0.094209
    }
  },
  "calibrated_threshold": 0.6,
  "calibrated_metrics": {
    "Jaccard": 0.489348,
    "Avg Meds": 20.177446,
    "Avg True Meds": 19.901327,
    "DDI Rate": 0.100269
  },
  "config": {
    "hidden_dim": 256,
    "use_notes": false,
    "use_labs": true,
    "use_copy": false,
    "fusion_strategy": "film",
    "lab_dim": 400,
    "pos_weight_cap": 5.0,
    "use_cosine_lr": false,
    "contrastive_weight": 0.0,
    "margin_loss_weight": 0.0,
    "alignment_loss_weight": 0.1,
    "alignment_start_epoch": 1,
    "alignment_ramp_epochs": 0
  }
}