{
  "seed": 456,
  "ablation": "full",
  "mimic_version": 3,
  "mimic4_full": false,
  "cohort_tag": "mimic3",
  "best_val_jaccard": 0.5407965779304504,
  "test_metrics": {
    "Jaccard": 0.5386397838592529,
    "F1": 0.6923791766166687,
    "PRAUC": 0.7812258879298299,
    "DDI Rate": 0.08055449933826758,
    "Avg Meds": 23.040630340576172,
    "Avg True Meds": 19.90132713317871,
    "Precision": 0.6557491421699524,
    "Recall": 0.7609589099884033,
    "NHJ_new": 0.28559495900806625,
    "NHJ_dropped": 0.35956985072085734,
    "CVR": 0.0
  },
  "data_diagnostics": {
    "split_mode_requested": "hidr_vita",
    "require_cohort_split": false,
    "split_source": "hidr_vita_sequential",
    "split_seed_used": "n/a",
    "split_patient_counts": {
      "train": 4233,
      "val": 1059,
      "test": 1058
    },
    "split_example_counts": {
      "train": 6256,
      "val": 1220,
      "test": 1206
    },
    "ddi_density": 0.05261303581914269,
    "ddi_upper_pairs": 448,
    "ddi_total_pairs": 8515,
    "loaded_artifacts": {
      "records": "data/processed/records_final.pkl",
      "cohort": "data/processed/cohort_mimic3.pkl",
      "ddi": "data/processed/ddi_A_final.pkl",
      "ehr": "data/processed/ehr_adj_final.pkl",
      "embeddings": "data/embeddings/code_embeddings.pt",
      "labs": "data/processed/lab_vectors_200labs.pkl"
    }
  },
  "param_counts": {
    "visit_encoder": {
      "total": 4583681,
      "trainable": 1981697
    },
    "fusion": {
      "total": 423808,
      "trainable": 423808
    },
    "drug_gnn": {
      "total": 1316608,
      "trainable": 1316608
    },
    "predictor": {
      "total": 304454,
      "trainable": 304453
    },
    "model_total": {
      "total": 6891719,
      "trainable": 4289734
    }
  },
  "threshold_sweep": {
    "0.4": {
      "Jaccard": 0.534167,
      "Avg Meds": 24.740465,
      "Avg True Meds": 19.901327,
      "DDI Rate": 0.080261
    },
    "0.45": {
      "Jaccard": 0.537592,
      "Avg Meds": 23.878109,
      "Avg True Meds": 19.901327,
      "DDI Rate": 0.080423
    },
    "0.5": {
      "Jaccard": 0.53864,
      "Avg Meds": 23.04063,
      "Avg True Meds": 19.901327,
      "DDI Rate": 0.080554
    },
    "0.55": {
      "Jaccard": 0.540429,
      "Avg Meds": 22.236319,
      "Avg True Meds": 19.901327,
      "DDI Rate": 0.080925
    },
    "0.6": {
      "Jaccard": 0.540892,
      "Avg Meds": 21.451078,
      "Avg True Meds": 19.901327,
      "DDI Rate": 0.081407
    },
    "0.65": {
      "Jaccard": 0.54099,
      "Avg Meds": 20.64345,
      "Avg True Meds": 19.901327,
      "DDI Rate": 0.08145
    },
    "0.7": {
      "Jaccard": 0.538699,
      "Avg Meds": 19.809286,
      "Avg True Meds": 19.901327,
      "DDI Rate": 0.081975
    },
    "0.75": {
      "Jaccard": 0.53508,
      "Avg Meds": 18.908789,
      "Avg True Meds": 19.901327,
      "DDI Rate": 0.081845
    }
  },
  "calibrated_threshold": 0.7,
  "calibrated_metrics": {
    "Jaccard": 0.538699,
    "Avg Meds": 19.809286,
    "Avg True Meds": 19.901327,
    "DDI Rate": 0.081975
  },
  "config": {
    "hidden_dim": 256,
    "use_notes": false,
    "use_labs": true,
    "use_copy": false,
    "fusion_strategy": "film",
    "lab_dim": 400,
    "pos_weight_cap": 5.0,
    "use_cosine_lr": false,
    "contrastive_weight": 0.0,
    "margin_loss_weight": 0.0,
    "alignment_loss_weight": 0.1,
    "alignment_start_epoch": 1,
    "alignment_ramp_epochs": 0
  }
}