{
  "seed": 456,
  "ablation": "full",
  "mimic_version": 3,
  "mimic4_full": false,
  "cohort_tag": "mimic3",
  "best_val_jaccard": 0.5457727313041687,
  "test_metrics": {
    "Jaccard": 0.5423817038536072,
    "F1": 0.6954883337020874,
    "PRAUC": 0.7830773128512548,
    "DDI Rate": 0.07965199926614717,
    "Avg Meds": 22.1998348236084,
    "Avg True Meds": 19.90132713317871,
    "Precision": 0.6685572266578674,
    "Recall": 0.751039445400238,
    "NHJ_new": 0.29515195677154943,
    "NHJ_dropped": 0.3752806484699249,
    "CVR": 0.0
  },
  "data_diagnostics": {
    "split_mode_requested": "hidr_vita",
    "require_cohort_split": false,
    "split_source": "hidr_vita_sequential",
    "split_seed_used": "n/a",
    "split_patient_counts": {
      "train": 4233,
      "val": 1059,
      "test": 1058
    },
    "split_example_counts": {
      "train": 6256,
      "val": 1220,
      "test": 1206
    },
    "ddi_density": 0.05261303581914269,
    "ddi_upper_pairs": 448,
    "ddi_total_pairs": 8515,
    "loaded_artifacts": {
      "records": "data/processed/records_final.pkl",
      "cohort": "data/processed/cohort_mimic3.pkl",
      "ddi": "data/processed/ddi_A_final.pkl",
      "ehr": "data/processed/ehr_adj_final.pkl",
      "embeddings": "data/embeddings/code_embeddings.pt",
      "notes": "data/processed/note_embeddings_mimic3.pkl"
    }
  },
  "param_counts": {
    "visit_encoder": {
      "total": 4616835,
      "trainable": 2014851
    },
    "fusion": {
      "total": 400512,
      "trainable": 400512
    },
    "drug_gnn": {
      "total": 1974080,
      "trainable": 1974080
    },
    "predictor": {
      "total": 327942,
      "trainable": 327941
    },
    "model_total": {
      "total": 7582537,
      "trainable": 4980552
    }
  },
  "threshold_sweep": {
    "0.4": {
      "Jaccard": 0.539762,
      "Avg Meds": 24.156717,
      "Avg True Meds": 19.901327,
      "DDI Rate": 0.079511
    },
    "0.45": {
      "Jaccard": 0.541723,
      "Avg Meds": 23.166666,
      "Avg True Meds": 19.901327,
      "DDI Rate": 0.079752
    },
    "0.5": {
      "Jaccard": 0.542382,
      "Avg Meds": 22.199835,
      "Avg True Meds": 19.901327,
      "DDI Rate": 0.079652
    },
    "0.55": {
      "Jaccard": 0.543179,
      "Avg Meds": 21.359037,
      "Avg True Meds": 19.901327,
      "DDI Rate": 0.080134
    },
    "0.6": {
      "Jaccard": 0.543225,
      "Avg Meds": 20.5,
      "Avg True Meds": 19.901327,
      "DDI Rate": 0.080893
    },
    "0.65": {
      "Jaccard": 0.54172,
      "Avg Meds": 19.588722,
      "Avg True Meds": 19.901327,
      "DDI Rate": 0.080997
    },
    "0.7": {
      "Jaccard": 0.537752,
      "Avg Meds": 18.703979,
      "Avg True Meds": 19.901327,
      "DDI Rate": 0.081258
    },
    "0.75": {
      "Jaccard": 0.533509,
      "Avg Meds": 17.746269,
      "Avg True Meds": 19.901327,
      "DDI Rate": 0.081293
    }
  },
  "calibrated_threshold": 0.65,
  "calibrated_metrics": {
    "Jaccard": 0.54172,
    "Avg Meds": 19.588722,
    "Avg True Meds": 19.901327,
    "DDI Rate": 0.080997
  },
  "config": {
    "hidden_dim": 256,
    "use_notes": true,
    "use_labs": false,
    "use_copy": false,
    "fusion_strategy": "film",
    "lab_dim": 0,
    "pos_weight_cap": 5.0,
    "use_cosine_lr": false,
    "contrastive_weight": 0.0,
    "margin_loss_weight": 0.0,
    "alignment_loss_weight": 0.1,
    "alignment_start_epoch": 1,
    "alignment_ramp_epochs": 0
  }
}