{
  "seed": 123,
  "ablation": "full",
  "mimic_version": 3,
  "mimic4_full": false,
  "cohort_tag": "mimic3",
  "best_val_jaccard": 0.54241544008255,
  "test_metrics": {
    "Jaccard": 0.5405233502388,
    "F1": 0.6941208839416504,
    "PRAUC": 0.7799395643125191,
    "DDI Rate": 0.07917699363773412,
    "Avg Meds": 22.05223846435547,
    "Avg True Meds": 19.90132713317871,
    "Precision": 0.6720812916755676,
    "Recall": 0.744915783405304,
    "NHJ_new": 0.28350490253222616,
    "NHJ_dropped": 0.3635492403256266,
    "CVR": 0.0
  },
  "data_diagnostics": {
    "split_mode_requested": "hidr_vita",
    "require_cohort_split": false,
    "split_source": "hidr_vita_sequential",
    "split_seed_used": "n/a",
    "split_patient_counts": {
      "train": 4233,
      "val": 1059,
      "test": 1058
    },
    "split_example_counts": {
      "train": 6256,
      "val": 1220,
      "test": 1206
    },
    "ddi_density": 0.05261303581914269,
    "ddi_upper_pairs": 448,
    "ddi_total_pairs": 8515,
    "loaded_artifacts": {
      "records": "data/processed/records_final.pkl",
      "cohort": "data/processed/cohort_mimic3.pkl",
      "ddi": "data/processed/ddi_A_final.pkl",
      "ehr": "data/processed/ehr_adj_final.pkl",
      "embeddings": "data/embeddings/code_embeddings.pt",
      "labs": "data/processed/lab_vectors_200labs.pkl"
    }
  },
  "param_counts": {
    "visit_encoder": {
      "total": 5108993,
      "trainable": 2507009
    },
    "fusion": {
      "total": 423808,
      "trainable": 423808
    },
    "drug_gnn": {
      "total": 1974080,
      "trainable": 1974080
    },
    "predictor": {
      "total": 304454,
      "trainable": 304453
    },
    "model_total": {
      "total": 8074503,
      "trainable": 5472518
    }
  },
  "threshold_sweep": {
    "0.4": {
      "Jaccard": 0.537506,
      "Avg Meds": 23.778606,
      "Avg True Meds": 19.901327,
      "DDI Rate": 0.078307
    },
    "0.45": {
      "Jaccard": 0.539321,
      "Avg Meds": 22.892206,
      "Avg True Meds": 19.901327,
      "DDI Rate": 0.078667
    },
    "0.5": {
      "Jaccard": 0.540523,
      "Avg Meds": 22.052238,
      "Avg True Meds": 19.901327,
      "DDI Rate": 0.079177
    },
    "0.55": {
      "Jaccard": 0.541362,
      "Avg Meds": 21.210613,
      "Avg True Meds": 19.901327,
      "DDI Rate": 0.079851
    },
    "0.6": {
      "Jaccard": 0.540017,
      "Avg Meds": 20.354063,
      "Avg True Meds": 19.901327,
      "DDI Rate": 0.080292
    },
    "0.65": {
      "Jaccard": 0.53848,
      "Avg Meds": 19.572969,
      "Avg True Meds": 19.901327,
      "DDI Rate": 0.080314
    },
    "0.7": {
      "Jaccard": 0.53578,
      "Avg Meds": 18.703979,
      "Avg True Meds": 19.901327,
      "DDI Rate": 0.080565
    },
    "0.75": {
      "Jaccard": 0.530679,
      "Avg Meds": 17.783583,
      "Avg True Meds": 19.901327,
      "DDI Rate": 0.080989
    }
  },
  "calibrated_threshold": 0.65,
  "calibrated_metrics": {
    "Jaccard": 0.53848,
    "Avg Meds": 19.572969,
    "Avg True Meds": 19.901327,
    "DDI Rate": 0.080314
  },
  "config": {
    "hidden_dim": 256,
    "use_notes": false,
    "use_labs": true,
    "use_copy": false,
    "fusion_strategy": "film",
    "lab_dim": 400,
    "pos_weight_cap": 5.0,
    "use_cosine_lr": false,
    "contrastive_weight": 0.0,
    "margin_loss_weight": 0.0,
    "alignment_loss_weight": 0.1,
    "alignment_start_epoch": 1,
    "alignment_ramp_epochs": 0
  }
}