{
  "seed": 42,
  "ablation": "full",
  "mimic_version": 3,
  "mimic4_full": false,
  "cohort_tag": "mimic3",
  "best_val_jaccard": 0.5413514375686646,
  "test_metrics": {
    "Jaccard": 0.5422012209892273,
    "F1": 0.6953059434890747,
    "PRAUC": 0.7825658363254501,
    "DDI Rate": 0.08071058187282178,
    "Avg Meds": 22.176616668701172,
    "Avg True Meds": 19.90132713317871,
    "Precision": 0.672188401222229,
    "Recall": 0.7466572523117065,
    "NHJ_new": 0.29001292351045105,
    "NHJ_dropped": 0.37388771458675985,
    "CVR": 0.0
  },
  "data_diagnostics": {
    "split_mode_requested": "hidr_vita",
    "require_cohort_split": false,
    "split_source": "hidr_vita_sequential",
    "split_seed_used": "n/a",
    "split_patient_counts": {
      "train": 4233,
      "val": 1059,
      "test": 1058
    },
    "split_example_counts": {
      "train": 6256,
      "val": 1220,
      "test": 1206
    },
    "ddi_density": 0.05261303581914269,
    "ddi_upper_pairs": 448,
    "ddi_total_pairs": 8515,
    "loaded_artifacts": {
      "records": "data/processed/records_final.pkl",
      "cohort": "data/processed/cohort_mimic3.pkl",
      "ddi": "data/processed/ddi_A_final.pkl",
      "ehr": "data/processed/ehr_adj_final.pkl",
      "embeddings": "data/embeddings/code_embeddings.pt",
      "labs": "data/processed/lab_vectors_200labs.pkl"
    }
  },
  "param_counts": {
    "visit_encoder": {
      "total": 4649474,
      "trainable": 2047490
    },
    "fusion": {
      "total": 423808,
      "trainable": 423808
    },
    "drug_gnn": {
      "total": 1151776,
      "trainable": 1151776
    },
    "predictor": {
      "total": 379398,
      "trainable": 379397
    },
    "model_total": {
      "total": 6867624,
      "trainable": 4265639
    }
  },
  "threshold_sweep": {
    "0.4": {
      "Jaccard": 0.53749,
      "Avg Meds": 24.064676,
      "Avg True Meds": 19.901327,
      "DDI Rate": 0.080568
    },
    "0.45": {
      "Jaccard": 0.541115,
      "Avg Meds": 23.062189,
      "Avg True Meds": 19.901327,
      "DDI Rate": 0.080461
    },
    "0.5": {
      "Jaccard": 0.542201,
      "Avg Meds": 22.176617,
      "Avg True Meds": 19.901327,
      "DDI Rate": 0.080711
    },
    "0.55": {
      "Jaccard": 0.540829,
      "Avg Meds": 21.335821,
      "Avg True Meds": 19.901327,
      "DDI Rate": 0.080852
    },
    "0.6": {
      "Jaccard": 0.539553,
      "Avg Meds": 20.506634,
      "Avg True Meds": 19.901327,
      "DDI Rate": 0.081144
    },
    "0.65": {
      "Jaccard": 0.536984,
      "Avg Meds": 19.665838,
      "Avg True Meds": 19.901327,
      "DDI Rate": 0.08148
    },
    "0.7": {
      "Jaccard": 0.534184,
      "Avg Meds": 18.849089,
      "Avg True Meds": 19.901327,
      "DDI Rate": 0.081784
    },
    "0.75": {
      "Jaccard": 0.530263,
      "Avg Meds": 17.95854,
      "Avg True Meds": 19.901327,
      "DDI Rate": 0.082205
    }
  },
  "calibrated_threshold": 0.65,
  "calibrated_metrics": {
    "Jaccard": 0.536984,
    "Avg Meds": 19.665838,
    "Avg True Meds": 19.901327,
    "DDI Rate": 0.08148
  },
  "config": {
    "hidden_dim": 256,
    "use_notes": false,
    "use_labs": true,
    "use_copy": false,
    "fusion_strategy": "film",
    "lab_dim": 400,
    "pos_weight_cap": 5.0,
    "use_cosine_lr": false,
    "contrastive_weight": 0.0,
    "margin_loss_weight": 0.0,
    "alignment_loss_weight": 0.1,
    "alignment_start_epoch": 1,
    "alignment_ramp_epochs": 0
  }
}