{
  "seed": 456,
  "ablation": "full",
  "mimic_version": 3,
  "mimic4_full": false,
  "cohort_tag": "mimic3",
  "best_val_jaccard": 0.564802348613739,
  "test_metrics": {
    "Jaccard": 0.5601398944854736,
    "F1": 0.7107381224632263,
    "PRAUC": 0.799031907112177,
    "DDI Rate": 0.07669662857807115,
    "Avg Meds": 22.088722229003906,
    "Avg True Meds": 19.90132713317871,
    "Precision": 0.6863566040992737,
    "Recall": 0.7601416707038879,
    "NHJ_new": 0.2797024571581891,
    "NHJ_dropped": 0.3061520974887045,
    "CVR": 0.0
  },
  "data_diagnostics": {
    "split_mode_requested": "hidr_vita",
    "require_cohort_split": false,
    "split_source": "hidr_vita_sequential",
    "split_seed_used": "n/a",
    "split_patient_counts": {
      "train": 4233,
      "val": 1059,
      "test": 1058
    },
    "split_example_counts": {
      "train": 6256,
      "val": 1220,
      "test": 1206
    },
    "ddi_density": 0.05261303581914269,
    "ddi_upper_pairs": 448,
    "ddi_total_pairs": 8515,
    "loaded_artifacts": {
      "records": "data/processed/records_final.pkl",
      "cohort": "data/processed/cohort_mimic3.pkl",
      "ddi": "data/processed/ddi_A_final.pkl",
      "ehr": "data/processed/ehr_adj_final.pkl",
      "embeddings": "data/embeddings/code_embeddings.pt",
      "notes": "data/processed/note_embeddings_mimic3.pkl",
      "labs": "data/processed/lab_vectors_200labs.pkl"
    }
  },
  "param_counts": {
    "visit_encoder": {
      "total": 4583681,
      "trainable": 1981697
    },
    "fusion": {
      "total": 423808,
      "trainable": 423808
    },
    "drug_gnn": {
      "total": 1974080,
      "trainable": 1974080
    },
    "predictor": {
      "total": 954824,
      "trainable": 954824
    },
    "model_total": {
      "total": 8199561,
      "trainable": 5597577
    }
  },
  "threshold_sweep": {
    "0.4": {
      "Jaccard": 0.559155,
      "Avg Meds": 23.671642,
      "Avg True Meds": 19.901327,
      "DDI Rate": 0.077449
    },
    "0.45": {
      "Jaccard": 0.560438,
      "Avg Meds": 22.893864,
      "Avg True Meds": 19.901327,
      "DDI Rate": 0.077187
    },
    "0.5": {
      "Jaccard": 0.56014,
      "Avg Meds": 22.088722,
      "Avg True Meds": 19.901327,
      "DDI Rate": 0.076697
    },
    "0.55": {
      "Jaccard": 0.559707,
      "Avg Meds": 21.325871,
      "Avg True Meds": 19.901327,
      "DDI Rate": 0.076887
    },
    "0.6": {
      "Jaccard": 0.560525,
      "Avg Meds": 20.596186,
      "Avg True Meds": 19.901327,
      "DDI Rate": 0.076629
    },
    "0.65": {
      "Jaccard": 0.557615,
      "Avg Meds": 19.830845,
      "Avg True Meds": 19.901327,
      "DDI Rate": 0.076627
    },
    "0.7": {
      "Jaccard": 0.555162,
      "Avg Meds": 19.013268,
      "Avg True Meds": 19.901327,
      "DDI Rate": 0.076535
    },
    "0.75": {
      "Jaccard": 0.55157,
      "Avg Meds": 18.131842,
      "Avg True Meds": 19.901327,
      "DDI Rate": 0.076548
    }
  },
  "calibrated_threshold": 0.65,
  "calibrated_metrics": {
    "Jaccard": 0.557615,
    "Avg Meds": 19.830845,
    "Avg True Meds": 19.901327,
    "DDI Rate": 0.076627
  },
  "config": {
    "hidden_dim": 256,
    "use_notes": true,
    "use_labs": true,
    "use_copy": true,
    "fusion_strategy": "film",
    "lab_dim": 400,
    "pos_weight_cap": 5.0,
    "use_cosine_lr": false,
    "contrastive_weight": 0.0,
    "margin_loss_weight": 0.0,
    "alignment_loss_weight": 0.1,
    "alignment_start_epoch": 1,
    "alignment_ramp_epochs": 0
  }
}