{
  "seed": 123,
  "ablation": "full",
  "mimic_version": 3,
  "mimic4_full": false,
  "cohort_tag": "mimic3",
  "best_val_jaccard": 0.539513885974884,
  "test_metrics": {
    "Jaccard": 0.5396096110343933,
    "F1": 0.6931453347206116,
    "PRAUC": 0.7775964822879932,
    "DDI Rate": 0.08260475407569029,
    "Avg Meds": 22.523218154907227,
    "Avg True Meds": 19.90132713317871,
    "Precision": 0.6631838083267212,
    "Recall": 0.752575159072876,
    "NHJ_new": 0.28859534232239975,
    "NHJ_dropped": 0.365890981335389,
    "CVR": 0.0
  },
  "data_diagnostics": {
    "split_mode_requested": "hidr_vita",
    "require_cohort_split": false,
    "split_source": "hidr_vita_sequential",
    "split_seed_used": "n/a",
    "split_patient_counts": {
      "train": 4233,
      "val": 1059,
      "test": 1058
    },
    "split_example_counts": {
      "train": 6256,
      "val": 1220,
      "test": 1206
    },
    "ddi_density": 0.05261303581914269,
    "ddi_upper_pairs": 448,
    "ddi_total_pairs": 8515,
    "loaded_artifacts": {
      "records": "data/processed/records_final.pkl",
      "cohort": "data/processed/cohort_mimic3.pkl",
      "ddi": "data/processed/ddi_A_final.pkl",
      "ehr": "data/processed/ehr_adj_final.pkl",
      "embeddings": "data/embeddings/code_embeddings.pt",
      "labs": "data/processed/lab_vectors_200labs.pkl"
    }
  },
  "param_counts": {
    "visit_encoder": {
      "total": 4583681,
      "trainable": 1981697
    },
    "fusion": {
      "total": 423808,
      "trainable": 423808
    },
    "drug_gnn": {
      "total": 1974080,
      "trainable": 1974080
    },
    "predictor": {
      "total": 304454,
      "trainable": 304453
    },
    "model_total": {
      "total": 7549191,
      "trainable": 4947206
    }
  },
  "threshold_sweep": {
    "0.4": {
      "Jaccard": 0.533741,
      "Avg Meds": 24.350746,
      "Avg True Meds": 19.901327,
      "DDI Rate": 0.081995
    },
    "0.45": {
      "Jaccard": 0.537146,
      "Avg Meds": 23.419569,
      "Avg True Meds": 19.901327,
      "DDI Rate": 0.082108
    },
    "0.5": {
      "Jaccard": 0.53961,
      "Avg Meds": 22.523218,
      "Avg True Meds": 19.901327,
      "DDI Rate": 0.082605
    },
    "0.55": {
      "Jaccard": 0.54062,
      "Avg Meds": 21.663349,
      "Avg True Meds": 19.901327,
      "DDI Rate": 0.082786
    },
    "0.6": {
      "Jaccard": 0.539452,
      "Avg Meds": 20.792704,
      "Avg True Meds": 19.901327,
      "DDI Rate": 0.083335
    },
    "0.65": {
      "Jaccard": 0.537788,
      "Avg Meds": 19.938641,
      "Avg True Meds": 19.901327,
      "DDI Rate": 0.083517
    },
    "0.7": {
      "Jaccard": 0.535789,
      "Avg Meds": 19.039801,
      "Avg True Meds": 19.901327,
      "DDI Rate": 0.083785
    },
    "0.75": {
      "Jaccard": 0.532219,
      "Avg Meds": 18.158375,
      "Avg True Meds": 19.901327,
      "DDI Rate": 0.084001
    }
  },
  "calibrated_threshold": 0.65,
  "calibrated_metrics": {
    "Jaccard": 0.537788,
    "Avg Meds": 19.938641,
    "Avg True Meds": 19.901327,
    "DDI Rate": 0.083517
  },
  "config": {
    "hidden_dim": 256,
    "use_notes": false,
    "use_labs": true,
    "use_copy": false,
    "fusion_strategy": "film",
    "lab_dim": 400,
    "pos_weight_cap": 5.0,
    "use_cosine_lr": false,
    "contrastive_weight": 0.0,
    "margin_loss_weight": 0.0,
    "alignment_loss_weight": 0.1,
    "alignment_start_epoch": 1,
    "alignment_ramp_epochs": 0
  }
}