{
  "seed": 123,
  "ablation": "full",
  "mimic_version": 3,
  "mimic4_full": false,
  "cohort_tag": "mimic3",
  "best_val_jaccard": 0.5354217290878296,
  "test_metrics": {
    "Jaccard": 0.5350365042686462,
    "F1": 0.689371645450592,
    "PRAUC": 0.7776414005526755,
    "DDI Rate": 0.08775551352337427,
    "Avg Meds": 21.933664321899414,
    "Avg True Meds": 19.90132713317871,
    "Precision": 0.6695436239242554,
    "Recall": 0.7366041541099548,
    "NHJ_new": 0.2768710349735461,
    "NHJ_dropped": 0.38246631622314453,
    "CVR": 0.0
  },
  "data_diagnostics": {
    "split_mode_requested": "hidr_vita",
    "require_cohort_split": false,
    "split_source": "hidr_vita_sequential",
    "split_seed_used": "n/a",
    "split_patient_counts": {
      "train": 4233,
      "val": 1059,
      "test": 1058
    },
    "split_example_counts": {
      "train": 6256,
      "val": 1220,
      "test": 1206
    },
    "ddi_density": 0.05261303581914269,
    "ddi_upper_pairs": 448,
    "ddi_total_pairs": 8515,
    "loaded_artifacts": {
      "records": "data/processed/records_final.pkl",
      "cohort": "data/processed/cohort_mimic3.pkl",
      "ddi": "data/processed/ddi_A_final.pkl",
      "ehr": "data/processed/ehr_adj_final.pkl",
      "embeddings": "data/embeddings/code_embeddings.pt",
      "labs": "data/processed/lab_vectors_200labs.pkl"
    }
  },
  "param_counts": {
    "visit_encoder": {
      "total": 3731473,
      "trainable": 1129489
    },
    "fusion": {
      "total": 423808,
      "trainable": 423808
    },
    "drug_gnn": {
      "total": 1974080,
      "trainable": 1974080
    },
    "predictor": {
      "total": 304454,
      "trainable": 304453
    },
    "model_total": {
      "total": 6696983,
      "trainable": 4094998
    }
  },
  "threshold_sweep": {
    "0.4": {
      "Jaccard": 0.532046,
      "Avg Meds": 23.833334,
      "Avg True Meds": 19.901327,
      "DDI Rate": 0.086843
    },
    "0.45": {
      "Jaccard": 0.533798,
      "Avg Meds": 22.865671,
      "Avg True Meds": 19.901327,
      "DDI Rate": 0.087577
    },
    "0.5": {
      "Jaccard": 0.535037,
      "Avg Meds": 21.933664,
      "Avg True Meds": 19.901327,
      "DDI Rate": 0.087756
    },
    "0.55": {
      "Jaccard": 0.535292,
      "Avg Meds": 20.971807,
      "Avg True Meds": 19.901327,
      "DDI Rate": 0.088155
    },
    "0.6": {
      "Jaccard": 0.534481,
      "Avg Meds": 20.067993,
      "Avg True Meds": 19.901327,
      "DDI Rate": 0.088549
    },
    "0.65": {
      "Jaccard": 0.531589,
      "Avg Meds": 19.174959,
      "Avg True Meds": 19.901327,
      "DDI Rate": 0.088891
    },
    "0.7": {
      "Jaccard": 0.52809,
      "Avg Meds": 18.261194,
      "Avg True Meds": 19.901327,
      "DDI Rate": 0.089135
    },
    "0.75": {
      "Jaccard": 0.522554,
      "Avg Meds": 17.315092,
      "Avg True Meds": 19.901327,
      "DDI Rate": 0.089018
    }
  },
  "calibrated_threshold": 0.6,
  "calibrated_metrics": {
    "Jaccard": 0.534481,
    "Avg Meds": 20.067993,
    "Avg True Meds": 19.901327,
    "DDI Rate": 0.088549
  },
  "config": {
    "hidden_dim": 256,
    "use_notes": false,
    "use_labs": true,
    "use_copy": false,
    "fusion_strategy": "film",
    "lab_dim": 400,
    "pos_weight_cap": 5.0,
    "use_cosine_lr": false,
    "contrastive_weight": 0.0,
    "margin_loss_weight": 0.0,
    "alignment_loss_weight": 0.1,
    "alignment_start_epoch": 1,
    "alignment_ramp_epochs": 0
  }
}