{
  "seed": 123,
  "ablation": "full",
  "mimic_version": 3,
  "mimic4_full": false,
  "cohort_tag": "mimic3",
  "best_val_jaccard": 0.5411269664764404,
  "test_metrics": {
    "Jaccard": 0.540251612663269,
    "F1": 0.6937007904052734,
    "PRAUC": 0.7857631953225511,
    "DDI Rate": 0.08072596788135207,
    "Avg Meds": 23.662521362304688,
    "Avg True Meds": 19.90132713317871,
    "Precision": 0.6465452313423157,
    "Recall": 0.7758544683456421,
    "NHJ_new": 0.293460969862185,
    "NHJ_dropped": 0.3427307495945378,
    "CVR": 0.0
  },
  "data_diagnostics": {
    "split_mode_requested": "hidr_vita",
    "require_cohort_split": false,
    "split_source": "hidr_vita_sequential",
    "split_seed_used": "n/a",
    "split_patient_counts": {
      "train": 4233,
      "val": 1059,
      "test": 1058
    },
    "split_example_counts": {
      "train": 6256,
      "val": 1220,
      "test": 1206
    },
    "ddi_density": 0.05261303581914269,
    "ddi_upper_pairs": 448,
    "ddi_total_pairs": 8515,
    "loaded_artifacts": {
      "records": "data/processed/records_final.pkl",
      "cohort": "data/processed/cohort_mimic3.pkl",
      "ddi": "data/processed/ddi_A_final.pkl",
      "ehr": "data/processed/ehr_adj_final.pkl",
      "embeddings": "data/embeddings/code_embeddings.pt",
      "notes": "data/processed/note_embeddings_mimic3.pkl"
    }
  },
  "param_counts": {
    "visit_encoder": {
      "total": 4583681,
      "trainable": 1981697
    },
    "fusion": {
      "total": 400512,
      "trainable": 400512
    },
    "drug_gnn": {
      "total": 2007616,
      "trainable": 2007616
    },
    "predictor": {
      "total": 327942,
      "trainable": 327941
    },
    "model_total": {
      "total": 7582919,
      "trainable": 4980934
    }
  },
  "threshold_sweep": {
    "0.4": {
      "Jaccard": 0.534274,
      "Avg Meds": 25.515755,
      "Avg True Meds": 19.901327,
      "DDI Rate": 0.080036
    },
    "0.45": {
      "Jaccard": 0.537022,
      "Avg Meds": 24.593699,
      "Avg True Meds": 19.901327,
      "DDI Rate": 0.080511
    },
    "0.5": {
      "Jaccard": 0.540252,
      "Avg Meds": 23.662521,
      "Avg True Meds": 19.901327,
      "DDI Rate": 0.080726
    },
    "0.55": {
      "Jaccard": 0.541705,
      "Avg Meds": 22.820896,
      "Avg True Meds": 19.901327,
      "DDI Rate": 0.081542
    },
    "0.6": {
      "Jaccard": 0.542448,
      "Avg Meds": 21.968491,
      "Avg True Meds": 19.901327,
      "DDI Rate": 0.081845
    },
    "0.65": {
      "Jaccard": 0.54281,
      "Avg Meds": 21.075457,
      "Avg True Meds": 19.901327,
      "DDI Rate": 0.082387
    },
    "0.7": {
      "Jaccard": 0.542174,
      "Avg Meds": 20.203979,
      "Avg True Meds": 19.901327,
      "DDI Rate": 0.082764
    },
    "0.75": {
      "Jaccard": 0.539897,
      "Avg Meds": 19.192371,
      "Avg True Meds": 19.901327,
      "DDI Rate": 0.083765
    }
  },
  "calibrated_threshold": 0.7,
  "calibrated_metrics": {
    "Jaccard": 0.542174,
    "Avg Meds": 20.203979,
    "Avg True Meds": 19.901327,
    "DDI Rate": 0.082764
  },
  "config": {
    "hidden_dim": 256,
    "use_notes": true,
    "use_labs": false,
    "use_copy": false,
    "fusion_strategy": "film",
    "lab_dim": 0,
    "pos_weight_cap": 5.0,
    "use_cosine_lr": false,
    "contrastive_weight": 0.0,
    "margin_loss_weight": 0.0,
    "alignment_loss_weight": 0.1,
    "alignment_start_epoch": 1,
    "alignment_ramp_epochs": 0
  }
}