{
  "seed": 456,
  "ablation": "full",
  "mimic_version": 3,
  "mimic4_full": false,
  "cohort_tag": "mimic3",
  "best_val_jaccard": 0.5522426962852478,
  "test_metrics": {
    "Jaccard": 0.5512969493865967,
    "F1": 0.7032713890075684,
    "PRAUC": 0.7930753458982006,
    "DDI Rate": 0.0790264441099029,
    "Avg Meds": 22.878108978271484,
    "Avg True Meds": 19.90132713317871,
    "Precision": 0.6657605767250061,
    "Recall": 0.7689864039421082,
    "NHJ_new": 0.30334765738562536,
    "NHJ_dropped": 0.36773720697352763,
    "CVR": 0.0
  },
  "data_diagnostics": {
    "split_mode_requested": "hidr_vita",
    "require_cohort_split": false,
    "split_source": "hidr_vita_sequential",
    "split_seed_used": "n/a",
    "split_patient_counts": {
      "train": 4233,
      "val": 1059,
      "test": 1058
    },
    "split_example_counts": {
      "train": 6256,
      "val": 1220,
      "test": 1206
    },
    "ddi_density": 0.05261303581914269,
    "ddi_upper_pairs": 448,
    "ddi_total_pairs": 8515,
    "loaded_artifacts": {
      "records": "data/processed/records_final.pkl",
      "cohort": "data/processed/cohort_mimic3.pkl",
      "ddi": "data/processed/ddi_A_final.pkl",
      "ehr": "data/processed/ehr_adj_final.pkl",
      "embeddings": "data/embeddings/code_embeddings.pt",
      "notes": "data/processed/note_embeddings_mimic3.pkl",
      "labs": "data/processed/lab_vectors_200labs.pkl"
    }
  },
  "param_counts": {
    "visit_encoder": {
      "total": 5762817,
      "trainable": 3160833
    },
    "fusion": {
      "total": 423808,
      "trainable": 423808
    },
    "drug_gnn": {
      "total": 1974080,
      "trainable": 1974080
    },
    "predictor": {
      "total": 369990,
      "trainable": 369990
    },
    "model_total": {
      "total": 8793863,
      "trainable": 6191879
    }
  },
  "threshold_sweep": {
    "0.4": {
      "Jaccard": 0.546326,
      "Avg Meds": 24.651741,
      "Avg True Meds": 19.901327,
      "DDI Rate": 0.078913
    },
    "0.45": {
      "Jaccard": 0.549003,
      "Avg Meds": 23.757877,
      "Avg True Meds": 19.901327,
      "DDI Rate": 0.07892
    },
    "0.5": {
      "Jaccard": 0.551297,
      "Avg Meds": 22.878109,
      "Avg True Meds": 19.901327,
      "DDI Rate": 0.079026
    },
    "0.55": {
      "Jaccard": 0.553459,
      "Avg Meds": 22.032339,
      "Avg True Meds": 19.901327,
      "DDI Rate": 0.078969
    },
    "0.6": {
      "Jaccard": 0.553309,
      "Avg Meds": 21.248756,
      "Avg True Meds": 19.901327,
      "DDI Rate": 0.079066
    },
    "0.65": {
      "Jaccard": 0.553011,
      "Avg Meds": 20.417082,
      "Avg True Meds": 19.901327,
      "DDI Rate": 0.079026
    },
    "0.7": {
      "Jaccard": 0.550387,
      "Avg Meds": 19.548094,
      "Avg True Meds": 19.901327,
      "DDI Rate": 0.079991
    },
    "0.75": {
      "Jaccard": 0.545972,
      "Avg Meds": 18.630182,
      "Avg True Meds": 19.901327,
      "DDI Rate": 0.079616
    }
  },
  "calibrated_threshold": 0.7,
  "calibrated_metrics": {
    "Jaccard": 0.550387,
    "Avg Meds": 19.548094,
    "Avg True Meds": 19.901327,
    "DDI Rate": 0.079991
  },
  "config": {
    "hidden_dim": 256,
    "use_notes": true,
    "use_labs": true,
    "use_copy": false,
    "fusion_strategy": "film",
    "lab_dim": 400,
    "pos_weight_cap": 5.0,
    "use_cosine_lr": false,
    "contrastive_weight": 0.0,
    "margin_loss_weight": 0.0,
    "alignment_loss_weight": 0.1,
    "alignment_start_epoch": 1,
    "alignment_ramp_epochs": 0
  }
}