{
  "seed": 456,
  "ablation": "full",
  "mimic_version": 3,
  "mimic4_full": false,
  "cohort_tag": "mimic3",
  "best_val_jaccard": 0.541470468044281,
  "test_metrics": {
    "Jaccard": 0.5387958884239197,
    "F1": 0.6927880644798279,
    "PRAUC": 0.7816219371928551,
    "DDI Rate": 0.07715741390269366,
    "Avg Meds": 21.90132713317871,
    "Avg True Meds": 19.90132713317871,
    "Precision": 0.6709179878234863,
    "Recall": 0.743512749671936,
    "NHJ_new": 0.2730851628278431,
    "NHJ_dropped": 0.354841444053148,
    "CVR": 0.0
  },
  "data_diagnostics": {
    "split_mode_requested": "hidr_vita",
    "require_cohort_split": false,
    "split_source": "hidr_vita_sequential",
    "split_seed_used": "n/a",
    "split_patient_counts": {
      "train": 4233,
      "val": 1059,
      "test": 1058
    },
    "split_example_counts": {
      "train": 6256,
      "val": 1220,
      "test": 1206
    },
    "ddi_density": 0.05261303581914269,
    "ddi_upper_pairs": 448,
    "ddi_total_pairs": 8515,
    "loaded_artifacts": {
      "records": "data/processed/records_final.pkl",
      "cohort": "data/processed/cohort_mimic3.pkl",
      "ddi": "data/processed/ddi_A_final.pkl",
      "ehr": "data/processed/ehr_adj_final.pkl",
      "embeddings": "data/embeddings/code_embeddings.pt",
      "labs": "data/processed/lab_vectors_200labs.pkl"
    }
  },
  "param_counts": {
    "visit_encoder": {
      "total": 5762817,
      "trainable": 3160833
    },
    "fusion": {
      "total": 423808,
      "trainable": 423808
    },
    "drug_gnn": {
      "total": 1974080,
      "trainable": 1974080
    },
    "predictor": {
      "total": 304454,
      "trainable": 304453
    },
    "model_total": {
      "total": 8728327,
      "trainable": 6126342
    }
  },
  "threshold_sweep": {
    "0.4": {
      "Jaccard": 0.536022,
      "Avg Meds": 23.696518,
      "Avg True Meds": 19.901327,
      "DDI Rate": 0.077206
    },
    "0.45": {
      "Jaccard": 0.538207,
      "Avg Meds": 22.75539,
      "Avg True Meds": 19.901327,
      "DDI Rate": 0.077247
    },
    "0.5": {
      "Jaccard": 0.538796,
      "Avg Meds": 21.901327,
      "Avg True Meds": 19.901327,
      "DDI Rate": 0.077157
    },
    "0.55": {
      "Jaccard": 0.538346,
      "Avg Meds": 21.097015,
      "Avg True Meds": 19.901327,
      "DDI Rate": 0.077063
    },
    "0.6": {
      "Jaccard": 0.538481,
      "Avg Meds": 20.218077,
      "Avg True Meds": 19.901327,
      "DDI Rate": 0.077298
    },
    "0.65": {
      "Jaccard": 0.536198,
      "Avg Meds": 19.430347,
      "Avg True Meds": 19.901327,
      "DDI Rate": 0.077723
    },
    "0.7": {
      "Jaccard": 0.533951,
      "Avg Meds": 18.607794,
      "Avg True Meds": 19.901327,
      "DDI Rate": 0.077429
    },
    "0.75": {
      "Jaccard": 0.53001,
      "Avg Meds": 17.719734,
      "Avg True Meds": 19.901327,
      "DDI Rate": 0.077766
    }
  },
  "calibrated_threshold": 0.6,
  "calibrated_metrics": {
    "Jaccard": 0.538481,
    "Avg Meds": 20.218077,
    "Avg True Meds": 19.901327,
    "DDI Rate": 0.077298
  },
  "config": {
    "hidden_dim": 256,
    "use_notes": false,
    "use_labs": true,
    "use_copy": false,
    "fusion_strategy": "film",
    "lab_dim": 400,
    "pos_weight_cap": 5.0,
    "use_cosine_lr": false,
    "contrastive_weight": 0.0,
    "margin_loss_weight": 0.0,
    "alignment_loss_weight": 0.1,
    "alignment_start_epoch": 1,
    "alignment_ramp_epochs": 0
  }
}