{
  "seed": 1024,
  "ablation": "full",
  "mimic_version": 3,
  "mimic4_full": false,
  "cohort_tag": "mimic3",
  "best_val_jaccard": 0.549822986125946,
  "test_metrics": {
    "Jaccard": 0.5509098768234253,
    "F1": 0.7027601003646851,
    "PRAUC": 0.7875547772268876,
    "DDI Rate": 0.08397694268776727,
    "Avg Meds": 21.665008544921875,
    "Avg True Meds": 19.90132713317871,
    "Precision": 0.681601345539093,
    "Recall": 0.752601683139801,
    "NHJ_new": 0.26638676461420563,
    "NHJ_dropped": 0.30374949229390996,
    "CVR": 0.0
  },
  "data_diagnostics": {
    "split_mode_requested": "hidr_vita",
    "require_cohort_split": false,
    "split_source": "hidr_vita_sequential",
    "split_seed_used": "n/a",
    "split_patient_counts": {
      "train": 4233,
      "val": 1059,
      "test": 1058
    },
    "split_example_counts": {
      "train": 6256,
      "val": 1220,
      "test": 1206
    },
    "ddi_density": 0.05261303581914269,
    "ddi_upper_pairs": 448,
    "ddi_total_pairs": 8515,
    "loaded_artifacts": {
      "records": "data/processed/records_final.pkl",
      "cohort": "data/processed/cohort_mimic3.pkl",
      "ddi": "data/processed/ddi_A_final.pkl",
      "ehr": "data/processed/ehr_adj_final.pkl",
      "embeddings": "data/embeddings/code_embeddings.pt",
      "labs": "data/processed/lab_vectors_200labs.pkl"
    }
  },
  "param_counts": {
    "visit_encoder": {
      "total": 5108993,
      "trainable": 2507009
    },
    "fusion": {
      "total": 423808,
      "trainable": 423808
    },
    "drug_gnn": {
      "total": 395008,
      "trainable": 395008
    },
    "predictor": {
      "total": 1547977,
      "trainable": 1358406
    },
    "model_total": {
      "total": 7738954,
      "trainable": 4947399
    }
  },
  "threshold_sweep": {
    "0.4": {
      "Jaccard": 0.55066,
      "Avg Meds": 22.615257,
      "Avg True Meds": 19.901327,
      "DDI Rate": 0.083171
    },
    "0.45": {
      "Jaccard": 0.550976,
      "Avg Meds": 22.125208,
      "Avg True Meds": 19.901327,
      "DDI Rate": 0.083537
    },
    "0.5": {
      "Jaccard": 0.55091,
      "Avg Meds": 21.665009,
      "Avg True Meds": 19.901327,
      "DDI Rate": 0.083977
    },
    "0.55": {
      "Jaccard": 0.550775,
      "Avg Meds": 21.235489,
      "Avg True Meds": 19.901327,
      "DDI Rate": 0.084307
    },
    "0.6": {
      "Jaccard": 0.550266,
      "Avg Meds": 20.781923,
      "Avg True Meds": 19.901327,
      "DDI Rate": 0.084545
    },
    "0.65": {
      "Jaccard": 0.549808,
      "Avg Meds": 20.278606,
      "Avg True Meds": 19.901327,
      "DDI Rate": 0.084595
    },
    "0.7": {
      "Jaccard": 0.54796,
      "Avg Meds": 19.762852,
      "Avg True Meds": 19.901327,
      "DDI Rate": 0.085236
    },
    "0.75": {
      "Jaccard": 0.546407,
      "Avg Meds": 19.263681,
      "Avg True Meds": 19.901327,
      "DDI Rate": 0.085901
    }
  },
  "calibrated_threshold": 0.7,
  "calibrated_metrics": {
    "Jaccard": 0.54796,
    "Avg Meds": 19.762852,
    "Avg True Meds": 19.901327,
    "DDI Rate": 0.085236
  },
  "config": {
    "hidden_dim": 256,
    "use_notes": false,
    "use_labs": true,
    "use_copy": true,
    "fusion_strategy": "film",
    "lab_dim": 400,
    "pos_weight_cap": 5.0,
    "use_cosine_lr": false,
    "contrastive_weight": 0.0,
    "margin_loss_weight": 0.0,
    "alignment_loss_weight": 0.1,
    "alignment_start_epoch": 1,
    "alignment_ramp_epochs": 0
  }
}