{
  "seed": 1024,
  "ablation": "full",
  "mimic_version": 3,
  "mimic4_full": false,
  "mimic4_sota": false,
  "cohort_tag": "mimic3",
  "best_val_jaccard": 0.5581937432289124,
  "test_metrics": {
    "Jaccard": 0.5542171597480774,
    "F1": 0.7058174014091492,
    "PRAUC": 0.7907322635186756,
    "DDI Rate": 0.043464060497952414,
    "Avg Meds": 19.626035690307617,
    "Avg True Meds": 19.90132713317871,
    "Precision": 0.7148005962371826,
    "Recall": 0.7177923917770386,
    "NHJ_new": 0.0,
    "NHJ_dropped": 0.0
  },
  "data_diagnostics": {
    "split_source": "hidr_vita_sequential",
    "split_seed_used": "n/a",
    "split_patient_counts": {
      "train": 4233,
      "val": 1059,
      "test": 1058
    },
    "split_example_counts": {
      "train": 6256,
      "val": 1220,
      "test": 1206
    },
    "ddi_density": 0.05261303581914269,
    "ddi_upper_pairs": 448,
    "ddi_total_pairs": 8515,
    "loaded_artifacts": {
      "records": "data/processed/records_final.pkl",
      "cohort": "data/processed/cohort_mimic3.pkl",
      "ddi": "data/processed/ddi_A_final.pkl",
      "ehr": "data/processed/ehr_adj_final.pkl",
      "embeddings": "data/embeddings/code_embeddings.pt",
      "notes": "data/processed/note_embeddings_mimic3.pkl",
      "labs": "data/processed/lab_vectors_200labs.pkl"
    }
  },
  "param_counts": {
    "visit_encoder": {
      "total": 3429889,
      "trainable": 827905
    },
    "fusion": {
      "total": 137152,
      "trainable": 137152
    },
    "drug_gnn": {
      "total": 164736,
      "trainable": 164736
    },
    "predictor": {
      "total": 470887,
      "trainable": 470887
    },
    "model_total": {
      "total": 4317864,
      "trainable": 1715880
    }
  },
  "threshold_sweep": {
    "0.4": {
      "Jaccard": 0.557927,
      "Avg Meds": 20.787727,
      "Avg True Meds": 19.901327,
      "DDI Rate": 0.044993
    },
    "0.45": {
      "Jaccard": 0.556544,
      "Avg Meds": 20.198175,
      "Avg True Meds": 19.901327,
      "DDI Rate": 0.044223
    },
    "0.5": {
      "Jaccard": 0.554217,
      "Avg Meds": 19.626036,
      "Avg True Meds": 19.901327,
      "DDI Rate": 0.043464
    },
    "0.55": {
      "Jaccard": 0.551978,
      "Avg Meds": 19.092039,
      "Avg True Meds": 19.901327,
      "DDI Rate": 0.042746
    },
    "0.6": {
      "Jaccard": 0.549372,
      "Avg Meds": 18.543947,
      "Avg True Meds": 19.901327,
      "DDI Rate": 0.042107
    },
    "0.65": {
      "Jaccard": 0.545858,
      "Avg Meds": 17.984245,
      "Avg True Meds": 19.901327,
      "DDI Rate": 0.041274
    },
    "0.7": {
      "Jaccard": 0.542598,
      "Avg Meds": 17.439468,
      "Avg True Meds": 19.901327,
      "DDI Rate": 0.0404
    },
    "0.75": {
      "Jaccard": 0.536154,
      "Avg Meds": 16.799337,
      "Avg True Meds": 19.901327,
      "DDI Rate": 0.03875
    }
  },
  "calibrated_threshold": 0.5,
  "calibrated_metrics": {
    "Jaccard": 0.554217,
    "Avg Meds": 19.626036,
    "Avg True Meds": 19.901327,
    "DDI Rate": 0.043464
  },
  "config": {
    "hidden_dim": 128,
    "use_notes": true,
    "use_labs": true,
    "use_copy": true,
    "use_historical_attention": true,
    "fusion_strategy": "film",
    "lab_dim": 400,
    "ddi_alpha": 0.5,
    "bce_weight": 0.3,
    "soft_jaccard_weight": 1.5,
    "margin_weight": 0.05
  }
}