{
  "seed": 456,
  "ablation": "full",
  "mimic_version": 3,
  "mimic4_full": false,
  "cohort_tag": "mimic3",
  "best_val_jaccard": 0.5427747368812561,
  "test_metrics": {
    "Jaccard": 0.5408536791801453,
    "F1": 0.6946190595626831,
    "PRAUC": 0.7869590574484331,
    "DDI Rate": 0.07914546082361243,
    "Avg Meds": 22.893033981323242,
    "Avg True Meds": 19.90132713317871,
    "Precision": 0.6588703393936157,
    "Recall": 0.7609683275222778,
    "NHJ_new": 0.29370238357468653,
    "NHJ_dropped": 0.3598567874808061,
    "CVR": 0.0
  },
  "data_diagnostics": {
    "split_mode_requested": "hidr_vita",
    "require_cohort_split": false,
    "split_source": "hidr_vita_sequential",
    "split_seed_used": "n/a",
    "split_patient_counts": {
      "train": 4233,
      "val": 1059,
      "test": 1058
    },
    "split_example_counts": {
      "train": 6256,
      "val": 1220,
      "test": 1206
    },
    "ddi_density": 0.05261303581914269,
    "ddi_upper_pairs": 448,
    "ddi_total_pairs": 8515,
    "loaded_artifacts": {
      "records": "data/processed/records_final.pkl",
      "cohort": "data/processed/cohort_mimic3.pkl",
      "ddi": "data/processed/ddi_A_final.pkl",
      "ehr": "data/processed/ehr_adj_final.pkl",
      "embeddings": "data/embeddings/code_embeddings.pt",
      "notes": "data/processed/note_embeddings_mimic3.pkl"
    }
  },
  "param_counts": {
    "visit_encoder": {
      "total": 4649474,
      "trainable": 2047490
    },
    "fusion": {
      "total": 289792,
      "trainable": 289792
    },
    "drug_gnn": {
      "total": 1151776,
      "trainable": 1151776
    },
    "predictor": {
      "total": 327942,
      "trainable": 327941
    },
    "model_total": {
      "total": 6682152,
      "trainable": 4080167
    }
  },
  "threshold_sweep": {
    "0.4": {
      "Jaccard": 0.536331,
      "Avg Meds": 24.839968,
      "Avg True Meds": 19.901327,
      "DDI Rate": 0.078397
    },
    "0.45": {
      "Jaccard": 0.539585,
      "Avg Meds": 23.859867,
      "Avg True Meds": 19.901327,
      "DDI Rate": 0.078842
    },
    "0.5": {
      "Jaccard": 0.540854,
      "Avg Meds": 22.893034,
      "Avg True Meds": 19.901327,
      "DDI Rate": 0.079145
    },
    "0.55": {
      "Jaccard": 0.54249,
      "Avg Meds": 21.962687,
      "Avg True Meds": 19.901327,
      "DDI Rate": 0.079048
    },
    "0.6": {
      "Jaccard": 0.543286,
      "Avg Meds": 21.034826,
      "Avg True Meds": 19.901327,
      "DDI Rate": 0.079369
    },
    "0.65": {
      "Jaccard": 0.540525,
      "Avg Meds": 20.182421,
      "Avg True Meds": 19.901327,
      "DDI Rate": 0.079227
    },
    "0.7": {
      "Jaccard": 0.538791,
      "Avg Meds": 19.303482,
      "Avg True Meds": 19.901327,
      "DDI Rate": 0.07946
    },
    "0.75": {
      "Jaccard": 0.534264,
      "Avg Meds": 18.314262,
      "Avg True Meds": 19.901327,
      "DDI Rate": 0.079616
    }
  },
  "calibrated_threshold": 0.65,
  "calibrated_metrics": {
    "Jaccard": 0.540525,
    "Avg Meds": 20.182421,
    "Avg True Meds": 19.901327,
    "DDI Rate": 0.079227
  },
  "config": {
    "hidden_dim": 256,
    "use_notes": true,
    "use_labs": false,
    "use_copy": false,
    "fusion_strategy": "film",
    "lab_dim": 0,
    "pos_weight_cap": 5.0,
    "use_cosine_lr": false,
    "contrastive_weight": 0.0,
    "margin_loss_weight": 0.0,
    "alignment_loss_weight": 0.1,
    "alignment_start_epoch": 1,
    "alignment_ramp_epochs": 0
  }
}