{
  "seed": 123,
  "ablation": "full",
  "mimic_version": 3,
  "mimic4_full": false,
  "cohort_tag": "mimic3",
  "best_val_jaccard": 0.5594629645347595,
  "test_metrics": {
    "Jaccard": 0.5553249716758728,
    "F1": 0.70664381980896,
    "PRAUC": 0.7933665116912988,
    "DDI Rate": 0.07562008221268636,
    "Avg Meds": 19.43532371520996,
    "Avg True Meds": 19.90132713317871,
    "Precision": 0.7245769500732422,
    "Recall": 0.7108058333396912,
    "NHJ_new": 0.253839332022165,
    "NHJ_dropped": 0.35664977839118556,
    "CVR": 0.0
  },
  "data_diagnostics": {
    "split_mode_requested": "hidr_vita",
    "require_cohort_split": false,
    "split_source": "hidr_vita_sequential",
    "split_seed_used": "n/a",
    "split_patient_counts": {
      "train": 4233,
      "val": 1059,
      "test": 1058
    },
    "split_example_counts": {
      "train": 6256,
      "val": 1220,
      "test": 1206
    },
    "ddi_density": 0.05261303581914269,
    "ddi_upper_pairs": 448,
    "ddi_total_pairs": 8515,
    "loaded_artifacts": {
      "records": "data/processed/records_final.pkl",
      "cohort": "data/processed/cohort_mimic3.pkl",
      "ddi": "data/processed/ddi_A_final.pkl",
      "ehr": "data/processed/ehr_adj_final.pkl",
      "embeddings": "data/embeddings/code_embeddings.pt",
      "notes": "data/processed/note_embeddings_mimic3.pkl",
      "labs": "data/processed/lab_vectors_200labs.pkl"
    }
  },
  "param_counts": {
    "visit_encoder": {
      "total": 5762817,
      "trainable": 3160833
    },
    "fusion": {
      "total": 423808,
      "trainable": 423808
    },
    "drug_gnn": {
      "total": 1974080,
      "trainable": 1974080
    },
    "predictor": {
      "total": 559560,
      "trainable": 559560
    },
    "model_total": {
      "total": 8983433,
      "trainable": 6381449
    }
  },
  "threshold_sweep": {
    "0.4": {
      "Jaccard": 0.558659,
      "Avg Meds": 21.03068,
      "Avg True Meds": 19.901327,
      "DDI Rate": 0.076204
    },
    "0.45": {
      "Jaccard": 0.558162,
      "Avg Meds": 20.237148,
      "Avg True Meds": 19.901327,
      "DDI Rate": 0.0761
    },
    "0.5": {
      "Jaccard": 0.555325,
      "Avg Meds": 19.435324,
      "Avg True Meds": 19.901327,
      "DDI Rate": 0.07562
    },
    "0.55": {
      "Jaccard": 0.550689,
      "Avg Meds": 18.679934,
      "Avg True Meds": 19.901327,
      "DDI Rate": 0.074803
    },
    "0.6": {
      "Jaccard": 0.545734,
      "Avg Meds": 17.940298,
      "Avg True Meds": 19.901327,
      "DDI Rate": 0.073915
    },
    "0.65": {
      "Jaccard": 0.539361,
      "Avg Meds": 17.152571,
      "Avg True Meds": 19.901327,
      "DDI Rate": 0.073155
    },
    "0.7": {
      "Jaccard": 0.531224,
      "Avg Meds": 16.271145,
      "Avg True Meds": 19.901327,
      "DDI Rate": 0.072096
    },
    "0.75": {
      "Jaccard": 0.519959,
      "Avg Meds": 15.39801,
      "Avg True Meds": 19.901327,
      "DDI Rate": 0.071214
    }
  },
  "calibrated_threshold": 0.45,
  "calibrated_metrics": {
    "Jaccard": 0.558162,
    "Avg Meds": 20.237148,
    "Avg True Meds": 19.901327,
    "DDI Rate": 0.0761
  },
  "config": {
    "hidden_dim": 256,
    "use_notes": true,
    "use_labs": true,
    "use_copy": true,
    "fusion_strategy": "film",
    "lab_dim": 400,
    "pos_weight_cap": 5.0,
    "use_cosine_lr": false,
    "contrastive_weight": 0.0,
    "margin_loss_weight": 0.0,
    "alignment_loss_weight": 0.1,
    "alignment_start_epoch": 1,
    "alignment_ramp_epochs": 0
  }
}