{
  "seed": 42,
  "ablation": "full",
  "mimic_version": 3,
  "mimic4_full": false,
  "cohort_tag": "mimic3",
  "best_val_jaccard": 0.5009157061576843,
  "test_metrics": {
    "Jaccard": 0.49957168102264404,
    "F1": 0.6589431166648865,
    "PRAUC": 0.7510998142549374,
    "DDI Rate": 0.08789539721323383,
    "Avg Meds": 21.802654266357422,
    "Avg True Meds": 19.90132713317871,
    "Precision": 0.6422213912010193,
    "Recall": 0.7183473706245422,
    "NHJ_new": 0.23096214391683278,
    "NHJ_dropped": 0.3262026717788295,
    "CVR": 0.0
  },
  "data_diagnostics": {
    "split_mode_requested": "hidr_vita",
    "require_cohort_split": false,
    "split_source": "hidr_vita_sequential",
    "split_seed_used": "n/a",
    "split_patient_counts": {
      "train": 4233,
      "val": 1059,
      "test": 1058
    },
    "split_example_counts": {
      "train": 6256,
      "val": 1220,
      "test": 1206
    },
    "ddi_density": 0.05261303581914269,
    "ddi_upper_pairs": 448,
    "ddi_total_pairs": 8515,
    "loaded_artifacts": {
      "records": "data/processed/records_final.pkl",
      "cohort": "data/processed/cohort_mimic3.pkl",
      "ddi": "data/processed/ddi_A_final.pkl",
      "ehr": "data/processed/ehr_adj_final.pkl",
      "embeddings": "data/embeddings/code_embeddings.pt"
    }
  },
  "param_counts": {
    "visit_encoder": {
      "total": 4583681,
      "trainable": 1981697
    },
    "drug_gnn": {
      "total": 1974080,
      "trainable": 1974080
    },
    "predictor": {
      "total": 262406,
      "trainable": 262404
    },
    "model_total": {
      "total": 7083335,
      "trainable": 4481349
    }
  },
  "threshold_sweep": {
    "0.4": {
      "Jaccard": 0.497199,
      "Avg Meds": 24.605307,
      "Avg True Meds": 19.901327,
      "DDI Rate": 0.084266
    },
    "0.45": {
      "Jaccard": 0.49927,
      "Avg Meds": 23.162521,
      "Avg True Meds": 19.901327,
      "DDI Rate": 0.086183
    },
    "0.5": {
      "Jaccard": 0.499572,
      "Avg Meds": 21.802654,
      "Avg True Meds": 19.901327,
      "DDI Rate": 0.087895
    },
    "0.55": {
      "Jaccard": 0.49694,
      "Avg Meds": 20.504974,
      "Avg True Meds": 19.901327,
      "DDI Rate": 0.089873
    },
    "0.6": {
      "Jaccard": 0.495427,
      "Avg Meds": 19.295191,
      "Avg True Meds": 19.901327,
      "DDI Rate": 0.091543
    },
    "0.65": {
      "Jaccard": 0.492469,
      "Avg Meds": 18.092039,
      "Avg True Meds": 19.901327,
      "DDI Rate": 0.092293
    },
    "0.7": {
      "Jaccard": 0.487853,
      "Avg Meds": 16.992537,
      "Avg True Meds": 19.901327,
      "DDI Rate": 0.093
    },
    "0.75": {
      "Jaccard": 0.481268,
      "Avg Meds": 15.846601,
      "Avg True Meds": 19.901327,
      "DDI Rate": 0.094255
    }
  },
  "calibrated_threshold": 0.55,
  "calibrated_metrics": {
    "Jaccard": 0.49694,
    "Avg Meds": 20.504974,
    "Avg True Meds": 19.901327,
    "DDI Rate": 0.089873
  },
  "config": {
    "hidden_dim": 256,
    "use_notes": false,
    "use_labs": false,
    "use_copy": false,
    "fusion_strategy": "film",
    "lab_dim": 0,
    "pos_weight_cap": 5.0,
    "use_cosine_lr": false,
    "contrastive_weight": 0.0,
    "margin_loss_weight": 0.0,
    "alignment_loss_weight": 0.1,
    "alignment_start_epoch": 1,
    "alignment_ramp_epochs": 0
  }
}