{
  "seed": 42,
  "ablation": "full",
  "mimic_version": 3,
  "mimic4_full": false,
  "cohort_tag": "mimic3",
  "best_val_jaccard": 0.5668995380401611,
  "test_metrics": {
    "Jaccard": 0.5633012056350708,
    "F1": 0.7132260799407959,
    "PRAUC": 0.7964773574189654,
    "DDI Rate": 0.07907703105808037,
    "Avg Meds": 21.174959182739258,
    "Avg True Meds": 19.90132713317871,
    "Precision": 0.6986079216003418,
    "Recall": 0.7504158616065979,
    "NHJ_new": 0.27539380130014923,
    "NHJ_dropped": 0.31340313898889643,
    "CVR": 0.0
  },
  "data_diagnostics": {
    "split_mode_requested": "hidr_vita",
    "require_cohort_split": false,
    "split_source": "hidr_vita_sequential",
    "split_seed_used": "n/a",
    "split_patient_counts": {
      "train": 4233,
      "val": 1059,
      "test": 1058
    },
    "split_example_counts": {
      "train": 6256,
      "val": 1220,
      "test": 1206
    },
    "ddi_density": 0.05261303581914269,
    "ddi_upper_pairs": 448,
    "ddi_total_pairs": 8515,
    "loaded_artifacts": {
      "records": "data/processed/records_final.pkl",
      "cohort": "data/processed/cohort_mimic3.pkl",
      "ddi": "data/processed/ddi_A_final.pkl",
      "ehr": "data/processed/ehr_adj_final.pkl",
      "embeddings": "data/embeddings/code_embeddings.pt",
      "notes": "data/processed/note_embeddings_mimic3.pkl",
      "labs": "data/processed/lab_vectors_200labs.pkl"
    }
  },
  "param_counts": {
    "visit_encoder": {
      "total": 4583681,
      "trainable": 1981697
    },
    "fusion": {
      "total": 423808,
      "trainable": 423808
    },
    "drug_gnn": {
      "total": 1974080,
      "trainable": 1974080
    },
    "predictor": {
      "total": 559560,
      "trainable": 559560
    },
    "model_total": {
      "total": 7804297,
      "trainable": 5202313
    }
  },
  "threshold_sweep": {
    "0.4": {
      "Jaccard": 0.562454,
      "Avg Meds": 22.655888,
      "Avg True Meds": 19.901327,
      "DDI Rate": 0.080204
    },
    "0.45": {
      "Jaccard": 0.563606,
      "Avg Meds": 21.903814,
      "Avg True Meds": 19.901327,
      "DDI Rate": 0.079686
    },
    "0.5": {
      "Jaccard": 0.563301,
      "Avg Meds": 21.174959,
      "Avg True Meds": 19.901327,
      "DDI Rate": 0.079077
    },
    "0.55": {
      "Jaccard": 0.56472,
      "Avg Meds": 20.475954,
      "Avg True Meds": 19.901327,
      "DDI Rate": 0.079174
    },
    "0.6": {
      "Jaccard": 0.56186,
      "Avg Meds": 19.8466,
      "Avg True Meds": 19.901327,
      "DDI Rate": 0.078793
    },
    "0.65": {
      "Jaccard": 0.560436,
      "Avg Meds": 19.154228,
      "Avg True Meds": 19.901327,
      "DDI Rate": 0.078046
    },
    "0.7": {
      "Jaccard": 0.556232,
      "Avg Meds": 18.432837,
      "Avg True Meds": 19.901327,
      "DDI Rate": 0.076795
    },
    "0.75": {
      "Jaccard": 0.549004,
      "Avg Meds": 17.645937,
      "Avg True Meds": 19.901327,
      "DDI Rate": 0.076015
    }
  },
  "calibrated_threshold": 0.6,
  "calibrated_metrics": {
    "Jaccard": 0.56186,
    "Avg Meds": 19.8466,
    "Avg True Meds": 19.901327,
    "DDI Rate": 0.078793
  },
  "config": {
    "hidden_dim": 256,
    "use_notes": true,
    "use_labs": true,
    "use_copy": true,
    "fusion_strategy": "film",
    "lab_dim": 400,
    "pos_weight_cap": 5.0,
    "use_cosine_lr": false,
    "contrastive_weight": 0.0,
    "margin_loss_weight": 0.0,
    "alignment_loss_weight": 0.1,
    "alignment_start_epoch": 1,
    "alignment_ramp_epochs": 0
  }
}