{
  "seed": 42,
  "ablation": "full",
  "mimic_version": 3,
  "mimic4_full": false,
  "cohort_tag": "mimic3",
  "best_val_jaccard": 0.5365183353424072,
  "test_metrics": {
    "Jaccard": 0.5314527750015259,
    "F1": 0.6861636638641357,
    "PRAUC": 0.7811081715340983,
    "DDI Rate": 0.08638093600221326,
    "Avg Meds": 20.686567306518555,
    "Avg True Meds": 19.90132713317871,
    "Precision": 0.6811489462852478,
    "Recall": 0.7181484699249268,
    "NHJ_new": 0.2755009053569091,
    "NHJ_dropped": 0.3859847564446299,
    "CVR": 0.0
  },
  "data_diagnostics": {
    "split_mode_requested": "hidr_vita",
    "require_cohort_split": false,
    "split_source": "hidr_vita_sequential",
    "split_seed_used": "n/a",
    "split_patient_counts": {
      "train": 4233,
      "val": 1059,
      "test": 1058
    },
    "split_example_counts": {
      "train": 6256,
      "val": 1220,
      "test": 1206
    },
    "ddi_density": 0.05261303581914269,
    "ddi_upper_pairs": 448,
    "ddi_total_pairs": 8515,
    "loaded_artifacts": {
      "records": "data/processed/records_final.pkl",
      "cohort": "data/processed/cohort_mimic3.pkl",
      "ddi": "data/processed/ddi_A_final.pkl",
      "ehr": "data/processed/ehr_adj_final.pkl",
      "embeddings": "data/embeddings/code_embeddings.pt",
      "notes": "data/processed/note_embeddings_mimic3.pkl"
    }
  },
  "param_counts": {
    "visit_encoder": {
      "total": 6292225,
      "trainable": 3690241
    },
    "fusion": {
      "total": 400512,
      "trainable": 400512
    },
    "drug_gnn": {
      "total": 1974080,
      "trainable": 1974080
    },
    "predictor": {
      "total": 327942,
      "trainable": 327941
    },
    "model_total": {
      "total": 9257927,
      "trainable": 6655942
    }
  },
  "threshold_sweep": {
    "0.4": {
      "Jaccard": 0.53194,
      "Avg Meds": 22.520729,
      "Avg True Meds": 19.901327,
      "DDI Rate": 0.085592
    },
    "0.45": {
      "Jaccard": 0.53196,
      "Avg Meds": 21.603649,
      "Avg True Meds": 19.901327,
      "DDI Rate": 0.085805
    },
    "0.5": {
      "Jaccard": 0.531453,
      "Avg Meds": 20.686567,
      "Avg True Meds": 19.901327,
      "DDI Rate": 0.086381
    },
    "0.55": {
      "Jaccard": 0.530732,
      "Avg Meds": 19.850746,
      "Avg True Meds": 19.901327,
      "DDI Rate": 0.087186
    },
    "0.6": {
      "Jaccard": 0.529061,
      "Avg Meds": 19.003317,
      "Avg True Meds": 19.901327,
      "DDI Rate": 0.087902
    },
    "0.65": {
      "Jaccard": 0.524996,
      "Avg Meds": 18.092039,
      "Avg True Meds": 19.901327,
      "DDI Rate": 0.088404
    },
    "0.7": {
      "Jaccard": 0.519201,
      "Avg Meds": 17.209784,
      "Avg True Meds": 19.901327,
      "DDI Rate": 0.088947
    },
    "0.75": {
      "Jaccard": 0.513679,
      "Avg Meds": 16.291044,
      "Avg True Meds": 19.901327,
      "DDI Rate": 0.089581
    }
  },
  "calibrated_threshold": 0.55,
  "calibrated_metrics": {
    "Jaccard": 0.530732,
    "Avg Meds": 19.850746,
    "Avg True Meds": 19.901327,
    "DDI Rate": 0.087186
  },
  "config": {
    "hidden_dim": 256,
    "use_notes": true,
    "use_labs": false,
    "use_copy": false,
    "fusion_strategy": "film",
    "lab_dim": 0,
    "pos_weight_cap": 5.0,
    "use_cosine_lr": false,
    "contrastive_weight": 0.0,
    "margin_loss_weight": 0.0,
    "alignment_loss_weight": 0.1,
    "alignment_start_epoch": 1,
    "alignment_ramp_epochs": 0
  }
}