{
  "seed": 123,
  "ablation": "full",
  "mimic_version": 3,
  "mimic4_full": false,
  "cohort_tag": "mimic3",
  "best_val_jaccard": 0.5386908650398254,
  "test_metrics": {
    "Jaccard": 0.5343641042709351,
    "F1": 0.6888208985328674,
    "PRAUC": 0.7772846134714142,
    "DDI Rate": 0.08206693577614757,
    "Avg Meds": 22.415422439575195,
    "Avg True Meds": 19.90132713317871,
    "Precision": 0.6598515510559082,
    "Recall": 0.7474421262741089,
    "NHJ_new": 0.2751291417761853,
    "NHJ_dropped": 0.3530993053787633,
    "CVR": 0.0
  },
  "data_diagnostics": {
    "split_mode_requested": "hidr_vita",
    "require_cohort_split": false,
    "split_source": "hidr_vita_sequential",
    "split_seed_used": "n/a",
    "split_patient_counts": {
      "train": 4233,
      "val": 1059,
      "test": 1058
    },
    "split_example_counts": {
      "train": 6256,
      "val": 1220,
      "test": 1206
    },
    "ddi_density": 0.05261303581914269,
    "ddi_upper_pairs": 448,
    "ddi_total_pairs": 8515,
    "loaded_artifacts": {
      "records": "data/processed/records_final.pkl",
      "cohort": "data/processed/cohort_mimic3.pkl",
      "ddi": "data/processed/ddi_A_final.pkl",
      "ehr": "data/processed/ehr_adj_final.pkl",
      "embeddings": "data/embeddings/code_embeddings.pt",
      "labs": "data/processed/lab_vectors_350labs.pkl"
    }
  },
  "param_counts": {
    "visit_encoder": {
      "total": 4649474,
      "trainable": 2047490
    },
    "fusion": {
      "total": 443008,
      "trainable": 443008
    },
    "drug_gnn": {
      "total": 1151776,
      "trainable": 1151776
    },
    "predictor": {
      "total": 323654,
      "trainable": 323653
    },
    "model_total": {
      "total": 6831080,
      "trainable": 4229095
    }
  },
  "threshold_sweep": {
    "0.4": {
      "Jaccard": 0.530783,
      "Avg Meds": 24.049751,
      "Avg True Meds": 19.901327,
      "DDI Rate": 0.080717
    },
    "0.45": {
      "Jaccard": 0.533287,
      "Avg Meds": 23.227198,
      "Avg True Meds": 19.901327,
      "DDI Rate": 0.081267
    },
    "0.5": {
      "Jaccard": 0.534364,
      "Avg Meds": 22.415422,
      "Avg True Meds": 19.901327,
      "DDI Rate": 0.082067
    },
    "0.55": {
      "Jaccard": 0.53561,
      "Avg Meds": 21.658375,
      "Avg True Meds": 19.901327,
      "DDI Rate": 0.082291
    },
    "0.6": {
      "Jaccard": 0.535042,
      "Avg Meds": 20.950249,
      "Avg True Meds": 19.901327,
      "DDI Rate": 0.08256
    },
    "0.65": {
      "Jaccard": 0.534494,
      "Avg Meds": 20.218077,
      "Avg True Meds": 19.901327,
      "DDI Rate": 0.082847
    },
    "0.7": {
      "Jaccard": 0.533037,
      "Avg Meds": 19.426203,
      "Avg True Meds": 19.901327,
      "DDI Rate": 0.0835
    },
    "0.75": {
      "Jaccard": 0.530833,
      "Avg Meds": 18.573797,
      "Avg True Meds": 19.901327,
      "DDI Rate": 0.08389
    }
  },
  "calibrated_threshold": 0.65,
  "calibrated_metrics": {
    "Jaccard": 0.534494,
    "Avg Meds": 20.218077,
    "Avg True Meds": 19.901327,
    "DDI Rate": 0.082847
  },
  "config": {
    "hidden_dim": 256,
    "use_notes": false,
    "use_labs": true,
    "use_copy": false,
    "fusion_strategy": "film",
    "lab_dim": 700,
    "pos_weight_cap": 5.0,
    "use_cosine_lr": false,
    "contrastive_weight": 0.0,
    "margin_loss_weight": 0.0,
    "alignment_loss_weight": 0.1,
    "alignment_start_epoch": 1,
    "alignment_ramp_epochs": 0
  }
}