{
  "seed": 42,
  "ablation": "full",
  "mimic_version": 3,
  "mimic4_full": false,
  "cohort_tag": "mimic3",
  "best_val_jaccard": 0.5638391971588135,
  "test_metrics": {
    "Jaccard": 0.5593701601028442,
    "F1": 0.710252583026886,
    "PRAUC": 0.7970508493635097,
    "DDI Rate": 0.08096070542565909,
    "Avg Meds": 21.980928421020508,
    "Avg True Meds": 19.90132713317871,
    "Precision": 0.6862268447875977,
    "Recall": 0.7588844299316406,
    "NHJ_new": 0.2845069640561154,
    "NHJ_dropped": 0.3215509731518595,
    "CVR": 0.0
  },
  "data_diagnostics": {
    "split_mode_requested": "hidr_vita",
    "require_cohort_split": false,
    "split_source": "hidr_vita_sequential",
    "split_seed_used": "n/a",
    "split_patient_counts": {
      "train": 4233,
      "val": 1059,
      "test": 1058
    },
    "split_example_counts": {
      "train": 6256,
      "val": 1220,
      "test": 1206
    },
    "ddi_density": 0.05261303581914269,
    "ddi_upper_pairs": 448,
    "ddi_total_pairs": 8515,
    "loaded_artifacts": {
      "records": "data/processed/records_final.pkl",
      "cohort": "data/processed/cohort_mimic3.pkl",
      "ddi": "data/processed/ddi_A_final.pkl",
      "ehr": "data/processed/ehr_adj_final.pkl",
      "embeddings": "data/embeddings/code_embeddings.pt",
      "notes": "data/processed/note_embeddings_mimic3.pkl",
      "labs": "data/processed/lab_vectors_200labs.pkl"
    }
  },
  "param_counts": {
    "visit_encoder": {
      "total": 3731473,
      "trainable": 1129489
    },
    "fusion": {
      "total": 423808,
      "trainable": 423808
    },
    "drug_gnn": {
      "total": 1974080,
      "trainable": 1974080
    },
    "predictor": {
      "total": 559560,
      "trainable": 559560
    },
    "model_total": {
      "total": 6952089,
      "trainable": 4350105
    }
  },
  "threshold_sweep": {
    "0.4": {
      "Jaccard": 0.557259,
      "Avg Meds": 23.604477,
      "Avg True Meds": 19.901327,
      "DDI Rate": 0.081231
    },
    "0.45": {
      "Jaccard": 0.558953,
      "Avg Meds": 22.777779,
      "Avg True Meds": 19.901327,
      "DDI Rate": 0.080867
    },
    "0.5": {
      "Jaccard": 0.55937,
      "Avg Meds": 21.980928,
      "Avg True Meds": 19.901327,
      "DDI Rate": 0.080961
    },
    "0.55": {
      "Jaccard": 0.559071,
      "Avg Meds": 21.219734,
      "Avg True Meds": 19.901327,
      "DDI Rate": 0.080638
    },
    "0.6": {
      "Jaccard": 0.559259,
      "Avg Meds": 20.487562,
      "Avg True Meds": 19.901327,
      "DDI Rate": 0.08012
    },
    "0.65": {
      "Jaccard": 0.557973,
      "Avg Meds": 19.729685,
      "Avg True Meds": 19.901327,
      "DDI Rate": 0.079604
    },
    "0.7": {
      "Jaccard": 0.555232,
      "Avg Meds": 18.943615,
      "Avg True Meds": 19.901327,
      "DDI Rate": 0.080148
    },
    "0.75": {
      "Jaccard": 0.549806,
      "Avg Meds": 18.104477,
      "Avg True Meds": 19.901327,
      "DDI Rate": 0.079971
    }
  },
  "calibrated_threshold": 0.65,
  "calibrated_metrics": {
    "Jaccard": 0.557973,
    "Avg Meds": 19.729685,
    "Avg True Meds": 19.901327,
    "DDI Rate": 0.079604
  },
  "config": {
    "hidden_dim": 256,
    "use_notes": true,
    "use_labs": true,
    "use_copy": true,
    "fusion_strategy": "film",
    "lab_dim": 400,
    "pos_weight_cap": 5.0,
    "use_cosine_lr": false,
    "contrastive_weight": 0.0,
    "margin_loss_weight": 0.0,
    "alignment_loss_weight": 0.1,
    "alignment_start_epoch": 1,
    "alignment_ramp_epochs": 0
  }
}