{
  "seed": 123,
  "ablation": "full",
  "mimic_version": 3,
  "mimic4_full": false,
  "cohort_tag": "mimic3",
  "best_val_jaccard": 0.5417296290397644,
  "test_metrics": {
    "Jaccard": 0.5407103300094604,
    "F1": 0.6940547823905945,
    "PRAUC": 0.7843012359683743,
    "DDI Rate": 0.08182085259691062,
    "Avg Meds": 22.451078414916992,
    "Avg True Meds": 19.90132713317871,
    "Precision": 0.6657639741897583,
    "Recall": 0.7520384788513184,
    "NHJ_new": 0.2854645267913216,
    "NHJ_dropped": 0.3733614918432738,
    "CVR": 0.0
  },
  "data_diagnostics": {
    "split_mode_requested": "hidr_vita",
    "require_cohort_split": false,
    "split_source": "hidr_vita_sequential",
    "split_seed_used": "n/a",
    "split_patient_counts": {
      "train": 4233,
      "val": 1059,
      "test": 1058
    },
    "split_example_counts": {
      "train": 6256,
      "val": 1220,
      "test": 1206
    },
    "ddi_density": 0.05261303581914269,
    "ddi_upper_pairs": 448,
    "ddi_total_pairs": 8515,
    "loaded_artifacts": {
      "records": "data/processed/records_final.pkl",
      "cohort": "data/processed/cohort_mimic3.pkl",
      "ddi": "data/processed/ddi_A_final.pkl",
      "ehr": "data/processed/ehr_adj_final.pkl",
      "embeddings": "data/embeddings/code_embeddings.pt",
      "labs": "data/processed/lab_vectors_200labs.pkl"
    }
  },
  "param_counts": {
    "visit_encoder": {
      "total": 4649474,
      "trainable": 2047490
    },
    "fusion": {
      "total": 423808,
      "trainable": 423808
    },
    "drug_gnn": {
      "total": 1151776,
      "trainable": 1151776
    },
    "predictor": {
      "total": 304454,
      "trainable": 304453
    },
    "model_total": {
      "total": 6726376,
      "trainable": 4124391
    }
  },
  "threshold_sweep": {
    "0.4": {
      "Jaccard": 0.536486,
      "Avg Meds": 24.191542,
      "Avg True Meds": 19.901327,
      "DDI Rate": 0.081063
    },
    "0.45": {
      "Jaccard": 0.539809,
      "Avg Meds": 23.291044,
      "Avg True Meds": 19.901327,
      "DDI Rate": 0.08117
    },
    "0.5": {
      "Jaccard": 0.54071,
      "Avg Meds": 22.451078,
      "Avg True Meds": 19.901327,
      "DDI Rate": 0.081821
    },
    "0.55": {
      "Jaccard": 0.54234,
      "Avg Meds": 21.632669,
      "Avg True Meds": 19.901327,
      "DDI Rate": 0.082151
    },
    "0.6": {
      "Jaccard": 0.5417,
      "Avg Meds": 20.880596,
      "Avg True Meds": 19.901327,
      "DDI Rate": 0.082392
    },
    "0.65": {
      "Jaccard": 0.539635,
      "Avg Meds": 20.04063,
      "Avg True Meds": 19.901327,
      "DDI Rate": 0.082722
    },
    "0.7": {
      "Jaccard": 0.537426,
      "Avg Meds": 19.209784,
      "Avg True Meds": 19.901327,
      "DDI Rate": 0.082902
    },
    "0.75": {
      "Jaccard": 0.533692,
      "Avg Meds": 18.359037,
      "Avg True Meds": 19.901327,
      "DDI Rate": 0.082726
    }
  },
  "calibrated_threshold": 0.65,
  "calibrated_metrics": {
    "Jaccard": 0.539635,
    "Avg Meds": 20.04063,
    "Avg True Meds": 19.901327,
    "DDI Rate": 0.082722
  },
  "config": {
    "hidden_dim": 256,
    "use_notes": false,
    "use_labs": true,
    "use_copy": false,
    "fusion_strategy": "film",
    "lab_dim": 400,
    "pos_weight_cap": 5.0,
    "use_cosine_lr": false,
    "contrastive_weight": 0.0,
    "margin_loss_weight": 0.0,
    "alignment_loss_weight": 0.1,
    "alignment_start_epoch": 1,
    "alignment_ramp_epochs": 0
  }
}