{
  "seed": 42,
  "ablation": "full",
  "mimic_version": 3,
  "mimic4_full": false,
  "cohort_tag": "mimic3",
  "best_val_jaccard": 0.5407736897468567,
  "test_metrics": {
    "Jaccard": 0.5399883985519409,
    "F1": 0.6936748027801514,
    "PRAUC": 0.7851583268559557,
    "DDI Rate": 0.07946096513428891,
    "Avg Meds": 22.74709701538086,
    "Avg True Meds": 19.90132713317871,
    "Precision": 0.6600579023361206,
    "Recall": 0.757612943649292,
    "NHJ_new": 0.28714957598008606,
    "NHJ_dropped": 0.3594151264742801,
    "CVR": 0.0
  },
  "data_diagnostics": {
    "split_mode_requested": "hidr_vita",
    "require_cohort_split": false,
    "split_source": "hidr_vita_sequential",
    "split_seed_used": "n/a",
    "split_patient_counts": {
      "train": 4233,
      "val": 1059,
      "test": 1058
    },
    "split_example_counts": {
      "train": 6256,
      "val": 1220,
      "test": 1206
    },
    "ddi_density": 0.05261303581914269,
    "ddi_upper_pairs": 448,
    "ddi_total_pairs": 8515,
    "loaded_artifacts": {
      "records": "data/processed/records_final.pkl",
      "cohort": "data/processed/cohort_mimic3.pkl",
      "ddi": "data/processed/ddi_A_final.pkl",
      "ehr": "data/processed/ehr_adj_final.pkl",
      "embeddings": "data/embeddings/code_embeddings.pt",
      "labs": "data/processed/lab_vectors_200labs.pkl"
    }
  },
  "param_counts": {
    "visit_encoder": {
      "total": 4649474,
      "trainable": 2047490
    },
    "fusion": {
      "total": 423808,
      "trainable": 423808
    },
    "drug_gnn": {
      "total": 1151776,
      "trainable": 1151776
    },
    "predictor": {
      "total": 304454,
      "trainable": 304453
    },
    "model_total": {
      "total": 6792680,
      "trainable": 4190695
    }
  },
  "threshold_sweep": {
    "0.4": {
      "Jaccard": 0.535418,
      "Avg Meds": 24.558872,
      "Avg True Meds": 19.901327,
      "DDI Rate": 0.078734
    },
    "0.45": {
      "Jaccard": 0.53856,
      "Avg Meds": 23.604477,
      "Avg True Meds": 19.901327,
      "DDI Rate": 0.078897
    },
    "0.5": {
      "Jaccard": 0.539988,
      "Avg Meds": 22.747097,
      "Avg True Meds": 19.901327,
      "DDI Rate": 0.079461
    },
    "0.55": {
      "Jaccard": 0.540114,
      "Avg Meds": 21.89884,
      "Avg True Meds": 19.901327,
      "DDI Rate": 0.079706
    },
    "0.6": {
      "Jaccard": 0.540777,
      "Avg Meds": 21.066336,
      "Avg True Meds": 19.901327,
      "DDI Rate": 0.079766
    },
    "0.65": {
      "Jaccard": 0.540286,
      "Avg Meds": 20.247927,
      "Avg True Meds": 19.901327,
      "DDI Rate": 0.079931
    },
    "0.7": {
      "Jaccard": 0.538098,
      "Avg Meds": 19.392206,
      "Avg True Meds": 19.901327,
      "DDI Rate": 0.080279
    },
    "0.75": {
      "Jaccard": 0.533773,
      "Avg Meds": 18.50083,
      "Avg True Meds": 19.901327,
      "DDI Rate": 0.08058
    }
  },
  "calibrated_threshold": 0.65,
  "calibrated_metrics": {
    "Jaccard": 0.540286,
    "Avg Meds": 20.247927,
    "Avg True Meds": 19.901327,
    "DDI Rate": 0.079931
  },
  "config": {
    "hidden_dim": 256,
    "use_notes": false,
    "use_labs": true,
    "use_copy": false,
    "fusion_strategy": "film",
    "lab_dim": 400,
    "pos_weight_cap": 5.0,
    "use_cosine_lr": false,
    "contrastive_weight": 0.0,
    "margin_loss_weight": 0.0,
    "alignment_loss_weight": 0.1,
    "alignment_start_epoch": 1,
    "alignment_ramp_epochs": 0
  }
}