{
  "seed": 42,
  "ablation": "full",
  "mimic_version": 3,
  "mimic4_full": false,
  "cohort_tag": "mimic3",
  "best_val_jaccard": 0.5372830033302307,
  "test_metrics": {
    "Jaccard": 0.532392680644989,
    "F1": 0.687167763710022,
    "PRAUC": 0.7760798541855699,
    "DDI Rate": 0.07962914525039314,
    "Avg Meds": 22.440298080444336,
    "Avg True Meds": 19.90132713317871,
    "Precision": 0.6585313081741333,
    "Recall": 0.7485594749450684,
    "NHJ_new": 0.2833294790042074,
    "NHJ_dropped": 0.35970225145942286,
    "CVR": 0.0
  },
  "data_diagnostics": {
    "split_mode_requested": "hidr_vita",
    "require_cohort_split": false,
    "split_source": "hidr_vita_sequential",
    "split_seed_used": "n/a",
    "split_patient_counts": {
      "train": 4233,
      "val": 1059,
      "test": 1058
    },
    "split_example_counts": {
      "train": 6256,
      "val": 1220,
      "test": 1206
    },
    "ddi_density": 0.05261303581914269,
    "ddi_upper_pairs": 448,
    "ddi_total_pairs": 8515,
    "loaded_artifacts": {
      "records": "data/processed/records_final.pkl",
      "cohort": "data/processed/cohort_mimic3.pkl",
      "ddi": "data/processed/ddi_A_final.pkl",
      "ehr": "data/processed/ehr_adj_final.pkl",
      "embeddings": "data/embeddings/code_embeddings.pt",
      "notes": "data/processed/note_embeddings_mimic3.pkl"
    }
  },
  "param_counts": {
    "visit_encoder": {
      "total": 3731473,
      "trainable": 1129489
    },
    "fusion": {
      "total": 400512,
      "trainable": 400512
    },
    "drug_gnn": {
      "total": 1974080,
      "trainable": 1974080
    },
    "predictor": {
      "total": 327942,
      "trainable": 327941
    },
    "model_total": {
      "total": 6697175,
      "trainable": 4095190
    }
  },
  "threshold_sweep": {
    "0.4": {
      "Jaccard": 0.529154,
      "Avg Meds": 24.276119,
      "Avg True Meds": 19.901327,
      "DDI Rate": 0.078791
    },
    "0.45": {
      "Jaccard": 0.531743,
      "Avg Meds": 23.334991,
      "Avg True Meds": 19.901327,
      "DDI Rate": 0.07904
    },
    "0.5": {
      "Jaccard": 0.532393,
      "Avg Meds": 22.440298,
      "Avg True Meds": 19.901327,
      "DDI Rate": 0.079629
    },
    "0.55": {
      "Jaccard": 0.532586,
      "Avg Meds": 21.568823,
      "Avg True Meds": 19.901327,
      "DDI Rate": 0.08051
    },
    "0.6": {
      "Jaccard": 0.532439,
      "Avg Meds": 20.729685,
      "Avg True Meds": 19.901327,
      "DDI Rate": 0.080962
    },
    "0.65": {
      "Jaccard": 0.531673,
      "Avg Meds": 19.860697,
      "Avg True Meds": 19.901327,
      "DDI Rate": 0.081868
    },
    "0.7": {
      "Jaccard": 0.528712,
      "Avg Meds": 18.954395,
      "Avg True Meds": 19.901327,
      "DDI Rate": 0.082354
    },
    "0.75": {
      "Jaccard": 0.523485,
      "Avg Meds": 18.046434,
      "Avg True Meds": 19.901327,
      "DDI Rate": 0.08346
    }
  },
  "calibrated_threshold": 0.65,
  "calibrated_metrics": {
    "Jaccard": 0.531673,
    "Avg Meds": 19.860697,
    "Avg True Meds": 19.901327,
    "DDI Rate": 0.081868
  },
  "config": {
    "hidden_dim": 256,
    "use_notes": true,
    "use_labs": false,
    "use_copy": false,
    "fusion_strategy": "film",
    "lab_dim": 0,
    "pos_weight_cap": 5.0,
    "use_cosine_lr": false,
    "contrastive_weight": 0.0,
    "margin_loss_weight": 0.0,
    "alignment_loss_weight": 0.1,
    "alignment_start_epoch": 1,
    "alignment_ramp_epochs": 0
  }
}