{
  "seed": 456,
  "ablation": "full",
  "mimic_version": 3,
  "mimic4_full": false,
  "cohort_tag": "mimic3",
  "best_val_jaccard": 0.5024815201759338,
  "test_metrics": {
    "Jaccard": 0.5032783150672913,
    "F1": 0.6615499258041382,
    "PRAUC": 0.75701222996756,
    "DDI Rate": 0.08312680074967133,
    "Avg Meds": 24.038970947265625,
    "Avg True Meds": 19.90132713317871,
    "Precision": 0.6207001805305481,
    "Recall": 0.7545565962791443,
    "NHJ_new": 0.24435518525148692,
    "NHJ_dropped": 0.2866188389690299,
    "CVR": 0.0
  },
  "data_diagnostics": {
    "split_mode_requested": "hidr_vita",
    "require_cohort_split": false,
    "split_source": "hidr_vita_sequential",
    "split_seed_used": "n/a",
    "split_patient_counts": {
      "train": 4233,
      "val": 1059,
      "test": 1058
    },
    "split_example_counts": {
      "train": 6256,
      "val": 1220,
      "test": 1206
    },
    "ddi_density": 0.05261303581914269,
    "ddi_upper_pairs": 448,
    "ddi_total_pairs": 8515,
    "loaded_artifacts": {
      "records": "data/processed/records_final.pkl",
      "cohort": "data/processed/cohort_mimic3.pkl",
      "ddi": "data/processed/ddi_A_final.pkl",
      "ehr": "data/processed/ehr_adj_final.pkl",
      "embeddings": "data/embeddings/code_embeddings.pt"
    }
  },
  "param_counts": {
    "visit_encoder": {
      "total": 4649474,
      "trainable": 2047490
    },
    "drug_gnn": {
      "total": 295936,
      "trainable": 295936
    },
    "predictor": {
      "total": 262406,
      "trainable": 262404
    },
    "model_total": {
      "total": 5470984,
      "trainable": 2868998
    }
  },
  "threshold_sweep": {
    "0.4": {
      "Jaccard": 0.497066,
      "Avg Meds": 26.515755,
      "Avg True Meds": 19.901327,
      "DDI Rate": 0.081074
    },
    "0.45": {
      "Jaccard": 0.500432,
      "Avg Meds": 25.242123,
      "Avg True Meds": 19.901327,
      "DDI Rate": 0.082126
    },
    "0.5": {
      "Jaccard": 0.503278,
      "Avg Meds": 24.038971,
      "Avg True Meds": 19.901327,
      "DDI Rate": 0.083127
    },
    "0.55": {
      "Jaccard": 0.504689,
      "Avg Meds": 22.893034,
      "Avg True Meds": 19.901327,
      "DDI Rate": 0.084688
    },
    "0.6": {
      "Jaccard": 0.504698,
      "Avg Meds": 21.788557,
      "Avg True Meds": 19.901327,
      "DDI Rate": 0.08602
    },
    "0.65": {
      "Jaccard": 0.504274,
      "Avg Meds": 20.676617,
      "Avg True Meds": 19.901327,
      "DDI Rate": 0.087171
    },
    "0.7": {
      "Jaccard": 0.501464,
      "Avg Meds": 19.490879,
      "Avg True Meds": 19.901327,
      "DDI Rate": 0.088756
    },
    "0.75": {
      "Jaccard": 0.49829,
      "Avg Meds": 18.27529,
      "Avg True Meds": 19.901327,
      "DDI Rate": 0.089292
    }
  },
  "calibrated_threshold": 0.7,
  "calibrated_metrics": {
    "Jaccard": 0.501464,
    "Avg Meds": 19.490879,
    "Avg True Meds": 19.901327,
    "DDI Rate": 0.088756
  },
  "config": {
    "hidden_dim": 256,
    "use_notes": false,
    "use_labs": false,
    "use_copy": false,
    "fusion_strategy": "film",
    "lab_dim": 0,
    "pos_weight_cap": 5.0,
    "use_cosine_lr": false,
    "contrastive_weight": 0.0,
    "margin_loss_weight": 0.0,
    "alignment_loss_weight": 0.1,
    "alignment_start_epoch": 1,
    "alignment_ramp_epochs": 0
  }
}