{
  "seed": 42,
  "ablation": "full",
  "mimic_version": 3,
  "mimic4_full": false,
  "cohort_tag": "mimic3",
  "best_val_jaccard": 0.49980267882347107,
  "test_metrics": {
    "Jaccard": 0.5021846890449524,
    "F1": 0.6605954170227051,
    "PRAUC": 0.7543534482667862,
    "DDI Rate": 0.08247518427103533,
    "Avg Meds": 24.038143157958984,
    "Avg True Meds": 19.90132713317871,
    "Precision": 0.6194174289703369,
    "Recall": 0.7554312944412231,
    "NHJ_new": 0.24381227399173536,
    "NHJ_dropped": 0.2857397794723511,
    "CVR": 0.0
  },
  "data_diagnostics": {
    "split_mode_requested": "hidr_vita",
    "require_cohort_split": false,
    "split_source": "hidr_vita_sequential",
    "split_seed_used": "n/a",
    "split_patient_counts": {
      "train": 4233,
      "val": 1059,
      "test": 1058
    },
    "split_example_counts": {
      "train": 6256,
      "val": 1220,
      "test": 1206
    },
    "ddi_density": 0.05261303581914269,
    "ddi_upper_pairs": 448,
    "ddi_total_pairs": 8515,
    "loaded_artifacts": {
      "records": "data/processed/records_final.pkl",
      "cohort": "data/processed/cohort_mimic3.pkl",
      "ddi": "data/processed/ddi_A_final.pkl",
      "ehr": "data/processed/ehr_adj_final.pkl",
      "embeddings": "data/embeddings/code_embeddings.pt"
    }
  },
  "param_counts": {
    "visit_encoder": {
      "total": 4649474,
      "trainable": 2047490
    },
    "drug_gnn": {
      "total": 2863456,
      "trainable": 2863456
    },
    "predictor": {
      "total": 262406,
      "trainable": 262404
    },
    "model_total": {
      "total": 8038504,
      "trainable": 5436518
    }
  },
  "threshold_sweep": {
    "0.4": {
      "Jaccard": 0.495643,
      "Avg Meds": 26.347429,
      "Avg True Meds": 19.901327,
      "DDI Rate": 0.079956
    },
    "0.45": {
      "Jaccard": 0.499647,
      "Avg Meds": 25.194859,
      "Avg True Meds": 19.901327,
      "DDI Rate": 0.081273
    },
    "0.5": {
      "Jaccard": 0.502185,
      "Avg Meds": 24.038143,
      "Avg True Meds": 19.901327,
      "DDI Rate": 0.082475
    },
    "0.55": {
      "Jaccard": 0.503845,
      "Avg Meds": 22.979271,
      "Avg True Meds": 19.901327,
      "DDI Rate": 0.084383
    },
    "0.6": {
      "Jaccard": 0.505936,
      "Avg Meds": 21.888889,
      "Avg True Meds": 19.901327,
      "DDI Rate": 0.086109
    },
    "0.65": {
      "Jaccard": 0.505065,
      "Avg Meds": 20.770315,
      "Avg True Meds": 19.901327,
      "DDI Rate": 0.087849
    },
    "0.7": {
      "Jaccard": 0.502278,
      "Avg Meds": 19.655888,
      "Avg True Meds": 19.901327,
      "DDI Rate": 0.089453
    },
    "0.75": {
      "Jaccard": 0.498379,
      "Avg Meds": 18.544777,
      "Avg True Meds": 19.901327,
      "DDI Rate": 0.091057
    }
  },
  "calibrated_threshold": 0.7,
  "calibrated_metrics": {
    "Jaccard": 0.502278,
    "Avg Meds": 19.655888,
    "Avg True Meds": 19.901327,
    "DDI Rate": 0.089453
  },
  "config": {
    "hidden_dim": 256,
    "use_notes": false,
    "use_labs": false,
    "use_copy": false,
    "fusion_strategy": "film",
    "lab_dim": 0,
    "pos_weight_cap": 5.0,
    "use_cosine_lr": false,
    "contrastive_weight": 0.0,
    "margin_loss_weight": 0.0,
    "alignment_loss_weight": 0.1,
    "alignment_start_epoch": 1,
    "alignment_ramp_epochs": 0
  }
}