{
  "seed": 42,
  "ablation": "full",
  "mimic_version": 3,
  "mimic4_full": false,
  "cohort_tag": "mimic3",
  "best_val_jaccard": 0.5393317341804504,
  "test_metrics": {
    "Jaccard": 0.5362606644630432,
    "F1": 0.6903005242347717,
    "PRAUC": 0.7777756962502347,
    "DDI Rate": 0.08335570427406035,
    "Avg Meds": 22.161691665649414,
    "Avg True Meds": 19.90132713317871,
    "Precision": 0.6663586497306824,
    "Recall": 0.7420803308486938,
    "NHJ_new": 0.28088128017751796,
    "NHJ_dropped": 0.3768549749725743,
    "CVR": 0.0
  },
  "data_diagnostics": {
    "split_mode_requested": "hidr_vita",
    "require_cohort_split": false,
    "split_source": "hidr_vita_sequential",
    "split_seed_used": "n/a",
    "split_patient_counts": {
      "train": 4233,
      "val": 1059,
      "test": 1058
    },
    "split_example_counts": {
      "train": 6256,
      "val": 1220,
      "test": 1206
    },
    "ddi_density": 0.05261303581914269,
    "ddi_upper_pairs": 448,
    "ddi_total_pairs": 8515,
    "loaded_artifacts": {
      "records": "data/processed/records_final.pkl",
      "cohort": "data/processed/cohort_mimic3.pkl",
      "ddi": "data/processed/ddi_A_final.pkl",
      "ehr": "data/processed/ehr_adj_final.pkl",
      "embeddings": "data/embeddings/code_embeddings.pt",
      "labs": "data/processed/lab_vectors_200labs.pkl"
    }
  },
  "param_counts": {
    "visit_encoder": {
      "total": 4616835,
      "trainable": 2014851
    },
    "fusion": {
      "total": 423808,
      "trainable": 423808
    },
    "drug_gnn": {
      "total": 1974080,
      "trainable": 1974080
    },
    "predictor": {
      "total": 304454,
      "trainable": 304453
    },
    "model_total": {
      "total": 7582345,
      "trainable": 4980360
    }
  },
  "threshold_sweep": {
    "0.4": {
      "Jaccard": 0.533587,
      "Avg Meds": 23.946932,
      "Avg True Meds": 19.901327,
      "DDI Rate": 0.082884
    },
    "0.45": {
      "Jaccard": 0.53608,
      "Avg Meds": 23.07131,
      "Avg True Meds": 19.901327,
      "DDI Rate": 0.083119
    },
    "0.5": {
      "Jaccard": 0.536261,
      "Avg Meds": 22.161692,
      "Avg True Meds": 19.901327,
      "DDI Rate": 0.083356
    },
    "0.55": {
      "Jaccard": 0.537319,
      "Avg Meds": 21.267828,
      "Avg True Meds": 19.901327,
      "DDI Rate": 0.08385
    },
    "0.6": {
      "Jaccard": 0.537415,
      "Avg Meds": 20.419569,
      "Avg True Meds": 19.901327,
      "DDI Rate": 0.084076
    },
    "0.65": {
      "Jaccard": 0.534832,
      "Avg Meds": 19.568823,
      "Avg True Meds": 19.901327,
      "DDI Rate": 0.084708
    },
    "0.7": {
      "Jaccard": 0.530368,
      "Avg Meds": 18.669155,
      "Avg True Meds": 19.901327,
      "DDI Rate": 0.085548
    },
    "0.75": {
      "Jaccard": 0.525386,
      "Avg Meds": 17.739635,
      "Avg True Meds": 19.901327,
      "DDI Rate": 0.085561
    }
  },
  "calibrated_threshold": 0.65,
  "calibrated_metrics": {
    "Jaccard": 0.534832,
    "Avg Meds": 19.568823,
    "Avg True Meds": 19.901327,
    "DDI Rate": 0.084708
  },
  "config": {
    "hidden_dim": 256,
    "use_notes": false,
    "use_labs": true,
    "use_copy": false,
    "fusion_strategy": "film",
    "lab_dim": 400,
    "pos_weight_cap": 5.0,
    "use_cosine_lr": false,
    "contrastive_weight": 0.0,
    "margin_loss_weight": 0.0,
    "alignment_loss_weight": 0.1,
    "alignment_start_epoch": 1,
    "alignment_ramp_epochs": 0
  }
}