{
  "seed": 123,
  "ablation": "full",
  "mimic_version": 3,
  "mimic4_full": false,
  "cohort_tag": "mimic3",
  "best_val_jaccard": 0.5318896174430847,
  "test_metrics": {
    "Jaccard": 0.5323938131332397,
    "F1": 0.6873617172241211,
    "PRAUC": 0.7778305445037961,
    "DDI Rate": 0.0824634139963799,
    "Avg Meds": 23.257047653198242,
    "Avg True Meds": 19.90132713317871,
    "Precision": 0.6488857269287109,
    "Recall": 0.7606716156005859,
    "NHJ_new": 0.27671925017708227,
    "NHJ_dropped": 0.3352281043404027,
    "CVR": 0.0
  },
  "data_diagnostics": {
    "split_mode_requested": "hidr_vita",
    "require_cohort_split": false,
    "split_source": "hidr_vita_sequential",
    "split_seed_used": "n/a",
    "split_patient_counts": {
      "train": 4233,
      "val": 1059,
      "test": 1058
    },
    "split_example_counts": {
      "train": 6256,
      "val": 1220,
      "test": 1206
    },
    "ddi_density": 0.05261303581914269,
    "ddi_upper_pairs": 448,
    "ddi_total_pairs": 8515,
    "loaded_artifacts": {
      "records": "data/processed/records_final.pkl",
      "cohort": "data/processed/cohort_mimic3.pkl",
      "ddi": "data/processed/ddi_A_final.pkl",
      "ehr": "data/processed/ehr_adj_final.pkl",
      "embeddings": "data/embeddings/code_embeddings.pt",
      "labs": "data/processed/lab_vectors_50labs.pkl"
    }
  },
  "param_counts": {
    "visit_encoder": {
      "total": 4649474,
      "trainable": 2047490
    },
    "fusion": {
      "total": 404608,
      "trainable": 404608
    },
    "drug_gnn": {
      "total": 1151776,
      "trainable": 1151776
    },
    "predictor": {
      "total": 285254,
      "trainable": 285253
    },
    "model_total": {
      "total": 6754280,
      "trainable": 4152295
    }
  },
  "threshold_sweep": {
    "0.4": {
      "Jaccard": 0.528977,
      "Avg Meds": 25.237976,
      "Avg True Meds": 19.901327,
      "DDI Rate": 0.08105
    },
    "0.45": {
      "Jaccard": 0.531624,
      "Avg Meds": 24.225538,
      "Avg True Meds": 19.901327,
      "DDI Rate": 0.081774
    },
    "0.5": {
      "Jaccard": 0.532394,
      "Avg Meds": 23.257048,
      "Avg True Meds": 19.901327,
      "DDI Rate": 0.082463
    },
    "0.55": {
      "Jaccard": 0.534137,
      "Avg Meds": 22.341625,
      "Avg True Meds": 19.901327,
      "DDI Rate": 0.082562
    },
    "0.6": {
      "Jaccard": 0.533829,
      "Avg Meds": 21.384743,
      "Avg True Meds": 19.901327,
      "DDI Rate": 0.082891
    },
    "0.65": {
      "Jaccard": 0.533175,
      "Avg Meds": 20.536484,
      "Avg True Meds": 19.901327,
      "DDI Rate": 0.083841
    },
    "0.7": {
      "Jaccard": 0.532501,
      "Avg Meds": 19.558872,
      "Avg True Meds": 19.901327,
      "DDI Rate": 0.084695
    },
    "0.75": {
      "Jaccard": 0.527745,
      "Avg Meds": 18.60199,
      "Avg True Meds": 19.901327,
      "DDI Rate": 0.085112
    }
  },
  "calibrated_threshold": 0.7,
  "calibrated_metrics": {
    "Jaccard": 0.532501,
    "Avg Meds": 19.558872,
    "Avg True Meds": 19.901327,
    "DDI Rate": 0.084695
  },
  "config": {
    "hidden_dim": 256,
    "use_notes": false,
    "use_labs": true,
    "use_copy": false,
    "fusion_strategy": "film",
    "lab_dim": 100,
    "pos_weight_cap": 5.0,
    "use_cosine_lr": false,
    "contrastive_weight": 0.0,
    "margin_loss_weight": 0.0,
    "alignment_loss_weight": 0.1,
    "alignment_start_epoch": 1,
    "alignment_ramp_epochs": 0
  }
}