{
  "seed": 42,
  "ablation": "full",
  "mimic_version": 3,
  "mimic4_full": false,
  "cohort_tag": "mimic3",
  "best_val_jaccard": 0.5551215410232544,
  "test_metrics": {
    "Jaccard": 0.5494306087493896,
    "F1": 0.7019123435020447,
    "PRAUC": 0.7908916465657769,
    "DDI Rate": 0.08086183146673055,
    "Avg Meds": 22.81840705871582,
    "Avg True Meds": 19.90132713317871,
    "Precision": 0.6651847958564758,
    "Recall": 0.7658894062042236,
    "NHJ_new": 0.29683659657051686,
    "NHJ_dropped": 0.36332164312663834,
    "CVR": 0.0
  },
  "data_diagnostics": {
    "split_mode_requested": "hidr_vita",
    "require_cohort_split": false,
    "split_source": "hidr_vita_sequential",
    "split_seed_used": "n/a",
    "split_patient_counts": {
      "train": 4233,
      "val": 1059,
      "test": 1058
    },
    "split_example_counts": {
      "train": 6256,
      "val": 1220,
      "test": 1206
    },
    "ddi_density": 0.05261303581914269,
    "ddi_upper_pairs": 448,
    "ddi_total_pairs": 8515,
    "loaded_artifacts": {
      "records": "data/processed/records_final.pkl",
      "cohort": "data/processed/cohort_mimic3.pkl",
      "ddi": "data/processed/ddi_A_final.pkl",
      "ehr": "data/processed/ehr_adj_final.pkl",
      "embeddings": "data/embeddings/code_embeddings.pt",
      "notes": "data/processed/note_embeddings_mimic3.pkl",
      "labs": "data/processed/lab_vectors_200labs.pkl"
    }
  },
  "param_counts": {
    "visit_encoder": {
      "total": 5762817,
      "trainable": 3160833
    },
    "fusion": {
      "total": 423808,
      "trainable": 423808
    },
    "drug_gnn": {
      "total": 1974080,
      "trainable": 1974080
    },
    "predictor": {
      "total": 369990,
      "trainable": 369990
    },
    "model_total": {
      "total": 8793863,
      "trainable": 6191879
    }
  },
  "threshold_sweep": {
    "0.4": {
      "Jaccard": 0.545115,
      "Avg Meds": 24.577114,
      "Avg True Meds": 19.901327,
      "DDI Rate": 0.080209
    },
    "0.45": {
      "Jaccard": 0.548608,
      "Avg Meds": 23.686567,
      "Avg True Meds": 19.901327,
      "DDI Rate": 0.080428
    },
    "0.5": {
      "Jaccard": 0.549431,
      "Avg Meds": 22.818407,
      "Avg True Meds": 19.901327,
      "DDI Rate": 0.080862
    },
    "0.55": {
      "Jaccard": 0.549829,
      "Avg Meds": 21.968491,
      "Avg True Meds": 19.901327,
      "DDI Rate": 0.08112
    },
    "0.6": {
      "Jaccard": 0.550477,
      "Avg Meds": 21.132669,
      "Avg True Meds": 19.901327,
      "DDI Rate": 0.081308
    },
    "0.65": {
      "Jaccard": 0.549438,
      "Avg Meds": 20.325871,
      "Avg True Meds": 19.901327,
      "DDI Rate": 0.081771
    },
    "0.7": {
      "Jaccard": 0.547152,
      "Avg Meds": 19.438641,
      "Avg True Meds": 19.901327,
      "DDI Rate": 0.082711
    },
    "0.75": {
      "Jaccard": 0.542974,
      "Avg Meds": 18.520729,
      "Avg True Meds": 19.901327,
      "DDI Rate": 0.083067
    }
  },
  "calibrated_threshold": 0.65,
  "calibrated_metrics": {
    "Jaccard": 0.549438,
    "Avg Meds": 20.325871,
    "Avg True Meds": 19.901327,
    "DDI Rate": 0.081771
  },
  "config": {
    "hidden_dim": 256,
    "use_notes": true,
    "use_labs": true,
    "use_copy": false,
    "fusion_strategy": "film",
    "lab_dim": 400,
    "pos_weight_cap": 5.0,
    "use_cosine_lr": false,
    "contrastive_weight": 0.0,
    "margin_loss_weight": 0.0,
    "alignment_loss_weight": 0.1,
    "alignment_start_epoch": 1,
    "alignment_ramp_epochs": 0
  }
}