{
  "seed": 123,
  "ablation": "full",
  "mimic_version": 3,
  "mimic4_full": false,
  "cohort_tag": "mimic3",
  "best_val_jaccard": 0.5396530628204346,
  "test_metrics": {
    "Jaccard": 0.5381636023521423,
    "F1": 0.6920757293701172,
    "PRAUC": 0.7820290439781336,
    "DDI Rate": 0.08085223042247028,
    "Avg Meds": 22.35572052001953,
    "Avg True Meds": 19.90132713317871,
    "Precision": 0.6650536060333252,
    "Recall": 0.7475574612617493,
    "NHJ_new": 0.28586945094560323,
    "NHJ_dropped": 0.3737646545234479,
    "CVR": 0.0
  },
  "data_diagnostics": {
    "split_mode_requested": "hidr_vita",
    "require_cohort_split": false,
    "split_source": "hidr_vita_sequential",
    "split_seed_used": "n/a",
    "split_patient_counts": {
      "train": 4233,
      "val": 1059,
      "test": 1058
    },
    "split_example_counts": {
      "train": 6256,
      "val": 1220,
      "test": 1206
    },
    "ddi_density": 0.05261303581914269,
    "ddi_upper_pairs": 448,
    "ddi_total_pairs": 8515,
    "loaded_artifacts": {
      "records": "data/processed/records_final.pkl",
      "cohort": "data/processed/cohort_mimic3.pkl",
      "ddi": "data/processed/ddi_A_final.pkl",
      "ehr": "data/processed/ehr_adj_final.pkl",
      "embeddings": "data/embeddings/code_embeddings.pt",
      "labs": "data/processed/lab_vectors_200labs.pkl"
    }
  },
  "param_counts": {
    "visit_encoder": {
      "total": 4583681,
      "trainable": 1981697
    },
    "fusion": {
      "total": 423808,
      "trainable": 423808
    },
    "drug_gnn": {
      "total": 789792,
      "trainable": 789792
    },
    "predictor": {
      "total": 304454,
      "trainable": 304453
    },
    "model_total": {
      "total": 6364903,
      "trainable": 3762918
    }
  },
  "threshold_sweep": {
    "0.4": {
      "Jaccard": 0.534753,
      "Avg Meds": 24.280266,
      "Avg True Meds": 19.901327,
      "DDI Rate": 0.08065
    },
    "0.45": {
      "Jaccard": 0.536587,
      "Avg Meds": 23.260365,
      "Avg True Meds": 19.901327,
      "DDI Rate": 0.081249
    },
    "0.5": {
      "Jaccard": 0.538164,
      "Avg Meds": 22.355721,
      "Avg True Meds": 19.901327,
      "DDI Rate": 0.080852
    },
    "0.55": {
      "Jaccard": 0.53954,
      "Avg Meds": 21.474295,
      "Avg True Meds": 19.901327,
      "DDI Rate": 0.081385
    },
    "0.6": {
      "Jaccard": 0.537629,
      "Avg Meds": 20.610281,
      "Avg True Meds": 19.901327,
      "DDI Rate": 0.081079
    },
    "0.65": {
      "Jaccard": 0.535625,
      "Avg Meds": 19.758707,
      "Avg True Meds": 19.901327,
      "DDI Rate": 0.081364
    },
    "0.7": {
      "Jaccard": 0.533067,
      "Avg Meds": 18.892206,
      "Avg True Meds": 19.901327,
      "DDI Rate": 0.081423
    },
    "0.75": {
      "Jaccard": 0.528224,
      "Avg Meds": 17.933664,
      "Avg True Meds": 19.901327,
      "DDI Rate": 0.081511
    }
  },
  "calibrated_threshold": 0.65,
  "calibrated_metrics": {
    "Jaccard": 0.535625,
    "Avg Meds": 19.758707,
    "Avg True Meds": 19.901327,
    "DDI Rate": 0.081364
  },
  "config": {
    "hidden_dim": 256,
    "use_notes": false,
    "use_labs": true,
    "use_copy": false,
    "fusion_strategy": "film",
    "lab_dim": 400,
    "pos_weight_cap": 5.0,
    "use_cosine_lr": false,
    "contrastive_weight": 0.0,
    "margin_loss_weight": 0.0,
    "alignment_loss_weight": 0.1,
    "alignment_start_epoch": 1,
    "alignment_ramp_epochs": 0
  }
}