{
  "seed": 456,
  "ablation": "full",
  "mimic_version": 3,
  "mimic4_full": false,
  "cohort_tag": "mimic3",
  "best_val_jaccard": 0.5645617246627808,
  "test_metrics": {
    "Jaccard": 0.5624657869338989,
    "F1": 0.7125940322875977,
    "PRAUC": 0.7956951189475456,
    "DDI Rate": 0.0812788379288524,
    "Avg Meds": 22.05223846435547,
    "Avg True Meds": 19.90132713317871,
    "Precision": 0.6874759197235107,
    "Recall": 0.7631775140762329,
    "NHJ_new": 0.28014029954609115,
    "NHJ_dropped": 0.28853272842733485,
    "CVR": 0.0
  },
  "data_diagnostics": {
    "split_mode_requested": "hidr_vita",
    "require_cohort_split": false,
    "split_source": "hidr_vita_sequential",
    "split_seed_used": "n/a",
    "split_patient_counts": {
      "train": 4233,
      "val": 1059,
      "test": 1058
    },
    "split_example_counts": {
      "train": 6256,
      "val": 1220,
      "test": 1206
    },
    "ddi_density": 0.05261303581914269,
    "ddi_upper_pairs": 448,
    "ddi_total_pairs": 8515,
    "loaded_artifacts": {
      "records": "data/processed/records_final.pkl",
      "cohort": "data/processed/cohort_mimic3.pkl",
      "ddi": "data/processed/ddi_A_final.pkl",
      "ehr": "data/processed/ehr_adj_final.pkl",
      "embeddings": "data/embeddings/code_embeddings.pt",
      "notes": "data/processed/note_embeddings_mimic3.pkl",
      "labs": "data/processed/lab_vectors_200labs.pkl"
    }
  },
  "param_counts": {
    "visit_encoder": {
      "total": 4583681,
      "trainable": 1981697
    },
    "fusion": {
      "total": 423808,
      "trainable": 423808
    },
    "drug_gnn": {
      "total": 1974080,
      "trainable": 1974080
    },
    "predictor": {
      "total": 559560,
      "trainable": 559560
    },
    "model_total": {
      "total": 7804297,
      "trainable": 5202313
    }
  },
  "threshold_sweep": {
    "0.4": {
      "Jaccard": 0.557594,
      "Avg Meds": 23.893034,
      "Avg True Meds": 19.901327,
      "DDI Rate": 0.08171
    },
    "0.45": {
      "Jaccard": 0.561017,
      "Avg Meds": 22.910448,
      "Avg True Meds": 19.901327,
      "DDI Rate": 0.081403
    },
    "0.5": {
      "Jaccard": 0.562466,
      "Avg Meds": 22.052238,
      "Avg True Meds": 19.901327,
      "DDI Rate": 0.081279
    },
    "0.55": {
      "Jaccard": 0.562791,
      "Avg Meds": 21.204809,
      "Avg True Meds": 19.901327,
      "DDI Rate": 0.081448
    },
    "0.6": {
      "Jaccard": 0.56179,
      "Avg Meds": 20.407961,
      "Avg True Meds": 19.901327,
      "DDI Rate": 0.080964
    },
    "0.65": {
      "Jaccard": 0.560869,
      "Avg Meds": 19.583748,
      "Avg True Meds": 19.901327,
      "DDI Rate": 0.081132
    },
    "0.7": {
      "Jaccard": 0.557233,
      "Avg Meds": 18.721394,
      "Avg True Meds": 19.901327,
      "DDI Rate": 0.080781
    },
    "0.75": {
      "Jaccard": 0.549875,
      "Avg Meds": 17.7869,
      "Avg True Meds": 19.901327,
      "DDI Rate": 0.080935
    }
  },
  "calibrated_threshold": 0.65,
  "calibrated_metrics": {
    "Jaccard": 0.560869,
    "Avg Meds": 19.583748,
    "Avg True Meds": 19.901327,
    "DDI Rate": 0.081132
  },
  "config": {
    "hidden_dim": 256,
    "use_notes": true,
    "use_labs": true,
    "use_copy": true,
    "fusion_strategy": "film",
    "lab_dim": 400,
    "pos_weight_cap": 5.0,
    "use_cosine_lr": false,
    "contrastive_weight": 0.0,
    "margin_loss_weight": 0.0,
    "alignment_loss_weight": 0.1,
    "alignment_start_epoch": 1,
    "alignment_ramp_epochs": 0
  }
}