{
  "seed": 42,
  "ablation": "full",
  "mimic_version": 3,
  "mimic4_full": false,
  "cohort_tag": "mimic3",
  "best_val_jaccard": 0.542183518409729,
  "test_metrics": {
    "Jaccard": 0.5381565093994141,
    "F1": 0.6920118927955627,
    "PRAUC": 0.7823002017658967,
    "DDI Rate": 0.07642058967057268,
    "Avg Meds": 22.6077938079834,
    "Avg True Meds": 19.90132713317871,
    "Precision": 0.6598034501075745,
    "Recall": 0.7547778487205505,
    "NHJ_new": 0.28637063738546875,
    "NHJ_dropped": 0.3519108452295002,
    "CVR": 0.0
  },
  "data_diagnostics": {
    "split_mode_requested": "hidr_vita",
    "require_cohort_split": false,
    "split_source": "hidr_vita_sequential",
    "split_seed_used": "n/a",
    "split_patient_counts": {
      "train": 4233,
      "val": 1059,
      "test": 1058
    },
    "split_example_counts": {
      "train": 6256,
      "val": 1220,
      "test": 1206
    },
    "ddi_density": 0.05261303581914269,
    "ddi_upper_pairs": 448,
    "ddi_total_pairs": 8515,
    "loaded_artifacts": {
      "records": "data/processed/records_final.pkl",
      "cohort": "data/processed/cohort_mimic3.pkl",
      "ddi": "data/processed/ddi_A_final.pkl",
      "ehr": "data/processed/ehr_adj_final.pkl",
      "embeddings": "data/embeddings/code_embeddings.pt",
      "labs": "data/processed/lab_vectors_200labs.pkl"
    }
  },
  "param_counts": {
    "visit_encoder": {
      "total": 4649474,
      "trainable": 2047490
    },
    "fusion": {
      "total": 423808,
      "trainable": 423808
    },
    "drug_gnn": {
      "total": 1151776,
      "trainable": 1151776
    },
    "predictor": {
      "total": 304454,
      "trainable": 304453
    },
    "model_total": {
      "total": 6792680,
      "trainable": 4190695
    }
  },
  "threshold_sweep": {
    "0.4": {
      "Jaccard": 0.533705,
      "Avg Meds": 24.218906,
      "Avg True Meds": 19.901327,
      "DDI Rate": 0.075854
    },
    "0.45": {
      "Jaccard": 0.536502,
      "Avg Meds": 23.359037,
      "Avg True Meds": 19.901327,
      "DDI Rate": 0.076144
    },
    "0.5": {
      "Jaccard": 0.538157,
      "Avg Meds": 22.607794,
      "Avg True Meds": 19.901327,
      "DDI Rate": 0.076421
    },
    "0.55": {
      "Jaccard": 0.539528,
      "Avg Meds": 21.831675,
      "Avg True Meds": 19.901327,
      "DDI Rate": 0.076623
    },
    "0.6": {
      "Jaccard": 0.539119,
      "Avg Meds": 21.074627,
      "Avg True Meds": 19.901327,
      "DDI Rate": 0.076566
    },
    "0.65": {
      "Jaccard": 0.53872,
      "Avg Meds": 20.320066,
      "Avg True Meds": 19.901327,
      "DDI Rate": 0.076685
    },
    "0.7": {
      "Jaccard": 0.537296,
      "Avg Meds": 19.492537,
      "Avg True Meds": 19.901327,
      "DDI Rate": 0.077475
    },
    "0.75": {
      "Jaccard": 0.53474,
      "Avg Meds": 18.639303,
      "Avg True Meds": 19.901327,
      "DDI Rate": 0.077608
    }
  },
  "calibrated_threshold": 0.7,
  "calibrated_metrics": {
    "Jaccard": 0.537296,
    "Avg Meds": 19.492537,
    "Avg True Meds": 19.901327,
    "DDI Rate": 0.077475
  },
  "config": {
    "hidden_dim": 256,
    "use_notes": false,
    "use_labs": true,
    "use_copy": false,
    "fusion_strategy": "film",
    "lab_dim": 400,
    "pos_weight_cap": 5.0,
    "use_cosine_lr": false,
    "contrastive_weight": 0.0,
    "margin_loss_weight": 0.0,
    "alignment_loss_weight": 0.1,
    "alignment_start_epoch": 1,
    "alignment_ramp_epochs": 0
  }
}