{
  "seed": 42,
  "ablation": "full",
  "mimic_version": 3,
  "mimic4_full": false,
  "cohort_tag": "mimic3",
  "best_val_jaccard": 0.5643428564071655,
  "test_metrics": {
    "Jaccard": 0.5609631538391113,
    "F1": 0.7111634016036987,
    "PRAUC": 0.799193161668118,
    "DDI Rate": 0.07946159548926388,
    "Avg Meds": 21.266998291015625,
    "Avg True Meds": 19.90132713317871,
    "Precision": 0.6998322606086731,
    "Recall": 0.7469973564147949,
    "NHJ_new": 0.2595178226107045,
    "NHJ_dropped": 0.28493105267223556,
    "CVR": 0.0
  },
  "data_diagnostics": {
    "split_mode_requested": "hidr_vita",
    "require_cohort_split": false,
    "split_source": "hidr_vita_sequential",
    "split_seed_used": "n/a",
    "split_patient_counts": {
      "train": 4233,
      "val": 1059,
      "test": 1058
    },
    "split_example_counts": {
      "train": 6256,
      "val": 1220,
      "test": 1206
    },
    "ddi_density": 0.05261303581914269,
    "ddi_upper_pairs": 448,
    "ddi_total_pairs": 8515,
    "loaded_artifacts": {
      "records": "data/processed/records_final.pkl",
      "cohort": "data/processed/cohort_mimic3.pkl",
      "ddi": "data/processed/ddi_A_final.pkl",
      "ehr": "data/processed/ehr_adj_final.pkl",
      "embeddings": "data/embeddings/code_embeddings.pt",
      "notes": "data/processed/note_embeddings_mimic3.pkl",
      "labs": "data/processed/lab_vectors_200labs.pkl"
    }
  },
  "param_counts": {
    "visit_encoder": {
      "total": 4583681,
      "trainable": 1981697
    },
    "fusion": {
      "total": 423808,
      "trainable": 423808
    },
    "drug_gnn": {
      "total": 1974080,
      "trainable": 1974080
    },
    "predictor": {
      "total": 559560,
      "trainable": 559560
    },
    "model_total": {
      "total": 7804297,
      "trainable": 5202313
    }
  },
  "threshold_sweep": {
    "0.4": {
      "Jaccard": 0.560641,
      "Avg Meds": 23.145937,
      "Avg True Meds": 19.901327,
      "DDI Rate": 0.079442
    },
    "0.45": {
      "Jaccard": 0.560937,
      "Avg Meds": 22.165838,
      "Avg True Meds": 19.901327,
      "DDI Rate": 0.079688
    },
    "0.5": {
      "Jaccard": 0.560963,
      "Avg Meds": 21.266998,
      "Avg True Meds": 19.901327,
      "DDI Rate": 0.079462
    },
    "0.55": {
      "Jaccard": 0.560158,
      "Avg Meds": 20.431177,
      "Avg True Meds": 19.901327,
      "DDI Rate": 0.079099
    },
    "0.6": {
      "Jaccard": 0.558179,
      "Avg Meds": 19.577114,
      "Avg True Meds": 19.901327,
      "DDI Rate": 0.078472
    },
    "0.65": {
      "Jaccard": 0.55384,
      "Avg Meds": 18.71476,
      "Avg True Meds": 19.901327,
      "DDI Rate": 0.078186
    },
    "0.7": {
      "Jaccard": 0.547541,
      "Avg Meds": 17.841625,
      "Avg True Meds": 19.901327,
      "DDI Rate": 0.077586
    },
    "0.75": {
      "Jaccard": 0.539626,
      "Avg Meds": 16.918739,
      "Avg True Meds": 19.901327,
      "DDI Rate": 0.076567
    }
  },
  "calibrated_threshold": 0.6,
  "calibrated_metrics": {
    "Jaccard": 0.558179,
    "Avg Meds": 19.577114,
    "Avg True Meds": 19.901327,
    "DDI Rate": 0.078472
  },
  "config": {
    "hidden_dim": 256,
    "use_notes": true,
    "use_labs": true,
    "use_copy": true,
    "fusion_strategy": "film",
    "lab_dim": 400,
    "pos_weight_cap": 5.0,
    "use_cosine_lr": false,
    "contrastive_weight": 0.0,
    "margin_loss_weight": 0.0,
    "alignment_loss_weight": 0.1,
    "alignment_start_epoch": 1,
    "alignment_ramp_epochs": 0
  }
}