{
  "seed": 456,
  "ablation": "full",
  "mimic_version": 3,
  "mimic4_full": false,
  "cohort_tag": "mimic3",
  "best_val_jaccard": 0.5018255710601807,
  "test_metrics": {
    "Jaccard": 0.5041519403457642,
    "F1": 0.6626044511795044,
    "PRAUC": 0.7517675861209879,
    "DDI Rate": 0.08777080948406402,
    "Avg Meds": 22.27528953552246,
    "Avg True Meds": 19.90132713317871,
    "Precision": 0.64222651720047,
    "Recall": 0.7297425866127014,
    "NHJ_new": 0.23790139116738973,
    "NHJ_dropped": 0.31652115677532394,
    "CVR": 0.0
  },
  "data_diagnostics": {
    "split_mode_requested": "hidr_vita",
    "require_cohort_split": false,
    "split_source": "hidr_vita_sequential",
    "split_seed_used": "n/a",
    "split_patient_counts": {
      "train": 4233,
      "val": 1059,
      "test": 1058
    },
    "split_example_counts": {
      "train": 6256,
      "val": 1220,
      "test": 1206
    },
    "ddi_density": 0.05261303581914269,
    "ddi_upper_pairs": 448,
    "ddi_total_pairs": 8515,
    "loaded_artifacts": {
      "records": "data/processed/records_final.pkl",
      "cohort": "data/processed/cohort_mimic3.pkl",
      "ddi": "data/processed/ddi_A_final.pkl",
      "ehr": "data/processed/ehr_adj_final.pkl",
      "embeddings": "data/embeddings/code_embeddings.pt"
    }
  },
  "param_counts": {
    "visit_encoder": {
      "total": 4583681,
      "trainable": 1981697
    },
    "drug_gnn": {
      "total": 1974080,
      "trainable": 1974080
    },
    "predictor": {
      "total": 262406,
      "trainable": 262404
    },
    "model_total": {
      "total": 7083335,
      "trainable": 4481349
    }
  },
  "threshold_sweep": {
    "0.4": {
      "Jaccard": 0.500171,
      "Avg Meds": 24.837479,
      "Avg True Meds": 19.901327,
      "DDI Rate": 0.083775
    },
    "0.45": {
      "Jaccard": 0.502418,
      "Avg Meds": 23.533997,
      "Avg True Meds": 19.901327,
      "DDI Rate": 0.085581
    },
    "0.5": {
      "Jaccard": 0.504152,
      "Avg Meds": 22.27529,
      "Avg True Meds": 19.901327,
      "DDI Rate": 0.087771
    },
    "0.55": {
      "Jaccard": 0.505031,
      "Avg Meds": 21.126865,
      "Avg True Meds": 19.901327,
      "DDI Rate": 0.089916
    },
    "0.6": {
      "Jaccard": 0.502275,
      "Avg Meds": 20.03068,
      "Avg True Meds": 19.901327,
      "DDI Rate": 0.091758
    },
    "0.65": {
      "Jaccard": 0.498768,
      "Avg Meds": 18.897181,
      "Avg True Meds": 19.901327,
      "DDI Rate": 0.093404
    },
    "0.7": {
      "Jaccard": 0.495586,
      "Avg Meds": 17.818407,
      "Avg True Meds": 19.901327,
      "DDI Rate": 0.095096
    },
    "0.75": {
      "Jaccard": 0.487459,
      "Avg Meds": 16.679104,
      "Avg True Meds": 19.901327,
      "DDI Rate": 0.096955
    }
  },
  "calibrated_threshold": 0.6,
  "calibrated_metrics": {
    "Jaccard": 0.502275,
    "Avg Meds": 20.03068,
    "Avg True Meds": 19.901327,
    "DDI Rate": 0.091758
  },
  "config": {
    "hidden_dim": 256,
    "use_notes": false,
    "use_labs": false,
    "use_copy": false,
    "fusion_strategy": "film",
    "lab_dim": 0,
    "pos_weight_cap": 5.0,
    "use_cosine_lr": false,
    "contrastive_weight": 0.0,
    "margin_loss_weight": 0.0,
    "alignment_loss_weight": 0.1,
    "alignment_start_epoch": 1,
    "alignment_ramp_epochs": 0
  }
}