{
  "seed": 456,
  "ablation": "full",
  "mimic_version": 3,
  "mimic4_full": false,
  "cohort_tag": "mimic3",
  "best_val_jaccard": 0.5558767318725586,
  "test_metrics": {
    "Jaccard": 0.5539979934692383,
    "F1": 0.7051423192024231,
    "PRAUC": 0.7946972236442342,
    "DDI Rate": 0.07817417677092009,
    "Avg Meds": 22.365671157836914,
    "Avg True Meds": 19.90132713317871,
    "Precision": 0.674497663974762,
    "Recall": 0.7645278573036194,
    "NHJ_new": 0.28271758556365967,
    "NHJ_dropped": 0.31139157006615087,
    "CVR": 0.0
  },
  "data_diagnostics": {
    "split_mode_requested": "hidr_vita",
    "require_cohort_split": false,
    "split_source": "hidr_vita_sequential",
    "split_seed_used": "n/a",
    "split_patient_counts": {
      "train": 4233,
      "val": 1059,
      "test": 1058
    },
    "split_example_counts": {
      "train": 6256,
      "val": 1220,
      "test": 1206
    },
    "ddi_density": 0.05261303581914269,
    "ddi_upper_pairs": 448,
    "ddi_total_pairs": 8515,
    "loaded_artifacts": {
      "records": "data/processed/records_final.pkl",
      "cohort": "data/processed/cohort_mimic3.pkl",
      "ddi": "data/processed/ddi_A_final.pkl",
      "ehr": "data/processed/ehr_adj_final.pkl",
      "embeddings": "data/embeddings/code_embeddings.pt",
      "notes": "data/processed/note_embeddings_mimic3.pkl"
    }
  },
  "param_counts": {
    "visit_encoder": {
      "total": 4649474,
      "trainable": 2047490
    },
    "fusion": {
      "total": 400512,
      "trainable": 400512
    },
    "drug_gnn": {
      "total": 1151776,
      "trainable": 1151776
    },
    "predictor": {
      "total": 517512,
      "trainable": 517511
    },
    "model_total": {
      "total": 6982442,
      "trainable": 4380457
    }
  },
  "threshold_sweep": {
    "0.4": {
      "Jaccard": 0.55061,
      "Avg Meds": 24.223881,
      "Avg True Meds": 19.901327,
      "DDI Rate": 0.078646
    },
    "0.45": {
      "Jaccard": 0.55256,
      "Avg Meds": 23.25456,
      "Avg True Meds": 19.901327,
      "DDI Rate": 0.078452
    },
    "0.5": {
      "Jaccard": 0.553998,
      "Avg Meds": 22.365671,
      "Avg True Meds": 19.901327,
      "DDI Rate": 0.078174
    },
    "0.55": {
      "Jaccard": 0.553585,
      "Avg Meds": 21.497513,
      "Avg True Meds": 19.901327,
      "DDI Rate": 0.078202
    },
    "0.6": {
      "Jaccard": 0.553476,
      "Avg Meds": 20.662521,
      "Avg True Meds": 19.901327,
      "DDI Rate": 0.078405
    },
    "0.65": {
      "Jaccard": 0.551975,
      "Avg Meds": 19.810946,
      "Avg True Meds": 19.901327,
      "DDI Rate": 0.078306
    },
    "0.7": {
      "Jaccard": 0.549189,
      "Avg Meds": 18.947762,
      "Avg True Meds": 19.901327,
      "DDI Rate": 0.078333
    },
    "0.75": {
      "Jaccard": 0.543973,
      "Avg Meds": 18.007463,
      "Avg True Meds": 19.901327,
      "DDI Rate": 0.077678
    }
  },
  "calibrated_threshold": 0.65,
  "calibrated_metrics": {
    "Jaccard": 0.551975,
    "Avg Meds": 19.810946,
    "Avg True Meds": 19.901327,
    "DDI Rate": 0.078306
  },
  "config": {
    "hidden_dim": 256,
    "use_notes": true,
    "use_labs": false,
    "use_copy": true,
    "fusion_strategy": "film",
    "lab_dim": 0,
    "pos_weight_cap": 5.0,
    "use_cosine_lr": false,
    "contrastive_weight": 0.0,
    "margin_loss_weight": 0.0,
    "alignment_loss_weight": 0.1,
    "alignment_start_epoch": 1,
    "alignment_ramp_epochs": 0
  }
}