{
  "seed": 123,
  "ablation": "full",
  "mimic_version": 3,
  "mimic4_full": false,
  "cohort_tag": "mimic3",
  "best_val_jaccard": 0.5652077198028564,
  "test_metrics": {
    "Jaccard": 0.5625293254852295,
    "F1": 0.7127028703689575,
    "PRAUC": 0.7978024097597015,
    "DDI Rate": 0.0807468731314302,
    "Avg Meds": 22.504146575927734,
    "Avg True Meds": 19.90132713317871,
    "Precision": 0.6799337863922119,
    "Recall": 0.7722108364105225,
    "NHJ_new": 0.2877547882105175,
    "NHJ_dropped": 0.28383635298201915,
    "CVR": 0.0
  },
  "data_diagnostics": {
    "split_mode_requested": "hidr_vita",
    "require_cohort_split": false,
    "split_source": "hidr_vita_sequential",
    "split_seed_used": "n/a",
    "split_patient_counts": {
      "train": 4233,
      "val": 1059,
      "test": 1058
    },
    "split_example_counts": {
      "train": 6256,
      "val": 1220,
      "test": 1206
    },
    "ddi_density": 0.05261303581914269,
    "ddi_upper_pairs": 448,
    "ddi_total_pairs": 8515,
    "loaded_artifacts": {
      "records": "data/processed/records_final.pkl",
      "cohort": "data/processed/cohort_mimic3.pkl",
      "ddi": "data/processed/ddi_A_final.pkl",
      "ehr": "data/processed/ehr_adj_final.pkl",
      "embeddings": "data/embeddings/code_embeddings.pt",
      "notes": "data/processed/note_embeddings_mimic3.pkl",
      "labs": "data/processed/lab_vectors_200labs.pkl"
    }
  },
  "param_counts": {
    "visit_encoder": {
      "total": 4583681,
      "trainable": 1981697
    },
    "fusion": {
      "total": 423808,
      "trainable": 423808
    },
    "drug_gnn": {
      "total": 789792,
      "trainable": 789792
    },
    "predictor": {
      "total": 559560,
      "trainable": 559560
    },
    "model_total": {
      "total": 6620009,
      "trainable": 4018025
    }
  },
  "threshold_sweep": {
    "0.4": {
      "Jaccard": 0.557717,
      "Avg Meds": 24.187397,
      "Avg True Meds": 19.901327,
      "DDI Rate": 0.080712
    },
    "0.45": {
      "Jaccard": 0.55991,
      "Avg Meds": 23.300995,
      "Avg True Meds": 19.901327,
      "DDI Rate": 0.080556
    },
    "0.5": {
      "Jaccard": 0.562529,
      "Avg Meds": 22.504147,
      "Avg True Meds": 19.901327,
      "DDI Rate": 0.080747
    },
    "0.55": {
      "Jaccard": 0.562597,
      "Avg Meds": 21.712273,
      "Avg True Meds": 19.901327,
      "DDI Rate": 0.080483
    },
    "0.6": {
      "Jaccard": 0.561405,
      "Avg Meds": 20.912935,
      "Avg True Meds": 19.901327,
      "DDI Rate": 0.080848
    },
    "0.65": {
      "Jaccard": 0.561343,
      "Avg Meds": 20.108624,
      "Avg True Meds": 19.901327,
      "DDI Rate": 0.08034
    },
    "0.7": {
      "Jaccard": 0.557797,
      "Avg Meds": 19.311775,
      "Avg True Meds": 19.901327,
      "DDI Rate": 0.080408
    },
    "0.75": {
      "Jaccard": 0.553816,
      "Avg Meds": 18.450249,
      "Avg True Meds": 19.901327,
      "DDI Rate": 0.080101
    }
  },
  "calibrated_threshold": 0.65,
  "calibrated_metrics": {
    "Jaccard": 0.561343,
    "Avg Meds": 20.108624,
    "Avg True Meds": 19.901327,
    "DDI Rate": 0.08034
  },
  "config": {
    "hidden_dim": 256,
    "use_notes": true,
    "use_labs": true,
    "use_copy": true,
    "fusion_strategy": "film",
    "lab_dim": 400,
    "pos_weight_cap": 5.0,
    "use_cosine_lr": false,
    "contrastive_weight": 0.0,
    "margin_loss_weight": 0.0,
    "alignment_loss_weight": 0.1,
    "alignment_start_epoch": 1,
    "alignment_ramp_epochs": 0
  }
}