{
  "seed": 1024,
  "ablation": "full",
  "mimic_version": 3,
  "mimic4_full": false,
  "cohort_tag": "mimic3",
  "best_val_jaccard": 0.5607742071151733,
  "test_metrics": {
    "Jaccard": 0.5630725622177124,
    "F1": 0.7127630710601807,
    "PRAUC": 0.7949187750201937,
    "DDI Rate": 0.07898863483624308,
    "Avg Meds": 21.029680252075195,
    "Avg True Meds": 19.807077407836914,
    "Precision": 0.6974812150001526,
    "Recall": 0.7517752051353455,
    "NHJ_new": 0.29760358801909853,
    "NHJ_dropped": 0.3622969261237553,
    "CVR": 0.0
  },
  "data_diagnostics": {
    "split_mode_requested": "hidr_vita",
    "require_cohort_split": false,
    "split_source": "hidr_vita_sequential",
    "split_seed_used": "n/a",
    "split_patient_counts": {
      "train": 4233,
      "val": 1059,
      "test": 1058
    },
    "split_example_counts": {
      "train": 3707,
      "val": 859,
      "test": 876
    },
    "ddi_density": 0.05261303581914269,
    "ddi_upper_pairs": 448,
    "ddi_total_pairs": 8515,
    "loaded_artifacts": {
      "records": "data/processed/records_final.pkl",
      "cohort": "data/processed/cohort_mimic3.pkl",
      "ddi": "data/processed/ddi_A_final.pkl",
      "ehr": "data/processed/ehr_adj_final.pkl",
      "embeddings": "data/embeddings/code_embeddings.pt",
      "notes": "data/processed/note_embeddings_mimic3.pkl",
      "labs": "data/processed/lab_vectors_200labs.pkl"
    }
  },
  "param_counts": {
    "visit_encoder": {
      "total": 5108993,
      "trainable": 2507009
    },
    "fusion": {
      "total": 423808,
      "trainable": 423808
    },
    "drug_gnn": {
      "total": 395008,
      "trainable": 395008
    },
    "predictor": {
      "total": 1613513,
      "trainable": 1423943
    },
    "model_total": {
      "total": 7804490,
      "trainable": 5012936
    }
  },
  "threshold_sweep": {
    "0.4": {
      "Jaccard": 0.563431,
      "Avg Meds": 21.97146,
      "Avg True Meds": 19.807077,
      "DDI Rate": 0.078557
    },
    "0.45": {
      "Jaccard": 0.563477,
      "Avg Meds": 21.509132,
      "Avg True Meds": 19.807077,
      "DDI Rate": 0.078891
    },
    "0.5": {
      "Jaccard": 0.563073,
      "Avg Meds": 21.02968,
      "Avg True Meds": 19.807077,
      "DDI Rate": 0.078989
    },
    "0.55": {
      "Jaccard": 0.563777,
      "Avg Meds": 20.552511,
      "Avg True Meds": 19.807077,
      "DDI Rate": 0.079023
    },
    "0.6": {
      "Jaccard": 0.562039,
      "Avg Meds": 20.110731,
      "Avg True Meds": 19.807077,
      "DDI Rate": 0.079139
    },
    "0.65": {
      "Jaccard": 0.560805,
      "Avg Meds": 19.642694,
      "Avg True Meds": 19.807077,
      "DDI Rate": 0.079477
    },
    "0.7": {
      "Jaccard": 0.558865,
      "Avg Meds": 19.159817,
      "Avg True Meds": 19.807077,
      "DDI Rate": 0.079615
    },
    "0.75": {
      "Jaccard": 0.5567,
      "Avg Meds": 18.665525,
      "Avg True Meds": 19.807077,
      "DDI Rate": 0.079888
    }
  },
  "calibrated_threshold": 0.65,
  "calibrated_metrics": {
    "Jaccard": 0.560805,
    "Avg Meds": 19.642694,
    "Avg True Meds": 19.807077,
    "DDI Rate": 0.079477
  },
  "config": {
    "hidden_dim": 256,
    "use_notes": true,
    "use_labs": true,
    "use_copy": true,
    "fusion_strategy": "film",
    "lab_dim": 400,
    "pos_weight_cap": 5.0,
    "use_cosine_lr": false,
    "contrastive_weight": 0.0,
    "margin_loss_weight": 0.0,
    "alignment_loss_weight": 0.1,
    "alignment_start_epoch": 1,
    "alignment_ramp_epochs": 0
  }
}