{
  "seed": 123,
  "ablation": "full",
  "mimic_version": 3,
  "mimic4_full": false,
  "cohort_tag": "mimic3",
  "best_val_jaccard": 0.541425347328186,
  "test_metrics": {
    "Jaccard": 0.5411046743392944,
    "F1": 0.6944842338562012,
    "PRAUC": 0.7834764820167769,
    "DDI Rate": 0.07836144946254346,
    "Avg Meds": 22.1641788482666,
    "Avg True Meds": 19.90132713317871,
    "Precision": 0.6690971255302429,
    "Recall": 0.747424304485321,
    "NHJ_new": 0.28539412586312546,
    "NHJ_dropped": 0.36995238849991247,
    "CVR": 0.0
  },
  "data_diagnostics": {
    "split_mode_requested": "hidr_vita",
    "require_cohort_split": false,
    "split_source": "hidr_vita_sequential",
    "split_seed_used": "n/a",
    "split_patient_counts": {
      "train": 4233,
      "val": 1059,
      "test": 1058
    },
    "split_example_counts": {
      "train": 6256,
      "val": 1220,
      "test": 1206
    },
    "ddi_density": 0.05261303581914269,
    "ddi_upper_pairs": 448,
    "ddi_total_pairs": 8515,
    "loaded_artifacts": {
      "records": "data/processed/records_final.pkl",
      "cohort": "data/processed/cohort_mimic3.pkl",
      "ddi": "data/processed/ddi_A_final.pkl",
      "ehr": "data/processed/ehr_adj_final.pkl",
      "embeddings": "data/embeddings/code_embeddings.pt",
      "labs": "data/processed/lab_vectors_200labs.pkl"
    }
  },
  "param_counts": {
    "visit_encoder": {
      "total": 4649474,
      "trainable": 2047490
    },
    "fusion": {
      "total": 423808,
      "trainable": 423808
    },
    "drug_gnn": {
      "total": 1151776,
      "trainable": 1151776
    },
    "predictor": {
      "total": 304454,
      "trainable": 304453
    },
    "model_total": {
      "total": 6792680,
      "trainable": 4190695
    }
  },
  "threshold_sweep": {
    "0.4": {
      "Jaccard": 0.536284,
      "Avg Meds": 24.001657,
      "Avg True Meds": 19.901327,
      "DDI Rate": 0.077943
    },
    "0.45": {
      "Jaccard": 0.540171,
      "Avg Meds": 23.061359,
      "Avg True Meds": 19.901327,
      "DDI Rate": 0.078114
    },
    "0.5": {
      "Jaccard": 0.541105,
      "Avg Meds": 22.164179,
      "Avg True Meds": 19.901327,
      "DDI Rate": 0.078361
    },
    "0.55": {
      "Jaccard": 0.54108,
      "Avg Meds": 21.347429,
      "Avg True Meds": 19.901327,
      "DDI Rate": 0.07886
    },
    "0.6": {
      "Jaccard": 0.540196,
      "Avg Meds": 20.504974,
      "Avg True Meds": 19.901327,
      "DDI Rate": 0.079032
    },
    "0.65": {
      "Jaccard": 0.537205,
      "Avg Meds": 19.623549,
      "Avg True Meds": 19.901327,
      "DDI Rate": 0.078954
    },
    "0.7": {
      "Jaccard": 0.533509,
      "Avg Meds": 18.763681,
      "Avg True Meds": 19.901327,
      "DDI Rate": 0.079149
    },
    "0.75": {
      "Jaccard": 0.528874,
      "Avg Meds": 17.849089,
      "Avg True Meds": 19.901327,
      "DDI Rate": 0.079778
    }
  },
  "calibrated_threshold": 0.65,
  "calibrated_metrics": {
    "Jaccard": 0.537205,
    "Avg Meds": 19.623549,
    "Avg True Meds": 19.901327,
    "DDI Rate": 0.078954
  },
  "config": {
    "hidden_dim": 256,
    "use_notes": false,
    "use_labs": true,
    "use_copy": false,
    "fusion_strategy": "film",
    "lab_dim": 400,
    "pos_weight_cap": 5.0,
    "use_cosine_lr": false,
    "contrastive_weight": 0.0,
    "margin_loss_weight": 0.0,
    "alignment_loss_weight": 0.1,
    "alignment_start_epoch": 1,
    "alignment_ramp_epochs": 0
  }
}