{
  "seed": 42,
  "ablation": "full",
  "mimic_version": 3,
  "mimic4_full": false,
  "cohort_tag": "mimic3",
  "best_val_jaccard": 0.5628079771995544,
  "test_metrics": {
    "Jaccard": 0.5594249367713928,
    "F1": 0.7101569175720215,
    "PRAUC": 0.7962235831920379,
    "DDI Rate": 0.07950339054418391,
    "Avg Meds": 22.336650848388672,
    "Avg True Meds": 19.90132713317871,
    "Precision": 0.6797077655792236,
    "Recall": 0.7678822875022888,
    "NHJ_new": 0.28394525772646856,
    "NHJ_dropped": 0.2901929342433026,
    "CVR": 0.0
  },
  "data_diagnostics": {
    "split_mode_requested": "hidr_vita",
    "require_cohort_split": false,
    "split_source": "hidr_vita_sequential",
    "split_seed_used": "n/a",
    "split_patient_counts": {
      "train": 4233,
      "val": 1059,
      "test": 1058
    },
    "split_example_counts": {
      "train": 6256,
      "val": 1220,
      "test": 1206
    },
    "ddi_density": 0.05261303581914269,
    "ddi_upper_pairs": 448,
    "ddi_total_pairs": 8515,
    "loaded_artifacts": {
      "records": "data/processed/records_final.pkl",
      "cohort": "data/processed/cohort_mimic3.pkl",
      "ddi": "data/processed/ddi_A_final.pkl",
      "ehr": "data/processed/ehr_adj_final.pkl",
      "embeddings": "data/embeddings/code_embeddings.pt",
      "notes": "data/processed/note_embeddings_mimic3.pkl",
      "labs": "data/processed/lab_vectors_200labs.pkl"
    }
  },
  "param_counts": {
    "visit_encoder": {
      "total": 5762817,
      "trainable": 3160833
    },
    "fusion": {
      "total": 423808,
      "trainable": 423808
    },
    "drug_gnn": {
      "total": 1974080,
      "trainable": 1974080
    },
    "predictor": {
      "total": 559560,
      "trainable": 559560
    },
    "model_total": {
      "total": 8983433,
      "trainable": 6381449
    }
  },
  "threshold_sweep": {
    "0.4": {
      "Jaccard": 0.556805,
      "Avg Meds": 23.990049,
      "Avg True Meds": 19.901327,
      "DDI Rate": 0.079483
    },
    "0.45": {
      "Jaccard": 0.558425,
      "Avg Meds": 23.140963,
      "Avg True Meds": 19.901327,
      "DDI Rate": 0.079681
    },
    "0.5": {
      "Jaccard": 0.559425,
      "Avg Meds": 22.336651,
      "Avg True Meds": 19.901327,
      "DDI Rate": 0.079503
    },
    "0.55": {
      "Jaccard": 0.560469,
      "Avg Meds": 21.552238,
      "Avg True Meds": 19.901327,
      "DDI Rate": 0.079695
    },
    "0.6": {
      "Jaccard": 0.55964,
      "Avg Meds": 20.810116,
      "Avg True Meds": 19.901327,
      "DDI Rate": 0.079469
    },
    "0.65": {
      "Jaccard": 0.558083,
      "Avg Meds": 20.050581,
      "Avg True Meds": 19.901327,
      "DDI Rate": 0.079463
    },
    "0.7": {
      "Jaccard": 0.55489,
      "Avg Meds": 19.271973,
      "Avg True Meds": 19.901327,
      "DDI Rate": 0.078841
    },
    "0.75": {
      "Jaccard": 0.550993,
      "Avg Meds": 18.407961,
      "Avg True Meds": 19.901327,
      "DDI Rate": 0.078915
    }
  },
  "calibrated_threshold": 0.65,
  "calibrated_metrics": {
    "Jaccard": 0.558083,
    "Avg Meds": 20.050581,
    "Avg True Meds": 19.901327,
    "DDI Rate": 0.079463
  },
  "config": {
    "hidden_dim": 256,
    "use_notes": true,
    "use_labs": true,
    "use_copy": true,
    "fusion_strategy": "film",
    "lab_dim": 400,
    "pos_weight_cap": 5.0,
    "use_cosine_lr": false,
    "contrastive_weight": 0.0,
    "margin_loss_weight": 0.0,
    "alignment_loss_weight": 0.1,
    "alignment_start_epoch": 1,
    "alignment_ramp_epochs": 0
  }
}