{
  "seed": 42,
  "ablation": "full",
  "mimic_version": 3,
  "mimic4_full": false,
  "cohort_tag": "mimic3",
  "best_val_jaccard": 0.5535021424293518,
  "test_metrics": {
    "Jaccard": 0.5495286583900452,
    "F1": 0.7020845413208008,
    "PRAUC": 0.7896790845518264,
    "DDI Rate": 0.07851429949731113,
    "Avg Meds": 23.94112777709961,
    "Avg True Meds": 19.90132713317871,
    "Precision": 0.6509153246879578,
    "Recall": 0.7874825596809387,
    "NHJ_new": 0.27833014569784464,
    "NHJ_dropped": 0.21266704719317586,
    "CVR": 0.0
  },
  "data_diagnostics": {
    "split_mode_requested": "hidr_vita",
    "require_cohort_split": false,
    "split_source": "hidr_vita_sequential",
    "split_seed_used": "n/a",
    "split_patient_counts": {
      "train": 4233,
      "val": 1059,
      "test": 1058
    },
    "split_example_counts": {
      "train": 6256,
      "val": 1220,
      "test": 1206
    },
    "ddi_density": 0.05261303581914269,
    "ddi_upper_pairs": 448,
    "ddi_total_pairs": 8515,
    "loaded_artifacts": {
      "records": "data/processed/records_final.pkl",
      "cohort": "data/processed/cohort_mimic3.pkl",
      "ddi": "data/processed/ddi_A_final.pkl",
      "ehr": "data/processed/ehr_adj_final.pkl",
      "embeddings": "data/embeddings/code_embeddings.pt",
      "notes": "data/processed/note_embeddings_mimic3.pkl",
      "labs": "data/processed/lab_vectors_200labs.pkl"
    }
  },
  "param_counts": {
    "visit_encoder": {
      "total": 4583681,
      "trainable": 1981697
    },
    "fusion": {
      "total": 423808,
      "trainable": 423808
    },
    "drug_gnn": {
      "total": 1974080,
      "trainable": 1974080
    },
    "predictor": {
      "total": 817544,
      "trainable": 817542
    },
    "model_total": {
      "total": 8062281,
      "trainable": 5460295
    }
  },
  "threshold_sweep": {
    "0.4": {
      "Jaccard": 0.54012,
      "Avg Meds": 26.343283,
      "Avg True Meds": 19.901327,
      "DDI Rate": 0.079695
    },
    "0.45": {
      "Jaccard": 0.546421,
      "Avg Meds": 25.065506,
      "Avg True Meds": 19.901327,
      "DDI Rate": 0.078648
    },
    "0.5": {
      "Jaccard": 0.549529,
      "Avg Meds": 23.941128,
      "Avg True Meds": 19.901327,
      "DDI Rate": 0.078514
    },
    "0.55": {
      "Jaccard": 0.552253,
      "Avg Meds": 22.881426,
      "Avg True Meds": 19.901327,
      "DDI Rate": 0.078382
    },
    "0.6": {
      "Jaccard": 0.55417,
      "Avg Meds": 21.851576,
      "Avg True Meds": 19.901327,
      "DDI Rate": 0.078644
    },
    "0.65": {
      "Jaccard": 0.553945,
      "Avg Meds": 20.810116,
      "Avg True Meds": 19.901327,
      "DDI Rate": 0.07833
    },
    "0.7": {
      "Jaccard": 0.551285,
      "Avg Meds": 19.766169,
      "Avg True Meds": 19.901327,
      "DDI Rate": 0.077583
    },
    "0.75": {
      "Jaccard": 0.543434,
      "Avg Meds": 18.57214,
      "Avg True Meds": 19.901327,
      "DDI Rate": 0.077707
    }
  },
  "calibrated_threshold": 0.7,
  "calibrated_metrics": {
    "Jaccard": 0.551285,
    "Avg Meds": 19.766169,
    "Avg True Meds": 19.901327,
    "DDI Rate": 0.077583
  },
  "config": {
    "hidden_dim": 256,
    "use_notes": true,
    "use_labs": true,
    "use_copy": true,
    "fusion_strategy": "film",
    "lab_dim": 400,
    "pos_weight_cap": 5.0,
    "use_cosine_lr": false,
    "contrastive_weight": 0.0,
    "margin_loss_weight": 0.0,
    "alignment_loss_weight": 0.1,
    "alignment_start_epoch": 1,
    "alignment_ramp_epochs": 0
  }
}