{
  "seed": 789,
  "ablation": "full",
  "mimic_version": 3,
  "mimic4_full": false,
  "cohort_tag": "mimic3",
  "best_val_jaccard": 0.5171871185302734,
  "test_metrics": {
    "Jaccard": 0.5211461782455444,
    "F1": 0.6771779656410217,
    "PRAUC": 0.7626348901637007,
    "DDI Rate": 0.08239390083932499,
    "Avg Meds": 22.32172393798828,
    "Avg True Meds": 19.90132713317871,
    "Precision": 0.6539279222488403,
    "Recall": 0.7465396523475647,
    "NHJ_new": 0.2193148175352498,
    "NHJ_dropped": 0.22930468305161125,
    "CVR": 0.0
  },
  "data_diagnostics": {
    "split_mode_requested": "hidr_vita",
    "require_cohort_split": false,
    "split_source": "hidr_vita_sequential",
    "split_seed_used": "n/a",
    "split_patient_counts": {
      "train": 4233,
      "val": 1059,
      "test": 1058
    },
    "split_example_counts": {
      "train": 6256,
      "val": 1220,
      "test": 1206
    },
    "ddi_density": 0.05261303581914269,
    "ddi_upper_pairs": 448,
    "ddi_total_pairs": 8515,
    "loaded_artifacts": {
      "records": "data/processed/records_final.pkl",
      "cohort": "data/processed/cohort_mimic3.pkl",
      "ddi": "data/processed/ddi_A_final.pkl",
      "ehr": "data/processed/ehr_adj_final.pkl",
      "embeddings": "data/embeddings/code_embeddings.pt"
    }
  },
  "param_counts": {
    "visit_encoder": {
      "total": 5108993,
      "trainable": 2507009
    },
    "drug_gnn": {
      "total": 395008,
      "trainable": 395008
    },
    "predictor": {
      "total": 1316359,
      "trainable": 1316357
    },
    "model_total": {
      "total": 7083528,
      "trainable": 4481542
    }
  },
  "threshold_sweep": {
    "0.4": {
      "Jaccard": 0.520092,
      "Avg Meds": 23.207296,
      "Avg True Meds": 19.901327,
      "DDI Rate": 0.080703
    },
    "0.45": {
      "Jaccard": 0.520771,
      "Avg Meds": 22.765341,
      "Avg True Meds": 19.901327,
      "DDI Rate": 0.081533
    },
    "0.5": {
      "Jaccard": 0.521146,
      "Avg Meds": 22.321724,
      "Avg True Meds": 19.901327,
      "DDI Rate": 0.082394
    },
    "0.55": {
      "Jaccard": 0.521061,
      "Avg Meds": 21.907131,
      "Avg True Meds": 19.901327,
      "DDI Rate": 0.083138
    },
    "0.6": {
      "Jaccard": 0.520406,
      "Avg Meds": 21.481758,
      "Avg True Meds": 19.901327,
      "DDI Rate": 0.084118
    },
    "0.65": {
      "Jaccard": 0.519001,
      "Avg Meds": 21.063019,
      "Avg True Meds": 19.901327,
      "DDI Rate": 0.084973
    },
    "0.7": {
      "Jaccard": 0.517536,
      "Avg Meds": 20.595356,
      "Avg True Meds": 19.901327,
      "DDI Rate": 0.086204
    },
    "0.75": {
      "Jaccard": 0.516038,
      "Avg Meds": 20.052238,
      "Avg True Meds": 19.901327,
      "DDI Rate": 0.087211
    }
  },
  "calibrated_threshold": 0.75,
  "calibrated_metrics": {
    "Jaccard": 0.516038,
    "Avg Meds": 20.052238,
    "Avg True Meds": 19.901327,
    "DDI Rate": 0.087211
  },
  "config": {
    "hidden_dim": 256,
    "use_notes": false,
    "use_labs": false,
    "use_copy": false,
    "fusion_strategy": "film",
    "lab_dim": 0,
    "pos_weight_cap": 5.0,
    "use_cosine_lr": false,
    "contrastive_weight": 0.0,
    "margin_loss_weight": 0.0,
    "alignment_loss_weight": 0.1,
    "alignment_start_epoch": 1,
    "alignment_ramp_epochs": 0
  }
}