{
  "seed": 456,
  "ablation": "full",
  "mimic_version": 3,
  "mimic4_full": false,
  "cohort_tag": "mimic3",
  "best_val_jaccard": 0.5462930798530579,
  "test_metrics": {
    "Jaccard": 0.5473214387893677,
    "F1": 0.7000924944877625,
    "PRAUC": 0.7872447553320474,
    "DDI Rate": 0.08162648040151609,
    "Avg Meds": 22.179933547973633,
    "Avg True Meds": 19.90132713317871,
    "Precision": 0.6738779544830322,
    "Recall": 0.7517102956771851,
    "NHJ_new": 0.2985862258233522,
    "NHJ_dropped": 0.40471299855332626,
    "CVR": 0.0
  },
  "data_diagnostics": {
    "split_mode_requested": "hidr_vita",
    "require_cohort_split": false,
    "split_source": "hidr_vita_sequential",
    "split_seed_used": "n/a",
    "split_patient_counts": {
      "train": 4233,
      "val": 1059,
      "test": 1058
    },
    "split_example_counts": {
      "train": 6256,
      "val": 1220,
      "test": 1206
    },
    "ddi_density": 0.05261303581914269,
    "ddi_upper_pairs": 448,
    "ddi_total_pairs": 8515,
    "loaded_artifacts": {
      "records": "data/processed/records_final.pkl",
      "cohort": "data/processed/cohort_mimic3.pkl",
      "ddi": "data/processed/ddi_A_final.pkl",
      "ehr": "data/processed/ehr_adj_final.pkl",
      "embeddings": "data/embeddings/code_embeddings.pt",
      "notes": "data/processed/note_embeddings_mimic3.pkl",
      "labs": "data/processed/lab_vectors_200labs.pkl"
    }
  },
  "param_counts": {
    "visit_encoder": {
      "total": 4583681,
      "trainable": 1981697
    },
    "fusion": {
      "total": 423808,
      "trainable": 423808
    },
    "drug_gnn": {
      "total": 1974080,
      "trainable": 1974080
    },
    "predictor": {
      "total": 1054152,
      "trainable": 864582
    },
    "model_total": {
      "total": 8298889,
      "trainable": 5507335
    }
  },
  "threshold_sweep": {
    "0.4": {
      "Jaccard": 0.542283,
      "Avg Meds": 24.092039,
      "Avg True Meds": 19.901327,
      "DDI Rate": 0.081244
    },
    "0.45": {
      "Jaccard": 0.545121,
      "Avg Meds": 23.108624,
      "Avg True Meds": 19.901327,
      "DDI Rate": 0.081615
    },
    "0.5": {
      "Jaccard": 0.547321,
      "Avg Meds": 22.179934,
      "Avg True Meds": 19.901327,
      "DDI Rate": 0.081626
    },
    "0.55": {
      "Jaccard": 0.547923,
      "Avg Meds": 21.325871,
      "Avg True Meds": 19.901327,
      "DDI Rate": 0.08185
    },
    "0.6": {
      "Jaccard": 0.546713,
      "Avg Meds": 20.48922,
      "Avg True Meds": 19.901327,
      "DDI Rate": 0.081927
    },
    "0.65": {
      "Jaccard": 0.545335,
      "Avg Meds": 19.645937,
      "Avg True Meds": 19.901327,
      "DDI Rate": 0.082326
    },
    "0.7": {
      "Jaccard": 0.54191,
      "Avg Meds": 18.802654,
      "Avg True Meds": 19.901327,
      "DDI Rate": 0.082864
    },
    "0.75": {
      "Jaccard": 0.535064,
      "Avg Meds": 17.867331,
      "Avg True Meds": 19.901327,
      "DDI Rate": 0.082879
    }
  },
  "calibrated_threshold": 0.65,
  "calibrated_metrics": {
    "Jaccard": 0.545335,
    "Avg Meds": 19.645937,
    "Avg True Meds": 19.901327,
    "DDI Rate": 0.082326
  },
  "config": {
    "hidden_dim": 256,
    "use_notes": true,
    "use_labs": true,
    "use_copy": true,
    "fusion_strategy": "film",
    "lab_dim": 400,
    "pos_weight_cap": 5.0,
    "use_cosine_lr": false,
    "contrastive_weight": 0.0,
    "margin_loss_weight": 0.0,
    "alignment_loss_weight": 0.1,
    "alignment_start_epoch": 1,
    "alignment_ramp_epochs": 0
  }
}