{
  "seed": 42,
  "ablation": "full",
  "mimic_version": 3,
  "mimic4_full": false,
  "cohort_tag": "mimic3",
  "best_val_jaccard": 0.524458110332489,
  "test_metrics": {
    "Jaccard": 0.5252149105072021,
    "F1": 0.6809276938438416,
    "PRAUC": 0.7671187617324479,
    "DDI Rate": 0.08578710940250377,
    "Avg Meds": 21.133499145507812,
    "Avg True Meds": 19.90132713317871,
    "Precision": 0.671582818031311,
    "Recall": 0.7167065739631653,
    "NHJ_new": 0.27481969877293233,
    "NHJ_dropped": 0.39164742199998154,
    "CVR": 0.0
  },
  "data_diagnostics": {
    "split_mode_requested": "hidr_vita",
    "require_cohort_split": false,
    "split_source": "hidr_vita_sequential",
    "split_seed_used": "n/a",
    "split_patient_counts": {
      "train": 4233,
      "val": 1059,
      "test": 1058
    },
    "split_example_counts": {
      "train": 6256,
      "val": 1220,
      "test": 1206
    },
    "ddi_density": 0.05261303581914269,
    "ddi_upper_pairs": 448,
    "ddi_total_pairs": 8515,
    "loaded_artifacts": {
      "records": "data/processed/records_final.pkl",
      "cohort": "data/processed/cohort_mimic3.pkl",
      "ddi": "data/processed/ddi_A_final.pkl",
      "ehr": "data/processed/ehr_adj_final.pkl",
      "embeddings": "data/embeddings/code_embeddings.pt",
      "labs": "data/processed/lab_vectors_200labs.pkl"
    }
  },
  "param_counts": {
    "visit_encoder": {
      "total": 3990529,
      "trainable": 1388545
    },
    "fusion": {
      "total": 423808,
      "trainable": 423808
    },
    "drug_gnn": {
      "total": 1974080,
      "trainable": 1974080
    },
    "predictor": {
      "total": 304454,
      "trainable": 304453
    },
    "model_total": {
      "total": 6956039,
      "trainable": 4354054
    }
  },
  "threshold_sweep": {
    "0.4": {
      "Jaccard": 0.524109,
      "Avg Meds": 22.912935,
      "Avg True Meds": 19.901327,
      "DDI Rate": 0.0853
    },
    "0.45": {
      "Jaccard": 0.525331,
      "Avg Meds": 22.01078,
      "Avg True Meds": 19.901327,
      "DDI Rate": 0.085719
    },
    "0.5": {
      "Jaccard": 0.525215,
      "Avg Meds": 21.133499,
      "Avg True Meds": 19.901327,
      "DDI Rate": 0.085787
    },
    "0.55": {
      "Jaccard": 0.525839,
      "Avg Meds": 20.315092,
      "Avg True Meds": 19.901327,
      "DDI Rate": 0.085825
    },
    "0.6": {
      "Jaccard": 0.525073,
      "Avg Meds": 19.49917,
      "Avg True Meds": 19.901327,
      "DDI Rate": 0.0859
    },
    "0.65": {
      "Jaccard": 0.522354,
      "Avg Meds": 18.694859,
      "Avg True Meds": 19.901327,
      "DDI Rate": 0.085843
    },
    "0.7": {
      "Jaccard": 0.518271,
      "Avg Meds": 17.873964,
      "Avg True Meds": 19.901327,
      "DDI Rate": 0.085773
    },
    "0.75": {
      "Jaccard": 0.512049,
      "Avg Meds": 16.984245,
      "Avg True Meds": 19.901327,
      "DDI Rate": 0.086087
    }
  },
  "calibrated_threshold": 0.6,
  "calibrated_metrics": {
    "Jaccard": 0.525073,
    "Avg Meds": 19.49917,
    "Avg True Meds": 19.901327,
    "DDI Rate": 0.0859
  },
  "config": {
    "hidden_dim": 256,
    "use_notes": false,
    "use_labs": true,
    "use_copy": false,
    "fusion_strategy": "film",
    "lab_dim": 400,
    "pos_weight_cap": 5.0,
    "use_cosine_lr": false,
    "contrastive_weight": 0.0,
    "margin_loss_weight": 0.0,
    "alignment_loss_weight": 0.1,
    "alignment_start_epoch": 1,
    "alignment_ramp_epochs": 0
  }
}