{
  "seed": 123,
  "ablation": "full",
  "mimic_version": 3,
  "mimic4_full": false,
  "cohort_tag": "mimic3",
  "best_val_jaccard": 0.5645760893821716,
  "test_metrics": {
    "Jaccard": 0.561616063117981,
    "F1": 0.7118443250656128,
    "PRAUC": 0.7971408622700682,
    "DDI Rate": 0.07972318932320514,
    "Avg Meds": 21.699005126953125,
    "Avg True Meds": 19.90132713317871,
    "Precision": 0.691346287727356,
    "Recall": 0.7558684945106506,
    "NHJ_new": 0.277304387406299,
    "NHJ_dropped": 0.3053128044856222,
    "CVR": 0.0
  },
  "data_diagnostics": {
    "split_mode_requested": "hidr_vita",
    "require_cohort_split": false,
    "split_source": "hidr_vita_sequential",
    "split_seed_used": "n/a",
    "split_patient_counts": {
      "train": 4233,
      "val": 1059,
      "test": 1058
    },
    "split_example_counts": {
      "train": 6256,
      "val": 1220,
      "test": 1206
    },
    "ddi_density": 0.05261303581914269,
    "ddi_upper_pairs": 448,
    "ddi_total_pairs": 8515,
    "loaded_artifacts": {
      "records": "data/processed/records_final.pkl",
      "cohort": "data/processed/cohort_mimic3.pkl",
      "ddi": "data/processed/ddi_A_final.pkl",
      "ehr": "data/processed/ehr_adj_final.pkl",
      "embeddings": "data/embeddings/code_embeddings.pt",
      "notes": "data/processed/note_embeddings_mimic3.pkl",
      "labs": "data/processed/lab_vectors_200labs.pkl"
    }
  },
  "param_counts": {
    "visit_encoder": {
      "total": 6292225,
      "trainable": 3690241
    },
    "fusion": {
      "total": 423808,
      "trainable": 423808
    },
    "drug_gnn": {
      "total": 1974080,
      "trainable": 1974080
    },
    "predictor": {
      "total": 559560,
      "trainable": 559560
    },
    "model_total": {
      "total": 9512841,
      "trainable": 6910857
    }
  },
  "threshold_sweep": {
    "0.4": {
      "Jaccard": 0.559108,
      "Avg Meds": 23.291874,
      "Avg True Meds": 19.901327,
      "DDI Rate": 0.08008
    },
    "0.45": {
      "Jaccard": 0.560133,
      "Avg Meds": 22.441128,
      "Avg True Meds": 19.901327,
      "DDI Rate": 0.079739
    },
    "0.5": {
      "Jaccard": 0.561616,
      "Avg Meds": 21.699005,
      "Avg True Meds": 19.901327,
      "DDI Rate": 0.079723
    },
    "0.55": {
      "Jaccard": 0.560864,
      "Avg Meds": 20.949419,
      "Avg True Meds": 19.901327,
      "DDI Rate": 0.07959
    },
    "0.6": {
      "Jaccard": 0.559277,
      "Avg Meds": 20.21559,
      "Avg True Meds": 19.901327,
      "DDI Rate": 0.079586
    },
    "0.65": {
      "Jaccard": 0.556338,
      "Avg Meds": 19.46932,
      "Avg True Meds": 19.901327,
      "DDI Rate": 0.07955
    },
    "0.7": {
      "Jaccard": 0.551631,
      "Avg Meds": 18.693201,
      "Avg True Meds": 19.901327,
      "DDI Rate": 0.079267
    },
    "0.75": {
      "Jaccard": 0.546844,
      "Avg Meds": 17.806799,
      "Avg True Meds": 19.901327,
      "DDI Rate": 0.078724
    }
  },
  "calibrated_threshold": 0.6,
  "calibrated_metrics": {
    "Jaccard": 0.559277,
    "Avg Meds": 20.21559,
    "Avg True Meds": 19.901327,
    "DDI Rate": 0.079586
  },
  "config": {
    "hidden_dim": 256,
    "use_notes": true,
    "use_labs": true,
    "use_copy": true,
    "fusion_strategy": "film",
    "lab_dim": 400,
    "pos_weight_cap": 5.0,
    "use_cosine_lr": false,
    "contrastive_weight": 0.0,
    "margin_loss_weight": 0.0,
    "alignment_loss_weight": 0.1,
    "alignment_start_epoch": 1,
    "alignment_ramp_epochs": 0
  }
}