{
  "seed": 42,
  "ablation": "full",
  "mimic_version": 3,
  "mimic4_full": false,
  "cohort_tag": "mimic3",
  "best_val_jaccard": 0.5019910335540771,
  "test_metrics": {
    "Jaccard": 0.5049218535423279,
    "F1": 0.6630879640579224,
    "PRAUC": 0.7554733797471856,
    "DDI Rate": 0.08623251262872596,
    "Avg Meds": 23.211442947387695,
    "Avg True Meds": 19.90132713317871,
    "Precision": 0.6318541169166565,
    "Recall": 0.7434126734733582,
    "NHJ_new": 0.24107661608018374,
    "NHJ_dropped": 0.29954460655388077,
    "CVR": 0.0
  },
  "data_diagnostics": {
    "split_mode_requested": "hidr_vita",
    "require_cohort_split": false,
    "split_source": "hidr_vita_sequential",
    "split_seed_used": "n/a",
    "split_patient_counts": {
      "train": 4233,
      "val": 1059,
      "test": 1058
    },
    "split_example_counts": {
      "train": 6256,
      "val": 1220,
      "test": 1206
    },
    "ddi_density": 0.05261303581914269,
    "ddi_upper_pairs": 448,
    "ddi_total_pairs": 8515,
    "loaded_artifacts": {
      "records": "data/processed/records_final.pkl",
      "cohort": "data/processed/cohort_mimic3.pkl",
      "ddi": "data/processed/ddi_A_final.pkl",
      "ehr": "data/processed/ehr_adj_final.pkl",
      "embeddings": "data/embeddings/code_embeddings.pt"
    }
  },
  "param_counts": {
    "visit_encoder": {
      "total": 4649474,
      "trainable": 2047490
    },
    "drug_gnn": {
      "total": 295936,
      "trainable": 295936
    },
    "predictor": {
      "total": 262406,
      "trainable": 262404
    },
    "model_total": {
      "total": 5470984,
      "trainable": 2868998
    }
  },
  "threshold_sweep": {
    "0.4": {
      "Jaccard": 0.500121,
      "Avg Meds": 25.441957,
      "Avg True Meds": 19.901327,
      "DDI Rate": 0.08375
    },
    "0.45": {
      "Jaccard": 0.503645,
      "Avg Meds": 24.283583,
      "Avg True Meds": 19.901327,
      "DDI Rate": 0.084957
    },
    "0.5": {
      "Jaccard": 0.504922,
      "Avg Meds": 23.211443,
      "Avg True Meds": 19.901327,
      "DDI Rate": 0.086233
    },
    "0.55": {
      "Jaccard": 0.504848,
      "Avg Meds": 22.217247,
      "Avg True Meds": 19.901327,
      "DDI Rate": 0.087459
    },
    "0.6": {
      "Jaccard": 0.505579,
      "Avg Meds": 21.203152,
      "Avg True Meds": 19.901327,
      "DDI Rate": 0.088725
    },
    "0.65": {
      "Jaccard": 0.506442,
      "Avg Meds": 20.222221,
      "Avg True Meds": 19.901327,
      "DDI Rate": 0.089672
    },
    "0.7": {
      "Jaccard": 0.503679,
      "Avg Meds": 19.192371,
      "Avg True Meds": 19.901327,
      "DDI Rate": 0.090995
    },
    "0.75": {
      "Jaccard": 0.500365,
      "Avg Meds": 18.180763,
      "Avg True Meds": 19.901327,
      "DDI Rate": 0.091508
    }
  },
  "calibrated_threshold": 0.65,
  "calibrated_metrics": {
    "Jaccard": 0.506442,
    "Avg Meds": 20.222221,
    "Avg True Meds": 19.901327,
    "DDI Rate": 0.089672
  },
  "config": {
    "hidden_dim": 256,
    "use_notes": false,
    "use_labs": false,
    "use_copy": false,
    "fusion_strategy": "film",
    "lab_dim": 0,
    "pos_weight_cap": 5.0,
    "use_cosine_lr": false,
    "contrastive_weight": 0.0,
    "margin_loss_weight": 0.0,
    "alignment_loss_weight": 0.1,
    "alignment_start_epoch": 1,
    "alignment_ramp_epochs": 0
  }
}