{
  "seed": 456,
  "ablation": "full",
  "mimic_version": 3,
  "mimic4_full": false,
  "cohort_tag": "mimic3",
  "best_val_jaccard": 0.5428420901298523,
  "test_metrics": {
    "Jaccard": 0.538356602191925,
    "F1": 0.6921270489692688,
    "PRAUC": 0.7823104111005517,
    "DDI Rate": 0.08386373177824698,
    "Avg Meds": 22.538970947265625,
    "Avg True Meds": 19.90132713317871,
    "Precision": 0.6632412075996399,
    "Recall": 0.750970721244812,
    "NHJ_new": 0.28105495007414566,
    "NHJ_dropped": 0.3685650009857981,
    "CVR": 0.0
  },
  "data_diagnostics": {
    "split_mode_requested": "hidr_vita",
    "require_cohort_split": false,
    "split_source": "hidr_vita_sequential",
    "split_seed_used": "n/a",
    "split_patient_counts": {
      "train": 4233,
      "val": 1059,
      "test": 1058
    },
    "split_example_counts": {
      "train": 6256,
      "val": 1220,
      "test": 1206
    },
    "ddi_density": 0.05261303581914269,
    "ddi_upper_pairs": 448,
    "ddi_total_pairs": 8515,
    "loaded_artifacts": {
      "records": "data/processed/records_final.pkl",
      "cohort": "data/processed/cohort_mimic3.pkl",
      "ddi": "data/processed/ddi_A_final.pkl",
      "ehr": "data/processed/ehr_adj_final.pkl",
      "embeddings": "data/embeddings/code_embeddings.pt",
      "labs": "data/processed/lab_vectors_200labs.pkl"
    }
  },
  "param_counts": {
    "visit_encoder": {
      "total": 4583681,
      "trainable": 1981697
    },
    "fusion": {
      "total": 423808,
      "trainable": 423808
    },
    "drug_gnn": {
      "total": 395008,
      "trainable": 395008
    },
    "predictor": {
      "total": 304454,
      "trainable": 304453
    },
    "model_total": {
      "total": 5970119,
      "trainable": 3368134
    }
  },
  "threshold_sweep": {
    "0.4": {
      "Jaccard": 0.534179,
      "Avg Meds": 24.274462,
      "Avg True Meds": 19.901327,
      "DDI Rate": 0.083477
    },
    "0.45": {
      "Jaccard": 0.537418,
      "Avg Meds": 23.333334,
      "Avg True Meds": 19.901327,
      "DDI Rate": 0.083758
    },
    "0.5": {
      "Jaccard": 0.538357,
      "Avg Meds": 22.538971,
      "Avg True Meds": 19.901327,
      "DDI Rate": 0.083864
    },
    "0.55": {
      "Jaccard": 0.53883,
      "Avg Meds": 21.692371,
      "Avg True Meds": 19.901327,
      "DDI Rate": 0.0841
    },
    "0.6": {
      "Jaccard": 0.538075,
      "Avg Meds": 20.829187,
      "Avg True Meds": 19.901327,
      "DDI Rate": 0.084301
    },
    "0.65": {
      "Jaccard": 0.536578,
      "Avg Meds": 20.032339,
      "Avg True Meds": 19.901327,
      "DDI Rate": 0.085128
    },
    "0.7": {
      "Jaccard": 0.534361,
      "Avg Meds": 19.163349,
      "Avg True Meds": 19.901327,
      "DDI Rate": 0.085456
    },
    "0.75": {
      "Jaccard": 0.531455,
      "Avg Meds": 18.28441,
      "Avg True Meds": 19.901327,
      "DDI Rate": 0.085873
    }
  },
  "calibrated_threshold": 0.65,
  "calibrated_metrics": {
    "Jaccard": 0.536578,
    "Avg Meds": 20.032339,
    "Avg True Meds": 19.901327,
    "DDI Rate": 0.085128
  },
  "config": {
    "hidden_dim": 256,
    "use_notes": false,
    "use_labs": true,
    "use_copy": false,
    "fusion_strategy": "film",
    "lab_dim": 400,
    "pos_weight_cap": 5.0,
    "use_cosine_lr": false,
    "contrastive_weight": 0.0,
    "margin_loss_weight": 0.0,
    "alignment_loss_weight": 0.1,
    "alignment_start_epoch": 1,
    "alignment_ramp_epochs": 0
  }
}