{
  "seed": 456,
  "ablation": "full",
  "mimic_version": 3,
  "mimic4_full": false,
  "cohort_tag": "mimic3",
  "best_val_jaccard": 0.5414392948150635,
  "test_metrics": {
    "Jaccard": 0.5398537516593933,
    "F1": 0.6935694813728333,
    "PRAUC": 0.7805361482509743,
    "DDI Rate": 0.07749281630235638,
    "Avg Meds": 21.902984619140625,
    "Avg True Meds": 19.90132713317871,
    "Precision": 0.6725854277610779,
    "Recall": 0.7419108748435974,
    "NHJ_new": 0.2800321563294059,
    "NHJ_dropped": 0.3754021211674339,
    "CVR": 0.0
  },
  "data_diagnostics": {
    "split_mode_requested": "hidr_vita",
    "require_cohort_split": false,
    "split_source": "hidr_vita_sequential",
    "split_seed_used": "n/a",
    "split_patient_counts": {
      "train": 4233,
      "val": 1059,
      "test": 1058
    },
    "split_example_counts": {
      "train": 6256,
      "val": 1220,
      "test": 1206
    },
    "ddi_density": 0.05261303581914269,
    "ddi_upper_pairs": 448,
    "ddi_total_pairs": 8515,
    "loaded_artifacts": {
      "records": "data/processed/records_final.pkl",
      "cohort": "data/processed/cohort_mimic3.pkl",
      "ddi": "data/processed/ddi_A_final.pkl",
      "ehr": "data/processed/ehr_adj_final.pkl",
      "embeddings": "data/embeddings/code_embeddings.pt",
      "labs": "data/processed/lab_vectors_200labs.pkl"
    }
  },
  "param_counts": {
    "visit_encoder": {
      "total": 5108993,
      "trainable": 2507009
    },
    "fusion": {
      "total": 423808,
      "trainable": 423808
    },
    "drug_gnn": {
      "total": 1974080,
      "trainable": 1974080
    },
    "predictor": {
      "total": 304454,
      "trainable": 304453
    },
    "model_total": {
      "total": 8074503,
      "trainable": 5472518
    }
  },
  "threshold_sweep": {
    "0.4": {
      "Jaccard": 0.537542,
      "Avg Meds": 23.705639,
      "Avg True Meds": 19.901327,
      "DDI Rate": 0.077258
    },
    "0.45": {
      "Jaccard": 0.540098,
      "Avg Meds": 22.779436,
      "Avg True Meds": 19.901327,
      "DDI Rate": 0.077498
    },
    "0.5": {
      "Jaccard": 0.539854,
      "Avg Meds": 21.902985,
      "Avg True Meds": 19.901327,
      "DDI Rate": 0.077493
    },
    "0.55": {
      "Jaccard": 0.539749,
      "Avg Meds": 21.048094,
      "Avg True Meds": 19.901327,
      "DDI Rate": 0.077704
    },
    "0.6": {
      "Jaccard": 0.537749,
      "Avg Meds": 20.262852,
      "Avg True Meds": 19.901327,
      "DDI Rate": 0.077725
    },
    "0.65": {
      "Jaccard": 0.536394,
      "Avg Meds": 19.371475,
      "Avg True Meds": 19.901327,
      "DDI Rate": 0.07792
    },
    "0.7": {
      "Jaccard": 0.533688,
      "Avg Meds": 18.476782,
      "Avg True Meds": 19.901327,
      "DDI Rate": 0.077831
    },
    "0.75": {
      "Jaccard": 0.52772,
      "Avg Meds": 17.604477,
      "Avg True Meds": 19.901327,
      "DDI Rate": 0.078063
    }
  },
  "calibrated_threshold": 0.6,
  "calibrated_metrics": {
    "Jaccard": 0.537749,
    "Avg Meds": 20.262852,
    "Avg True Meds": 19.901327,
    "DDI Rate": 0.077725
  },
  "config": {
    "hidden_dim": 256,
    "use_notes": false,
    "use_labs": true,
    "use_copy": false,
    "fusion_strategy": "film",
    "lab_dim": 400,
    "pos_weight_cap": 5.0,
    "use_cosine_lr": false,
    "contrastive_weight": 0.0,
    "margin_loss_weight": 0.0,
    "alignment_loss_weight": 0.1,
    "alignment_start_epoch": 1,
    "alignment_ramp_epochs": 0
  }
}