{
  "seed": 42,
  "ablation": "full",
  "mimic_version": 3,
  "mimic4_full": false,
  "cohort_tag": "mimic3",
  "best_val_jaccard": 0.5523402094841003,
  "test_metrics": {
    "Jaccard": 0.5524793863296509,
    "F1": 0.7041344046592712,
    "PRAUC": 0.7856675864177782,
    "DDI Rate": 0.08172725818454968,
    "Avg Meds": 21.427860260009766,
    "Avg True Meds": 19.90132713317871,
    "Precision": 0.6860587000846863,
    "Recall": 0.7490198016166687,
    "NHJ_new": 0.27031230848086507,
    "NHJ_dropped": 0.31844234152844075,
    "CVR": 0.0
  },
  "data_diagnostics": {
    "split_mode_requested": "hidr_vita",
    "require_cohort_split": false,
    "split_source": "hidr_vita_sequential",
    "split_seed_used": "n/a",
    "split_patient_counts": {
      "train": 4233,
      "val": 1059,
      "test": 1058
    },
    "split_example_counts": {
      "train": 6256,
      "val": 1220,
      "test": 1206
    },
    "ddi_density": 0.05261303581914269,
    "ddi_upper_pairs": 448,
    "ddi_total_pairs": 8515,
    "loaded_artifacts": {
      "records": "data/processed/records_final.pkl",
      "cohort": "data/processed/cohort_mimic3.pkl",
      "ddi": "data/processed/ddi_A_final.pkl",
      "ehr": "data/processed/ehr_adj_final.pkl",
      "embeddings": "data/embeddings/code_embeddings.pt",
      "labs": "data/processed/lab_vectors_200labs.pkl"
    }
  },
  "param_counts": {
    "visit_encoder": {
      "total": 5108993,
      "trainable": 2507009
    },
    "fusion": {
      "total": 423808,
      "trainable": 423808
    },
    "drug_gnn": {
      "total": 395008,
      "trainable": 395008
    },
    "predictor": {
      "total": 1358407,
      "trainable": 1358406
    },
    "model_total": {
      "total": 7549384,
      "trainable": 4947399
    }
  },
  "threshold_sweep": {
    "0.4": {
      "Jaccard": 0.552026,
      "Avg Meds": 22.397181,
      "Avg True Meds": 19.901327,
      "DDI Rate": 0.080469
    },
    "0.45": {
      "Jaccard": 0.551664,
      "Avg Meds": 21.907131,
      "Avg True Meds": 19.901327,
      "DDI Rate": 0.081175
    },
    "0.5": {
      "Jaccard": 0.552479,
      "Avg Meds": 21.42786,
      "Avg True Meds": 19.901327,
      "DDI Rate": 0.081727
    },
    "0.55": {
      "Jaccard": 0.551623,
      "Avg Meds": 21.019072,
      "Avg True Meds": 19.901327,
      "DDI Rate": 0.082134
    },
    "0.6": {
      "Jaccard": 0.551668,
      "Avg Meds": 20.597015,
      "Avg True Meds": 19.901327,
      "DDI Rate": 0.082435
    },
    "0.65": {
      "Jaccard": 0.550511,
      "Avg Meds": 20.174959,
      "Avg True Meds": 19.901327,
      "DDI Rate": 0.082715
    },
    "0.7": {
      "Jaccard": 0.548288,
      "Avg Meds": 19.703152,
      "Avg True Meds": 19.901327,
      "DDI Rate": 0.08319
    },
    "0.75": {
      "Jaccard": 0.545955,
      "Avg Meds": 19.179934,
      "Avg True Meds": 19.901327,
      "DDI Rate": 0.083586
    }
  },
  "calibrated_threshold": 0.7,
  "calibrated_metrics": {
    "Jaccard": 0.548288,
    "Avg Meds": 19.703152,
    "Avg True Meds": 19.901327,
    "DDI Rate": 0.08319
  },
  "config": {
    "hidden_dim": 256,
    "use_notes": false,
    "use_labs": true,
    "use_copy": false,
    "fusion_strategy": "film",
    "lab_dim": 400,
    "pos_weight_cap": 5.0,
    "use_cosine_lr": false,
    "contrastive_weight": 0.0,
    "margin_loss_weight": 0.0,
    "alignment_loss_weight": 0.1,
    "alignment_start_epoch": 1,
    "alignment_ramp_epochs": 0
  }
}