{
  "seed": 456,
  "ablation": "full",
  "mimic_version": 3,
  "mimic4_full": false,
  "cohort_tag": "mimic3",
  "best_val_jaccard": 0.5463283658027649,
  "test_metrics": {
    "Jaccard": 0.5421725511550903,
    "F1": 0.6952288150787354,
    "PRAUC": 0.7864506527699835,
    "DDI Rate": 0.08113325483697469,
    "Avg Meds": 23.327529907226562,
    "Avg True Meds": 19.90132713317871,
    "Precision": 0.6532593965530396,
    "Recall": 0.7704023718833923,
    "NHJ_new": 0.29425400495529175,
    "NHJ_dropped": 0.3486770313037069,
    "CVR": 0.0
  },
  "data_diagnostics": {
    "split_mode_requested": "hidr_vita",
    "require_cohort_split": false,
    "split_source": "hidr_vita_sequential",
    "split_seed_used": "n/a",
    "split_patient_counts": {
      "train": 4233,
      "val": 1059,
      "test": 1058
    },
    "split_example_counts": {
      "train": 6256,
      "val": 1220,
      "test": 1206
    },
    "ddi_density": 0.05261303581914269,
    "ddi_upper_pairs": 448,
    "ddi_total_pairs": 8515,
    "loaded_artifacts": {
      "records": "data/processed/records_final.pkl",
      "cohort": "data/processed/cohort_mimic3.pkl",
      "ddi": "data/processed/ddi_A_final.pkl",
      "ehr": "data/processed/ehr_adj_final.pkl",
      "embeddings": "data/embeddings/code_embeddings.pt",
      "notes": "data/processed/note_embeddings_mimic3.pkl"
    }
  },
  "param_counts": {
    "visit_encoder": {
      "total": 4649474,
      "trainable": 2047490
    },
    "fusion": {
      "total": 646528,
      "trainable": 646528
    },
    "drug_gnn": {
      "total": 1151776,
      "trainable": 1151776
    },
    "predictor": {
      "total": 327942,
      "trainable": 327941
    },
    "model_total": {
      "total": 7038888,
      "trainable": 4436903
    }
  },
  "threshold_sweep": {
    "0.4": {
      "Jaccard": 0.535459,
      "Avg Meds": 25.201492,
      "Avg True Meds": 19.901327,
      "DDI Rate": 0.080216
    },
    "0.45": {
      "Jaccard": 0.539105,
      "Avg Meds": 24.231344,
      "Avg True Meds": 19.901327,
      "DDI Rate": 0.080615
    },
    "0.5": {
      "Jaccard": 0.542173,
      "Avg Meds": 23.32753,
      "Avg True Meds": 19.901327,
      "DDI Rate": 0.081133
    },
    "0.55": {
      "Jaccard": 0.543884,
      "Avg Meds": 22.476782,
      "Avg True Meds": 19.901327,
      "DDI Rate": 0.0819
    },
    "0.6": {
      "Jaccard": 0.545725,
      "Avg Meds": 21.578773,
      "Avg True Meds": 19.901327,
      "DDI Rate": 0.082157
    },
    "0.65": {
      "Jaccard": 0.544911,
      "Avg Meds": 20.742123,
      "Avg True Meds": 19.901327,
      "DDI Rate": 0.082616
    },
    "0.7": {
      "Jaccard": 0.543404,
      "Avg Meds": 19.8466,
      "Avg True Meds": 19.901327,
      "DDI Rate": 0.08363
    },
    "0.75": {
      "Jaccard": 0.540219,
      "Avg Meds": 18.956882,
      "Avg True Meds": 19.901327,
      "DDI Rate": 0.084555
    }
  },
  "calibrated_threshold": 0.7,
  "calibrated_metrics": {
    "Jaccard": 0.543404,
    "Avg Meds": 19.8466,
    "Avg True Meds": 19.901327,
    "DDI Rate": 0.08363
  },
  "config": {
    "hidden_dim": 256,
    "use_notes": true,
    "use_labs": false,
    "use_copy": false,
    "fusion_strategy": "film",
    "lab_dim": 0,
    "pos_weight_cap": 5.0,
    "use_cosine_lr": false,
    "contrastive_weight": 0.0,
    "margin_loss_weight": 0.0,
    "alignment_loss_weight": 0.1,
    "alignment_start_epoch": 1,
    "alignment_ramp_epochs": 0
  }
}