{
  "seed": 456,
  "ablation": "full",
  "mimic_version": 3,
  "mimic4_full": false,
  "cohort_tag": "mimic3",
  "best_val_jaccard": 0.5087194442749023,
  "test_metrics": {
    "Jaccard": 0.5087195038795471,
    "F1": 0.6662847399711609,
    "PRAUC": 0.7619260175507007,
    "DDI Rate": 0.08449367180196633,
    "Avg Meds": 23.634328842163086,
    "Avg True Meds": 19.90132713317871,
    "Precision": 0.6279735565185547,
    "Recall": 0.7523239850997925,
    "NHJ_new": 0.24892844808729073,
    "NHJ_dropped": 0.2928407239286523,
    "CVR": 0.0
  },
  "data_diagnostics": {
    "split_mode_requested": "hidr_vita",
    "require_cohort_split": false,
    "split_source": "hidr_vita_sequential",
    "split_seed_used": "n/a",
    "split_patient_counts": {
      "train": 4233,
      "val": 1059,
      "test": 1058
    },
    "split_example_counts": {
      "train": 6256,
      "val": 1220,
      "test": 1206
    },
    "ddi_density": 0.05261303581914269,
    "ddi_upper_pairs": 448,
    "ddi_total_pairs": 8515,
    "loaded_artifacts": {
      "records": "data/processed/records_final.pkl",
      "cohort": "data/processed/cohort_mimic3.pkl",
      "ddi": "data/processed/ddi_A_final.pkl",
      "ehr": "data/processed/ehr_adj_final.pkl",
      "embeddings": "data/embeddings/code_embeddings.pt",
      "labs": "data/processed/lab_vectors_5labs.pkl"
    }
  },
  "param_counts": {
    "visit_encoder": {
      "total": 4649474,
      "trainable": 2047490
    },
    "fusion": {
      "total": 398848,
      "trainable": 398848
    },
    "drug_gnn": {
      "total": 1151776,
      "trainable": 1151776
    },
    "predictor": {
      "total": 279494,
      "trainable": 279493
    },
    "model_total": {
      "total": 6742760,
      "trainable": 4140775
    }
  },
  "threshold_sweep": {
    "0.4": {
      "Jaccard": 0.502931,
      "Avg Meds": 25.766998,
      "Avg True Meds": 19.901327,
      "DDI Rate": 0.082628
    },
    "0.45": {
      "Jaccard": 0.505495,
      "Avg Meds": 24.633499,
      "Avg True Meds": 19.901327,
      "DDI Rate": 0.083645
    },
    "0.5": {
      "Jaccard": 0.50872,
      "Avg Meds": 23.634329,
      "Avg True Meds": 19.901327,
      "DDI Rate": 0.084494
    },
    "0.55": {
      "Jaccard": 0.511118,
      "Avg Meds": 22.632669,
      "Avg True Meds": 19.901327,
      "DDI Rate": 0.085838
    },
    "0.6": {
      "Jaccard": 0.511564,
      "Avg Meds": 21.609453,
      "Avg True Meds": 19.901327,
      "DDI Rate": 0.086984
    },
    "0.65": {
      "Jaccard": 0.510833,
      "Avg Meds": 20.629353,
      "Avg True Meds": 19.901327,
      "DDI Rate": 0.088371
    },
    "0.7": {
      "Jaccard": 0.509748,
      "Avg Meds": 19.503317,
      "Avg True Meds": 19.901327,
      "DDI Rate": 0.089206
    },
    "0.75": {
      "Jaccard": 0.506217,
      "Avg Meds": 18.436981,
      "Avg True Meds": 19.901327,
      "DDI Rate": 0.09092
    }
  },
  "calibrated_threshold": 0.7,
  "calibrated_metrics": {
    "Jaccard": 0.509748,
    "Avg Meds": 19.503317,
    "Avg True Meds": 19.901327,
    "DDI Rate": 0.089206
  },
  "config": {
    "hidden_dim": 256,
    "use_notes": false,
    "use_labs": true,
    "use_copy": false,
    "fusion_strategy": "film",
    "lab_dim": 10,
    "pos_weight_cap": 5.0,
    "use_cosine_lr": false,
    "contrastive_weight": 0.0,
    "margin_loss_weight": 0.0,
    "alignment_loss_weight": 0.1,
    "alignment_start_epoch": 1,
    "alignment_ramp_epochs": 0
  }
}