{
  "seed": 456,
  "ablation": "full",
  "mimic_version": 3,
  "mimic4_full": false,
  "cohort_tag": "mimic3",
  "best_val_jaccard": 0.5407262444496155,
  "test_metrics": {
    "Jaccard": 0.5426356196403503,
    "F1": 0.6958750486373901,
    "PRAUC": 0.7786699711380877,
    "DDI Rate": 0.08106129860175229,
    "Avg Meds": 22.213930130004883,
    "Avg True Meds": 19.90132713317871,
    "Precision": 0.6704252362251282,
    "Recall": 0.7485725283622742,
    "NHJ_new": 0.2865848141281228,
    "NHJ_dropped": 0.37794761281264455,
    "CVR": 0.0
  },
  "data_diagnostics": {
    "split_mode_requested": "hidr_vita",
    "require_cohort_split": false,
    "split_source": "hidr_vita_sequential",
    "split_seed_used": "n/a",
    "split_patient_counts": {
      "train": 4233,
      "val": 1059,
      "test": 1058
    },
    "split_example_counts": {
      "train": 6256,
      "val": 1220,
      "test": 1206
    },
    "ddi_density": 0.05261303581914269,
    "ddi_upper_pairs": 448,
    "ddi_total_pairs": 8515,
    "loaded_artifacts": {
      "records": "data/processed/records_final.pkl",
      "cohort": "data/processed/cohort_mimic3.pkl",
      "ddi": "data/processed/ddi_A_final.pkl",
      "ehr": "data/processed/ehr_adj_final.pkl",
      "embeddings": "data/embeddings/code_embeddings.pt",
      "labs": "data/processed/lab_vectors_200labs.pkl"
    }
  },
  "param_counts": {
    "visit_encoder": {
      "total": 4616835,
      "trainable": 2014851
    },
    "fusion": {
      "total": 423808,
      "trainable": 423808
    },
    "drug_gnn": {
      "total": 1974080,
      "trainable": 1974080
    },
    "predictor": {
      "total": 304454,
      "trainable": 304453
    },
    "model_total": {
      "total": 7582345,
      "trainable": 4980360
    }
  },
  "threshold_sweep": {
    "0.4": {
      "Jaccard": 0.538608,
      "Avg Meds": 24.11194,
      "Avg True Meds": 19.901327,
      "DDI Rate": 0.080747
    },
    "0.45": {
      "Jaccard": 0.540842,
      "Avg Meds": 23.096186,
      "Avg True Meds": 19.901327,
      "DDI Rate": 0.080918
    },
    "0.5": {
      "Jaccard": 0.542636,
      "Avg Meds": 22.21393,
      "Avg True Meds": 19.901327,
      "DDI Rate": 0.081061
    },
    "0.55": {
      "Jaccard": 0.542338,
      "Avg Meds": 21.349089,
      "Avg True Meds": 19.901327,
      "DDI Rate": 0.08112
    },
    "0.6": {
      "Jaccard": 0.541411,
      "Avg Meds": 20.492537,
      "Avg True Meds": 19.901327,
      "DDI Rate": 0.081303
    },
    "0.65": {
      "Jaccard": 0.539544,
      "Avg Meds": 19.610281,
      "Avg True Meds": 19.901327,
      "DDI Rate": 0.081071
    },
    "0.7": {
      "Jaccard": 0.535944,
      "Avg Meds": 18.716417,
      "Avg True Meds": 19.901327,
      "DDI Rate": 0.080864
    },
    "0.75": {
      "Jaccard": 0.530255,
      "Avg Meds": 17.796848,
      "Avg True Meds": 19.901327,
      "DDI Rate": 0.080994
    }
  },
  "calibrated_threshold": 0.65,
  "calibrated_metrics": {
    "Jaccard": 0.539544,
    "Avg Meds": 19.610281,
    "Avg True Meds": 19.901327,
    "DDI Rate": 0.081071
  },
  "config": {
    "hidden_dim": 256,
    "use_notes": false,
    "use_labs": true,
    "use_copy": false,
    "fusion_strategy": "film",
    "lab_dim": 400,
    "pos_weight_cap": 5.0,
    "use_cosine_lr": false,
    "contrastive_weight": 0.0,
    "margin_loss_weight": 0.0,
    "alignment_loss_weight": 0.1,
    "alignment_start_epoch": 1,
    "alignment_ramp_epochs": 0
  }
}