{
  "seed": 456,
  "ablation": "full",
  "mimic_version": 3,
  "mimic4_full": false,
  "cohort_tag": "mimic3",
  "best_val_jaccard": 0.5494353771209717,
  "test_metrics": {
    "Jaccard": 0.5485800504684448,
    "F1": 0.7013931274414062,
    "PRAUC": 0.7862482372040771,
    "DDI Rate": 0.07954214587276168,
    "Avg Meds": 22.576284408569336,
    "Avg True Meds": 19.90132713317871,
    "Precision": 0.6699442267417908,
    "Recall": 0.7591950297355652,
    "NHJ_new": 0.3030036131018086,
    "NHJ_dropped": 0.3883198734961058,
    "CVR": 0.0
  },
  "data_diagnostics": {
    "split_mode_requested": "hidr_vita",
    "require_cohort_split": false,
    "split_source": "hidr_vita_sequential",
    "split_seed_used": "n/a",
    "split_patient_counts": {
      "train": 4233,
      "val": 1059,
      "test": 1058
    },
    "split_example_counts": {
      "train": 6256,
      "val": 1220,
      "test": 1206
    },
    "ddi_density": 0.05261303581914269,
    "ddi_upper_pairs": 448,
    "ddi_total_pairs": 8515,
    "loaded_artifacts": {
      "records": "data/processed/records_final.pkl",
      "cohort": "data/processed/cohort_mimic3.pkl",
      "ddi": "data/processed/ddi_A_final.pkl",
      "ehr": "data/processed/ehr_adj_final.pkl",
      "embeddings": "data/embeddings/code_embeddings.pt",
      "notes": "data/processed/note_embeddings_mimic3.pkl",
      "labs": "data/processed/lab_vectors_200labs.pkl"
    }
  },
  "param_counts": {
    "visit_encoder": {
      "total": 4583681,
      "trainable": 1981697
    },
    "fusion": {
      "total": 423808,
      "trainable": 423808
    },
    "drug_gnn": {
      "total": 2960480,
      "trainable": 2960480
    },
    "predictor": {
      "total": 369990,
      "trainable": 369990
    },
    "model_total": {
      "total": 8601127,
      "trainable": 5999143
    }
  },
  "threshold_sweep": {
    "0.4": {
      "Jaccard": 0.544523,
      "Avg Meds": 24.344112,
      "Avg True Meds": 19.901327,
      "DDI Rate": 0.079097
    },
    "0.45": {
      "Jaccard": 0.547089,
      "Avg Meds": 23.444445,
      "Avg True Meds": 19.901327,
      "DDI Rate": 0.079385
    },
    "0.5": {
      "Jaccard": 0.54858,
      "Avg Meds": 22.576284,
      "Avg True Meds": 19.901327,
      "DDI Rate": 0.079542
    },
    "0.55": {
      "Jaccard": 0.550016,
      "Avg Meds": 21.766998,
      "Avg True Meds": 19.901327,
      "DDI Rate": 0.079978
    },
    "0.6": {
      "Jaccard": 0.550186,
      "Avg Meds": 20.96932,
      "Avg True Meds": 19.901327,
      "DDI Rate": 0.080174
    },
    "0.65": {
      "Jaccard": 0.55049,
      "Avg Meds": 20.178276,
      "Avg True Meds": 19.901327,
      "DDI Rate": 0.08033
    },
    "0.7": {
      "Jaccard": 0.548566,
      "Avg Meds": 19.305969,
      "Avg True Meds": 19.901327,
      "DDI Rate": 0.080707
    },
    "0.75": {
      "Jaccard": 0.544601,
      "Avg Meds": 18.368158,
      "Avg True Meds": 19.901327,
      "DDI Rate": 0.080515
    }
  },
  "calibrated_threshold": 0.65,
  "calibrated_metrics": {
    "Jaccard": 0.55049,
    "Avg Meds": 20.178276,
    "Avg True Meds": 19.901327,
    "DDI Rate": 0.08033
  },
  "config": {
    "hidden_dim": 256,
    "use_notes": true,
    "use_labs": true,
    "use_copy": false,
    "fusion_strategy": "film",
    "lab_dim": 400,
    "pos_weight_cap": 5.0,
    "use_cosine_lr": false,
    "contrastive_weight": 0.0,
    "margin_loss_weight": 0.0,
    "alignment_loss_weight": 0.1,
    "alignment_start_epoch": 1,
    "alignment_ramp_epochs": 0
  }
}