{
  "seed": 456,
  "ablation": "full",
  "mimic_version": 3,
  "mimic4_full": false,
  "cohort_tag": "mimic3",
  "best_val_jaccard": 0.5437125563621521,
  "test_metrics": {
    "Jaccard": 0.540804386138916,
    "F1": 0.6944325566291809,
    "PRAUC": 0.7836346837440443,
    "DDI Rate": 0.07889376419256972,
    "Avg Meds": 22.470149993896484,
    "Avg True Meds": 19.90132713317871,
    "Precision": 0.6667509078979492,
    "Recall": 0.7523601055145264,
    "NHJ_new": 0.28493524774124745,
    "NHJ_dropped": 0.3637208687631707,
    "CVR": 0.0
  },
  "data_diagnostics": {
    "split_mode_requested": "hidr_vita",
    "require_cohort_split": false,
    "split_source": "hidr_vita_sequential",
    "split_seed_used": "n/a",
    "split_patient_counts": {
      "train": 4233,
      "val": 1059,
      "test": 1058
    },
    "split_example_counts": {
      "train": 6256,
      "val": 1220,
      "test": 1206
    },
    "ddi_density": 0.05261303581914269,
    "ddi_upper_pairs": 448,
    "ddi_total_pairs": 8515,
    "loaded_artifacts": {
      "records": "data/processed/records_final.pkl",
      "cohort": "data/processed/cohort_mimic3.pkl",
      "ddi": "data/processed/ddi_A_final.pkl",
      "ehr": "data/processed/ehr_adj_final.pkl",
      "embeddings": "data/embeddings/code_embeddings.pt",
      "labs": "data/processed/lab_vectors_200labs.pkl"
    }
  },
  "param_counts": {
    "visit_encoder": {
      "total": 4583681,
      "trainable": 1981697
    },
    "fusion": {
      "total": 423808,
      "trainable": 423808
    },
    "drug_gnn": {
      "total": 262400,
      "trainable": 262400
    },
    "predictor": {
      "total": 304454,
      "trainable": 304453
    },
    "model_total": {
      "total": 5837511,
      "trainable": 3235526
    }
  },
  "threshold_sweep": {
    "0.4": {
      "Jaccard": 0.536659,
      "Avg Meds": 24.477612,
      "Avg True Meds": 19.901327,
      "DDI Rate": 0.07869
    },
    "0.45": {
      "Jaccard": 0.539119,
      "Avg Meds": 23.457712,
      "Avg True Meds": 19.901327,
      "DDI Rate": 0.07892
    },
    "0.5": {
      "Jaccard": 0.540804,
      "Avg Meds": 22.47015,
      "Avg True Meds": 19.901327,
      "DDI Rate": 0.078894
    },
    "0.55": {
      "Jaccard": 0.541057,
      "Avg Meds": 21.523218,
      "Avg True Meds": 19.901327,
      "DDI Rate": 0.079357
    },
    "0.6": {
      "Jaccard": 0.540075,
      "Avg Meds": 20.61277,
      "Avg True Meds": 19.901327,
      "DDI Rate": 0.079692
    },
    "0.65": {
      "Jaccard": 0.537586,
      "Avg Meds": 19.687397,
      "Avg True Meds": 19.901327,
      "DDI Rate": 0.080056
    },
    "0.7": {
      "Jaccard": 0.534634,
      "Avg Meds": 18.710613,
      "Avg True Meds": 19.901327,
      "DDI Rate": 0.079846
    },
    "0.75": {
      "Jaccard": 0.528245,
      "Avg Meds": 17.688225,
      "Avg True Meds": 19.901327,
      "DDI Rate": 0.080541
    }
  },
  "calibrated_threshold": 0.65,
  "calibrated_metrics": {
    "Jaccard": 0.537586,
    "Avg Meds": 19.687397,
    "Avg True Meds": 19.901327,
    "DDI Rate": 0.080056
  },
  "config": {
    "hidden_dim": 256,
    "use_notes": false,
    "use_labs": true,
    "use_copy": false,
    "fusion_strategy": "film",
    "lab_dim": 400,
    "pos_weight_cap": 5.0,
    "use_cosine_lr": false,
    "contrastive_weight": 0.0,
    "margin_loss_weight": 0.0,
    "alignment_loss_weight": 0.1,
    "alignment_start_epoch": 1,
    "alignment_ramp_epochs": 0
  }
}