{
  "seed": 123,
  "ablation": "full",
  "mimic_version": 3,
  "mimic4_full": false,
  "cohort_tag": "mimic3",
  "best_val_jaccard": 0.5436102151870728,
  "test_metrics": {
    "Jaccard": 0.5407411456108093,
    "F1": 0.6943669319152832,
    "PRAUC": 0.7872933071104762,
    "DDI Rate": 0.0784623455852209,
    "Avg Meds": 23.526533126831055,
    "Avg True Meds": 19.90132713317871,
    "Precision": 0.6495133638381958,
    "Recall": 0.7738249897956848,
    "NHJ_new": 0.29463827688443034,
    "NHJ_dropped": 0.348655945376346,
    "CVR": 0.0
  },
  "data_diagnostics": {
    "split_mode_requested": "hidr_vita",
    "require_cohort_split": false,
    "split_source": "hidr_vita_sequential",
    "split_seed_used": "n/a",
    "split_patient_counts": {
      "train": 4233,
      "val": 1059,
      "test": 1058
    },
    "split_example_counts": {
      "train": 6256,
      "val": 1220,
      "test": 1206
    },
    "ddi_density": 0.05261303581914269,
    "ddi_upper_pairs": 448,
    "ddi_total_pairs": 8515,
    "loaded_artifacts": {
      "records": "data/processed/records_final.pkl",
      "cohort": "data/processed/cohort_mimic3.pkl",
      "ddi": "data/processed/ddi_A_final.pkl",
      "ehr": "data/processed/ehr_adj_final.pkl",
      "embeddings": "data/embeddings/code_embeddings.pt",
      "notes": "data/processed/note_embeddings_mimic3.pkl"
    }
  },
  "param_counts": {
    "visit_encoder": {
      "total": 4649474,
      "trainable": 2047490
    },
    "fusion": {
      "total": 400512,
      "trainable": 400512
    },
    "drug_gnn": {
      "total": 1151776,
      "trainable": 1151776
    },
    "predictor": {
      "total": 327942,
      "trainable": 327941
    },
    "model_total": {
      "total": 6792872,
      "trainable": 4190887
    }
  },
  "threshold_sweep": {
    "0.4": {
      "Jaccard": 0.53484,
      "Avg Meds": 25.536484,
      "Avg True Meds": 19.901327,
      "DDI Rate": 0.077612
    },
    "0.45": {
      "Jaccard": 0.538134,
      "Avg Meds": 24.462687,
      "Avg True Meds": 19.901327,
      "DDI Rate": 0.078212
    },
    "0.5": {
      "Jaccard": 0.540741,
      "Avg Meds": 23.526533,
      "Avg True Meds": 19.901327,
      "DDI Rate": 0.078462
    },
    "0.55": {
      "Jaccard": 0.541551,
      "Avg Meds": 22.624378,
      "Avg True Meds": 19.901327,
      "DDI Rate": 0.078837
    },
    "0.6": {
      "Jaccard": 0.543225,
      "Avg Meds": 21.719734,
      "Avg True Meds": 19.901327,
      "DDI Rate": 0.078716
    },
    "0.65": {
      "Jaccard": 0.543592,
      "Avg Meds": 20.796848,
      "Avg True Meds": 19.901327,
      "DDI Rate": 0.078859
    },
    "0.7": {
      "Jaccard": 0.541981,
      "Avg Meds": 19.831675,
      "Avg True Meds": 19.901327,
      "DDI Rate": 0.079525
    },
    "0.75": {
      "Jaccard": 0.540612,
      "Avg Meds": 18.830017,
      "Avg True Meds": 19.901327,
      "DDI Rate": 0.08063
    }
  },
  "calibrated_threshold": 0.7,
  "calibrated_metrics": {
    "Jaccard": 0.541981,
    "Avg Meds": 19.831675,
    "Avg True Meds": 19.901327,
    "DDI Rate": 0.079525
  },
  "config": {
    "hidden_dim": 256,
    "use_notes": true,
    "use_labs": false,
    "use_copy": false,
    "fusion_strategy": "film",
    "lab_dim": 0,
    "pos_weight_cap": 5.0,
    "use_cosine_lr": false,
    "contrastive_weight": 0.0,
    "margin_loss_weight": 0.0,
    "alignment_loss_weight": 0.1,
    "alignment_start_epoch": 1,
    "alignment_ramp_epochs": 0
  }
}