{
  "seed": 456,
  "ablation": "full",
  "mimic_version": 3,
  "mimic4_full": false,
  "cohort_tag": "mimic3",
  "best_val_jaccard": 0.5619456768035889,
  "test_metrics": {
    "Jaccard": 0.5616233944892883,
    "F1": 0.7117898464202881,
    "PRAUC": 0.8010856926498813,
    "DDI Rate": 0.08056330122942255,
    "Avg Meds": 22.995853424072266,
    "Avg True Meds": 19.90132713317871,
    "Precision": 0.6706260442733765,
    "Recall": 0.7818952798843384,
    "NHJ_new": 0.30244369412723343,
    "NHJ_dropped": 0.33250931689613744,
    "CVR": 0.0
  },
  "data_diagnostics": {
    "split_mode_requested": "hidr_vita",
    "require_cohort_split": false,
    "split_source": "hidr_vita_sequential",
    "split_seed_used": "n/a",
    "split_patient_counts": {
      "train": 4233,
      "val": 1059,
      "test": 1058
    },
    "split_example_counts": {
      "train": 6256,
      "val": 1220,
      "test": 1206
    },
    "ddi_density": 0.05261303581914269,
    "ddi_upper_pairs": 448,
    "ddi_total_pairs": 8515,
    "loaded_artifacts": {
      "records": "data/processed/records_final.pkl",
      "cohort": "data/processed/cohort_mimic3.pkl",
      "ddi": "data/processed/ddi_A_final.pkl",
      "ehr": "data/processed/ehr_adj_final.pkl",
      "embeddings": "data/embeddings/code_embeddings.pt",
      "notes": "data/processed/note_embeddings_mimic3.pkl",
      "labs": "data/processed/lab_vectors_200labs.pkl"
    }
  },
  "param_counts": {
    "visit_encoder": {
      "total": 4583681,
      "trainable": 1981697
    },
    "fusion": {
      "total": 423808,
      "trainable": 423808
    },
    "drug_gnn": {
      "total": 1974080,
      "trainable": 1974080
    },
    "predictor": {
      "total": 897863,
      "trainable": 897863
    },
    "model_total": {
      "total": 8142600,
      "trainable": 5540616
    }
  },
  "threshold_sweep": {
    "0.4": {
      "Jaccard": 0.557462,
      "Avg Meds": 24.495026,
      "Avg True Meds": 19.901327,
      "DDI Rate": 0.079664
    },
    "0.45": {
      "Jaccard": 0.559998,
      "Avg Meds": 23.758707,
      "Avg True Meds": 19.901327,
      "DDI Rate": 0.080029
    },
    "0.5": {
      "Jaccard": 0.561623,
      "Avg Meds": 22.995853,
      "Avg True Meds": 19.901327,
      "DDI Rate": 0.080563
    },
    "0.55": {
      "Jaccard": 0.562564,
      "Avg Meds": 22.309286,
      "Avg True Meds": 19.901327,
      "DDI Rate": 0.080669
    },
    "0.6": {
      "Jaccard": 0.562774,
      "Avg Meds": 21.60199,
      "Avg True Meds": 19.901327,
      "DDI Rate": 0.081426
    },
    "0.65": {
      "Jaccard": 0.563621,
      "Avg Meds": 20.906301,
      "Avg True Meds": 19.901327,
      "DDI Rate": 0.081662
    },
    "0.7": {
      "Jaccard": 0.562988,
      "Avg Meds": 20.199835,
      "Avg True Meds": 19.901327,
      "DDI Rate": 0.081774
    },
    "0.75": {
      "Jaccard": 0.560528,
      "Avg Meds": 19.414595,
      "Avg True Meds": 19.901327,
      "DDI Rate": 0.081756
    }
  },
  "calibrated_threshold": 0.7,
  "calibrated_metrics": {
    "Jaccard": 0.562988,
    "Avg Meds": 20.199835,
    "Avg True Meds": 19.901327,
    "DDI Rate": 0.081774
  },
  "config": {
    "hidden_dim": 256,
    "use_notes": true,
    "use_labs": true,
    "use_copy": false,
    "fusion_strategy": "film",
    "lab_dim": 400,
    "pos_weight_cap": 5.0,
    "use_cosine_lr": false,
    "contrastive_weight": 0.0,
    "margin_loss_weight": 0.0,
    "alignment_loss_weight": 0.1,
    "alignment_start_epoch": 1,
    "alignment_ramp_epochs": 0
  }
}