{
  "seed": 42,
  "ablation": "full",
  "mimic_version": 3,
  "mimic4_full": false,
  "cohort_tag": "mimic3",
  "best_val_jaccard": 0.5518560409545898,
  "test_metrics": {
    "Jaccard": 0.5491183400154114,
    "F1": 0.7017146348953247,
    "PRAUC": 0.791199398148965,
    "DDI Rate": 0.08360924480931452,
    "Avg Meds": 22.044776916503906,
    "Avg True Meds": 19.90132713317871,
    "Precision": 0.6751659512519836,
    "Recall": 0.7523977160453796,
    "NHJ_new": 0.3028534572375448,
    "NHJ_dropped": 0.40944645122477885,
    "CVR": 0.0
  },
  "data_diagnostics": {
    "split_mode_requested": "hidr_vita",
    "require_cohort_split": false,
    "split_source": "hidr_vita_sequential",
    "split_seed_used": "n/a",
    "split_patient_counts": {
      "train": 4233,
      "val": 1059,
      "test": 1058
    },
    "split_example_counts": {
      "train": 6256,
      "val": 1220,
      "test": 1206
    },
    "ddi_density": 0.05261303581914269,
    "ddi_upper_pairs": 448,
    "ddi_total_pairs": 8515,
    "loaded_artifacts": {
      "records": "data/processed/records_final.pkl",
      "cohort": "data/processed/cohort_mimic3.pkl",
      "ddi": "data/processed/ddi_A_final.pkl",
      "ehr": "data/processed/ehr_adj_final.pkl",
      "embeddings": "data/embeddings/code_embeddings.pt",
      "notes": "data/processed/note_embeddings_mimic3.pkl",
      "labs": "data/processed/lab_vectors_200labs.pkl"
    }
  },
  "param_counts": {
    "visit_encoder": {
      "total": 4583681,
      "trainable": 1981697
    },
    "fusion": {
      "total": 423808,
      "trainable": 423808
    },
    "drug_gnn": {
      "total": 1974080,
      "trainable": 1974080
    },
    "predictor": {
      "total": 369990,
      "trainable": 369990
    },
    "model_total": {
      "total": 7614727,
      "trainable": 5012743
    }
  },
  "threshold_sweep": {
    "0.4": {
      "Jaccard": 0.545498,
      "Avg Meds": 23.951078,
      "Avg True Meds": 19.901327,
      "DDI Rate": 0.083888
    },
    "0.45": {
      "Jaccard": 0.5478,
      "Avg Meds": 22.963516,
      "Avg True Meds": 19.901327,
      "DDI Rate": 0.083493
    },
    "0.5": {
      "Jaccard": 0.549118,
      "Avg Meds": 22.044777,
      "Avg True Meds": 19.901327,
      "DDI Rate": 0.083609
    },
    "0.55": {
      "Jaccard": 0.549964,
      "Avg Meds": 21.1733,
      "Avg True Meds": 19.901327,
      "DDI Rate": 0.083669
    },
    "0.6": {
      "Jaccard": 0.550388,
      "Avg Meds": 20.319237,
      "Avg True Meds": 19.901327,
      "DDI Rate": 0.083232
    },
    "0.65": {
      "Jaccard": 0.549301,
      "Avg Meds": 19.486732,
      "Avg True Meds": 19.901327,
      "DDI Rate": 0.083381
    },
    "0.7": {
      "Jaccard": 0.547025,
      "Avg Meds": 18.567993,
      "Avg True Meds": 19.901327,
      "DDI Rate": 0.083674
    },
    "0.75": {
      "Jaccard": 0.541722,
      "Avg Meds": 17.550581,
      "Avg True Meds": 19.901327,
      "DDI Rate": 0.083661
    }
  },
  "calibrated_threshold": 0.65,
  "calibrated_metrics": {
    "Jaccard": 0.549301,
    "Avg Meds": 19.486732,
    "Avg True Meds": 19.901327,
    "DDI Rate": 0.083381
  },
  "config": {
    "hidden_dim": 256,
    "use_notes": true,
    "use_labs": true,
    "use_copy": false,
    "fusion_strategy": "film",
    "lab_dim": 400,
    "pos_weight_cap": 5.0,
    "use_cosine_lr": false,
    "contrastive_weight": 0.0,
    "margin_loss_weight": 0.0,
    "alignment_loss_weight": 0.1,
    "alignment_start_epoch": 1,
    "alignment_ramp_epochs": 0
  }
}