{
  "seed": 42,
  "ablation": "full",
  "mimic_version": 3,
  "mimic4_full": false,
  "cohort_tag": "mimic3",
  "best_val_jaccard": 0.5394066572189331,
  "test_metrics": {
    "Jaccard": 0.5413874387741089,
    "F1": 0.6946983933448792,
    "PRAUC": 0.7787020327621184,
    "DDI Rate": 0.08150622238117465,
    "Avg Meds": 22.838308334350586,
    "Avg True Meds": 19.90132713317871,
    "Precision": 0.6592988967895508,
    "Recall": 0.7620072960853577,
    "NHJ_new": 0.2884756985463594,
    "NHJ_dropped": 0.3603486983399642,
    "CVR": 0.0
  },
  "data_diagnostics": {
    "split_mode_requested": "hidr_vita",
    "require_cohort_split": false,
    "split_source": "hidr_vita_sequential",
    "split_seed_used": "n/a",
    "split_patient_counts": {
      "train": 4233,
      "val": 1059,
      "test": 1058
    },
    "split_example_counts": {
      "train": 6256,
      "val": 1220,
      "test": 1206
    },
    "ddi_density": 0.05261303581914269,
    "ddi_upper_pairs": 448,
    "ddi_total_pairs": 8515,
    "loaded_artifacts": {
      "records": "data/processed/records_final.pkl",
      "cohort": "data/processed/cohort_mimic3.pkl",
      "ddi": "data/processed/ddi_A_final.pkl",
      "ehr": "data/processed/ehr_adj_final.pkl",
      "embeddings": "data/embeddings/code_embeddings.pt",
      "labs": "data/processed/lab_vectors_200labs.pkl"
    }
  },
  "param_counts": {
    "visit_encoder": {
      "total": 4583681,
      "trainable": 1981697
    },
    "fusion": {
      "total": 423808,
      "trainable": 423808
    },
    "drug_gnn": {
      "total": 1974080,
      "trainable": 1974080
    },
    "predictor": {
      "total": 1029702,
      "trainable": 1029701
    },
    "model_total": {
      "total": 8274439,
      "trainable": 5672454
    }
  },
  "threshold_sweep": {
    "0.4": {
      "Jaccard": 0.535578,
      "Avg Meds": 24.529022,
      "Avg True Meds": 19.901327,
      "DDI Rate": 0.081136
    },
    "0.45": {
      "Jaccard": 0.538898,
      "Avg Meds": 23.690714,
      "Avg True Meds": 19.901327,
      "DDI Rate": 0.081384
    },
    "0.5": {
      "Jaccard": 0.541387,
      "Avg Meds": 22.838308,
      "Avg True Meds": 19.901327,
      "DDI Rate": 0.081506
    },
    "0.55": {
      "Jaccard": 0.543371,
      "Avg Meds": 22.081261,
      "Avg True Meds": 19.901327,
      "DDI Rate": 0.08181
    },
    "0.6": {
      "Jaccard": 0.542299,
      "Avg Meds": 21.276949,
      "Avg True Meds": 19.901327,
      "DDI Rate": 0.082337
    },
    "0.65": {
      "Jaccard": 0.541446,
      "Avg Meds": 20.550581,
      "Avg True Meds": 19.901327,
      "DDI Rate": 0.082359
    },
    "0.7": {
      "Jaccard": 0.53965,
      "Avg Meds": 19.736319,
      "Avg True Meds": 19.901327,
      "DDI Rate": 0.083055
    },
    "0.75": {
      "Jaccard": 0.53883,
      "Avg Meds": 18.914595,
      "Avg True Meds": 19.901327,
      "DDI Rate": 0.083089
    }
  },
  "calibrated_threshold": 0.7,
  "calibrated_metrics": {
    "Jaccard": 0.53965,
    "Avg Meds": 19.736319,
    "Avg True Meds": 19.901327,
    "DDI Rate": 0.083055
  },
  "config": {
    "hidden_dim": 256,
    "use_notes": false,
    "use_labs": true,
    "use_copy": false,
    "fusion_strategy": "film",
    "lab_dim": 400,
    "pos_weight_cap": 5.0,
    "use_cosine_lr": false,
    "contrastive_weight": 0.0,
    "margin_loss_weight": 0.0,
    "alignment_loss_weight": 0.1,
    "alignment_start_epoch": 1,
    "alignment_ramp_epochs": 0
  }
}