{
  "seed": 123,
  "ablation": "full",
  "mimic_version": 3,
  "mimic4_full": false,
  "cohort_tag": "mimic3",
  "best_val_jaccard": 0.5629215836524963,
  "test_metrics": {
    "Jaccard": 0.5616999864578247,
    "F1": 0.7121677398681641,
    "PRAUC": 0.7996483571433869,
    "DDI Rate": 0.07972852408870762,
    "Avg Meds": 22.054725646972656,
    "Avg True Meds": 19.90132713317871,
    "Precision": 0.6861979961395264,
    "Recall": 0.762352705001831,
    "NHJ_new": 0.280588888024029,
    "NHJ_dropped": 0.2915440554681577,
    "CVR": 0.0
  },
  "data_diagnostics": {
    "split_mode_requested": "hidr_vita",
    "require_cohort_split": false,
    "split_source": "hidr_vita_sequential",
    "split_seed_used": "n/a",
    "split_patient_counts": {
      "train": 4233,
      "val": 1059,
      "test": 1058
    },
    "split_example_counts": {
      "train": 6256,
      "val": 1220,
      "test": 1206
    },
    "ddi_density": 0.05261303581914269,
    "ddi_upper_pairs": 448,
    "ddi_total_pairs": 8515,
    "loaded_artifacts": {
      "records": "data/processed/records_final.pkl",
      "cohort": "data/processed/cohort_mimic3.pkl",
      "ddi": "data/processed/ddi_A_final.pkl",
      "ehr": "data/processed/ehr_adj_final.pkl",
      "embeddings": "data/embeddings/code_embeddings.pt",
      "notes": "data/processed/note_embeddings_mimic3.pkl",
      "labs": "data/processed/lab_vectors_200labs.pkl"
    }
  },
  "param_counts": {
    "visit_encoder": {
      "total": 3731473,
      "trainable": 1129489
    },
    "fusion": {
      "total": 423808,
      "trainable": 423808
    },
    "drug_gnn": {
      "total": 1974080,
      "trainable": 1974080
    },
    "predictor": {
      "total": 559560,
      "trainable": 559560
    },
    "model_total": {
      "total": 6952089,
      "trainable": 4350105
    }
  },
  "threshold_sweep": {
    "0.4": {
      "Jaccard": 0.558775,
      "Avg Meds": 23.790216,
      "Avg True Meds": 19.901327,
      "DDI Rate": 0.080773
    },
    "0.45": {
      "Jaccard": 0.560603,
      "Avg Meds": 22.916252,
      "Avg True Meds": 19.901327,
      "DDI Rate": 0.080177
    },
    "0.5": {
      "Jaccard": 0.5617,
      "Avg Meds": 22.054726,
      "Avg True Meds": 19.901327,
      "DDI Rate": 0.079729
    },
    "0.55": {
      "Jaccard": 0.56237,
      "Avg Meds": 21.289387,
      "Avg True Meds": 19.901327,
      "DDI Rate": 0.079512
    },
    "0.6": {
      "Jaccard": 0.560501,
      "Avg Meds": 20.512438,
      "Avg True Meds": 19.901327,
      "DDI Rate": 0.079138
    },
    "0.65": {
      "Jaccard": 0.557423,
      "Avg Meds": 19.723051,
      "Avg True Meds": 19.901327,
      "DDI Rate": 0.079142
    },
    "0.7": {
      "Jaccard": 0.554997,
      "Avg Meds": 18.915422,
      "Avg True Meds": 19.901327,
      "DDI Rate": 0.078689
    },
    "0.75": {
      "Jaccard": 0.551308,
      "Avg Meds": 18.019072,
      "Avg True Meds": 19.901327,
      "DDI Rate": 0.078078
    }
  },
  "calibrated_threshold": 0.65,
  "calibrated_metrics": {
    "Jaccard": 0.557423,
    "Avg Meds": 19.723051,
    "Avg True Meds": 19.901327,
    "DDI Rate": 0.079142
  },
  "config": {
    "hidden_dim": 256,
    "use_notes": true,
    "use_labs": true,
    "use_copy": true,
    "fusion_strategy": "film",
    "lab_dim": 400,
    "pos_weight_cap": 5.0,
    "use_cosine_lr": false,
    "contrastive_weight": 0.0,
    "margin_loss_weight": 0.0,
    "alignment_loss_weight": 0.1,
    "alignment_start_epoch": 1,
    "alignment_ramp_epochs": 0
  }
}