{
  "seed": 456,
  "ablation": "full",
  "mimic_version": 3,
  "mimic4_full": false,
  "cohort_tag": "mimic3",
  "best_val_jaccard": 0.5442441701889038,
  "test_metrics": {
    "Jaccard": 0.5417909622192383,
    "F1": 0.6950730085372925,
    "PRAUC": 0.7863935690170705,
    "DDI Rate": 0.07986078983264334,
    "Avg Meds": 23.162521362304688,
    "Avg True Meds": 19.90132713317871,
    "Precision": 0.6533046364784241,
    "Recall": 0.7692416906356812,
    "NHJ_new": 0.29730015208846644,
    "NHJ_dropped": 0.34310901478717204,
    "CVR": 0.0
  },
  "data_diagnostics": {
    "split_mode_requested": "hidr_vita",
    "require_cohort_split": false,
    "split_source": "hidr_vita_sequential",
    "split_seed_used": "n/a",
    "split_patient_counts": {
      "train": 4233,
      "val": 1059,
      "test": 1058
    },
    "split_example_counts": {
      "train": 6256,
      "val": 1220,
      "test": 1206
    },
    "ddi_density": 0.05261303581914269,
    "ddi_upper_pairs": 448,
    "ddi_total_pairs": 8515,
    "loaded_artifacts": {
      "records": "data/processed/records_final.pkl",
      "cohort": "data/processed/cohort_mimic3.pkl",
      "ddi": "data/processed/ddi_A_final.pkl",
      "ehr": "data/processed/ehr_adj_final.pkl",
      "embeddings": "data/embeddings/code_embeddings.pt",
      "notes": "data/processed/note_embeddings_mimic3.pkl"
    }
  },
  "param_counts": {
    "visit_encoder": {
      "total": 4649474,
      "trainable": 2047490
    },
    "fusion": {
      "total": 400512,
      "trainable": 400512
    },
    "drug_gnn": {
      "total": 1151776,
      "trainable": 1151776
    },
    "predictor": {
      "total": 327942,
      "trainable": 327941
    },
    "model_total": {
      "total": 6792872,
      "trainable": 4190887
    }
  },
  "threshold_sweep": {
    "0.4": {
      "Jaccard": 0.53646,
      "Avg Meds": 25.124378,
      "Avg True Meds": 19.901327,
      "DDI Rate": 0.079015
    },
    "0.45": {
      "Jaccard": 0.538984,
      "Avg Meds": 24.121891,
      "Avg True Meds": 19.901327,
      "DDI Rate": 0.079518
    },
    "0.5": {
      "Jaccard": 0.541791,
      "Avg Meds": 23.162521,
      "Avg True Meds": 19.901327,
      "DDI Rate": 0.079861
    },
    "0.55": {
      "Jaccard": 0.543004,
      "Avg Meds": 22.234659,
      "Avg True Meds": 19.901327,
      "DDI Rate": 0.079933
    },
    "0.6": {
      "Jaccard": 0.54371,
      "Avg Meds": 21.337479,
      "Avg True Meds": 19.901327,
      "DDI Rate": 0.080243
    },
    "0.65": {
      "Jaccard": 0.542813,
      "Avg Meds": 20.433664,
      "Avg True Meds": 19.901327,
      "DDI Rate": 0.08018
    },
    "0.7": {
      "Jaccard": 0.541066,
      "Avg Meds": 19.52985,
      "Avg True Meds": 19.901327,
      "DDI Rate": 0.080617
    },
    "0.75": {
      "Jaccard": 0.537916,
      "Avg Meds": 18.578773,
      "Avg True Meds": 19.901327,
      "DDI Rate": 0.081018
    }
  },
  "calibrated_threshold": 0.7,
  "calibrated_metrics": {
    "Jaccard": 0.541066,
    "Avg Meds": 19.52985,
    "Avg True Meds": 19.901327,
    "DDI Rate": 0.080617
  },
  "config": {
    "hidden_dim": 256,
    "use_notes": true,
    "use_labs": false,
    "use_copy": false,
    "fusion_strategy": "film",
    "lab_dim": 0,
    "pos_weight_cap": 5.0,
    "use_cosine_lr": false,
    "contrastive_weight": 0.0,
    "margin_loss_weight": 0.0,
    "alignment_loss_weight": 0.1,
    "alignment_start_epoch": 1,
    "alignment_ramp_epochs": 0
  }
}