{
  "seed": 123,
  "ablation": "full",
  "mimic_version": 3,
  "mimic4_full": false,
  "cohort_tag": "mimic3",
  "best_val_jaccard": 0.5655558705329895,
  "test_metrics": {
    "Jaccard": 0.5659094452857971,
    "F1": 0.7153261303901672,
    "PRAUC": 0.7979697835074135,
    "DDI Rate": 0.08117853661056125,
    "Avg Meds": 22.128524780273438,
    "Avg True Meds": 19.90132713317871,
    "Precision": 0.6858740448951721,
    "Recall": 0.7697726488113403,
    "NHJ_new": 0.2937082146343432,
    "NHJ_dropped": 0.34414147546416834,
    "CVR": 0.0
  },
  "data_diagnostics": {
    "split_mode_requested": "hidr_vita",
    "require_cohort_split": false,
    "split_source": "hidr_vita_sequential",
    "split_seed_used": "n/a",
    "split_patient_counts": {
      "train": 4233,
      "val": 1059,
      "test": 1058
    },
    "split_example_counts": {
      "train": 6256,
      "val": 1220,
      "test": 1206
    },
    "ddi_density": 0.05261303581914269,
    "ddi_upper_pairs": 448,
    "ddi_total_pairs": 8515,
    "loaded_artifacts": {
      "records": "data/processed/records_final.pkl",
      "cohort": "data/processed/cohort_mimic3.pkl",
      "ddi": "data/processed/ddi_A_final.pkl",
      "ehr": "data/processed/ehr_adj_final.pkl",
      "embeddings": "data/embeddings/code_embeddings.pt",
      "notes": "data/processed/note_embeddings_mimic3.pkl",
      "labs": "data/processed/lab_vectors_200labs.pkl"
    }
  },
  "param_counts": {
    "visit_encoder": {
      "total": 3429889,
      "trainable": 827905
    },
    "fusion": {
      "total": 137152,
      "trainable": 137152
    },
    "drug_gnn": {
      "total": 164736,
      "trainable": 164736
    },
    "predictor": {
      "total": 470889,
      "trainable": 412967
    },
    "model_total": {
      "total": 4317866,
      "trainable": 1657960
    }
  },
  "threshold_sweep": {
    "0.4": {
      "Jaccard": 0.563543,
      "Avg Meds": 23.272802,
      "Avg True Meds": 19.901327,
      "DDI Rate": 0.080435
    },
    "0.45": {
      "Jaccard": 0.564602,
      "Avg Meds": 22.655058,
      "Avg True Meds": 19.901327,
      "DDI Rate": 0.081015
    },
    "0.5": {
      "Jaccard": 0.565909,
      "Avg Meds": 22.128525,
      "Avg True Meds": 19.901327,
      "DDI Rate": 0.081179
    },
    "0.55": {
      "Jaccard": 0.566536,
      "Avg Meds": 21.592869,
      "Avg True Meds": 19.901327,
      "DDI Rate": 0.081555
    },
    "0.6": {
      "Jaccard": 0.56554,
      "Avg Meds": 21.095356,
      "Avg True Meds": 19.901327,
      "DDI Rate": 0.081853
    },
    "0.65": {
      "Jaccard": 0.565127,
      "Avg Meds": 20.548922,
      "Avg True Meds": 19.901327,
      "DDI Rate": 0.081652
    },
    "0.7": {
      "Jaccard": 0.564225,
      "Avg Meds": 20.03068,
      "Avg True Meds": 19.901327,
      "DDI Rate": 0.08178
    },
    "0.75": {
      "Jaccard": 0.561973,
      "Avg Meds": 19.447762,
      "Avg True Meds": 19.901327,
      "DDI Rate": 0.082104
    }
  },
  "calibrated_threshold": 0.7,
  "calibrated_metrics": {
    "Jaccard": 0.564225,
    "Avg Meds": 20.03068,
    "Avg True Meds": 19.901327,
    "DDI Rate": 0.08178
  },
  "config": {
    "hidden_dim": 128,
    "use_notes": true,
    "use_labs": true,
    "use_copy": true,
    "fusion_strategy": "film",
    "lab_dim": 400,
    "pos_weight_cap": 5.0,
    "use_cosine_lr": false,
    "contrastive_weight": 0.0,
    "margin_loss_weight": 0.0,
    "alignment_loss_weight": 0.1,
    "alignment_start_epoch": 1,
    "alignment_ramp_epochs": 0
  }
}