{
  "seed": 42,
  "ablation": "full",
  "mimic_version": 3,
  "mimic4_full": false,
  "cohort_tag": "mimic3",
  "best_val_jaccard": 0.5674642324447632,
  "test_metrics": {
    "Jaccard": 0.5679351687431335,
    "F1": 0.7167208790779114,
    "PRAUC": 0.798037888364464,
    "DDI Rate": 0.08296327119757092,
    "Avg Meds": 22.135986328125,
    "Avg True Meds": 19.90132713317871,
    "Precision": 0.6863374710083008,
    "Recall": 0.7728399038314819,
    "NHJ_new": 0.29905561004814346,
    "NHJ_dropped": 0.33752654100719254,
    "CVR": 0.0
  },
  "data_diagnostics": {
    "split_mode_requested": "hidr_vita",
    "require_cohort_split": false,
    "split_source": "hidr_vita_sequential",
    "split_seed_used": "n/a",
    "split_patient_counts": {
      "train": 4233,
      "val": 1059,
      "test": 1058
    },
    "split_example_counts": {
      "train": 6256,
      "val": 1220,
      "test": 1206
    },
    "ddi_density": 0.05261303581914269,
    "ddi_upper_pairs": 448,
    "ddi_total_pairs": 8515,
    "loaded_artifacts": {
      "records": "data/processed/records_final.pkl",
      "cohort": "data/processed/cohort_mimic3.pkl",
      "ddi": "data/processed/ddi_A_final.pkl",
      "ehr": "data/processed/ehr_adj_final.pkl",
      "embeddings": "data/embeddings/code_embeddings.pt",
      "notes": "data/processed/note_embeddings_mimic3.pkl",
      "labs": "data/processed/lab_vectors_200labs.pkl"
    }
  },
  "param_counts": {
    "visit_encoder": {
      "total": 3429889,
      "trainable": 827905
    },
    "fusion": {
      "total": 137152,
      "trainable": 137152
    },
    "drug_gnn": {
      "total": 164736,
      "trainable": 164736
    },
    "predictor": {
      "total": 470889,
      "trainable": 412967
    },
    "model_total": {
      "total": 4317866,
      "trainable": 1657960
    }
  },
  "threshold_sweep": {
    "0.4": {
      "Jaccard": 0.565233,
      "Avg Meds": 23.263681,
      "Avg True Meds": 19.901327,
      "DDI Rate": 0.08184
    },
    "0.45": {
      "Jaccard": 0.566907,
      "Avg Meds": 22.694859,
      "Avg True Meds": 19.901327,
      "DDI Rate": 0.082437
    },
    "0.5": {
      "Jaccard": 0.567935,
      "Avg Meds": 22.135986,
      "Avg True Meds": 19.901327,
      "DDI Rate": 0.082963
    },
    "0.55": {
      "Jaccard": 0.567128,
      "Avg Meds": 21.628525,
      "Avg True Meds": 19.901327,
      "DDI Rate": 0.083356
    },
    "0.6": {
      "Jaccard": 0.566304,
      "Avg Meds": 21.113598,
      "Avg True Meds": 19.901327,
      "DDI Rate": 0.083638
    },
    "0.65": {
      "Jaccard": 0.565404,
      "Avg Meds": 20.613598,
      "Avg True Meds": 19.901327,
      "DDI Rate": 0.083845
    },
    "0.7": {
      "Jaccard": 0.564386,
      "Avg Meds": 20.07048,
      "Avg True Meds": 19.901327,
      "DDI Rate": 0.083946
    },
    "0.75": {
      "Jaccard": 0.56149,
      "Avg Meds": 19.508291,
      "Avg True Meds": 19.901327,
      "DDI Rate": 0.083943
    }
  },
  "calibrated_threshold": 0.7,
  "calibrated_metrics": {
    "Jaccard": 0.564386,
    "Avg Meds": 20.07048,
    "Avg True Meds": 19.901327,
    "DDI Rate": 0.083946
  },
  "config": {
    "hidden_dim": 128,
    "use_notes": true,
    "use_labs": true,
    "use_copy": true,
    "fusion_strategy": "film",
    "lab_dim": 400,
    "pos_weight_cap": 5.0,
    "use_cosine_lr": false,
    "contrastive_weight": 0.0,
    "margin_loss_weight": 0.0,
    "alignment_loss_weight": 0.1,
    "alignment_start_epoch": 1,
    "alignment_ramp_epochs": 0
  }
}