{
  "seed": 456,
  "ablation": "full",
  "mimic_version": 3,
  "mimic4_full": false,
  "cohort_tag": "mimic3",
  "best_val_jaccard": 0.563940703868866,
  "test_metrics": {
    "Jaccard": 0.5628665685653687,
    "F1": 0.7127654552459717,
    "PRAUC": 0.7984413096021715,
    "DDI Rate": 0.07796493100795882,
    "Avg Meds": 22.349088668823242,
    "Avg True Meds": 19.90132713317871,
    "Precision": 0.6817138195037842,
    "Recall": 0.7696947455406189,
    "NHJ_new": 0.29951951848833186,
    "NHJ_dropped": 0.35171650271666677,
    "CVR": 0.0
  },
  "data_diagnostics": {
    "split_mode_requested": "hidr_vita",
    "require_cohort_split": false,
    "split_source": "hidr_vita_sequential",
    "split_seed_used": "n/a",
    "split_patient_counts": {
      "train": 4233,
      "val": 1059,
      "test": 1058
    },
    "split_example_counts": {
      "train": 6256,
      "val": 1220,
      "test": 1206
    },
    "ddi_density": 0.05261303581914269,
    "ddi_upper_pairs": 448,
    "ddi_total_pairs": 8515,
    "loaded_artifacts": {
      "records": "data/processed/records_final.pkl",
      "cohort": "data/processed/cohort_mimic3.pkl",
      "ddi": "data/processed/ddi_A_final.pkl",
      "ehr": "data/processed/ehr_adj_final.pkl",
      "embeddings": "data/embeddings/code_embeddings.pt",
      "notes": "data/processed/note_embeddings_mimic3.pkl",
      "labs": "data/processed/lab_vectors_200labs.pkl"
    }
  },
  "param_counts": {
    "visit_encoder": {
      "total": 4583681,
      "trainable": 1981697
    },
    "fusion": {
      "total": 423808,
      "trainable": 423808
    },
    "drug_gnn": {
      "total": 1974080,
      "trainable": 1974080
    },
    "predictor": {
      "total": 1613513,
      "trainable": 1423943
    },
    "model_total": {
      "total": 8858250,
      "trainable": 6066696
    }
  },
  "threshold_sweep": {
    "0.4": {
      "Jaccard": 0.559079,
      "Avg Meds": 23.813433,
      "Avg True Meds": 19.901327,
      "DDI Rate": 0.077493
    },
    "0.45": {
      "Jaccard": 0.562167,
      "Avg Meds": 23.062189,
      "Avg True Meds": 19.901327,
      "DDI Rate": 0.077733
    },
    "0.5": {
      "Jaccard": 0.562867,
      "Avg Meds": 22.349089,
      "Avg True Meds": 19.901327,
      "DDI Rate": 0.077965
    },
    "0.55": {
      "Jaccard": 0.563107,
      "Avg Meds": 21.634329,
      "Avg True Meds": 19.901327,
      "DDI Rate": 0.078193
    },
    "0.6": {
      "Jaccard": 0.562806,
      "Avg Meds": 20.97015,
      "Avg True Meds": 19.901327,
      "DDI Rate": 0.078576
    },
    "0.65": {
      "Jaccard": 0.561707,
      "Avg Meds": 20.268656,
      "Avg True Meds": 19.901327,
      "DDI Rate": 0.078577
    },
    "0.7": {
      "Jaccard": 0.559331,
      "Avg Meds": 19.57048,
      "Avg True Meds": 19.901327,
      "DDI Rate": 0.078969
    },
    "0.75": {
      "Jaccard": 0.555128,
      "Avg Meds": 18.770315,
      "Avg True Meds": 19.901327,
      "DDI Rate": 0.079233
    }
  },
  "calibrated_threshold": 0.7,
  "calibrated_metrics": {
    "Jaccard": 0.559331,
    "Avg Meds": 19.57048,
    "Avg True Meds": 19.901327,
    "DDI Rate": 0.078969
  },
  "config": {
    "hidden_dim": 256,
    "use_notes": true,
    "use_labs": true,
    "use_copy": true,
    "fusion_strategy": "film",
    "lab_dim": 400,
    "pos_weight_cap": 5.0,
    "use_cosine_lr": false,
    "contrastive_weight": 0.0,
    "margin_loss_weight": 0.0,
    "alignment_loss_weight": 0.1,
    "alignment_start_epoch": 1,
    "alignment_ramp_epochs": 0
  }
}