{
  "seed": 456,
  "ablation": "full",
  "mimic_version": 3,
  "mimic4_full": false,
  "cohort_tag": "mimic3",
  "best_val_jaccard": 0.5606447458267212,
  "test_metrics": {
    "Jaccard": 0.5606180429458618,
    "F1": 0.710925817489624,
    "PRAUC": 0.7944006710555799,
    "DDI Rate": 0.08157476974449508,
    "Avg Meds": 21.158374786376953,
    "Avg True Meds": 19.90132713317871,
    "Precision": 0.7009206414222717,
    "Recall": 0.7435519099235535,
    "NHJ_new": 0.2708629597174494,
    "NHJ_dropped": 0.3120941676591572,
    "CVR": 0.0
  },
  "data_diagnostics": {
    "split_mode_requested": "hidr_vita",
    "require_cohort_split": false,
    "split_source": "hidr_vita_sequential",
    "split_seed_used": "n/a",
    "split_patient_counts": {
      "train": 4233,
      "val": 1059,
      "test": 1058
    },
    "split_example_counts": {
      "train": 6256,
      "val": 1220,
      "test": 1206
    },
    "ddi_density": 0.05261303581914269,
    "ddi_upper_pairs": 448,
    "ddi_total_pairs": 8515,
    "loaded_artifacts": {
      "records": "data/processed/records_final.pkl",
      "cohort": "data/processed/cohort_mimic3.pkl",
      "ddi": "data/processed/ddi_A_final.pkl",
      "ehr": "data/processed/ehr_adj_final.pkl",
      "embeddings": "data/embeddings/code_embeddings.pt",
      "notes": "data/processed/note_embeddings_mimic3.pkl",
      "labs": "data/processed/lab_vectors_200labs.pkl"
    }
  },
  "param_counts": {
    "visit_encoder": {
      "total": 3793665,
      "trainable": 1191681
    },
    "fusion": {
      "total": 423808,
      "trainable": 423808
    },
    "drug_gnn": {
      "total": 1974080,
      "trainable": 1974080
    },
    "predictor": {
      "total": 559560,
      "trainable": 559560
    },
    "model_total": {
      "total": 7014281,
      "trainable": 4412297
    }
  },
  "threshold_sweep": {
    "0.4": {
      "Jaccard": 0.558743,
      "Avg Meds": 22.803482,
      "Avg True Meds": 19.901327,
      "DDI Rate": 0.082557
    },
    "0.45": {
      "Jaccard": 0.560265,
      "Avg Meds": 21.948591,
      "Avg True Meds": 19.901327,
      "DDI Rate": 0.082184
    },
    "0.5": {
      "Jaccard": 0.560618,
      "Avg Meds": 21.158375,
      "Avg True Meds": 19.901327,
      "DDI Rate": 0.081575
    },
    "0.55": {
      "Jaccard": 0.559246,
      "Avg Meds": 20.389719,
      "Avg True Meds": 19.901327,
      "DDI Rate": 0.081112
    },
    "0.6": {
      "Jaccard": 0.557001,
      "Avg Meds": 19.660862,
      "Avg True Meds": 19.901327,
      "DDI Rate": 0.081111
    },
    "0.65": {
      "Jaccard": 0.553691,
      "Avg Meds": 18.874792,
      "Avg True Meds": 19.901327,
      "DDI Rate": 0.081107
    },
    "0.7": {
      "Jaccard": 0.549345,
      "Avg Meds": 18.07048,
      "Avg True Meds": 19.901327,
      "DDI Rate": 0.08008
    },
    "0.75": {
      "Jaccard": 0.542721,
      "Avg Meds": 17.223881,
      "Avg True Meds": 19.901327,
      "DDI Rate": 0.079874
    }
  },
  "calibrated_threshold": 0.6,
  "calibrated_metrics": {
    "Jaccard": 0.557001,
    "Avg Meds": 19.660862,
    "Avg True Meds": 19.901327,
    "DDI Rate": 0.081111
  },
  "config": {
    "hidden_dim": 256,
    "use_notes": true,
    "use_labs": true,
    "use_copy": true,
    "fusion_strategy": "film",
    "lab_dim": 400,
    "pos_weight_cap": 5.0,
    "use_cosine_lr": false,
    "contrastive_weight": 0.0,
    "margin_loss_weight": 0.0,
    "alignment_loss_weight": 0.1,
    "alignment_start_epoch": 1,
    "alignment_ramp_epochs": 0
  }
}