{
  "seed": 42,
  "ablation": "full",
  "mimic_version": 3,
  "mimic4_full": false,
  "cohort_tag": "mimic3",
  "best_val_jaccard": 0.5431013107299805,
  "test_metrics": {
    "Jaccard": 0.5385101437568665,
    "F1": 0.692379355430603,
    "PRAUC": 0.7833424258899022,
    "DDI Rate": 0.07803367476921463,
    "Avg Meds": 22.587894439697266,
    "Avg True Meds": 19.90132713317871,
    "Precision": 0.6617310643196106,
    "Recall": 0.754347562789917,
    "NHJ_new": 0.2833317518234253,
    "NHJ_dropped": 0.3544366877329977,
    "CVR": 0.0
  },
  "data_diagnostics": {
    "split_mode_requested": "hidr_vita",
    "require_cohort_split": false,
    "split_source": "hidr_vita_sequential",
    "split_seed_used": "n/a",
    "split_patient_counts": {
      "train": 4233,
      "val": 1059,
      "test": 1058
    },
    "split_example_counts": {
      "train": 6256,
      "val": 1220,
      "test": 1206
    },
    "ddi_density": 0.05261303581914269,
    "ddi_upper_pairs": 448,
    "ddi_total_pairs": 8515,
    "loaded_artifacts": {
      "records": "data/processed/records_final.pkl",
      "cohort": "data/processed/cohort_mimic3.pkl",
      "ddi": "data/processed/ddi_A_final.pkl",
      "ehr": "data/processed/ehr_adj_final.pkl",
      "embeddings": "data/embeddings/code_embeddings.pt",
      "labs": "data/processed/lab_vectors_150labs.pkl"
    }
  },
  "param_counts": {
    "visit_encoder": {
      "total": 4649474,
      "trainable": 2047490
    },
    "fusion": {
      "total": 417408,
      "trainable": 417408
    },
    "drug_gnn": {
      "total": 1151776,
      "trainable": 1151776
    },
    "predictor": {
      "total": 298054,
      "trainable": 298053
    },
    "model_total": {
      "total": 6779880,
      "trainable": 4177895
    }
  },
  "threshold_sweep": {
    "0.4": {
      "Jaccard": 0.535571,
      "Avg Meds": 24.381426,
      "Avg True Meds": 19.901327,
      "DDI Rate": 0.076997
    },
    "0.45": {
      "Jaccard": 0.537539,
      "Avg Meds": 23.467661,
      "Avg True Meds": 19.901327,
      "DDI Rate": 0.077465
    },
    "0.5": {
      "Jaccard": 0.53851,
      "Avg Meds": 22.587894,
      "Avg True Meds": 19.901327,
      "DDI Rate": 0.078034
    },
    "0.55": {
      "Jaccard": 0.538238,
      "Avg Meds": 21.758707,
      "Avg True Meds": 19.901327,
      "DDI Rate": 0.078054
    },
    "0.6": {
      "Jaccard": 0.537447,
      "Avg Meds": 20.977612,
      "Avg True Meds": 19.901327,
      "DDI Rate": 0.078565
    },
    "0.65": {
      "Jaccard": 0.537609,
      "Avg Meds": 20.186567,
      "Avg True Meds": 19.901327,
      "DDI Rate": 0.079296
    },
    "0.7": {
      "Jaccard": 0.536105,
      "Avg Meds": 19.35821,
      "Avg True Meds": 19.901327,
      "DDI Rate": 0.079384
    },
    "0.75": {
      "Jaccard": 0.533679,
      "Avg Meds": 18.480099,
      "Avg True Meds": 19.901327,
      "DDI Rate": 0.079769
    }
  },
  "calibrated_threshold": 0.65,
  "calibrated_metrics": {
    "Jaccard": 0.537609,
    "Avg Meds": 20.186567,
    "Avg True Meds": 19.901327,
    "DDI Rate": 0.079296
  },
  "config": {
    "hidden_dim": 256,
    "use_notes": false,
    "use_labs": true,
    "use_copy": false,
    "fusion_strategy": "film",
    "lab_dim": 300,
    "pos_weight_cap": 5.0,
    "use_cosine_lr": false,
    "contrastive_weight": 0.0,
    "margin_loss_weight": 0.0,
    "alignment_loss_weight": 0.1,
    "alignment_start_epoch": 1,
    "alignment_ramp_epochs": 0
  }
}