{
  "seed": 456,
  "ablation": "full",
  "mimic_version": 3,
  "mimic4_full": false,
  "cohort_tag": "mimic3",
  "best_val_jaccard": 0.553300678730011,
  "test_metrics": {
    "Jaccard": 0.5507453083992004,
    "F1": 0.7028839588165283,
    "PRAUC": 0.7886209577102693,
    "DDI Rate": 0.07794477680034442,
    "Avg Meds": 22.063018798828125,
    "Avg True Meds": 19.90132713317871,
    "Precision": 0.6770560145378113,
    "Recall": 0.7537114024162292,
    "NHJ_new": 0.3065670171850606,
    "NHJ_dropped": 0.39567807944197403,
    "CVR": 0.0
  },
  "data_diagnostics": {
    "split_mode_requested": "hidr_vita",
    "require_cohort_split": false,
    "split_source": "hidr_vita_sequential",
    "split_seed_used": "n/a",
    "split_patient_counts": {
      "train": 4233,
      "val": 1059,
      "test": 1058
    },
    "split_example_counts": {
      "train": 6256,
      "val": 1220,
      "test": 1206
    },
    "ddi_density": 0.05261303581914269,
    "ddi_upper_pairs": 448,
    "ddi_total_pairs": 8515,
    "loaded_artifacts": {
      "records": "data/processed/records_final.pkl",
      "cohort": "data/processed/cohort_mimic3.pkl",
      "ddi": "data/processed/ddi_A_final.pkl",
      "ehr": "data/processed/ehr_adj_final.pkl",
      "embeddings": "data/embeddings/code_embeddings.pt",
      "notes": "data/processed/note_embeddings_mimic3.pkl",
      "labs": "data/processed/lab_vectors_200labs.pkl"
    }
  },
  "param_counts": {
    "visit_encoder": {
      "total": 4583681,
      "trainable": 1981697
    },
    "fusion": {
      "total": 423808,
      "trainable": 423808
    },
    "drug_gnn": {
      "total": 395008,
      "trainable": 395008
    },
    "predictor": {
      "total": 369990,
      "trainable": 369990
    },
    "model_total": {
      "total": 6035655,
      "trainable": 3433671
    }
  },
  "threshold_sweep": {
    "0.4": {
      "Jaccard": 0.547948,
      "Avg Meds": 23.533167,
      "Avg True Meds": 19.901327,
      "DDI Rate": 0.077814
    },
    "0.45": {
      "Jaccard": 0.549494,
      "Avg Meds": 22.7869,
      "Avg True Meds": 19.901327,
      "DDI Rate": 0.078162
    },
    "0.5": {
      "Jaccard": 0.550745,
      "Avg Meds": 22.063019,
      "Avg True Meds": 19.901327,
      "DDI Rate": 0.077945
    },
    "0.55": {
      "Jaccard": 0.55183,
      "Avg Meds": 21.38723,
      "Avg True Meds": 19.901327,
      "DDI Rate": 0.077922
    },
    "0.6": {
      "Jaccard": 0.551004,
      "Avg Meds": 20.660862,
      "Avg True Meds": 19.901327,
      "DDI Rate": 0.078179
    },
    "0.65": {
      "Jaccard": 0.550834,
      "Avg Meds": 20.009951,
      "Avg True Meds": 19.901327,
      "DDI Rate": 0.078586
    },
    "0.7": {
      "Jaccard": 0.549288,
      "Avg Meds": 19.305141,
      "Avg True Meds": 19.901327,
      "DDI Rate": 0.07894
    },
    "0.75": {
      "Jaccard": 0.547471,
      "Avg Meds": 18.556385,
      "Avg True Meds": 19.901327,
      "DDI Rate": 0.078672
    }
  },
  "calibrated_threshold": 0.65,
  "calibrated_metrics": {
    "Jaccard": 0.550834,
    "Avg Meds": 20.009951,
    "Avg True Meds": 19.901327,
    "DDI Rate": 0.078586
  },
  "config": {
    "hidden_dim": 256,
    "use_notes": true,
    "use_labs": true,
    "use_copy": false,
    "fusion_strategy": "film",
    "lab_dim": 400,
    "pos_weight_cap": 5.0,
    "use_cosine_lr": false,
    "contrastive_weight": 0.0,
    "margin_loss_weight": 0.0,
    "alignment_loss_weight": 0.1,
    "alignment_start_epoch": 1,
    "alignment_ramp_epochs": 0
  }
}