{
  "seed": 123,
  "ablation": "full",
  "mimic_version": 3,
  "mimic4_full": false,
  "cohort_tag": "mimic3",
  "best_val_jaccard": 0.5614874362945557,
  "test_metrics": {
    "Jaccard": 0.5591118335723877,
    "F1": 0.7098444104194641,
    "PRAUC": 0.7982023122347133,
    "DDI Rate": 0.07971958666724965,
    "Avg Meds": 23.170812606811523,
    "Avg True Meds": 19.90132713317871,
    "Precision": 0.6685622930526733,
    "Recall": 0.7819181680679321,
    "NHJ_new": 0.2828341087228374,
    "NHJ_dropped": 0.23123249803718768,
    "CVR": 0.0
  },
  "data_diagnostics": {
    "split_mode_requested": "hidr_vita",
    "require_cohort_split": false,
    "split_source": "hidr_vita_sequential",
    "split_seed_used": "n/a",
    "split_patient_counts": {
      "train": 4233,
      "val": 1059,
      "test": 1058
    },
    "split_example_counts": {
      "train": 6256,
      "val": 1220,
      "test": 1206
    },
    "ddi_density": 0.05261303581914269,
    "ddi_upper_pairs": 448,
    "ddi_total_pairs": 8515,
    "loaded_artifacts": {
      "records": "data/processed/records_final.pkl",
      "cohort": "data/processed/cohort_mimic3.pkl",
      "ddi": "data/processed/ddi_A_final.pkl",
      "ehr": "data/processed/ehr_adj_final.pkl",
      "embeddings": "data/embeddings/code_embeddings.pt",
      "notes": "data/processed/note_embeddings_mimic3.pkl",
      "labs": "data/processed/lab_vectors_200labs.pkl"
    }
  },
  "param_counts": {
    "visit_encoder": {
      "total": 3793665,
      "trainable": 1191681
    },
    "fusion": {
      "total": 423808,
      "trainable": 423808
    },
    "drug_gnn": {
      "total": 1974080,
      "trainable": 1974080
    },
    "predictor": {
      "total": 559560,
      "trainable": 559560
    },
    "model_total": {
      "total": 7014281,
      "trainable": 4412297
    }
  },
  "threshold_sweep": {
    "0.4": {
      "Jaccard": 0.553427,
      "Avg Meds": 24.941957,
      "Avg True Meds": 19.901327,
      "DDI Rate": 0.080699
    },
    "0.45": {
      "Jaccard": 0.557104,
      "Avg Meds": 24.050581,
      "Avg True Meds": 19.901327,
      "DDI Rate": 0.080223
    },
    "0.5": {
      "Jaccard": 0.559112,
      "Avg Meds": 23.170813,
      "Avg True Meds": 19.901327,
      "DDI Rate": 0.07972
    },
    "0.55": {
      "Jaccard": 0.560589,
      "Avg Meds": 22.35821,
      "Avg True Meds": 19.901327,
      "DDI Rate": 0.07932
    },
    "0.6": {
      "Jaccard": 0.56193,
      "Avg Meds": 21.563019,
      "Avg True Meds": 19.901327,
      "DDI Rate": 0.079356
    },
    "0.65": {
      "Jaccard": 0.561803,
      "Avg Meds": 20.808458,
      "Avg True Meds": 19.901327,
      "DDI Rate": 0.079416
    },
    "0.7": {
      "Jaccard": 0.559026,
      "Avg Meds": 19.987562,
      "Avg True Meds": 19.901327,
      "DDI Rate": 0.079684
    },
    "0.75": {
      "Jaccard": 0.556159,
      "Avg Meds": 19.089552,
      "Avg True Meds": 19.901327,
      "DDI Rate": 0.079657
    }
  },
  "calibrated_threshold": 0.7,
  "calibrated_metrics": {
    "Jaccard": 0.559026,
    "Avg Meds": 19.987562,
    "Avg True Meds": 19.901327,
    "DDI Rate": 0.079684
  },
  "config": {
    "hidden_dim": 256,
    "use_notes": true,
    "use_labs": true,
    "use_copy": true,
    "fusion_strategy": "film",
    "lab_dim": 400,
    "pos_weight_cap": 5.0,
    "use_cosine_lr": false,
    "contrastive_weight": 0.0,
    "margin_loss_weight": 0.0,
    "alignment_loss_weight": 0.1,
    "alignment_start_epoch": 1,
    "alignment_ramp_epochs": 0
  }
}