{
  "seed": 42,
  "ablation": "full",
  "mimic_version": 3,
  "mimic4_full": false,
  "cohort_tag": "mimic3",
  "best_val_jaccard": 0.544538676738739,
  "test_metrics": {
    "Jaccard": 0.5416655540466309,
    "F1": 0.6951572299003601,
    "PRAUC": 0.7856399297382015,
    "DDI Rate": 0.07813945031208755,
    "Avg Meds": 22.543947219848633,
    "Avg True Meds": 19.90132713317871,
    "Precision": 0.6626089215278625,
    "Recall": 0.7585095167160034,
    "NHJ_new": 0.2872412855687894,
    "NHJ_dropped": 0.34844677071822316,
    "CVR": 0.0
  },
  "data_diagnostics": {
    "split_mode_requested": "hidr_vita",
    "require_cohort_split": false,
    "split_source": "hidr_vita_sequential",
    "split_seed_used": "n/a",
    "split_patient_counts": {
      "train": 4233,
      "val": 1059,
      "test": 1058
    },
    "split_example_counts": {
      "train": 6256,
      "val": 1220,
      "test": 1206
    },
    "ddi_density": 0.05261303581914269,
    "ddi_upper_pairs": 448,
    "ddi_total_pairs": 8515,
    "loaded_artifacts": {
      "records": "data/processed/records_final.pkl",
      "cohort": "data/processed/cohort_mimic3.pkl",
      "ddi": "data/processed/ddi_A_final.pkl",
      "ehr": "data/processed/ehr_adj_final.pkl",
      "embeddings": "data/embeddings/code_embeddings.pt",
      "notes": "data/processed/note_embeddings_mimic3.pkl"
    }
  },
  "param_counts": {
    "visit_encoder": {
      "total": 4649474,
      "trainable": 2047490
    },
    "fusion": {
      "total": 400512,
      "trainable": 400512
    },
    "drug_gnn": {
      "total": 1151776,
      "trainable": 1151776
    },
    "predictor": {
      "total": 327942,
      "trainable": 327941
    },
    "model_total": {
      "total": 6792872,
      "trainable": 4190887
    }
  },
  "threshold_sweep": {
    "0.4": {
      "Jaccard": 0.536234,
      "Avg Meds": 24.283583,
      "Avg True Meds": 19.901327,
      "DDI Rate": 0.077364
    },
    "0.45": {
      "Jaccard": 0.539851,
      "Avg Meds": 23.381426,
      "Avg True Meds": 19.901327,
      "DDI Rate": 0.0776
    },
    "0.5": {
      "Jaccard": 0.541666,
      "Avg Meds": 22.543947,
      "Avg True Meds": 19.901327,
      "DDI Rate": 0.078139
    },
    "0.55": {
      "Jaccard": 0.542449,
      "Avg Meds": 21.721394,
      "Avg True Meds": 19.901327,
      "DDI Rate": 0.078245
    },
    "0.6": {
      "Jaccard": 0.543488,
      "Avg Meds": 20.882256,
      "Avg True Meds": 19.901327,
      "DDI Rate": 0.078601
    },
    "0.65": {
      "Jaccard": 0.542594,
      "Avg Meds": 20.094528,
      "Avg True Meds": 19.901327,
      "DDI Rate": 0.078973
    },
    "0.7": {
      "Jaccard": 0.540697,
      "Avg Meds": 19.281923,
      "Avg True Meds": 19.901327,
      "DDI Rate": 0.079092
    },
    "0.75": {
      "Jaccard": 0.537166,
      "Avg Meds": 18.406301,
      "Avg True Meds": 19.901327,
      "DDI Rate": 0.078921
    }
  },
  "calibrated_threshold": 0.65,
  "calibrated_metrics": {
    "Jaccard": 0.542594,
    "Avg Meds": 20.094528,
    "Avg True Meds": 19.901327,
    "DDI Rate": 0.078973
  },
  "config": {
    "hidden_dim": 256,
    "use_notes": true,
    "use_labs": false,
    "use_copy": false,
    "fusion_strategy": "film",
    "lab_dim": 0,
    "pos_weight_cap": 5.0,
    "use_cosine_lr": false,
    "contrastive_weight": 0.0,
    "margin_loss_weight": 0.0,
    "alignment_loss_weight": 0.1,
    "alignment_start_epoch": 1,
    "alignment_ramp_epochs": 0
  }
}