{
  "seed": 456,
  "ablation": "full",
  "mimic_version": 3,
  "mimic4_full": false,
  "cohort_tag": "mimic3",
  "best_val_jaccard": 0.5032458901405334,
  "test_metrics": {
    "Jaccard": 0.5019638538360596,
    "F1": 0.6604635119438171,
    "PRAUC": 0.7530873652430902,
    "DDI Rate": 0.08218787158145065,
    "Avg Meds": 21.065505981445312,
    "Avg True Meds": 19.90132713317871,
    "Precision": 0.6584165096282959,
    "Recall": 0.7073138356208801,
    "NHJ_new": 0.2208872610016873,
    "NHJ_dropped": 0.3229933898699911,
    "CVR": 0.0
  },
  "data_diagnostics": {
    "split_mode_requested": "hidr_vita",
    "require_cohort_split": false,
    "split_source": "hidr_vita_sequential",
    "split_seed_used": "n/a",
    "split_patient_counts": {
      "train": 4233,
      "val": 1059,
      "test": 1058
    },
    "split_example_counts": {
      "train": 6256,
      "val": 1220,
      "test": 1206
    },
    "ddi_density": 0.05261303581914269,
    "ddi_upper_pairs": 448,
    "ddi_total_pairs": 8515,
    "loaded_artifacts": {
      "records": "data/processed/records_final.pkl",
      "cohort": "data/processed/cohort_mimic3.pkl",
      "ddi": "data/processed/ddi_A_final.pkl",
      "ehr": "data/processed/ehr_adj_final.pkl",
      "embeddings": "data/embeddings/code_embeddings.pt"
    }
  },
  "param_counts": {
    "visit_encoder": {
      "total": 4583681,
      "trainable": 1981697
    },
    "drug_gnn": {
      "total": 395008,
      "trainable": 395008
    },
    "predictor": {
      "total": 262406,
      "trainable": 262404
    },
    "model_total": {
      "total": 5504263,
      "trainable": 2902277
    }
  },
  "threshold_sweep": {
    "0.4": {
      "Jaccard": 0.501847,
      "Avg Meds": 23.1733,
      "Avg True Meds": 19.901327,
      "DDI Rate": 0.079545
    },
    "0.45": {
      "Jaccard": 0.503706,
      "Avg Meds": 22.10199,
      "Avg True Meds": 19.901327,
      "DDI Rate": 0.080829
    },
    "0.5": {
      "Jaccard": 0.501964,
      "Avg Meds": 21.065506,
      "Avg True Meds": 19.901327,
      "DDI Rate": 0.082188
    },
    "0.55": {
      "Jaccard": 0.501639,
      "Avg Meds": 20.081261,
      "Avg True Meds": 19.901327,
      "DDI Rate": 0.084081
    },
    "0.6": {
      "Jaccard": 0.498571,
      "Avg Meds": 19.10116,
      "Avg True Meds": 19.901327,
      "DDI Rate": 0.085613
    },
    "0.65": {
      "Jaccard": 0.495161,
      "Avg Meds": 18.199835,
      "Avg True Meds": 19.901327,
      "DDI Rate": 0.086775
    },
    "0.7": {
      "Jaccard": 0.490627,
      "Avg Meds": 17.238806,
      "Avg True Meds": 19.901327,
      "DDI Rate": 0.087792
    },
    "0.75": {
      "Jaccard": 0.483205,
      "Avg Meds": 16.203979,
      "Avg True Meds": 19.901327,
      "DDI Rate": 0.088844
    }
  },
  "calibrated_threshold": 0.55,
  "calibrated_metrics": {
    "Jaccard": 0.501639,
    "Avg Meds": 20.081261,
    "Avg True Meds": 19.901327,
    "DDI Rate": 0.084081
  },
  "config": {
    "hidden_dim": 256,
    "use_notes": false,
    "use_labs": false,
    "use_copy": false,
    "fusion_strategy": "film",
    "lab_dim": 0,
    "pos_weight_cap": 5.0,
    "use_cosine_lr": false,
    "contrastive_weight": 0.0,
    "margin_loss_weight": 0.0,
    "alignment_loss_weight": 0.1,
    "alignment_start_epoch": 1,
    "alignment_ramp_epochs": 0
  }
}