{
  "seed": 42,
  "ablation": "full",
  "mimic_version": 3,
  "mimic4_full": false,
  "cohort_tag": "mimic3",
  "best_val_jaccard": 0.5448355674743652,
  "test_metrics": {
    "Jaccard": 0.5417516231536865,
    "F1": 0.6951953172683716,
    "PRAUC": 0.7848424939055778,
    "DDI Rate": 0.08356066455062766,
    "Avg Meds": 23.10198974609375,
    "Avg True Meds": 19.90132713317871,
    "Precision": 0.6588761210441589,
    "Recall": 0.760753333568573,
    "NHJ_new": 0.29508241775788757,
    "NHJ_dropped": 0.3741612324589177,
    "CVR": 0.0
  },
  "data_diagnostics": {
    "split_mode_requested": "hidr_vita",
    "require_cohort_split": false,
    "split_source": "hidr_vita_sequential",
    "split_seed_used": "n/a",
    "split_patient_counts": {
      "train": 4233,
      "val": 1059,
      "test": 1058
    },
    "split_example_counts": {
      "train": 6256,
      "val": 1220,
      "test": 1206
    },
    "ddi_density": 0.05261303581914269,
    "ddi_upper_pairs": 448,
    "ddi_total_pairs": 8515,
    "loaded_artifacts": {
      "records": "data/processed/records_final.pkl",
      "cohort": "data/processed/cohort_mimic3.pkl",
      "ddi": "data/processed/ddi_A_final.pkl",
      "ehr": "data/processed/ehr_adj_final.pkl",
      "embeddings": "data/embeddings/code_embeddings.pt",
      "notes": "data/processed/note_embeddings_mimic3.pkl",
      "labs": "data/processed/lab_vectors_200labs.pkl"
    }
  },
  "param_counts": {
    "visit_encoder": {
      "total": 6292225,
      "trainable": 3690241
    },
    "fusion": {
      "total": 423808,
      "trainable": 423808
    },
    "drug_gnn": {
      "total": 1974080,
      "trainable": 1974080
    },
    "predictor": {
      "total": 369990,
      "trainable": 369990
    },
    "model_total": {
      "total": 9323271,
      "trainable": 6721287
    }
  },
  "threshold_sweep": {
    "0.4": {
      "Jaccard": 0.53576,
      "Avg Meds": 25.164179,
      "Avg True Meds": 19.901327,
      "DDI Rate": 0.083697
    },
    "0.45": {
      "Jaccard": 0.539471,
      "Avg Meds": 24.124378,
      "Avg True Meds": 19.901327,
      "DDI Rate": 0.083777
    },
    "0.5": {
      "Jaccard": 0.541752,
      "Avg Meds": 23.10199,
      "Avg True Meds": 19.901327,
      "DDI Rate": 0.083561
    },
    "0.55": {
      "Jaccard": 0.543312,
      "Avg Meds": 22.139303,
      "Avg True Meds": 19.901327,
      "DDI Rate": 0.084351
    },
    "0.6": {
      "Jaccard": 0.54239,
      "Avg Meds": 21.204809,
      "Avg True Meds": 19.901327,
      "DDI Rate": 0.084396
    },
    "0.65": {
      "Jaccard": 0.542809,
      "Avg Meds": 20.27529,
      "Avg True Meds": 19.901327,
      "DDI Rate": 0.084274
    },
    "0.7": {
      "Jaccard": 0.540551,
      "Avg Meds": 19.291044,
      "Avg True Meds": 19.901327,
      "DDI Rate": 0.084794
    },
    "0.75": {
      "Jaccard": 0.533892,
      "Avg Meds": 18.262852,
      "Avg True Meds": 19.901327,
      "DDI Rate": 0.08538
    }
  },
  "calibrated_threshold": 0.65,
  "calibrated_metrics": {
    "Jaccard": 0.542809,
    "Avg Meds": 20.27529,
    "Avg True Meds": 19.901327,
    "DDI Rate": 0.084274
  },
  "config": {
    "hidden_dim": 256,
    "use_notes": true,
    "use_labs": true,
    "use_copy": false,
    "fusion_strategy": "film",
    "lab_dim": 400,
    "pos_weight_cap": 5.0,
    "use_cosine_lr": false,
    "contrastive_weight": 0.0,
    "margin_loss_weight": 0.0,
    "alignment_loss_weight": 0.1,
    "alignment_start_epoch": 1,
    "alignment_ramp_epochs": 0
  }
}