{
  "seed": 456,
  "ablation": "full",
  "mimic_version": 3,
  "mimic4_full": false,
  "cohort_tag": "mimic3",
  "best_val_jaccard": 0.5506741404533386,
  "test_metrics": {
    "Jaccard": 0.5493958592414856,
    "F1": 0.7013607621192932,
    "PRAUC": 0.7927172504358245,
    "DDI Rate": 0.07866863562659254,
    "Avg Meds": 23.527362823486328,
    "Avg True Meds": 19.90132713317871,
    "Precision": 0.6548492312431335,
    "Recall": 0.7841096520423889,
    "NHJ_new": 0.29111905160703155,
    "NHJ_dropped": 0.2985588374890779,
    "CVR": 0.0
  },
  "data_diagnostics": {
    "split_mode_requested": "hidr_vita",
    "require_cohort_split": false,
    "split_source": "hidr_vita_sequential",
    "split_seed_used": "n/a",
    "split_patient_counts": {
      "train": 4233,
      "val": 1059,
      "test": 1058
    },
    "split_example_counts": {
      "train": 6256,
      "val": 1220,
      "test": 1206
    },
    "ddi_density": 0.05261303581914269,
    "ddi_upper_pairs": 448,
    "ddi_total_pairs": 8515,
    "loaded_artifacts": {
      "records": "data/processed/records_final.pkl",
      "cohort": "data/processed/cohort_mimic3.pkl",
      "ddi": "data/processed/ddi_A_final.pkl",
      "ehr": "data/processed/ehr_adj_final.pkl",
      "embeddings": "data/embeddings/code_embeddings.pt",
      "notes": "data/processed/note_embeddings_mimic3.pkl"
    }
  },
  "param_counts": {
    "visit_encoder": {
      "total": 4583681,
      "trainable": 1981697
    },
    "fusion": {
      "total": 400512,
      "trainable": 400512
    },
    "drug_gnn": {
      "total": 1974080,
      "trainable": 1974080
    },
    "predictor": {
      "total": 855815,
      "trainable": 855814
    },
    "model_total": {
      "total": 8077256,
      "trainable": 5475271
    }
  },
  "threshold_sweep": {
    "0.4": {
      "Jaccard": 0.544483,
      "Avg Meds": 25.178276,
      "Avg True Meds": 19.901327,
      "DDI Rate": 0.077648
    },
    "0.45": {
      "Jaccard": 0.54636,
      "Avg Meds": 24.340796,
      "Avg True Meds": 19.901327,
      "DDI Rate": 0.078122
    },
    "0.5": {
      "Jaccard": 0.549396,
      "Avg Meds": 23.527363,
      "Avg True Meds": 19.901327,
      "DDI Rate": 0.078669
    },
    "0.55": {
      "Jaccard": 0.550298,
      "Avg Meds": 22.731344,
      "Avg True Meds": 19.901327,
      "DDI Rate": 0.079338
    },
    "0.6": {
      "Jaccard": 0.551815,
      "Avg Meds": 21.968491,
      "Avg True Meds": 19.901327,
      "DDI Rate": 0.08006
    },
    "0.65": {
      "Jaccard": 0.551241,
      "Avg Meds": 21.185738,
      "Avg True Meds": 19.901327,
      "DDI Rate": 0.081039
    },
    "0.7": {
      "Jaccard": 0.550707,
      "Avg Meds": 20.35821,
      "Avg True Meds": 19.901327,
      "DDI Rate": 0.081777
    },
    "0.75": {
      "Jaccard": 0.548933,
      "Avg Meds": 19.464344,
      "Avg True Meds": 19.901327,
      "DDI Rate": 0.083087
    }
  },
  "calibrated_threshold": 0.75,
  "calibrated_metrics": {
    "Jaccard": 0.548933,
    "Avg Meds": 19.464344,
    "Avg True Meds": 19.901327,
    "DDI Rate": 0.083087
  },
  "config": {
    "hidden_dim": 256,
    "use_notes": true,
    "use_labs": false,
    "use_copy": false,
    "fusion_strategy": "film",
    "lab_dim": 0,
    "pos_weight_cap": 5.0,
    "use_cosine_lr": false,
    "contrastive_weight": 0.0,
    "margin_loss_weight": 0.0,
    "alignment_loss_weight": 0.1,
    "alignment_start_epoch": 1,
    "alignment_ramp_epochs": 0
  }
}