{
  "seed": 42,
  "ablation": "full",
  "mimic_version": 3,
  "mimic4_full": false,
  "cohort_tag": "mimic3",
  "best_val_jaccard": 0.5176658034324646,
  "test_metrics": {
    "Jaccard": 0.5190117359161377,
    "F1": 0.6752316951751709,
    "PRAUC": 0.7701099906548555,
    "DDI Rate": 0.08191328459793294,
    "Avg Meds": 22.613597869873047,
    "Avg True Meds": 19.90132713317871,
    "Precision": 0.6493951678276062,
    "Recall": 0.7436341643333435,
    "NHJ_new": 0.26120542617220627,
    "NHJ_dropped": 0.32415444599954707,
    "CVR": 0.0
  },
  "data_diagnostics": {
    "split_mode_requested": "hidr_vita",
    "require_cohort_split": false,
    "split_source": "hidr_vita_sequential",
    "split_seed_used": "n/a",
    "split_patient_counts": {
      "train": 4233,
      "val": 1059,
      "test": 1058
    },
    "split_example_counts": {
      "train": 6256,
      "val": 1220,
      "test": 1206
    },
    "ddi_density": 0.05261303581914269,
    "ddi_upper_pairs": 448,
    "ddi_total_pairs": 8515,
    "loaded_artifacts": {
      "records": "data/processed/records_final.pkl",
      "cohort": "data/processed/cohort_mimic3.pkl",
      "ddi": "data/processed/ddi_A_final.pkl",
      "ehr": "data/processed/ehr_adj_final.pkl",
      "embeddings": "data/embeddings/code_embeddings.pt",
      "notes": "data/processed/note_embeddings_groq_intent.pkl"
    }
  },
  "param_counts": {
    "visit_encoder": {
      "total": 4649474,
      "trainable": 2047490
    },
    "fusion": {
      "total": 400512,
      "trainable": 400512
    },
    "drug_gnn": {
      "total": 1151776,
      "trainable": 1151776
    },
    "predictor": {
      "total": 327942,
      "trainable": 327941
    },
    "model_total": {
      "total": 6792872,
      "trainable": 4190887
    }
  },
  "threshold_sweep": {
    "0.4": {
      "Jaccard": 0.515346,
      "Avg Meds": 24.586235,
      "Avg True Meds": 19.901327,
      "DDI Rate": 0.080721
    },
    "0.45": {
      "Jaccard": 0.518396,
      "Avg Meds": 23.603649,
      "Avg True Meds": 19.901327,
      "DDI Rate": 0.081455
    },
    "0.5": {
      "Jaccard": 0.519012,
      "Avg Meds": 22.613598,
      "Avg True Meds": 19.901327,
      "DDI Rate": 0.081913
    },
    "0.55": {
      "Jaccard": 0.51992,
      "Avg Meds": 21.663349,
      "Avg True Meds": 19.901327,
      "DDI Rate": 0.083172
    },
    "0.6": {
      "Jaccard": 0.519125,
      "Avg Meds": 20.752073,
      "Avg True Meds": 19.901327,
      "DDI Rate": 0.083784
    },
    "0.65": {
      "Jaccard": 0.517489,
      "Avg Meds": 19.850746,
      "Avg True Meds": 19.901327,
      "DDI Rate": 0.084969
    },
    "0.7": {
      "Jaccard": 0.515003,
      "Avg Meds": 18.915422,
      "Avg True Meds": 19.901327,
      "DDI Rate": 0.08583
    },
    "0.75": {
      "Jaccard": 0.51026,
      "Avg Meds": 17.881426,
      "Avg True Meds": 19.901327,
      "DDI Rate": 0.086459
    }
  },
  "calibrated_threshold": 0.65,
  "calibrated_metrics": {
    "Jaccard": 0.517489,
    "Avg Meds": 19.850746,
    "Avg True Meds": 19.901327,
    "DDI Rate": 0.084969
  },
  "config": {
    "hidden_dim": 256,
    "use_notes": true,
    "use_labs": false,
    "use_copy": false,
    "fusion_strategy": "film",
    "lab_dim": 0,
    "pos_weight_cap": 5.0,
    "use_cosine_lr": false,
    "contrastive_weight": 0.0,
    "margin_loss_weight": 0.0,
    "alignment_loss_weight": 0.1,
    "alignment_start_epoch": 1,
    "alignment_ramp_epochs": 0
  }
}