{
  "seed": 123,
  "ablation": "full",
  "mimic_version": 3,
  "mimic4_full": false,
  "cohort_tag": "mimic3",
  "best_val_jaccard": 0.5424928665161133,
  "test_metrics": {
    "Jaccard": 0.5411549210548401,
    "F1": 0.6945157647132874,
    "PRAUC": 0.7814656255070663,
    "DDI Rate": 0.07983290034023204,
    "Avg Meds": 21.927030563354492,
    "Avg True Meds": 19.90132713317871,
    "Precision": 0.6731274127960205,
    "Recall": 0.7438024282455444,
    "NHJ_new": 0.28460777903857987,
    "NHJ_dropped": 0.37802312562340185,
    "CVR": 0.0
  },
  "data_diagnostics": {
    "split_mode_requested": "hidr_vita",
    "require_cohort_split": false,
    "split_source": "hidr_vita_sequential",
    "split_seed_used": "n/a",
    "split_patient_counts": {
      "train": 4233,
      "val": 1059,
      "test": 1058
    },
    "split_example_counts": {
      "train": 6256,
      "val": 1220,
      "test": 1206
    },
    "ddi_density": 0.05261303581914269,
    "ddi_upper_pairs": 448,
    "ddi_total_pairs": 8515,
    "loaded_artifacts": {
      "records": "data/processed/records_final.pkl",
      "cohort": "data/processed/cohort_mimic3.pkl",
      "ddi": "data/processed/ddi_A_final.pkl",
      "ehr": "data/processed/ehr_adj_final.pkl",
      "embeddings": "data/embeddings/code_embeddings.pt",
      "labs": "data/processed/lab_vectors_200labs.pkl"
    }
  },
  "param_counts": {
    "visit_encoder": {
      "total": 4583681,
      "trainable": 1981697
    },
    "fusion": {
      "total": 423808,
      "trainable": 423808
    },
    "drug_gnn": {
      "total": 1974080,
      "trainable": 1974080
    },
    "predictor": {
      "total": 304454,
      "trainable": 304453
    },
    "model_total": {
      "total": 7549191,
      "trainable": 4947206
    }
  },
  "threshold_sweep": {
    "0.4": {
      "Jaccard": 0.538351,
      "Avg Meds": 23.61194,
      "Avg True Meds": 19.901327,
      "DDI Rate": 0.080137
    },
    "0.45": {
      "Jaccard": 0.539298,
      "Avg Meds": 22.746269,
      "Avg True Meds": 19.901327,
      "DDI Rate": 0.079651
    },
    "0.5": {
      "Jaccard": 0.541155,
      "Avg Meds": 21.927031,
      "Avg True Meds": 19.901327,
      "DDI Rate": 0.079833
    },
    "0.55": {
      "Jaccard": 0.540831,
      "Avg Meds": 21.146767,
      "Avg True Meds": 19.901327,
      "DDI Rate": 0.080374
    },
    "0.6": {
      "Jaccard": 0.539643,
      "Avg Meds": 20.338308,
      "Avg True Meds": 19.901327,
      "DDI Rate": 0.08044
    },
    "0.65": {
      "Jaccard": 0.538501,
      "Avg Meds": 19.567993,
      "Avg True Meds": 19.901327,
      "DDI Rate": 0.081033
    },
    "0.7": {
      "Jaccard": 0.534958,
      "Avg Meds": 18.781923,
      "Avg True Meds": 19.901327,
      "DDI Rate": 0.081464
    },
    "0.75": {
      "Jaccard": 0.530181,
      "Avg Meds": 17.893864,
      "Avg True Meds": 19.901327,
      "DDI Rate": 0.081867
    }
  },
  "calibrated_threshold": 0.65,
  "calibrated_metrics": {
    "Jaccard": 0.538501,
    "Avg Meds": 19.567993,
    "Avg True Meds": 19.901327,
    "DDI Rate": 0.081033
  },
  "config": {
    "hidden_dim": 256,
    "use_notes": false,
    "use_labs": true,
    "use_copy": false,
    "fusion_strategy": "film",
    "lab_dim": 400,
    "pos_weight_cap": 5.0,
    "use_cosine_lr": false,
    "contrastive_weight": 0.0,
    "margin_loss_weight": 0.0,
    "alignment_loss_weight": 0.1,
    "alignment_start_epoch": 1,
    "alignment_ramp_epochs": 0
  }
}