{
  "seed": 42,
  "ablation": "full",
  "mimic_version": 3,
  "mimic4_full": false,
  "cohort_tag": "mimic3",
  "best_val_jaccard": 0.5535194277763367,
  "test_metrics": {
    "Jaccard": 0.5512422919273376,
    "F1": 0.7033721208572388,
    "PRAUC": 0.7950503304439663,
    "DDI Rate": 0.0795323096110375,
    "Avg Meds": 22.36069679260254,
    "Avg True Meds": 19.90132713317871,
    "Precision": 0.6727206707000732,
    "Recall": 0.7589415907859802,
    "NHJ_new": 0.30363750693045166,
    "NHJ_dropped": 0.39261101421556976,
    "CVR": 0.0
  },
  "data_diagnostics": {
    "split_mode_requested": "hidr_vita",
    "require_cohort_split": false,
    "split_source": "hidr_vita_sequential",
    "split_seed_used": "n/a",
    "split_patient_counts": {
      "train": 4233,
      "val": 1059,
      "test": 1058
    },
    "split_example_counts": {
      "train": 6256,
      "val": 1220,
      "test": 1206
    },
    "ddi_density": 0.05261303581914269,
    "ddi_upper_pairs": 448,
    "ddi_total_pairs": 8515,
    "loaded_artifacts": {
      "records": "data/processed/records_final.pkl",
      "cohort": "data/processed/cohort_mimic3.pkl",
      "ddi": "data/processed/ddi_A_final.pkl",
      "ehr": "data/processed/ehr_adj_final.pkl",
      "embeddings": "data/embeddings/code_embeddings.pt",
      "notes": "data/processed/note_embeddings_mimic3.pkl",
      "labs": "data/processed/lab_vectors_200labs.pkl"
    }
  },
  "param_counts": {
    "visit_encoder": {
      "total": 4583681,
      "trainable": 1981697
    },
    "fusion": {
      "total": 423808,
      "trainable": 423808
    },
    "drug_gnn": {
      "total": 526080,
      "trainable": 526080
    },
    "predictor": {
      "total": 369990,
      "trainable": 369990
    },
    "model_total": {
      "total": 6166727,
      "trainable": 3564743
    }
  },
  "threshold_sweep": {
    "0.4": {
      "Jaccard": 0.547131,
      "Avg Meds": 24.033997,
      "Avg True Meds": 19.901327,
      "DDI Rate": 0.079182
    },
    "0.45": {
      "Jaccard": 0.549455,
      "Avg Meds": 23.176617,
      "Avg True Meds": 19.901327,
      "DDI Rate": 0.0793
    },
    "0.5": {
      "Jaccard": 0.551242,
      "Avg Meds": 22.360697,
      "Avg True Meds": 19.901327,
      "DDI Rate": 0.079532
    },
    "0.55": {
      "Jaccard": 0.552275,
      "Avg Meds": 21.569653,
      "Avg True Meds": 19.901327,
      "DDI Rate": 0.079706
    },
    "0.6": {
      "Jaccard": 0.55281,
      "Avg Meds": 20.864843,
      "Avg True Meds": 19.901327,
      "DDI Rate": 0.079695
    },
    "0.65": {
      "Jaccard": 0.551676,
      "Avg Meds": 20.066336,
      "Avg True Meds": 19.901327,
      "DDI Rate": 0.0798
    },
    "0.7": {
      "Jaccard": 0.55039,
      "Avg Meds": 19.265341,
      "Avg True Meds": 19.901327,
      "DDI Rate": 0.079839
    },
    "0.75": {
      "Jaccard": 0.547057,
      "Avg Meds": 18.430347,
      "Avg True Meds": 19.901327,
      "DDI Rate": 0.080009
    }
  },
  "calibrated_threshold": 0.65,
  "calibrated_metrics": {
    "Jaccard": 0.551676,
    "Avg Meds": 20.066336,
    "Avg True Meds": 19.901327,
    "DDI Rate": 0.0798
  },
  "config": {
    "hidden_dim": 256,
    "use_notes": true,
    "use_labs": true,
    "use_copy": false,
    "fusion_strategy": "film",
    "lab_dim": 400,
    "pos_weight_cap": 5.0,
    "use_cosine_lr": false,
    "contrastive_weight": 0.0,
    "margin_loss_weight": 0.0,
    "alignment_loss_weight": 0.1,
    "alignment_start_epoch": 1,
    "alignment_ramp_epochs": 0
  }
}