{
  "seed": 123,
  "ablation": "full",
  "mimic_version": 3,
  "mimic4_full": false,
  "cohort_tag": "mimic3",
  "best_val_jaccard": 0.526864767074585,
  "test_metrics": {
    "Jaccard": 0.5243081450462341,
    "F1": 0.6801970601081848,
    "PRAUC": 0.7668862257364382,
    "DDI Rate": 0.07464321252312357,
    "Avg Meds": 21.695688247680664,
    "Avg True Meds": 19.90132713317871,
    "Precision": 0.6624387502670288,
    "Recall": 0.726001501083374,
    "NHJ_new": 0.274794412286658,
    "NHJ_dropped": 0.3832466147447887,
    "CVR": 0.0
  },
  "data_diagnostics": {
    "split_mode_requested": "hidr_vita",
    "require_cohort_split": false,
    "split_source": "hidr_vita_sequential",
    "split_seed_used": "n/a",
    "split_patient_counts": {
      "train": 4233,
      "val": 1059,
      "test": 1058
    },
    "split_example_counts": {
      "train": 6256,
      "val": 1220,
      "test": 1206
    },
    "ddi_density": 0.05261303581914269,
    "ddi_upper_pairs": 448,
    "ddi_total_pairs": 8515,
    "loaded_artifacts": {
      "records": "data/processed/records_final.pkl",
      "cohort": "data/processed/cohort_mimic3.pkl",
      "ddi": "data/processed/ddi_A_final.pkl",
      "ehr": "data/processed/ehr_adj_final.pkl",
      "embeddings": "data/embeddings/code_embeddings.pt",
      "labs": "data/processed/lab_vectors_200labs.pkl"
    }
  },
  "param_counts": {
    "visit_encoder": {
      "total": 3990529,
      "trainable": 1388545
    },
    "fusion": {
      "total": 423808,
      "trainable": 423808
    },
    "drug_gnn": {
      "total": 1974080,
      "trainable": 1974080
    },
    "predictor": {
      "total": 304454,
      "trainable": 304453
    },
    "model_total": {
      "total": 6956039,
      "trainable": 4354054
    }
  },
  "threshold_sweep": {
    "0.4": {
      "Jaccard": 0.523649,
      "Avg Meds": 23.548094,
      "Avg True Meds": 19.901327,
      "DDI Rate": 0.074398
    },
    "0.45": {
      "Jaccard": 0.524584,
      "Avg Meds": 22.64345,
      "Avg True Meds": 19.901327,
      "DDI Rate": 0.074436
    },
    "0.5": {
      "Jaccard": 0.524308,
      "Avg Meds": 21.695688,
      "Avg True Meds": 19.901327,
      "DDI Rate": 0.074643
    },
    "0.55": {
      "Jaccard": 0.524029,
      "Avg Meds": 20.81592,
      "Avg True Meds": 19.901327,
      "DDI Rate": 0.07441
    },
    "0.6": {
      "Jaccard": 0.522373,
      "Avg Meds": 19.933664,
      "Avg True Meds": 19.901327,
      "DDI Rate": 0.074432
    },
    "0.65": {
      "Jaccard": 0.520723,
      "Avg Meds": 19.125208,
      "Avg True Meds": 19.901327,
      "DDI Rate": 0.074545
    },
    "0.7": {
      "Jaccard": 0.516772,
      "Avg Meds": 18.242123,
      "Avg True Meds": 19.901327,
      "DDI Rate": 0.073903
    },
    "0.75": {
      "Jaccard": 0.512612,
      "Avg Meds": 17.348259,
      "Avg True Meds": 19.901327,
      "DDI Rate": 0.073458
    }
  },
  "calibrated_threshold": 0.6,
  "calibrated_metrics": {
    "Jaccard": 0.522373,
    "Avg Meds": 19.933664,
    "Avg True Meds": 19.901327,
    "DDI Rate": 0.074432
  },
  "config": {
    "hidden_dim": 256,
    "use_notes": false,
    "use_labs": true,
    "use_copy": false,
    "fusion_strategy": "film",
    "lab_dim": 400,
    "pos_weight_cap": 5.0,
    "use_cosine_lr": false,
    "contrastive_weight": 0.0,
    "margin_loss_weight": 0.0,
    "alignment_loss_weight": 0.1,
    "alignment_start_epoch": 1,
    "alignment_ramp_epochs": 0
  }
}