{
  "seed": 42,
  "ablation": "full",
  "mimic_version": 3,
  "mimic4_full": false,
  "cohort_tag": "mimic3",
  "best_val_jaccard": 0.5032848715782166,
  "test_metrics": {
    "Jaccard": 0.503192126750946,
    "F1": 0.6614555716514587,
    "PRAUC": 0.7522848266798092,
    "DDI Rate": 0.0821080098438099,
    "Avg Meds": 22.84577178955078,
    "Avg True Meds": 19.90132713317871,
    "Precision": 0.6359962224960327,
    "Recall": 0.7358714938163757,
    "NHJ_new": 0.23591133952140808,
    "NHJ_dropped": 0.2971040261419196,
    "CVR": 0.0
  },
  "data_diagnostics": {
    "split_mode_requested": "hidr_vita",
    "require_cohort_split": false,
    "split_source": "hidr_vita_sequential",
    "split_seed_used": "n/a",
    "split_patient_counts": {
      "train": 4233,
      "val": 1059,
      "test": 1058
    },
    "split_example_counts": {
      "train": 6256,
      "val": 1220,
      "test": 1206
    },
    "ddi_density": 0.05261303581914269,
    "ddi_upper_pairs": 448,
    "ddi_total_pairs": 8515,
    "loaded_artifacts": {
      "records": "data/processed/records_final.pkl",
      "cohort": "data/processed/cohort_mimic3.pkl",
      "ddi": "data/processed/ddi_A_final.pkl",
      "ehr": "data/processed/ehr_adj_final.pkl",
      "embeddings": "data/embeddings/code_embeddings.pt"
    }
  },
  "param_counts": {
    "visit_encoder": {
      "total": 4583681,
      "trainable": 1981697
    },
    "drug_gnn": {
      "total": 395008,
      "trainable": 395008
    },
    "predictor": {
      "total": 262406,
      "trainable": 262404
    },
    "model_total": {
      "total": 5504263,
      "trainable": 2902277
    }
  },
  "threshold_sweep": {
    "0.4": {
      "Jaccard": 0.500934,
      "Avg Meds": 24.95854,
      "Avg True Meds": 19.901327,
      "DDI Rate": 0.079656
    },
    "0.45": {
      "Jaccard": 0.501998,
      "Avg Meds": 23.851576,
      "Avg True Meds": 19.901327,
      "DDI Rate": 0.080912
    },
    "0.5": {
      "Jaccard": 0.503192,
      "Avg Meds": 22.845772,
      "Avg True Meds": 19.901327,
      "DDI Rate": 0.082108
    },
    "0.55": {
      "Jaccard": 0.503712,
      "Avg Meds": 21.881426,
      "Avg True Meds": 19.901327,
      "DDI Rate": 0.083384
    },
    "0.6": {
      "Jaccard": 0.503164,
      "Avg Meds": 20.883913,
      "Avg True Meds": 19.901327,
      "DDI Rate": 0.085109
    },
    "0.65": {
      "Jaccard": 0.501832,
      "Avg Meds": 19.833334,
      "Avg True Meds": 19.901327,
      "DDI Rate": 0.085969
    },
    "0.7": {
      "Jaccard": 0.498564,
      "Avg Meds": 18.817579,
      "Avg True Meds": 19.901327,
      "DDI Rate": 0.087553
    },
    "0.75": {
      "Jaccard": 0.493579,
      "Avg Meds": 17.771145,
      "Avg True Meds": 19.901327,
      "DDI Rate": 0.088245
    }
  },
  "calibrated_threshold": 0.65,
  "calibrated_metrics": {
    "Jaccard": 0.501832,
    "Avg Meds": 19.833334,
    "Avg True Meds": 19.901327,
    "DDI Rate": 0.085969
  },
  "config": {
    "hidden_dim": 256,
    "use_notes": false,
    "use_labs": false,
    "use_copy": false,
    "fusion_strategy": "film",
    "lab_dim": 0,
    "pos_weight_cap": 5.0,
    "use_cosine_lr": false,
    "contrastive_weight": 0.0,
    "margin_loss_weight": 0.0,
    "alignment_loss_weight": 0.1,
    "alignment_start_epoch": 1,
    "alignment_ramp_epochs": 0
  }
}