{
  "seed": 123,
  "ablation": "full",
  "mimic_version": 3,
  "mimic4_full": false,
  "cohort_tag": "mimic3",
  "best_val_jaccard": 0.5265457034111023,
  "test_metrics": {
    "Jaccard": 0.5246503353118896,
    "F1": 0.6801562309265137,
    "PRAUC": 0.7705018388565742,
    "DDI Rate": 0.08083222544482715,
    "Avg Meds": 21.202322006225586,
    "Avg True Meds": 19.90132713317871,
    "Precision": 0.6753131151199341,
    "Recall": 0.7144085168838501,
    "NHJ_new": 0.26373515552596044,
    "NHJ_dropped": 0.39706492894574213,
    "CVR": 0.0
  },
  "data_diagnostics": {
    "split_mode_requested": "hidr_vita",
    "require_cohort_split": false,
    "split_source": "hidr_vita_sequential",
    "split_seed_used": "n/a",
    "split_patient_counts": {
      "train": 4233,
      "val": 1059,
      "test": 1058
    },
    "split_example_counts": {
      "train": 6256,
      "val": 1220,
      "test": 1206
    },
    "ddi_density": 0.05261303581914269,
    "ddi_upper_pairs": 448,
    "ddi_total_pairs": 8515,
    "loaded_artifacts": {
      "records": "data/processed/records_final.pkl",
      "cohort": "data/processed/cohort_mimic3.pkl",
      "ddi": "data/processed/ddi_A_final.pkl",
      "ehr": "data/processed/ehr_adj_final.pkl",
      "embeddings": "data/embeddings/code_embeddings.pt",
      "labs": "data/processed/lab_vectors_200labs.pkl"
    }
  },
  "param_counts": {
    "visit_encoder": {
      "total": 3793665,
      "trainable": 1191681
    },
    "fusion": {
      "total": 423808,
      "trainable": 423808
    },
    "drug_gnn": {
      "total": 1974080,
      "trainable": 1974080
    },
    "predictor": {
      "total": 304454,
      "trainable": 304453
    },
    "model_total": {
      "total": 6759175,
      "trainable": 4157190
    }
  },
  "threshold_sweep": {
    "0.4": {
      "Jaccard": 0.52133,
      "Avg Meds": 23.098673,
      "Avg True Meds": 19.901327,
      "DDI Rate": 0.080064
    },
    "0.45": {
      "Jaccard": 0.523297,
      "Avg Meds": 22.127695,
      "Avg True Meds": 19.901327,
      "DDI Rate": 0.080568
    },
    "0.5": {
      "Jaccard": 0.52465,
      "Avg Meds": 21.202322,
      "Avg True Meds": 19.901327,
      "DDI Rate": 0.080832
    },
    "0.55": {
      "Jaccard": 0.523338,
      "Avg Meds": 20.271973,
      "Avg True Meds": 19.901327,
      "DDI Rate": 0.081088
    },
    "0.6": {
      "Jaccard": 0.52257,
      "Avg Meds": 19.405472,
      "Avg True Meds": 19.901327,
      "DDI Rate": 0.080815
    },
    "0.65": {
      "Jaccard": 0.519031,
      "Avg Meds": 18.550581,
      "Avg True Meds": 19.901327,
      "DDI Rate": 0.081025
    },
    "0.7": {
      "Jaccard": 0.515047,
      "Avg Meds": 17.68408,
      "Avg True Meds": 19.901327,
      "DDI Rate": 0.080866
    },
    "0.75": {
      "Jaccard": 0.509408,
      "Avg Meds": 16.75539,
      "Avg True Meds": 19.901327,
      "DDI Rate": 0.08005
    }
  },
  "calibrated_threshold": 0.55,
  "calibrated_metrics": {
    "Jaccard": 0.523338,
    "Avg Meds": 20.271973,
    "Avg True Meds": 19.901327,
    "DDI Rate": 0.081088
  },
  "config": {
    "hidden_dim": 256,
    "use_notes": false,
    "use_labs": true,
    "use_copy": false,
    "fusion_strategy": "film",
    "lab_dim": 400,
    "pos_weight_cap": 5.0,
    "use_cosine_lr": false,
    "contrastive_weight": 0.0,
    "margin_loss_weight": 0.0,
    "alignment_loss_weight": 0.1,
    "alignment_start_epoch": 1,
    "alignment_ramp_epochs": 0
  }
}