{
  "seed": 42,
  "ablation": "full",
  "mimic_version": 3,
  "mimic4_full": false,
  "cohort_tag": "mimic3",
  "best_val_jaccard": 0.5515276789665222,
  "test_metrics": {
    "Jaccard": 0.5537660717964172,
    "F1": 0.7049089074134827,
    "PRAUC": 0.7933934318187423,
    "DDI Rate": 0.07899074193212384,
    "Avg Meds": 22.887229919433594,
    "Avg True Meds": 19.90132713317871,
    "Precision": 0.6664087176322937,
    "Recall": 0.7767157554626465,
    "NHJ_new": 0.2863896496986088,
    "NHJ_dropped": 0.3197939866467526,
    "CVR": 0.0
  },
  "data_diagnostics": {
    "split_mode_requested": "hidr_vita",
    "require_cohort_split": false,
    "split_source": "hidr_vita_sequential",
    "split_seed_used": "n/a",
    "split_patient_counts": {
      "train": 4233,
      "val": 1059,
      "test": 1058
    },
    "split_example_counts": {
      "train": 6256,
      "val": 1220,
      "test": 1206
    },
    "ddi_density": 0.05261303581914269,
    "ddi_upper_pairs": 448,
    "ddi_total_pairs": 8515,
    "loaded_artifacts": {
      "records": "data/processed/records_final.pkl",
      "cohort": "data/processed/cohort_mimic3.pkl",
      "ddi": "data/processed/ddi_A_final.pkl",
      "ehr": "data/processed/ehr_adj_final.pkl",
      "embeddings": "data/embeddings/code_embeddings.pt",
      "notes": "data/processed/note_embeddings_mimic3.pkl"
    }
  },
  "param_counts": {
    "visit_encoder": {
      "total": 4583681,
      "trainable": 1981697
    },
    "fusion": {
      "total": 400512,
      "trainable": 400512
    },
    "drug_gnn": {
      "total": 1974080,
      "trainable": 1974080
    },
    "predictor": {
      "total": 855815,
      "trainable": 855814
    },
    "model_total": {
      "total": 8077256,
      "trainable": 5475271
    }
  },
  "threshold_sweep": {
    "0.4": {
      "Jaccard": 0.550047,
      "Avg Meds": 24.495026,
      "Avg True Meds": 19.901327,
      "DDI Rate": 0.077944
    },
    "0.45": {
      "Jaccard": 0.552057,
      "Avg Meds": 23.670813,
      "Avg True Meds": 19.901327,
      "DDI Rate": 0.078453
    },
    "0.5": {
      "Jaccard": 0.553766,
      "Avg Meds": 22.88723,
      "Avg True Meds": 19.901327,
      "DDI Rate": 0.078991
    },
    "0.55": {
      "Jaccard": 0.556003,
      "Avg Meds": 22.14179,
      "Avg True Meds": 19.901327,
      "DDI Rate": 0.079664
    },
    "0.6": {
      "Jaccard": 0.555487,
      "Avg Meds": 21.423716,
      "Avg True Meds": 19.901327,
      "DDI Rate": 0.079891
    },
    "0.65": {
      "Jaccard": 0.55542,
      "Avg Meds": 20.685738,
      "Avg True Meds": 19.901327,
      "DDI Rate": 0.080252
    },
    "0.7": {
      "Jaccard": 0.552536,
      "Avg Meds": 19.974295,
      "Avg True Meds": 19.901327,
      "DDI Rate": 0.080909
    },
    "0.75": {
      "Jaccard": 0.549516,
      "Avg Meds": 19.203979,
      "Avg True Meds": 19.901327,
      "DDI Rate": 0.081646
    }
  },
  "calibrated_threshold": 0.7,
  "calibrated_metrics": {
    "Jaccard": 0.552536,
    "Avg Meds": 19.974295,
    "Avg True Meds": 19.901327,
    "DDI Rate": 0.080909
  },
  "config": {
    "hidden_dim": 256,
    "use_notes": true,
    "use_labs": false,
    "use_copy": false,
    "fusion_strategy": "film",
    "lab_dim": 0,
    "pos_weight_cap": 5.0,
    "use_cosine_lr": false,
    "contrastive_weight": 0.0,
    "margin_loss_weight": 0.0,
    "alignment_loss_weight": 0.1,
    "alignment_start_epoch": 1,
    "alignment_ramp_epochs": 0
  }
}