{
  "seed": 123,
  "ablation": "full",
  "mimic_version": 3,
  "mimic4_full": false,
  "cohort_tag": "mimic3",
  "best_val_jaccard": 0.565502941608429,
  "test_metrics": {
    "Jaccard": 0.5630072951316833,
    "F1": 0.7128656506538391,
    "PRAUC": 0.798055970247597,
    "DDI Rate": 0.07931045397127755,
    "Avg Meds": 23.113597869873047,
    "Avg True Meds": 19.90132713317871,
    "Precision": 0.6736928224563599,
    "Recall": 0.7802674770355225,
    "NHJ_new": 0.2920148874583997,
    "NHJ_dropped": 0.2710500492861396,
    "CVR": 0.0
  },
  "data_diagnostics": {
    "split_mode_requested": "hidr_vita",
    "require_cohort_split": false,
    "split_source": "hidr_vita_sequential",
    "split_seed_used": "n/a",
    "split_patient_counts": {
      "train": 4233,
      "val": 1059,
      "test": 1058
    },
    "split_example_counts": {
      "train": 6256,
      "val": 1220,
      "test": 1206
    },
    "ddi_density": 0.05261303581914269,
    "ddi_upper_pairs": 448,
    "ddi_total_pairs": 8515,
    "loaded_artifacts": {
      "records": "data/processed/records_final.pkl",
      "cohort": "data/processed/cohort_mimic3.pkl",
      "ddi": "data/processed/ddi_A_final.pkl",
      "ehr": "data/processed/ehr_adj_final.pkl",
      "embeddings": "data/embeddings/code_embeddings.pt",
      "notes": "data/processed/note_embeddings_mimic3.pkl",
      "labs": "data/processed/lab_vectors_200labs.pkl"
    }
  },
  "param_counts": {
    "visit_encoder": {
      "total": 4583681,
      "trainable": 1981697
    },
    "fusion": {
      "total": 423808,
      "trainable": 423808
    },
    "drug_gnn": {
      "total": 1974080,
      "trainable": 1974080
    },
    "predictor": {
      "total": 559560,
      "trainable": 559560
    },
    "model_total": {
      "total": 7804297,
      "trainable": 5202313
    }
  },
  "threshold_sweep": {
    "0.4": {
      "Jaccard": 0.556979,
      "Avg Meds": 24.895523,
      "Avg True Meds": 19.901327,
      "DDI Rate": 0.079634
    },
    "0.45": {
      "Jaccard": 0.560674,
      "Avg Meds": 23.990879,
      "Avg True Meds": 19.901327,
      "DDI Rate": 0.079553
    },
    "0.5": {
      "Jaccard": 0.563007,
      "Avg Meds": 23.113598,
      "Avg True Meds": 19.901327,
      "DDI Rate": 0.07931
    },
    "0.55": {
      "Jaccard": 0.565298,
      "Avg Meds": 22.253731,
      "Avg True Meds": 19.901327,
      "DDI Rate": 0.078972
    },
    "0.6": {
      "Jaccard": 0.563991,
      "Avg Meds": 21.434494,
      "Avg True Meds": 19.901327,
      "DDI Rate": 0.078903
    },
    "0.65": {
      "Jaccard": 0.562794,
      "Avg Meds": 20.607794,
      "Avg True Meds": 19.901327,
      "DDI Rate": 0.0787
    },
    "0.7": {
      "Jaccard": 0.561117,
      "Avg Meds": 19.750414,
      "Avg True Meds": 19.901327,
      "DDI Rate": 0.078267
    },
    "0.75": {
      "Jaccard": 0.556871,
      "Avg Meds": 18.868158,
      "Avg True Meds": 19.901327,
      "DDI Rate": 0.078081
    }
  },
  "calibrated_threshold": 0.7,
  "calibrated_metrics": {
    "Jaccard": 0.561117,
    "Avg Meds": 19.750414,
    "Avg True Meds": 19.901327,
    "DDI Rate": 0.078267
  },
  "config": {
    "hidden_dim": 256,
    "use_notes": true,
    "use_labs": true,
    "use_copy": true,
    "fusion_strategy": "film",
    "lab_dim": 400,
    "pos_weight_cap": 5.0,
    "use_cosine_lr": false,
    "contrastive_weight": 0.0,
    "margin_loss_weight": 0.0,
    "alignment_loss_weight": 0.1,
    "alignment_start_epoch": 1,
    "alignment_ramp_epochs": 0
  }
}