{
  "seed": 123,
  "ablation": "full",
  "mimic_version": 3,
  "mimic4_full": false,
  "cohort_tag": "mimic3",
  "best_val_jaccard": 0.5650289058685303,
  "test_metrics": {
    "Jaccard": 0.5616341829299927,
    "F1": 0.7119788527488708,
    "PRAUC": 0.7970731816909933,
    "DDI Rate": 0.08170211989304715,
    "Avg Meds": 22.655057907104492,
    "Avg True Meds": 19.90132713317871,
    "Precision": 0.676889181137085,
    "Recall": 0.7741240859031677,
    "NHJ_new": 0.2933151965078555,
    "NHJ_dropped": 0.30450102216319036,
    "CVR": 0.0
  },
  "data_diagnostics": {
    "split_mode_requested": "hidr_vita",
    "require_cohort_split": false,
    "split_source": "hidr_vita_sequential",
    "split_seed_used": "n/a",
    "split_patient_counts": {
      "train": 4233,
      "val": 1059,
      "test": 1058
    },
    "split_example_counts": {
      "train": 6256,
      "val": 1220,
      "test": 1206
    },
    "ddi_density": 0.05261303581914269,
    "ddi_upper_pairs": 448,
    "ddi_total_pairs": 8515,
    "loaded_artifacts": {
      "records": "data/processed/records_final.pkl",
      "cohort": "data/processed/cohort_mimic3.pkl",
      "ddi": "data/processed/ddi_A_final.pkl",
      "ehr": "data/processed/ehr_adj_final.pkl",
      "embeddings": "data/embeddings/code_embeddings.pt",
      "notes": "data/processed/note_embeddings_mimic3.pkl",
      "labs": "data/processed/lab_vectors_200labs.pkl"
    }
  },
  "param_counts": {
    "visit_encoder": {
      "total": 4583681,
      "trainable": 1981697
    },
    "fusion": {
      "total": 423808,
      "trainable": 423808
    },
    "drug_gnn": {
      "total": 1974080,
      "trainable": 1974080
    },
    "predictor": {
      "total": 559560,
      "trainable": 559560
    },
    "model_total": {
      "total": 7804297,
      "trainable": 5202313
    }
  },
  "threshold_sweep": {
    "0.4": {
      "Jaccard": 0.555822,
      "Avg Meds": 24.368158,
      "Avg True Meds": 19.901327,
      "DDI Rate": 0.082412
    },
    "0.45": {
      "Jaccard": 0.559732,
      "Avg Meds": 23.488392,
      "Avg True Meds": 19.901327,
      "DDI Rate": 0.08179
    },
    "0.5": {
      "Jaccard": 0.561634,
      "Avg Meds": 22.655058,
      "Avg True Meds": 19.901327,
      "DDI Rate": 0.081702
    },
    "0.55": {
      "Jaccard": 0.563385,
      "Avg Meds": 21.878109,
      "Avg True Meds": 19.901327,
      "DDI Rate": 0.081263
    },
    "0.6": {
      "Jaccard": 0.564286,
      "Avg Meds": 21.075457,
      "Avg True Meds": 19.901327,
      "DDI Rate": 0.080752
    },
    "0.65": {
      "Jaccard": 0.562313,
      "Avg Meds": 20.293531,
      "Avg True Meds": 19.901327,
      "DDI Rate": 0.080607
    },
    "0.7": {
      "Jaccard": 0.560689,
      "Avg Meds": 19.422886,
      "Avg True Meds": 19.901327,
      "DDI Rate": 0.08011
    },
    "0.75": {
      "Jaccard": 0.557619,
      "Avg Meds": 18.52985,
      "Avg True Meds": 19.901327,
      "DDI Rate": 0.080137
    }
  },
  "calibrated_threshold": 0.65,
  "calibrated_metrics": {
    "Jaccard": 0.562313,
    "Avg Meds": 20.293531,
    "Avg True Meds": 19.901327,
    "DDI Rate": 0.080607
  },
  "config": {
    "hidden_dim": 256,
    "use_notes": true,
    "use_labs": true,
    "use_copy": true,
    "fusion_strategy": "film",
    "lab_dim": 400,
    "pos_weight_cap": 5.0,
    "use_cosine_lr": false,
    "contrastive_weight": 0.0,
    "margin_loss_weight": 0.0,
    "alignment_loss_weight": 0.1,
    "alignment_start_epoch": 1,
    "alignment_ramp_epochs": 0
  }
}