{
  "seed": 123,
  "ablation": "full",
  "mimic_version": 3,
  "mimic4_full": false,
  "cohort_tag": "mimic3",
  "best_val_jaccard": 0.541607677936554,
  "test_metrics": {
    "Jaccard": 0.5408175587654114,
    "F1": 0.6942054629325867,
    "PRAUC": 0.7852645696015429,
    "DDI Rate": 0.08210098054901602,
    "Avg Meds": 21.920398712158203,
    "Avg True Meds": 19.90132713317871,
    "Precision": 0.6721847653388977,
    "Recall": 0.7440602779388428,
    "NHJ_new": 0.28420056951673406,
    "NHJ_dropped": 0.3715370720938632,
    "CVR": 0.0
  },
  "data_diagnostics": {
    "split_mode_requested": "hidr_vita",
    "require_cohort_split": false,
    "split_source": "hidr_vita_sequential",
    "split_seed_used": "n/a",
    "split_patient_counts": {
      "train": 4233,
      "val": 1059,
      "test": 1058
    },
    "split_example_counts": {
      "train": 6256,
      "val": 1220,
      "test": 1206
    },
    "ddi_density": 0.05261303581914269,
    "ddi_upper_pairs": 448,
    "ddi_total_pairs": 8515,
    "loaded_artifacts": {
      "records": "data/processed/records_final.pkl",
      "cohort": "data/processed/cohort_mimic3.pkl",
      "ddi": "data/processed/ddi_A_final.pkl",
      "ehr": "data/processed/ehr_adj_final.pkl",
      "embeddings": "data/embeddings/code_embeddings.pt",
      "labs": "data/processed/lab_vectors_150labs.pkl"
    }
  },
  "param_counts": {
    "visit_encoder": {
      "total": 4649474,
      "trainable": 2047490
    },
    "fusion": {
      "total": 417408,
      "trainable": 417408
    },
    "drug_gnn": {
      "total": 1151776,
      "trainable": 1151776
    },
    "predictor": {
      "total": 298054,
      "trainable": 298053
    },
    "model_total": {
      "total": 6779880,
      "trainable": 4177895
    }
  },
  "threshold_sweep": {
    "0.4": {
      "Jaccard": 0.538293,
      "Avg Meds": 23.689884,
      "Avg True Meds": 19.901327,
      "DDI Rate": 0.081802
    },
    "0.45": {
      "Jaccard": 0.53973,
      "Avg Meds": 22.768656,
      "Avg True Meds": 19.901327,
      "DDI Rate": 0.081891
    },
    "0.5": {
      "Jaccard": 0.540818,
      "Avg Meds": 21.920399,
      "Avg True Meds": 19.901327,
      "DDI Rate": 0.082101
    },
    "0.55": {
      "Jaccard": 0.541412,
      "Avg Meds": 21.085405,
      "Avg True Meds": 19.901327,
      "DDI Rate": 0.082258
    },
    "0.6": {
      "Jaccard": 0.539581,
      "Avg Meds": 20.302654,
      "Avg True Meds": 19.901327,
      "DDI Rate": 0.082634
    },
    "0.65": {
      "Jaccard": 0.538809,
      "Avg Meds": 19.462687,
      "Avg True Meds": 19.901327,
      "DDI Rate": 0.083288
    },
    "0.7": {
      "Jaccard": 0.534221,
      "Avg Meds": 18.617744,
      "Avg True Meds": 19.901327,
      "DDI Rate": 0.083757
    },
    "0.75": {
      "Jaccard": 0.529655,
      "Avg Meds": 17.760365,
      "Avg True Meds": 19.901327,
      "DDI Rate": 0.083786
    }
  },
  "calibrated_threshold": 0.6,
  "calibrated_metrics": {
    "Jaccard": 0.539581,
    "Avg Meds": 20.302654,
    "Avg True Meds": 19.901327,
    "DDI Rate": 0.082634
  },
  "config": {
    "hidden_dim": 256,
    "use_notes": false,
    "use_labs": true,
    "use_copy": false,
    "fusion_strategy": "film",
    "lab_dim": 300,
    "pos_weight_cap": 5.0,
    "use_cosine_lr": false,
    "contrastive_weight": 0.0,
    "margin_loss_weight": 0.0,
    "alignment_loss_weight": 0.1,
    "alignment_start_epoch": 1,
    "alignment_ramp_epochs": 0
  }
}