{
  "seed": 123,
  "ablation": "full",
  "mimic_version": 3,
  "mimic4_full": false,
  "cohort_tag": "mimic3",
  "best_val_jaccard": 0.5629591345787048,
  "test_metrics": {
    "Jaccard": 0.5618200302124023,
    "F1": 0.7118427753448486,
    "PRAUC": 0.7983660728397046,
    "DDI Rate": 0.08036377779956172,
    "Avg Meds": 22.375621795654297,
    "Avg True Meds": 19.90132713317871,
    "Precision": 0.6796531677246094,
    "Recall": 0.7711585760116577,
    "NHJ_new": 0.2986866518070823,
    "NHJ_dropped": 0.3435487794248681,
    "CVR": 0.0
  },
  "data_diagnostics": {
    "split_mode_requested": "hidr_vita",
    "require_cohort_split": false,
    "split_source": "hidr_vita_sequential",
    "split_seed_used": "n/a",
    "split_patient_counts": {
      "train": 4233,
      "val": 1059,
      "test": 1058
    },
    "split_example_counts": {
      "train": 6256,
      "val": 1220,
      "test": 1206
    },
    "ddi_density": 0.05261303581914269,
    "ddi_upper_pairs": 448,
    "ddi_total_pairs": 8515,
    "loaded_artifacts": {
      "records": "data/processed/records_final.pkl",
      "cohort": "data/processed/cohort_mimic3.pkl",
      "ddi": "data/processed/ddi_A_final.pkl",
      "ehr": "data/processed/ehr_adj_final.pkl",
      "embeddings": "data/embeddings/code_embeddings.pt",
      "notes": "data/processed/note_embeddings_mimic3.pkl",
      "labs": "data/processed/lab_vectors_200labs.pkl"
    }
  },
  "param_counts": {
    "visit_encoder": {
      "total": 4583681,
      "trainable": 1981697
    },
    "fusion": {
      "total": 423808,
      "trainable": 423808
    },
    "drug_gnn": {
      "total": 1974080,
      "trainable": 1974080
    },
    "predictor": {
      "total": 1087433,
      "trainable": 897863
    },
    "model_total": {
      "total": 8332170,
      "trainable": 5540616
    }
  },
  "threshold_sweep": {
    "0.4": {
      "Jaccard": 0.557449,
      "Avg Meds": 23.849089,
      "Avg True Meds": 19.901327,
      "DDI Rate": 0.079514
    },
    "0.45": {
      "Jaccard": 0.559963,
      "Avg Meds": 23.106966,
      "Avg True Meds": 19.901327,
      "DDI Rate": 0.079774
    },
    "0.5": {
      "Jaccard": 0.56182,
      "Avg Meds": 22.375622,
      "Avg True Meds": 19.901327,
      "DDI Rate": 0.080364
    },
    "0.55": {
      "Jaccard": 0.562379,
      "Avg Meds": 21.694031,
      "Avg True Meds": 19.901327,
      "DDI Rate": 0.081148
    },
    "0.6": {
      "Jaccard": 0.563643,
      "Avg Meds": 21.083748,
      "Avg True Meds": 19.901327,
      "DDI Rate": 0.081279
    },
    "0.65": {
      "Jaccard": 0.562797,
      "Avg Meds": 20.411278,
      "Avg True Meds": 19.901327,
      "DDI Rate": 0.081684
    },
    "0.7": {
      "Jaccard": 0.560858,
      "Avg Meds": 19.740465,
      "Avg True Meds": 19.901327,
      "DDI Rate": 0.082222
    },
    "0.75": {
      "Jaccard": 0.555942,
      "Avg Meds": 18.973467,
      "Avg True Meds": 19.901327,
      "DDI Rate": 0.082585
    }
  },
  "calibrated_threshold": 0.7,
  "calibrated_metrics": {
    "Jaccard": 0.560858,
    "Avg Meds": 19.740465,
    "Avg True Meds": 19.901327,
    "DDI Rate": 0.082222
  },
  "config": {
    "hidden_dim": 256,
    "use_notes": true,
    "use_labs": true,
    "use_copy": true,
    "fusion_strategy": "film",
    "lab_dim": 400,
    "pos_weight_cap": 5.0,
    "use_cosine_lr": false,
    "contrastive_weight": 0.0,
    "margin_loss_weight": 0.0,
    "alignment_loss_weight": 0.1,
    "alignment_start_epoch": 1,
    "alignment_ramp_epochs": 0
  }
}