{
  "seed": 42,
  "ablation": "full",
  "mimic_version": 3,
  "mimic4_full": false,
  "cohort_tag": "mimic3",
  "best_val_jaccard": 0.551882266998291,
  "test_metrics": {
    "Jaccard": 0.5507724285125732,
    "F1": 0.7033693790435791,
    "PRAUC": 0.7899693559782635,
    "DDI Rate": 0.04717234465350257,
    "Avg Meds": 19.077943801879883,
    "Avg True Meds": 19.90132713317871,
    "Precision": 0.7205553650856018,
    "Recall": 0.7076597213745117,
    "NHJ_new": 0.2778206914663315,
    "NHJ_dropped": 0.3973364547679299,
    "CVR": 0.0
  },
  "data_diagnostics": {
    "split_mode_requested": "hidr_vita",
    "require_cohort_split": false,
    "split_source": "hidr_vita_sequential",
    "split_seed_used": "n/a",
    "split_patient_counts": {
      "train": 4233,
      "val": 1059,
      "test": 1058
    },
    "split_example_counts": {
      "train": 6256,
      "val": 1220,
      "test": 1206
    },
    "ddi_density": 0.05261303581914269,
    "ddi_upper_pairs": 448,
    "ddi_total_pairs": 8515,
    "loaded_artifacts": {
      "records": "data/processed/records_final.pkl",
      "cohort": "data/processed/cohort_mimic3.pkl",
      "ddi": "data/processed/ddi_A_final.pkl",
      "ehr": "data/processed/ehr_adj_final.pkl",
      "embeddings": "data/embeddings/code_embeddings.pt",
      "notes": "data/processed/note_embeddings_mimic3.pkl",
      "labs": "data/processed/lab_vectors_200labs.pkl"
    }
  },
  "param_counts": {
    "visit_encoder": {
      "total": 5108993,
      "trainable": 2507009
    },
    "fusion": {
      "total": 423808,
      "trainable": 423808
    },
    "drug_gnn": {
      "total": 395008,
      "trainable": 395008
    },
    "predictor": {
      "total": 1613513,
      "trainable": 1423943
    },
    "model_total": {
      "total": 7804490,
      "trainable": 5012936
    }
  },
  "threshold_sweep": {
    "0.4": {
      "Jaccard": 0.552991,
      "Avg Meds": 20.050581,
      "Avg True Meds": 19.901327,
      "DDI Rate": 0.04812
    },
    "0.45": {
      "Jaccard": 0.552105,
      "Avg Meds": 19.556385,
      "Avg True Meds": 19.901327,
      "DDI Rate": 0.047804
    },
    "0.5": {
      "Jaccard": 0.550772,
      "Avg Meds": 19.077944,
      "Avg True Meds": 19.901327,
      "DDI Rate": 0.047172
    },
    "0.55": {
      "Jaccard": 0.549294,
      "Avg Meds": 18.615257,
      "Avg True Meds": 19.901327,
      "DDI Rate": 0.046264
    },
    "0.6": {
      "Jaccard": 0.54572,
      "Avg Meds": 18.179934,
      "Avg True Meds": 19.901327,
      "DDI Rate": 0.045625
    },
    "0.65": {
      "Jaccard": 0.543268,
      "Avg Meds": 17.707296,
      "Avg True Meds": 19.901327,
      "DDI Rate": 0.044727
    },
    "0.7": {
      "Jaccard": 0.539734,
      "Avg Meds": 17.236319,
      "Avg True Meds": 19.901327,
      "DDI Rate": 0.043489
    },
    "0.75": {
      "Jaccard": 0.53445,
      "Avg Meds": 16.698175,
      "Avg True Meds": 19.901327,
      "DDI Rate": 0.042428
    }
  },
  "calibrated_threshold": 0.4,
  "calibrated_metrics": {
    "Jaccard": 0.552991,
    "Avg Meds": 20.050581,
    "Avg True Meds": 19.901327,
    "DDI Rate": 0.04812
  },
  "config": {
    "hidden_dim": 256,
    "use_notes": true,
    "use_labs": true,
    "use_copy": true,
    "fusion_strategy": "film",
    "lab_dim": 400,
    "pos_weight_cap": 5.0,
    "use_cosine_lr": false,
    "contrastive_weight": 0.0,
    "margin_loss_weight": 0.0,
    "alignment_loss_weight": 0.1,
    "alignment_start_epoch": 1,
    "alignment_ramp_epochs": 0
  }
}