{
  "seed": 123,
  "ablation": "full",
  "mimic_version": 3,
  "mimic4_full": false,
  "cohort_tag": "mimic3",
  "best_val_jaccard": 0.5650589466094971,
  "test_metrics": {
    "Jaccard": 0.5618180632591248,
    "F1": 0.7118414640426636,
    "PRAUC": 0.7962773540494515,
    "DDI Rate": 0.07716676848300334,
    "Avg Meds": 21.602819442749023,
    "Avg True Meds": 19.90132713317871,
    "Precision": 0.6924765110015869,
    "Recall": 0.7548984289169312,
    "NHJ_new": 0.28060587534778997,
    "NHJ_dropped": 0.3225576156064084,
    "CVR": 0.0
  },
  "data_diagnostics": {
    "split_mode_requested": "hidr_vita",
    "require_cohort_split": false,
    "split_source": "hidr_vita_sequential",
    "split_seed_used": "n/a",
    "split_patient_counts": {
      "train": 4233,
      "val": 1059,
      "test": 1058
    },
    "split_example_counts": {
      "train": 6256,
      "val": 1220,
      "test": 1206
    },
    "ddi_density": 0.05261303581914269,
    "ddi_upper_pairs": 448,
    "ddi_total_pairs": 8515,
    "loaded_artifacts": {
      "records": "data/processed/records_final.pkl",
      "cohort": "data/processed/cohort_mimic3.pkl",
      "ddi": "data/processed/ddi_A_final.pkl",
      "ehr": "data/processed/ehr_adj_final.pkl",
      "embeddings": "data/embeddings/code_embeddings.pt",
      "notes": "data/processed/note_embeddings_mimic3.pkl",
      "labs": "data/processed/lab_vectors_200labs.pkl"
    }
  },
  "param_counts": {
    "visit_encoder": {
      "total": 4583681,
      "trainable": 1981697
    },
    "fusion": {
      "total": 423808,
      "trainable": 423808
    },
    "drug_gnn": {
      "total": 395008,
      "trainable": 395008
    },
    "predictor": {
      "total": 559560,
      "trainable": 559560
    },
    "model_total": {
      "total": 6225225,
      "trainable": 3623241
    }
  },
  "threshold_sweep": {
    "0.4": {
      "Jaccard": 0.560311,
      "Avg Meds": 23.054726,
      "Avg True Meds": 19.901327,
      "DDI Rate": 0.07802
    },
    "0.45": {
      "Jaccard": 0.561088,
      "Avg Meds": 22.293531,
      "Avg True Meds": 19.901327,
      "DDI Rate": 0.077436
    },
    "0.5": {
      "Jaccard": 0.561818,
      "Avg Meds": 21.602819,
      "Avg True Meds": 19.901327,
      "DDI Rate": 0.077167
    },
    "0.55": {
      "Jaccard": 0.561199,
      "Avg Meds": 20.886402,
      "Avg True Meds": 19.901327,
      "DDI Rate": 0.077124
    },
    "0.6": {
      "Jaccard": 0.561242,
      "Avg Meds": 20.233831,
      "Avg True Meds": 19.901327,
      "DDI Rate": 0.076825
    },
    "0.65": {
      "Jaccard": 0.559182,
      "Avg Meds": 19.509121,
      "Avg True Meds": 19.901327,
      "DDI Rate": 0.076443
    },
    "0.7": {
      "Jaccard": 0.555684,
      "Avg Meds": 18.742952,
      "Avg True Meds": 19.901327,
      "DDI Rate": 0.076113
    },
    "0.75": {
      "Jaccard": 0.551027,
      "Avg Meds": 17.994196,
      "Avg True Meds": 19.901327,
      "DDI Rate": 0.074938
    }
  },
  "calibrated_threshold": 0.6,
  "calibrated_metrics": {
    "Jaccard": 0.561242,
    "Avg Meds": 20.233831,
    "Avg True Meds": 19.901327,
    "DDI Rate": 0.076825
  },
  "config": {
    "hidden_dim": 256,
    "use_notes": true,
    "use_labs": true,
    "use_copy": true,
    "fusion_strategy": "film",
    "lab_dim": 400,
    "pos_weight_cap": 5.0,
    "use_cosine_lr": false,
    "contrastive_weight": 0.0,
    "margin_loss_weight": 0.0,
    "alignment_loss_weight": 0.1,
    "alignment_start_epoch": 1,
    "alignment_ramp_epochs": 0
  }
}