{
  "seed": 123,
  "ablation": "full",
  "mimic_version": 3,
  "mimic4_full": false,
  "cohort_tag": "mimic3",
  "best_val_jaccard": 0.5649179220199585,
  "test_metrics": {
    "Jaccard": 0.562994658946991,
    "F1": 0.7130876779556274,
    "PRAUC": 0.8002682713557289,
    "DDI Rate": 0.07925132372860486,
    "Avg Meds": 22.479270935058594,
    "Avg True Meds": 19.90132713317871,
    "Precision": 0.6809914708137512,
    "Recall": 0.7709864974021912,
    "NHJ_new": 0.2914821246736928,
    "NHJ_dropped": 0.3112247617621171,
    "CVR": 0.0
  },
  "data_diagnostics": {
    "split_mode_requested": "hidr_vita",
    "require_cohort_split": false,
    "split_source": "hidr_vita_sequential",
    "split_seed_used": "n/a",
    "split_patient_counts": {
      "train": 4233,
      "val": 1059,
      "test": 1058
    },
    "split_example_counts": {
      "train": 6256,
      "val": 1220,
      "test": 1206
    },
    "ddi_density": 0.05261303581914269,
    "ddi_upper_pairs": 448,
    "ddi_total_pairs": 8515,
    "loaded_artifacts": {
      "records": "data/processed/records_final.pkl",
      "cohort": "data/processed/cohort_mimic3.pkl",
      "ddi": "data/processed/ddi_A_final.pkl",
      "ehr": "data/processed/ehr_adj_final.pkl",
      "embeddings": "data/embeddings/code_embeddings.pt",
      "notes": "data/processed/note_embeddings_mimic3.pkl",
      "labs": "data/processed/lab_vectors_200labs.pkl"
    }
  },
  "param_counts": {
    "visit_encoder": {
      "total": 4583681,
      "trainable": 1981697
    },
    "fusion": {
      "total": 423808,
      "trainable": 423808
    },
    "drug_gnn": {
      "total": 2007616,
      "trainable": 2007616
    },
    "predictor": {
      "total": 559560,
      "trainable": 559560
    },
    "model_total": {
      "total": 7837833,
      "trainable": 5235849
    }
  },
  "threshold_sweep": {
    "0.4": {
      "Jaccard": 0.55998,
      "Avg Meds": 24.14179,
      "Avg True Meds": 19.901327,
      "DDI Rate": 0.07958
    },
    "0.45": {
      "Jaccard": 0.561347,
      "Avg Meds": 23.268656,
      "Avg True Meds": 19.901327,
      "DDI Rate": 0.079518
    },
    "0.5": {
      "Jaccard": 0.562995,
      "Avg Meds": 22.479271,
      "Avg True Meds": 19.901327,
      "DDI Rate": 0.079251
    },
    "0.55": {
      "Jaccard": 0.563141,
      "Avg Meds": 21.71559,
      "Avg True Meds": 19.901327,
      "DDI Rate": 0.079211
    },
    "0.6": {
      "Jaccard": 0.56332,
      "Avg Meds": 20.995853,
      "Avg True Meds": 19.901327,
      "DDI Rate": 0.079112
    },
    "0.65": {
      "Jaccard": 0.563509,
      "Avg Meds": 20.216417,
      "Avg True Meds": 19.901327,
      "DDI Rate": 0.078608
    },
    "0.7": {
      "Jaccard": 0.561692,
      "Avg Meds": 19.435324,
      "Avg True Meds": 19.901327,
      "DDI Rate": 0.078655
    },
    "0.75": {
      "Jaccard": 0.557673,
      "Avg Meds": 18.61277,
      "Avg True Meds": 19.901327,
      "DDI Rate": 0.078569
    }
  },
  "calibrated_threshold": 0.65,
  "calibrated_metrics": {
    "Jaccard": 0.563509,
    "Avg Meds": 20.216417,
    "Avg True Meds": 19.901327,
    "DDI Rate": 0.078608
  },
  "config": {
    "hidden_dim": 256,
    "use_notes": true,
    "use_labs": true,
    "use_copy": true,
    "fusion_strategy": "film",
    "lab_dim": 400,
    "pos_weight_cap": 5.0,
    "use_cosine_lr": false,
    "contrastive_weight": 0.0,
    "margin_loss_weight": 0.0,
    "alignment_loss_weight": 0.1,
    "alignment_start_epoch": 1,
    "alignment_ramp_epochs": 0
  }
}