{
  "seed": 456,
  "ablation": "full",
  "mimic_version": 3,
  "mimic4_full": false,
  "cohort_tag": "mimic3",
  "best_val_jaccard": 0.5413282513618469,
  "test_metrics": {
    "Jaccard": 0.5401707291603088,
    "F1": 0.6936650276184082,
    "PRAUC": 0.7819438993737414,
    "DDI Rate": 0.08343014767552388,
    "Avg Meds": 22.538970947265625,
    "Avg True Meds": 19.90132713317871,
    "Precision": 0.6631094813346863,
    "Recall": 0.7549272775650024,
    "NHJ_new": 0.2846249977224751,
    "NHJ_dropped": 0.36060641470708343,
    "CVR": 0.0
  },
  "data_diagnostics": {
    "split_mode_requested": "hidr_vita",
    "require_cohort_split": false,
    "split_source": "hidr_vita_sequential",
    "split_seed_used": "n/a",
    "split_patient_counts": {
      "train": 4233,
      "val": 1059,
      "test": 1058
    },
    "split_example_counts": {
      "train": 6256,
      "val": 1220,
      "test": 1206
    },
    "ddi_density": 0.05261303581914269,
    "ddi_upper_pairs": 448,
    "ddi_total_pairs": 8515,
    "loaded_artifacts": {
      "records": "data/processed/records_final.pkl",
      "cohort": "data/processed/cohort_mimic3.pkl",
      "ddi": "data/processed/ddi_A_final.pkl",
      "ehr": "data/processed/ehr_adj_final.pkl",
      "embeddings": "data/embeddings/code_embeddings.pt",
      "labs": "data/processed/lab_vectors_200labs.pkl"
    }
  },
  "param_counts": {
    "visit_encoder": {
      "total": 4649474,
      "trainable": 2047490
    },
    "fusion": {
      "total": 423808,
      "trainable": 423808
    },
    "drug_gnn": {
      "total": 1151776,
      "trainable": 1151776
    },
    "predictor": {
      "total": 793606,
      "trainable": 793605
    },
    "model_total": {
      "total": 7281832,
      "trainable": 4679847
    }
  },
  "threshold_sweep": {
    "0.4": {
      "Jaccard": 0.533573,
      "Avg Meds": 24.348259,
      "Avg True Meds": 19.901327,
      "DDI Rate": 0.083192
    },
    "0.45": {
      "Jaccard": 0.53783,
      "Avg Meds": 23.372305,
      "Avg True Meds": 19.901327,
      "DDI Rate": 0.083421
    },
    "0.5": {
      "Jaccard": 0.540171,
      "Avg Meds": 22.538971,
      "Avg True Meds": 19.901327,
      "DDI Rate": 0.08343
    },
    "0.55": {
      "Jaccard": 0.541229,
      "Avg Meds": 21.707296,
      "Avg True Meds": 19.901327,
      "DDI Rate": 0.083418
    },
    "0.6": {
      "Jaccard": 0.54146,
      "Avg Meds": 20.89801,
      "Avg True Meds": 19.901327,
      "DDI Rate": 0.083545
    },
    "0.65": {
      "Jaccard": 0.539763,
      "Avg Meds": 20.064676,
      "Avg True Meds": 19.901327,
      "DDI Rate": 0.083906
    },
    "0.7": {
      "Jaccard": 0.536819,
      "Avg Meds": 19.228855,
      "Avg True Meds": 19.901327,
      "DDI Rate": 0.084667
    },
    "0.75": {
      "Jaccard": 0.531878,
      "Avg Meds": 18.305969,
      "Avg True Meds": 19.901327,
      "DDI Rate": 0.085192
    }
  },
  "calibrated_threshold": 0.65,
  "calibrated_metrics": {
    "Jaccard": 0.539763,
    "Avg Meds": 20.064676,
    "Avg True Meds": 19.901327,
    "DDI Rate": 0.083906
  },
  "config": {
    "hidden_dim": 256,
    "use_notes": false,
    "use_labs": true,
    "use_copy": false,
    "fusion_strategy": "film",
    "lab_dim": 400,
    "pos_weight_cap": 5.0,
    "use_cosine_lr": false,
    "contrastive_weight": 0.0,
    "margin_loss_weight": 0.0,
    "alignment_loss_weight": 0.1,
    "alignment_start_epoch": 1,
    "alignment_ramp_epochs": 0
  }
}