{
  "seed": 42,
  "ablation": "full",
  "mimic_version": 3,
  "mimic4_full": false,
  "cohort_tag": "mimic3",
  "best_val_jaccard": 0.5557435154914856,
  "test_metrics": {
    "Jaccard": 0.5491459369659424,
    "F1": 0.7018336653709412,
    "PRAUC": 0.7926460997172915,
    "DDI Rate": 0.07761986890004731,
    "Avg Meds": 23.07711410522461,
    "Avg True Meds": 19.90132713317871,
    "Precision": 0.6618703007698059,
    "Recall": 0.7700971961021423,
    "NHJ_new": 0.303843869190467,
    "NHJ_dropped": 0.37254767355165985,
    "CVR": 0.0
  },
  "data_diagnostics": {
    "split_mode_requested": "hidr_vita",
    "require_cohort_split": false,
    "split_source": "hidr_vita_sequential",
    "split_seed_used": "n/a",
    "split_patient_counts": {
      "train": 4233,
      "val": 1059,
      "test": 1058
    },
    "split_example_counts": {
      "train": 6256,
      "val": 1220,
      "test": 1206
    },
    "ddi_density": 0.05261303581914269,
    "ddi_upper_pairs": 448,
    "ddi_total_pairs": 8515,
    "loaded_artifacts": {
      "records": "data/processed/records_final.pkl",
      "cohort": "data/processed/cohort_mimic3.pkl",
      "ddi": "data/processed/ddi_A_final.pkl",
      "ehr": "data/processed/ehr_adj_final.pkl",
      "embeddings": "data/embeddings/code_embeddings.pt",
      "notes": "data/processed/note_embeddings_mimic3.pkl",
      "labs": "data/processed/lab_vectors_200labs.pkl"
    }
  },
  "param_counts": {
    "visit_encoder": {
      "total": 4649474,
      "trainable": 2047490
    },
    "fusion": {
      "total": 423808,
      "trainable": 423808
    },
    "drug_gnn": {
      "total": 1151776,
      "trainable": 1151776
    },
    "predictor": {
      "total": 369990,
      "trainable": 369990
    },
    "model_total": {
      "total": 6858216,
      "trainable": 4256232
    }
  },
  "threshold_sweep": {
    "0.4": {
      "Jaccard": 0.544976,
      "Avg Meds": 24.67247,
      "Avg True Meds": 19.901327,
      "DDI Rate": 0.077277
    },
    "0.45": {
      "Jaccard": 0.547327,
      "Avg Meds": 23.839968,
      "Avg True Meds": 19.901327,
      "DDI Rate": 0.077616
    },
    "0.5": {
      "Jaccard": 0.549146,
      "Avg Meds": 23.077114,
      "Avg True Meds": 19.901327,
      "DDI Rate": 0.07762
    },
    "0.55": {
      "Jaccard": 0.550757,
      "Avg Meds": 22.293531,
      "Avg True Meds": 19.901327,
      "DDI Rate": 0.078506
    },
    "0.6": {
      "Jaccard": 0.553183,
      "Avg Meds": 21.562189,
      "Avg True Meds": 19.901327,
      "DDI Rate": 0.078847
    },
    "0.65": {
      "Jaccard": 0.55223,
      "Avg Meds": 20.814262,
      "Avg True Meds": 19.901327,
      "DDI Rate": 0.079344
    },
    "0.7": {
      "Jaccard": 0.551546,
      "Avg Meds": 20.006634,
      "Avg True Meds": 19.901327,
      "DDI Rate": 0.079699
    },
    "0.75": {
      "Jaccard": 0.550353,
      "Avg Meds": 19.181593,
      "Avg True Meds": 19.901327,
      "DDI Rate": 0.079973
    }
  },
  "calibrated_threshold": 0.7,
  "calibrated_metrics": {
    "Jaccard": 0.551546,
    "Avg Meds": 20.006634,
    "Avg True Meds": 19.901327,
    "DDI Rate": 0.079699
  },
  "config": {
    "hidden_dim": 256,
    "use_notes": true,
    "use_labs": true,
    "use_copy": false,
    "fusion_strategy": "film",
    "lab_dim": 400,
    "pos_weight_cap": 5.0,
    "use_cosine_lr": false,
    "contrastive_weight": 0.0,
    "margin_loss_weight": 0.0,
    "alignment_loss_weight": 0.1,
    "alignment_start_epoch": 1,
    "alignment_ramp_epochs": 0
  }
}