{
  "seed": 42,
  "ablation": "full",
  "mimic_version": 3,
  "mimic4_full": false,
  "cohort_tag": "mimic3",
  "best_val_jaccard": 0.5552536249160767,
  "test_metrics": {
    "Jaccard": 0.5500107407569885,
    "F1": 0.7021640539169312,
    "PRAUC": 0.7896349837243878,
    "DDI Rate": 0.07995262917646909,
    "Avg Meds": 22.199005126953125,
    "Avg True Meds": 19.90132713317871,
    "Precision": 0.6736246943473816,
    "Recall": 0.7556897401809692,
    "NHJ_new": 0.30521770527488307,
    "NHJ_dropped": 0.38936204031894084,
    "CVR": 0.0
  },
  "data_diagnostics": {
    "split_mode_requested": "hidr_vita",
    "require_cohort_split": false,
    "split_source": "hidr_vita_sequential",
    "split_seed_used": "n/a",
    "split_patient_counts": {
      "train": 4233,
      "val": 1059,
      "test": 1058
    },
    "split_example_counts": {
      "train": 6256,
      "val": 1220,
      "test": 1206
    },
    "ddi_density": 0.05261303581914269,
    "ddi_upper_pairs": 448,
    "ddi_total_pairs": 8515,
    "loaded_artifacts": {
      "records": "data/processed/records_final.pkl",
      "cohort": "data/processed/cohort_mimic3.pkl",
      "ddi": "data/processed/ddi_A_final.pkl",
      "ehr": "data/processed/ehr_adj_final.pkl",
      "embeddings": "data/embeddings/code_embeddings.pt",
      "notes": "data/processed/note_embeddings_mimic3.pkl",
      "labs": "data/processed/lab_vectors_200labs.pkl"
    }
  },
  "param_counts": {
    "visit_encoder": {
      "total": 4583681,
      "trainable": 1981697
    },
    "fusion": {
      "total": 423808,
      "trainable": 423808
    },
    "drug_gnn": {
      "total": 395008,
      "trainable": 395008
    },
    "predictor": {
      "total": 369990,
      "trainable": 369990
    },
    "model_total": {
      "total": 6035655,
      "trainable": 3433671
    }
  },
  "threshold_sweep": {
    "0.4": {
      "Jaccard": 0.546922,
      "Avg Meds": 23.631012,
      "Avg True Meds": 19.901327,
      "DDI Rate": 0.079021
    },
    "0.45": {
      "Jaccard": 0.548125,
      "Avg Meds": 22.888889,
      "Avg True Meds": 19.901327,
      "DDI Rate": 0.07954
    },
    "0.5": {
      "Jaccard": 0.550011,
      "Avg Meds": 22.199005,
      "Avg True Meds": 19.901327,
      "DDI Rate": 0.079953
    },
    "0.55": {
      "Jaccard": 0.551492,
      "Avg Meds": 21.514095,
      "Avg True Meds": 19.901327,
      "DDI Rate": 0.079921
    },
    "0.6": {
      "Jaccard": 0.552008,
      "Avg Meds": 20.833334,
      "Avg True Meds": 19.901327,
      "DDI Rate": 0.080121
    },
    "0.65": {
      "Jaccard": 0.550195,
      "Avg Meds": 20.126865,
      "Avg True Meds": 19.901327,
      "DDI Rate": 0.080096
    },
    "0.7": {
      "Jaccard": 0.548665,
      "Avg Meds": 19.385572,
      "Avg True Meds": 19.901327,
      "DDI Rate": 0.080097
    },
    "0.75": {
      "Jaccard": 0.546133,
      "Avg Meds": 18.64179,
      "Avg True Meds": 19.901327,
      "DDI Rate": 0.080535
    }
  },
  "calibrated_threshold": 0.65,
  "calibrated_metrics": {
    "Jaccard": 0.550195,
    "Avg Meds": 20.126865,
    "Avg True Meds": 19.901327,
    "DDI Rate": 0.080096
  },
  "config": {
    "hidden_dim": 256,
    "use_notes": true,
    "use_labs": true,
    "use_copy": false,
    "fusion_strategy": "film",
    "lab_dim": 400,
    "pos_weight_cap": 5.0,
    "use_cosine_lr": false,
    "contrastive_weight": 0.0,
    "margin_loss_weight": 0.0,
    "alignment_loss_weight": 0.1,
    "alignment_start_epoch": 1,
    "alignment_ramp_epochs": 0
  }
}