{
  "seed": 42,
  "ablation": "full",
  "mimic_version": 3,
  "mimic4_full": false,
  "cohort_tag": "mimic3",
  "best_val_jaccard": 0.5445785522460938,
  "test_metrics": {
    "Jaccard": 0.5428098440170288,
    "F1": 0.6960934996604919,
    "PRAUC": 0.7831336227740973,
    "DDI Rate": 0.07650682518574471,
    "Avg Meds": 22.18573760986328,
    "Avg True Meds": 19.90132713317871,
    "Precision": 0.6704204678535461,
    "Recall": 0.7502225041389465,
    "NHJ_new": 0.2896205649564141,
    "NHJ_dropped": 0.3724015809987721,
    "CVR": 0.0
  },
  "data_diagnostics": {
    "split_mode_requested": "hidr_vita",
    "require_cohort_split": false,
    "split_source": "hidr_vita_sequential",
    "split_seed_used": "n/a",
    "split_patient_counts": {
      "train": 4233,
      "val": 1059,
      "test": 1058
    },
    "split_example_counts": {
      "train": 6256,
      "val": 1220,
      "test": 1206
    },
    "ddi_density": 0.05261303581914269,
    "ddi_upper_pairs": 448,
    "ddi_total_pairs": 8515,
    "loaded_artifacts": {
      "records": "data/processed/records_final.pkl",
      "cohort": "data/processed/cohort_mimic3.pkl",
      "ddi": "data/processed/ddi_A_final.pkl",
      "ehr": "data/processed/ehr_adj_final.pkl",
      "embeddings": "data/embeddings/code_embeddings.pt",
      "labs": "data/processed/lab_vectors_300labs.pkl"
    }
  },
  "param_counts": {
    "visit_encoder": {
      "total": 4649474,
      "trainable": 2047490
    },
    "fusion": {
      "total": 436608,
      "trainable": 436608
    },
    "drug_gnn": {
      "total": 1151776,
      "trainable": 1151776
    },
    "predictor": {
      "total": 317254,
      "trainable": 317253
    },
    "model_total": {
      "total": 6818280,
      "trainable": 4216295
    }
  },
  "threshold_sweep": {
    "0.4": {
      "Jaccard": 0.538742,
      "Avg Meds": 23.829187,
      "Avg True Meds": 19.901327,
      "DDI Rate": 0.076526
    },
    "0.45": {
      "Jaccard": 0.541323,
      "Avg Meds": 22.950249,
      "Avg True Meds": 19.901327,
      "DDI Rate": 0.076532
    },
    "0.5": {
      "Jaccard": 0.54281,
      "Avg Meds": 22.185738,
      "Avg True Meds": 19.901327,
      "DDI Rate": 0.076507
    },
    "0.55": {
      "Jaccard": 0.542323,
      "Avg Meds": 21.383085,
      "Avg True Meds": 19.901327,
      "DDI Rate": 0.076617
    },
    "0.6": {
      "Jaccard": 0.541678,
      "Avg Meds": 20.61194,
      "Avg True Meds": 19.901327,
      "DDI Rate": 0.0766
    },
    "0.65": {
      "Jaccard": 0.540475,
      "Avg Meds": 19.836651,
      "Avg True Meds": 19.901327,
      "DDI Rate": 0.07639
    },
    "0.7": {
      "Jaccard": 0.537468,
      "Avg Meds": 19.048094,
      "Avg True Meds": 19.901327,
      "DDI Rate": 0.076436
    },
    "0.75": {
      "Jaccard": 0.532912,
      "Avg Meds": 18.174959,
      "Avg True Meds": 19.901327,
      "DDI Rate": 0.076066
    }
  },
  "calibrated_threshold": 0.65,
  "calibrated_metrics": {
    "Jaccard": 0.540475,
    "Avg Meds": 19.836651,
    "Avg True Meds": 19.901327,
    "DDI Rate": 0.07639
  },
  "config": {
    "hidden_dim": 256,
    "use_notes": false,
    "use_labs": true,
    "use_copy": false,
    "fusion_strategy": "film",
    "lab_dim": 600,
    "pos_weight_cap": 5.0,
    "use_cosine_lr": false,
    "contrastive_weight": 0.0,
    "margin_loss_weight": 0.0,
    "alignment_loss_weight": 0.1,
    "alignment_start_epoch": 1,
    "alignment_ramp_epochs": 0
  }
}