{
  "seed": 123,
  "ablation": "full",
  "mimic_version": 3,
  "mimic4_full": false,
  "cohort_tag": "mimic3",
  "best_val_jaccard": 0.5659539103507996,
  "test_metrics": {
    "Jaccard": 0.5595946311950684,
    "F1": 0.7101842761039734,
    "PRAUC": 0.7974155055654873,
    "DDI Rate": 0.07755192360435834,
    "Avg Meds": 22.3358211517334,
    "Avg True Meds": 19.90132713317871,
    "Precision": 0.6803310513496399,
    "Recall": 0.7653147578239441,
    "NHJ_new": 0.29051148499313156,
    "NHJ_dropped": 0.32486034067053543,
    "CVR": 0.0
  },
  "data_diagnostics": {
    "split_mode_requested": "hidr_vita",
    "require_cohort_split": false,
    "split_source": "hidr_vita_sequential",
    "split_seed_used": "n/a",
    "split_patient_counts": {
      "train": 4233,
      "val": 1059,
      "test": 1058
    },
    "split_example_counts": {
      "train": 6256,
      "val": 1220,
      "test": 1206
    },
    "ddi_density": 0.05261303581914269,
    "ddi_upper_pairs": 448,
    "ddi_total_pairs": 8515,
    "loaded_artifacts": {
      "records": "data/processed/records_final.pkl",
      "cohort": "data/processed/cohort_mimic3.pkl",
      "ddi": "data/processed/ddi_A_final.pkl",
      "ehr": "data/processed/ehr_adj_final.pkl",
      "embeddings": "data/embeddings/code_embeddings.pt",
      "notes": "data/processed/note_embeddings_mimic3.pkl",
      "labs": "data/processed/lab_vectors_200labs.pkl"
    }
  },
  "param_counts": {
    "visit_encoder": {
      "total": 4649474,
      "trainable": 2047490
    },
    "fusion": {
      "total": 423808,
      "trainable": 423808
    },
    "drug_gnn": {
      "total": 1151776,
      "trainable": 1151776
    },
    "predictor": {
      "total": 559560,
      "trainable": 559560
    },
    "model_total": {
      "total": 7047786,
      "trainable": 4445802
    }
  },
  "threshold_sweep": {
    "0.4": {
      "Jaccard": 0.554736,
      "Avg Meds": 23.91791,
      "Avg True Meds": 19.901327,
      "DDI Rate": 0.077635
    },
    "0.45": {
      "Jaccard": 0.557294,
      "Avg Meds": 23.119404,
      "Avg True Meds": 19.901327,
      "DDI Rate": 0.077354
    },
    "0.5": {
      "Jaccard": 0.559595,
      "Avg Meds": 22.335821,
      "Avg True Meds": 19.901327,
      "DDI Rate": 0.077552
    },
    "0.55": {
      "Jaccard": 0.560166,
      "Avg Meds": 21.615257,
      "Avg True Meds": 19.901327,
      "DDI Rate": 0.077689
    },
    "0.6": {
      "Jaccard": 0.560751,
      "Avg Meds": 20.956053,
      "Avg True Meds": 19.901327,
      "DDI Rate": 0.077266
    },
    "0.65": {
      "Jaccard": 0.560693,
      "Avg Meds": 20.258707,
      "Avg True Meds": 19.901327,
      "DDI Rate": 0.077228
    },
    "0.7": {
      "Jaccard": 0.55793,
      "Avg Meds": 19.514925,
      "Avg True Meds": 19.901327,
      "DDI Rate": 0.077027
    },
    "0.75": {
      "Jaccard": 0.555294,
      "Avg Meds": 18.708956,
      "Avg True Meds": 19.901327,
      "DDI Rate": 0.076649
    }
  },
  "calibrated_threshold": 0.65,
  "calibrated_metrics": {
    "Jaccard": 0.560693,
    "Avg Meds": 20.258707,
    "Avg True Meds": 19.901327,
    "DDI Rate": 0.077228
  },
  "config": {
    "hidden_dim": 256,
    "use_notes": true,
    "use_labs": true,
    "use_copy": true,
    "fusion_strategy": "film",
    "lab_dim": 400,
    "pos_weight_cap": 5.0,
    "use_cosine_lr": false,
    "contrastive_weight": 0.0,
    "margin_loss_weight": 0.0,
    "alignment_loss_weight": 0.1,
    "alignment_start_epoch": 1,
    "alignment_ramp_epochs": 0
  }
}