{
  "seed": 456,
  "ablation": "full",
  "mimic_version": 3,
  "mimic4_full": false,
  "cohort_tag": "mimic3",
  "best_val_jaccard": 0.5414221286773682,
  "test_metrics": {
    "Jaccard": 0.5396797060966492,
    "F1": 0.693259060382843,
    "PRAUC": 0.7755202641593854,
    "DDI Rate": 0.08176417677351758,
    "Avg Meds": 21.844112396240234,
    "Avg True Meds": 19.90132713317871,
    "Precision": 0.6723054647445679,
    "Recall": 0.7422036528587341,
    "NHJ_new": 0.2834685782068654,
    "NHJ_dropped": 0.37317049346472086,
    "CVR": 0.0
  },
  "data_diagnostics": {
    "split_mode_requested": "hidr_vita",
    "require_cohort_split": false,
    "split_source": "hidr_vita_sequential",
    "split_seed_used": "n/a",
    "split_patient_counts": {
      "train": 4233,
      "val": 1059,
      "test": 1058
    },
    "split_example_counts": {
      "train": 6256,
      "val": 1220,
      "test": 1206
    },
    "ddi_density": 0.05261303581914269,
    "ddi_upper_pairs": 448,
    "ddi_total_pairs": 8515,
    "loaded_artifacts": {
      "records": "data/processed/records_final.pkl",
      "cohort": "data/processed/cohort_mimic3.pkl",
      "ddi": "data/processed/ddi_A_final.pkl",
      "ehr": "data/processed/ehr_adj_final.pkl",
      "embeddings": "data/embeddings/code_embeddings.pt",
      "labs": "data/processed/lab_vectors_200labs.pkl"
    }
  },
  "param_counts": {
    "visit_encoder": {
      "total": 4583681,
      "trainable": 1981697
    },
    "fusion": {
      "total": 423808,
      "trainable": 423808
    },
    "drug_gnn": {
      "total": 1974080,
      "trainable": 1974080
    },
    "predictor": {
      "total": 304454,
      "trainable": 304453
    },
    "model_total": {
      "total": 7549191,
      "trainable": 4947206
    }
  },
  "threshold_sweep": {
    "0.4": {
      "Jaccard": 0.535081,
      "Avg Meds": 23.525705,
      "Avg True Meds": 19.901327,
      "DDI Rate": 0.08163
    },
    "0.45": {
      "Jaccard": 0.537633,
      "Avg Meds": 22.665838,
      "Avg True Meds": 19.901327,
      "DDI Rate": 0.082079
    },
    "0.5": {
      "Jaccard": 0.53968,
      "Avg Meds": 21.844112,
      "Avg True Meds": 19.901327,
      "DDI Rate": 0.081764
    },
    "0.55": {
      "Jaccard": 0.539562,
      "Avg Meds": 21.072969,
      "Avg True Meds": 19.901327,
      "DDI Rate": 0.081919
    },
    "0.6": {
      "Jaccard": 0.539275,
      "Avg Meds": 20.321724,
      "Avg True Meds": 19.901327,
      "DDI Rate": 0.082188
    },
    "0.65": {
      "Jaccard": 0.537375,
      "Avg Meds": 19.529022,
      "Avg True Meds": 19.901327,
      "DDI Rate": 0.082289
    },
    "0.7": {
      "Jaccard": 0.535262,
      "Avg Meds": 18.757048,
      "Avg True Meds": 19.901327,
      "DDI Rate": 0.082533
    },
    "0.75": {
      "Jaccard": 0.530091,
      "Avg Meds": 17.941957,
      "Avg True Meds": 19.901327,
      "DDI Rate": 0.082674
    }
  },
  "calibrated_threshold": 0.65,
  "calibrated_metrics": {
    "Jaccard": 0.537375,
    "Avg Meds": 19.529022,
    "Avg True Meds": 19.901327,
    "DDI Rate": 0.082289
  },
  "config": {
    "hidden_dim": 256,
    "use_notes": false,
    "use_labs": true,
    "use_copy": false,
    "fusion_strategy": "film",
    "lab_dim": 400,
    "pos_weight_cap": 5.0,
    "use_cosine_lr": false,
    "contrastive_weight": 0.0,
    "margin_loss_weight": 0.0,
    "alignment_loss_weight": 0.1,
    "alignment_start_epoch": 1,
    "alignment_ramp_epochs": 0
  }
}