{
  "seed": 42,
  "ablation": "full",
  "mimic_version": 3,
  "mimic4_full": false,
  "cohort_tag": "mimic3",
  "best_val_jaccard": 0.5387887358665466,
  "test_metrics": {
    "Jaccard": 0.5385502576828003,
    "F1": 0.6920589208602905,
    "PRAUC": 0.7772673268951852,
    "DDI Rate": 0.07694795273231096,
    "Avg Meds": 23.133499145507812,
    "Avg True Meds": 19.90132713317871,
    "Precision": 0.6535124182701111,
    "Recall": 0.7643364071846008,
    "NHJ_new": 0.2955315528731597,
    "NHJ_dropped": 0.35952546094593246,
    "CVR": 0.0
  },
  "data_diagnostics": {
    "split_mode_requested": "hidr_vita",
    "require_cohort_split": false,
    "split_source": "hidr_vita_sequential",
    "split_seed_used": "n/a",
    "split_patient_counts": {
      "train": 4233,
      "val": 1059,
      "test": 1058
    },
    "split_example_counts": {
      "train": 6256,
      "val": 1220,
      "test": 1206
    },
    "ddi_density": 0.05261303581914269,
    "ddi_upper_pairs": 448,
    "ddi_total_pairs": 8515,
    "loaded_artifacts": {
      "records": "data/processed/records_final.pkl",
      "cohort": "data/processed/cohort_mimic3.pkl",
      "ddi": "data/processed/ddi_A_final.pkl",
      "ehr": "data/processed/ehr_adj_final.pkl",
      "embeddings": "data/embeddings/code_embeddings.pt",
      "notes": "data/processed/note_embeddings_mimic3.pkl"
    }
  },
  "param_counts": {
    "visit_encoder": {
      "total": 4583681,
      "trainable": 1981697
    },
    "fusion": {
      "total": 400512,
      "trainable": 400512
    },
    "drug_gnn": {
      "total": 1974080,
      "trainable": 1974080
    },
    "predictor": {
      "total": 723206,
      "trainable": 723205
    },
    "model_total": {
      "total": 7944647,
      "trainable": 5342662
    }
  },
  "threshold_sweep": {
    "0.4": {
      "Jaccard": 0.533018,
      "Avg Meds": 25.063019,
      "Avg True Meds": 19.901327,
      "DDI Rate": 0.075977
    },
    "0.45": {
      "Jaccard": 0.536289,
      "Avg Meds": 24.07131,
      "Avg True Meds": 19.901327,
      "DDI Rate": 0.076604
    },
    "0.5": {
      "Jaccard": 0.53855,
      "Avg Meds": 23.133499,
      "Avg True Meds": 19.901327,
      "DDI Rate": 0.076948
    },
    "0.55": {
      "Jaccard": 0.538937,
      "Avg Meds": 22.21559,
      "Avg True Meds": 19.901327,
      "DDI Rate": 0.077374
    },
    "0.6": {
      "Jaccard": 0.53934,
      "Avg Meds": 21.349916,
      "Avg True Meds": 19.901327,
      "DDI Rate": 0.077548
    },
    "0.65": {
      "Jaccard": 0.537664,
      "Avg Meds": 20.424543,
      "Avg True Meds": 19.901327,
      "DDI Rate": 0.077817
    },
    "0.7": {
      "Jaccard": 0.535718,
      "Avg Meds": 19.519901,
      "Avg True Meds": 19.901327,
      "DDI Rate": 0.077859
    },
    "0.75": {
      "Jaccard": 0.531569,
      "Avg Meds": 18.608624,
      "Avg True Meds": 19.901327,
      "DDI Rate": 0.078238
    }
  },
  "calibrated_threshold": 0.7,
  "calibrated_metrics": {
    "Jaccard": 0.535718,
    "Avg Meds": 19.519901,
    "Avg True Meds": 19.901327,
    "DDI Rate": 0.077859
  },
  "config": {
    "hidden_dim": 256,
    "use_notes": true,
    "use_labs": false,
    "use_copy": false,
    "fusion_strategy": "film",
    "lab_dim": 0,
    "pos_weight_cap": 5.0,
    "use_cosine_lr": false,
    "contrastive_weight": 0.0,
    "margin_loss_weight": 0.0,
    "alignment_loss_weight": 0.1,
    "alignment_start_epoch": 1,
    "alignment_ramp_epochs": 0
  }
}