{
  "seed": 123,
  "ablation": "full",
  "mimic_version": 3,
  "mimic4_full": false,
  "cohort_tag": "mimic3",
  "best_val_jaccard": 0.542184054851532,
  "test_metrics": {
    "Jaccard": 0.5395716428756714,
    "F1": 0.6930801272392273,
    "PRAUC": 0.782600143580598,
    "DDI Rate": 0.08209081477934722,
    "Avg Meds": 22.218076705932617,
    "Avg True Meds": 19.90132713317871,
    "Precision": 0.6678595542907715,
    "Recall": 0.7486761808395386,
    "NHJ_new": 0.2887650445887917,
    "NHJ_dropped": 0.3677195451761547,
    "CVR": 0.0
  },
  "data_diagnostics": {
    "split_mode_requested": "hidr_vita",
    "require_cohort_split": false,
    "split_source": "hidr_vita_sequential",
    "split_seed_used": "n/a",
    "split_patient_counts": {
      "train": 4233,
      "val": 1059,
      "test": 1058
    },
    "split_example_counts": {
      "train": 6256,
      "val": 1220,
      "test": 1206
    },
    "ddi_density": 0.05261303581914269,
    "ddi_upper_pairs": 448,
    "ddi_total_pairs": 8515,
    "loaded_artifacts": {
      "records": "data/processed/records_final.pkl",
      "cohort": "data/processed/cohort_mimic3.pkl",
      "ddi": "data/processed/ddi_A_final.pkl",
      "ehr": "data/processed/ehr_adj_final.pkl",
      "embeddings": "data/embeddings/code_embeddings.pt",
      "notes": "data/processed/note_embeddings_mimic3.pkl"
    }
  },
  "param_counts": {
    "visit_encoder": {
      "total": 3534609,
      "trainable": 932625
    },
    "fusion": {
      "total": 400512,
      "trainable": 400512
    },
    "drug_gnn": {
      "total": 1974080,
      "trainable": 1974080
    },
    "predictor": {
      "total": 327942,
      "trainable": 327941
    },
    "model_total": {
      "total": 6500311,
      "trainable": 3898326
    }
  },
  "threshold_sweep": {
    "0.4": {
      "Jaccard": 0.53542,
      "Avg Meds": 24.28607,
      "Avg True Meds": 19.901327,
      "DDI Rate": 0.080892
    },
    "0.45": {
      "Jaccard": 0.538572,
      "Avg Meds": 23.217247,
      "Avg True Meds": 19.901327,
      "DDI Rate": 0.081428
    },
    "0.5": {
      "Jaccard": 0.539572,
      "Avg Meds": 22.218077,
      "Avg True Meds": 19.901327,
      "DDI Rate": 0.082091
    },
    "0.55": {
      "Jaccard": 0.53822,
      "Avg Meds": 21.28524,
      "Avg True Meds": 19.901327,
      "DDI Rate": 0.082509
    },
    "0.6": {
      "Jaccard": 0.538339,
      "Avg Meds": 20.403814,
      "Avg True Meds": 19.901327,
      "DDI Rate": 0.082193
    },
    "0.65": {
      "Jaccard": 0.536554,
      "Avg Meds": 19.524046,
      "Avg True Meds": 19.901327,
      "DDI Rate": 0.082662
    },
    "0.7": {
      "Jaccard": 0.533135,
      "Avg Meds": 18.611111,
      "Avg True Meds": 19.901327,
      "DDI Rate": 0.083566
    },
    "0.75": {
      "Jaccard": 0.52668,
      "Avg Meds": 17.620232,
      "Avg True Meds": 19.901327,
      "DDI Rate": 0.083844
    }
  },
  "calibrated_threshold": 0.65,
  "calibrated_metrics": {
    "Jaccard": 0.536554,
    "Avg Meds": 19.524046,
    "Avg True Meds": 19.901327,
    "DDI Rate": 0.082662
  },
  "config": {
    "hidden_dim": 256,
    "use_notes": true,
    "use_labs": false,
    "use_copy": false,
    "fusion_strategy": "film",
    "lab_dim": 0,
    "pos_weight_cap": 5.0,
    "use_cosine_lr": false,
    "contrastive_weight": 0.0,
    "margin_loss_weight": 0.0,
    "alignment_loss_weight": 0.1,
    "alignment_start_epoch": 1,
    "alignment_ramp_epochs": 0
  }
}