{
  "seed": 123,
  "ablation": "full",
  "mimic_version": 3,
  "mimic4_full": false,
  "cohort_tag": "mimic3",
  "best_val_jaccard": 0.5515767931938171,
  "test_metrics": {
    "Jaccard": 0.5491691827774048,
    "F1": 0.7011414766311646,
    "PRAUC": 0.7890268970341933,
    "DDI Rate": 0.08124102897640621,
    "Avg Meds": 23.315092086791992,
    "Avg True Meds": 19.90132713317871,
    "Precision": 0.6619932651519775,
    "Recall": 0.7692803144454956,
    "NHJ_new": 0.2714348858908603,
    "NHJ_dropped": 0.2902373624475379,
    "CVR": 0.0
  },
  "data_diagnostics": {
    "split_mode_requested": "hidr_vita",
    "require_cohort_split": false,
    "split_source": "hidr_vita_sequential",
    "split_seed_used": "n/a",
    "split_patient_counts": {
      "train": 4233,
      "val": 1059,
      "test": 1058
    },
    "split_example_counts": {
      "train": 6256,
      "val": 1220,
      "test": 1206
    },
    "ddi_density": 0.05261303581914269,
    "ddi_upper_pairs": 448,
    "ddi_total_pairs": 8515,
    "loaded_artifacts": {
      "records": "data/processed/records_final.pkl",
      "cohort": "data/processed/cohort_mimic3.pkl",
      "ddi": "data/processed/ddi_A_final.pkl",
      "ehr": "data/processed/ehr_adj_final.pkl",
      "embeddings": "data/embeddings/code_embeddings.pt",
      "notes": "data/processed/note_embeddings_mimic3.pkl",
      "labs": "data/processed/lab_vectors_200labs.pkl"
    }
  },
  "param_counts": {
    "visit_encoder": {
      "total": 4583681,
      "trainable": 1981697
    },
    "fusion": {
      "total": 423808,
      "trainable": 423808
    },
    "drug_gnn": {
      "total": 1974080,
      "trainable": 1974080
    },
    "predictor": {
      "total": 559560,
      "trainable": 559560
    },
    "model_total": {
      "total": 7804297,
      "trainable": 5202313
    }
  },
  "threshold_sweep": {
    "0.4": {
      "Jaccard": 0.538889,
      "Avg Meds": 26.123549,
      "Avg True Meds": 19.901327,
      "DDI Rate": 0.081661
    },
    "0.45": {
      "Jaccard": 0.545915,
      "Avg Meds": 24.687397,
      "Avg True Meds": 19.901327,
      "DDI Rate": 0.081341
    },
    "0.5": {
      "Jaccard": 0.549169,
      "Avg Meds": 23.315092,
      "Avg True Meds": 19.901327,
      "DDI Rate": 0.081241
    },
    "0.55": {
      "Jaccard": 0.549458,
      "Avg Meds": 22.050581,
      "Avg True Meds": 19.901327,
      "DDI Rate": 0.081335
    },
    "0.6": {
      "Jaccard": 0.549618,
      "Avg Meds": 20.703979,
      "Avg True Meds": 19.901327,
      "DDI Rate": 0.080896
    },
    "0.65": {
      "Jaccard": 0.545547,
      "Avg Meds": 19.447762,
      "Avg True Meds": 19.901327,
      "DDI Rate": 0.080726
    },
    "0.7": {
      "Jaccard": 0.536932,
      "Avg Meds": 18.149254,
      "Avg True Meds": 19.901327,
      "DDI Rate": 0.080529
    },
    "0.75": {
      "Jaccard": 0.524066,
      "Avg Meds": 16.776119,
      "Avg True Meds": 19.901327,
      "DDI Rate": 0.080275
    }
  },
  "calibrated_threshold": 0.65,
  "calibrated_metrics": {
    "Jaccard": 0.545547,
    "Avg Meds": 19.447762,
    "Avg True Meds": 19.901327,
    "DDI Rate": 0.080726
  },
  "config": {
    "hidden_dim": 256,
    "use_notes": true,
    "use_labs": true,
    "use_copy": true,
    "fusion_strategy": "film",
    "lab_dim": 400,
    "pos_weight_cap": 5.0,
    "use_cosine_lr": false,
    "contrastive_weight": 0.0,
    "margin_loss_weight": 0.0,
    "alignment_loss_weight": 0.1,
    "alignment_start_epoch": 1,
    "alignment_ramp_epochs": 0
  }
}