{
  "seed": 456,
  "ablation": "full",
  "mimic_version": 3,
  "mimic4_full": false,
  "cohort_tag": "mimic3",
  "best_val_jaccard": 0.5518825054168701,
  "test_metrics": {
    "Jaccard": 0.5510444641113281,
    "F1": 0.703173816204071,
    "PRAUC": 0.7883409684229322,
    "DDI Rate": 0.08112412885679571,
    "Avg Meds": 22.31840705871582,
    "Avg True Meds": 19.90132713317871,
    "Precision": 0.6730528473854065,
    "Recall": 0.7584785223007202,
    "NHJ_new": 0.3060507021452251,
    "NHJ_dropped": 0.4008516198710391,
    "CVR": 0.0
  },
  "data_diagnostics": {
    "split_mode_requested": "hidr_vita",
    "require_cohort_split": false,
    "split_source": "hidr_vita_sequential",
    "split_seed_used": "n/a",
    "split_patient_counts": {
      "train": 4233,
      "val": 1059,
      "test": 1058
    },
    "split_example_counts": {
      "train": 6256,
      "val": 1220,
      "test": 1206
    },
    "ddi_density": 0.05261303581914269,
    "ddi_upper_pairs": 448,
    "ddi_total_pairs": 8515,
    "loaded_artifacts": {
      "records": "data/processed/records_final.pkl",
      "cohort": "data/processed/cohort_mimic3.pkl",
      "ddi": "data/processed/ddi_A_final.pkl",
      "ehr": "data/processed/ehr_adj_final.pkl",
      "embeddings": "data/embeddings/code_embeddings.pt",
      "notes": "data/processed/note_embeddings_mimic3.pkl",
      "labs": "data/processed/lab_vectors_200labs.pkl"
    }
  },
  "param_counts": {
    "visit_encoder": {
      "total": 4583681,
      "trainable": 1981697
    },
    "fusion": {
      "total": 423808,
      "trainable": 423808
    },
    "drug_gnn": {
      "total": 1974080,
      "trainable": 1974080
    },
    "predictor": {
      "total": 369990,
      "trainable": 369990
    },
    "model_total": {
      "total": 7614727,
      "trainable": 5012743
    }
  },
  "threshold_sweep": {
    "0.4": {
      "Jaccard": 0.544895,
      "Avg Meds": 23.957712,
      "Avg True Meds": 19.901327,
      "DDI Rate": 0.080811
    },
    "0.45": {
      "Jaccard": 0.547983,
      "Avg Meds": 23.094528,
      "Avg True Meds": 19.901327,
      "DDI Rate": 0.081058
    },
    "0.5": {
      "Jaccard": 0.551044,
      "Avg Meds": 22.318407,
      "Avg True Meds": 19.901327,
      "DDI Rate": 0.081124
    },
    "0.55": {
      "Jaccard": 0.552395,
      "Avg Meds": 21.519901,
      "Avg True Meds": 19.901327,
      "DDI Rate": 0.081099
    },
    "0.6": {
      "Jaccard": 0.552061,
      "Avg Meds": 20.75539,
      "Avg True Meds": 19.901327,
      "DDI Rate": 0.081283
    },
    "0.65": {
      "Jaccard": 0.550194,
      "Avg Meds": 19.956882,
      "Avg True Meds": 19.901327,
      "DDI Rate": 0.081357
    },
    "0.7": {
      "Jaccard": 0.548029,
      "Avg Meds": 19.144279,
      "Avg True Meds": 19.901327,
      "DDI Rate": 0.081665
    },
    "0.75": {
      "Jaccard": 0.544424,
      "Avg Meds": 18.270315,
      "Avg True Meds": 19.901327,
      "DDI Rate": 0.081629
    }
  },
  "calibrated_threshold": 0.65,
  "calibrated_metrics": {
    "Jaccard": 0.550194,
    "Avg Meds": 19.956882,
    "Avg True Meds": 19.901327,
    "DDI Rate": 0.081357
  },
  "config": {
    "hidden_dim": 256,
    "use_notes": true,
    "use_labs": true,
    "use_copy": false,
    "fusion_strategy": "film",
    "lab_dim": 400,
    "pos_weight_cap": 5.0,
    "use_cosine_lr": false,
    "contrastive_weight": 0.0,
    "margin_loss_weight": 0.0,
    "alignment_loss_weight": 0.1,
    "alignment_start_epoch": 1,
    "alignment_ramp_epochs": 0
  }
}