{
  "seed": 456,
  "ablation": "full",
  "mimic_version": 3,
  "mimic4_full": false,
  "cohort_tag": "mimic3",
  "best_val_jaccard": 0.5410259366035461,
  "test_metrics": {
    "Jaccard": 0.5355450510978699,
    "F1": 0.6900798678398132,
    "PRAUC": 0.7810457986605928,
    "DDI Rate": 0.08239583922211544,
    "Avg Meds": 22.255390167236328,
    "Avg True Meds": 19.90132713317871,
    "Precision": 0.6644703149795532,
    "Recall": 0.7436814308166504,
    "NHJ_new": 0.28090784502656835,
    "NHJ_dropped": 0.3696520548117788,
    "CVR": 0.0
  },
  "data_diagnostics": {
    "split_mode_requested": "hidr_vita",
    "require_cohort_split": false,
    "split_source": "hidr_vita_sequential",
    "split_seed_used": "n/a",
    "split_patient_counts": {
      "train": 4233,
      "val": 1059,
      "test": 1058
    },
    "split_example_counts": {
      "train": 6256,
      "val": 1220,
      "test": 1206
    },
    "ddi_density": 0.05261303581914269,
    "ddi_upper_pairs": 448,
    "ddi_total_pairs": 8515,
    "loaded_artifacts": {
      "records": "data/processed/records_final.pkl",
      "cohort": "data/processed/cohort_mimic3.pkl",
      "ddi": "data/processed/ddi_A_final.pkl",
      "ehr": "data/processed/ehr_adj_final.pkl",
      "embeddings": "data/embeddings/code_embeddings.pt",
      "labs": "data/processed/lab_vectors_200labs.pkl"
    }
  },
  "param_counts": {
    "visit_encoder": {
      "total": 4583681,
      "trainable": 1981697
    },
    "fusion": {
      "total": 423808,
      "trainable": 423808
    },
    "drug_gnn": {
      "total": 1974080,
      "trainable": 1974080
    },
    "predictor": {
      "total": 304454,
      "trainable": 304453
    },
    "model_total": {
      "total": 7549191,
      "trainable": 4947206
    }
  },
  "threshold_sweep": {
    "0.4": {
      "Jaccard": 0.53216,
      "Avg Meds": 24.140963,
      "Avg True Meds": 19.901327,
      "DDI Rate": 0.081896
    },
    "0.45": {
      "Jaccard": 0.534978,
      "Avg Meds": 23.165009,
      "Avg True Meds": 19.901327,
      "DDI Rate": 0.082013
    },
    "0.5": {
      "Jaccard": 0.535545,
      "Avg Meds": 22.25539,
      "Avg True Meds": 19.901327,
      "DDI Rate": 0.082396
    },
    "0.55": {
      "Jaccard": 0.538069,
      "Avg Meds": 21.333334,
      "Avg True Meds": 19.901327,
      "DDI Rate": 0.082285
    },
    "0.6": {
      "Jaccard": 0.537458,
      "Avg Meds": 20.442785,
      "Avg True Meds": 19.901327,
      "DDI Rate": 0.082569
    },
    "0.65": {
      "Jaccard": 0.536219,
      "Avg Meds": 19.619404,
      "Avg True Meds": 19.901327,
      "DDI Rate": 0.082869
    },
    "0.7": {
      "Jaccard": 0.534115,
      "Avg Meds": 18.717247,
      "Avg True Meds": 19.901327,
      "DDI Rate": 0.083153
    },
    "0.75": {
      "Jaccard": 0.530239,
      "Avg Meds": 17.759535,
      "Avg True Meds": 19.901327,
      "DDI Rate": 0.083506
    }
  },
  "calibrated_threshold": 0.65,
  "calibrated_metrics": {
    "Jaccard": 0.536219,
    "Avg Meds": 19.619404,
    "Avg True Meds": 19.901327,
    "DDI Rate": 0.082869
  },
  "config": {
    "hidden_dim": 256,
    "use_notes": false,
    "use_labs": true,
    "use_copy": false,
    "fusion_strategy": "film",
    "lab_dim": 400,
    "pos_weight_cap": 5.0,
    "use_cosine_lr": false,
    "contrastive_weight": 0.0,
    "margin_loss_weight": 0.0,
    "alignment_loss_weight": 0.1,
    "alignment_start_epoch": 1,
    "alignment_ramp_epochs": 0
  }
}