{
  "seed": 123,
  "ablation": "full",
  "mimic_version": 3,
  "mimic4_full": false,
  "cohort_tag": "mimic3",
  "best_val_jaccard": 0.5407368540763855,
  "test_metrics": {
    "Jaccard": 0.5390217304229736,
    "F1": 0.6925740242004395,
    "PRAUC": 0.7803084639041726,
    "DDI Rate": 0.07831596345438685,
    "Avg Meds": 22.474294662475586,
    "Avg True Meds": 19.90132713317871,
    "Precision": 0.6653368473052979,
    "Recall": 0.7496873140335083,
    "NHJ_new": 0.2891754884468882,
    "NHJ_dropped": 0.36403009766026545,
    "CVR": 0.0
  },
  "data_diagnostics": {
    "split_mode_requested": "hidr_vita",
    "require_cohort_split": false,
    "split_source": "hidr_vita_sequential",
    "split_seed_used": "n/a",
    "split_patient_counts": {
      "train": 4233,
      "val": 1059,
      "test": 1058
    },
    "split_example_counts": {
      "train": 6256,
      "val": 1220,
      "test": 1206
    },
    "ddi_density": 0.05261303581914269,
    "ddi_upper_pairs": 448,
    "ddi_total_pairs": 8515,
    "loaded_artifacts": {
      "records": "data/processed/records_final.pkl",
      "cohort": "data/processed/cohort_mimic3.pkl",
      "ddi": "data/processed/ddi_A_final.pkl",
      "ehr": "data/processed/ehr_adj_final.pkl",
      "embeddings": "data/embeddings/code_embeddings.pt",
      "labs": "data/processed/lab_vectors_200labs.pkl"
    }
  },
  "param_counts": {
    "visit_encoder": {
      "total": 4583681,
      "trainable": 1981697
    },
    "fusion": {
      "total": 423808,
      "trainable": 423808
    },
    "drug_gnn": {
      "total": 1151776,
      "trainable": 1151776
    },
    "predictor": {
      "total": 304454,
      "trainable": 304453
    },
    "model_total": {
      "total": 6726887,
      "trainable": 4124902
    }
  },
  "threshold_sweep": {
    "0.4": {
      "Jaccard": 0.534004,
      "Avg Meds": 24.236319,
      "Avg True Meds": 19.901327,
      "DDI Rate": 0.078066
    },
    "0.45": {
      "Jaccard": 0.536769,
      "Avg Meds": 23.308458,
      "Avg True Meds": 19.901327,
      "DDI Rate": 0.07856
    },
    "0.5": {
      "Jaccard": 0.539022,
      "Avg Meds": 22.474295,
      "Avg True Meds": 19.901327,
      "DDI Rate": 0.078316
    },
    "0.55": {
      "Jaccard": 0.539466,
      "Avg Meds": 21.654228,
      "Avg True Meds": 19.901327,
      "DDI Rate": 0.078293
    },
    "0.6": {
      "Jaccard": 0.538335,
      "Avg Meds": 20.82753,
      "Avg True Meds": 19.901327,
      "DDI Rate": 0.078577
    },
    "0.65": {
      "Jaccard": 0.536914,
      "Avg Meds": 20.005804,
      "Avg True Meds": 19.901327,
      "DDI Rate": 0.078759
    },
    "0.7": {
      "Jaccard": 0.534121,
      "Avg Meds": 19.167496,
      "Avg True Meds": 19.901327,
      "DDI Rate": 0.079111
    },
    "0.75": {
      "Jaccard": 0.531061,
      "Avg Meds": 18.323383,
      "Avg True Meds": 19.901327,
      "DDI Rate": 0.078967
    }
  },
  "calibrated_threshold": 0.65,
  "calibrated_metrics": {
    "Jaccard": 0.536914,
    "Avg Meds": 20.005804,
    "Avg True Meds": 19.901327,
    "DDI Rate": 0.078759
  },
  "config": {
    "hidden_dim": 256,
    "use_notes": false,
    "use_labs": true,
    "use_copy": false,
    "fusion_strategy": "film",
    "lab_dim": 400,
    "pos_weight_cap": 5.0,
    "use_cosine_lr": false,
    "contrastive_weight": 0.0,
    "margin_loss_weight": 0.0,
    "alignment_loss_weight": 0.1,
    "alignment_start_epoch": 1,
    "alignment_ramp_epochs": 0
  }
}