{
  "seed": 456,
  "ablation": "full",
  "mimic_version": 3,
  "mimic4_full": false,
  "cohort_tag": "mimic3",
  "best_val_jaccard": 0.5078668594360352,
  "test_metrics": {
    "Jaccard": 0.5111927390098572,
    "F1": 0.6686902046203613,
    "PRAUC": 0.7656407227337563,
    "DDI Rate": 0.086761874448868,
    "Avg Meds": 24.625207901000977,
    "Avg True Meds": 19.90132713317871,
    "Precision": 0.6114629507064819,
    "Recall": 0.7619972825050354,
    "NHJ_new": 0.29356708495240463,
    "NHJ_dropped": 0.3998876637534091,
    "CVR": 0.0
  },
  "data_diagnostics": {
    "split_mode_requested": "hidr_vita",
    "require_cohort_split": false,
    "split_source": "hidr_vita_sequential",
    "split_seed_used": "n/a",
    "split_patient_counts": {
      "train": 4233,
      "val": 1059,
      "test": 1058
    },
    "split_example_counts": {
      "train": 6256,
      "val": 1220,
      "test": 1206
    },
    "ddi_density": 0.05261303581914269,
    "ddi_upper_pairs": 448,
    "ddi_total_pairs": 8515,
    "loaded_artifacts": {
      "records": "data/processed/records_final.pkl",
      "cohort": "data/processed/cohort_mimic3.pkl",
      "ddi": "data/processed/ddi_A_final.pkl",
      "ehr": "data/processed/ehr_adj_final.pkl",
      "embeddings": "data/embeddings/code_embeddings.pt",
      "notes": "data/processed/note_embeddings_mimic3.pkl",
      "labs": "data/processed/lab_vectors_200labs.pkl"
    }
  },
  "param_counts": {
    "visit_encoder": {
      "total": 4583681,
      "trainable": 1981697
    },
    "fusion": {
      "total": 423808,
      "trainable": 423808
    },
    "drug_gnn": {
      "total": 1974080,
      "trainable": 1974080
    },
    "predictor": {
      "total": 627974,
      "trainable": 627972
    },
    "model_total": {
      "total": 7872711,
      "trainable": 5270725
    }
  },
  "threshold_sweep": {
    "0.4": {
      "Jaccard": 0.493679,
      "Avg Meds": 28.188225,
      "Avg True Meds": 19.901327,
      "DDI Rate": 0.088515
    },
    "0.45": {
      "Jaccard": 0.503692,
      "Avg Meds": 26.376451,
      "Avg True Meds": 19.901327,
      "DDI Rate": 0.088202
    },
    "0.5": {
      "Jaccard": 0.511193,
      "Avg Meds": 24.625208,
      "Avg True Meds": 19.901327,
      "DDI Rate": 0.086762
    },
    "0.55": {
      "Jaccard": 0.515157,
      "Avg Meds": 23.077944,
      "Avg True Meds": 19.901327,
      "DDI Rate": 0.08525
    },
    "0.6": {
      "Jaccard": 0.516982,
      "Avg Meds": 21.542288,
      "Avg True Meds": 19.901327,
      "DDI Rate": 0.083733
    },
    "0.65": {
      "Jaccard": 0.515626,
      "Avg Meds": 20.107794,
      "Avg True Meds": 19.901327,
      "DDI Rate": 0.08206
    },
    "0.7": {
      "Jaccard": 0.511888,
      "Avg Meds": 18.648424,
      "Avg True Meds": 19.901327,
      "DDI Rate": 0.080534
    },
    "0.75": {
      "Jaccard": 0.503964,
      "Avg Meds": 17.167496,
      "Avg True Meds": 19.901327,
      "DDI Rate": 0.077803
    }
  },
  "calibrated_threshold": 0.65,
  "calibrated_metrics": {
    "Jaccard": 0.515626,
    "Avg Meds": 20.107794,
    "Avg True Meds": 19.901327,
    "DDI Rate": 0.08206
  },
  "config": {
    "hidden_dim": 256,
    "use_notes": true,
    "use_labs": true,
    "use_copy": false,
    "fusion_strategy": "film",
    "lab_dim": 400,
    "pos_weight_cap": 5.0,
    "use_cosine_lr": false,
    "contrastive_weight": 0.0,
    "margin_loss_weight": 0.0,
    "alignment_loss_weight": 0.1,
    "alignment_start_epoch": 1,
    "alignment_ramp_epochs": 0
  }
}