{
  "seed": 789,
  "ablation": "full",
  "mimic_version": 3,
  "mimic4_full": false,
  "cohort_tag": "mimic3",
  "best_val_jaccard": 0.566681981086731,
  "test_metrics": {
    "Jaccard": 0.5649519562721252,
    "F1": 0.7145240902900696,
    "PRAUC": 0.7962135387927829,
    "DDI Rate": 0.08079596002073644,
    "Avg Meds": 20.949419021606445,
    "Avg True Meds": 19.90132713317871,
    "Precision": 0.7023301124572754,
    "Recall": 0.748651921749115,
    "NHJ_new": 0.28769328798118393,
    "NHJ_dropped": 0.36431907038939626,
    "CVR": 0.0
  },
  "data_diagnostics": {
    "split_mode_requested": "hidr_vita",
    "require_cohort_split": false,
    "split_source": "hidr_vita_sequential",
    "split_seed_used": "n/a",
    "split_patient_counts": {
      "train": 4233,
      "val": 1059,
      "test": 1058
    },
    "split_example_counts": {
      "train": 6256,
      "val": 1220,
      "test": 1206
    },
    "ddi_density": 0.05261303581914269,
    "ddi_upper_pairs": 448,
    "ddi_total_pairs": 8515,
    "loaded_artifacts": {
      "records": "data/processed/records_final.pkl",
      "cohort": "data/processed/cohort_mimic3.pkl",
      "ddi": "data/processed/ddi_A_final.pkl",
      "ehr": "data/processed/ehr_adj_final.pkl",
      "embeddings": "data/embeddings/code_embeddings.pt",
      "notes": "data/processed/note_embeddings_mimic3.pkl",
      "labs": "data/processed/lab_vectors_200labs.pkl"
    }
  },
  "param_counts": {
    "visit_encoder": {
      "total": 5108993,
      "trainable": 2507009
    },
    "fusion": {
      "total": 423808,
      "trainable": 423808
    },
    "drug_gnn": {
      "total": 395008,
      "trainable": 395008
    },
    "predictor": {
      "total": 1423943,
      "trainable": 1423943
    },
    "model_total": {
      "total": 7614920,
      "trainable": 5012936
    }
  },
  "threshold_sweep": {
    "0.4": {
      "Jaccard": 0.564949,
      "Avg Meds": 21.988392,
      "Avg True Meds": 19.901327,
      "DDI Rate": 0.079949
    },
    "0.45": {
      "Jaccard": 0.565127,
      "Avg Meds": 21.450249,
      "Avg True Meds": 19.901327,
      "DDI Rate": 0.080705
    },
    "0.5": {
      "Jaccard": 0.564952,
      "Avg Meds": 20.949419,
      "Avg True Meds": 19.901327,
      "DDI Rate": 0.080796
    },
    "0.55": {
      "Jaccard": 0.56461,
      "Avg Meds": 20.485905,
      "Avg True Meds": 19.901327,
      "DDI Rate": 0.0812
    },
    "0.6": {
      "Jaccard": 0.564584,
      "Avg Meds": 20.018242,
      "Avg True Meds": 19.901327,
      "DDI Rate": 0.081519
    },
    "0.65": {
      "Jaccard": 0.562776,
      "Avg Meds": 19.508291,
      "Avg True Meds": 19.901327,
      "DDI Rate": 0.081488
    },
    "0.7": {
      "Jaccard": 0.559476,
      "Avg Meds": 19.006634,
      "Avg True Meds": 19.901327,
      "DDI Rate": 0.081944
    },
    "0.75": {
      "Jaccard": 0.555754,
      "Avg Meds": 18.455223,
      "Avg True Meds": 19.901327,
      "DDI Rate": 0.082037
    }
  },
  "calibrated_threshold": 0.6,
  "calibrated_metrics": {
    "Jaccard": 0.564584,
    "Avg Meds": 20.018242,
    "Avg True Meds": 19.901327,
    "DDI Rate": 0.081519
  },
  "config": {
    "hidden_dim": 256,
    "use_notes": true,
    "use_labs": true,
    "use_copy": false,
    "fusion_strategy": "film",
    "lab_dim": 400,
    "pos_weight_cap": 5.0,
    "use_cosine_lr": false,
    "contrastive_weight": 0.0,
    "margin_loss_weight": 0.0,
    "alignment_loss_weight": 0.1,
    "alignment_start_epoch": 1,
    "alignment_ramp_epochs": 0
  }
}