{
  "seed": 123,
  "ablation": "full",
  "mimic_version": 3,
  "mimic4_full": false,
  "cohort_tag": "mimic3",
  "best_val_jaccard": 0.5672763586044312,
  "test_metrics": {
    "Jaccard": 0.5616973042488098,
    "F1": 0.7120592594146729,
    "PRAUC": 0.7993808564313821,
    "DDI Rate": 0.07992965329122102,
    "Avg Meds": 22.73797607421875,
    "Avg True Meds": 19.90132713317871,
    "Precision": 0.6771734356880188,
    "Recall": 0.7736177444458008,
    "NHJ_new": 0.2944755562041935,
    "NHJ_dropped": 0.29348228636540863,
    "CVR": 0.0
  },
  "data_diagnostics": {
    "split_mode_requested": "hidr_vita",
    "require_cohort_split": false,
    "split_source": "hidr_vita_sequential",
    "split_seed_used": "n/a",
    "split_patient_counts": {
      "train": 4233,
      "val": 1059,
      "test": 1058
    },
    "split_example_counts": {
      "train": 6256,
      "val": 1220,
      "test": 1206
    },
    "ddi_density": 0.05261303581914269,
    "ddi_upper_pairs": 448,
    "ddi_total_pairs": 8515,
    "loaded_artifacts": {
      "records": "data/processed/records_final.pkl",
      "cohort": "data/processed/cohort_mimic3.pkl",
      "ddi": "data/processed/ddi_A_final.pkl",
      "ehr": "data/processed/ehr_adj_final.pkl",
      "embeddings": "data/embeddings/code_embeddings.pt",
      "notes": "data/processed/note_embeddings_mimic3.pkl",
      "labs": "data/processed/lab_vectors_200labs.pkl"
    }
  },
  "param_counts": {
    "visit_encoder": {
      "total": 4649474,
      "trainable": 2047490
    },
    "fusion": {
      "total": 423808,
      "trainable": 423808
    },
    "drug_gnn": {
      "total": 1151776,
      "trainable": 1151776
    },
    "predictor": {
      "total": 559560,
      "trainable": 559560
    },
    "model_total": {
      "total": 7047786,
      "trainable": 4445802
    }
  },
  "threshold_sweep": {
    "0.4": {
      "Jaccard": 0.55696,
      "Avg Meds": 24.417082,
      "Avg True Meds": 19.901327,
      "DDI Rate": 0.080009
    },
    "0.45": {
      "Jaccard": 0.559792,
      "Avg Meds": 23.58209,
      "Avg True Meds": 19.901327,
      "DDI Rate": 0.080156
    },
    "0.5": {
      "Jaccard": 0.561697,
      "Avg Meds": 22.737976,
      "Avg True Meds": 19.901327,
      "DDI Rate": 0.07993
    },
    "0.55": {
      "Jaccard": 0.563569,
      "Avg Meds": 21.966833,
      "Avg True Meds": 19.901327,
      "DDI Rate": 0.079787
    },
    "0.6": {
      "Jaccard": 0.564799,
      "Avg Meds": 21.21393,
      "Avg True Meds": 19.901327,
      "DDI Rate": 0.079622
    },
    "0.65": {
      "Jaccard": 0.562938,
      "Avg Meds": 20.426203,
      "Avg True Meds": 19.901327,
      "DDI Rate": 0.079443
    },
    "0.7": {
      "Jaccard": 0.559319,
      "Avg Meds": 19.657545,
      "Avg True Meds": 19.901327,
      "DDI Rate": 0.079328
    },
    "0.75": {
      "Jaccard": 0.554322,
      "Avg Meds": 18.820896,
      "Avg True Meds": 19.901327,
      "DDI Rate": 0.079002
    }
  },
  "calibrated_threshold": 0.7,
  "calibrated_metrics": {
    "Jaccard": 0.559319,
    "Avg Meds": 19.657545,
    "Avg True Meds": 19.901327,
    "DDI Rate": 0.079328
  },
  "config": {
    "hidden_dim": 256,
    "use_notes": true,
    "use_labs": true,
    "use_copy": true,
    "fusion_strategy": "film",
    "lab_dim": 400,
    "pos_weight_cap": 5.0,
    "use_cosine_lr": false,
    "contrastive_weight": 0.0,
    "margin_loss_weight": 0.0,
    "alignment_loss_weight": 0.1,
    "alignment_start_epoch": 1,
    "alignment_ramp_epochs": 0
  }
}