{
  "seed": 123,
  "ablation": "full",
  "mimic_version": 3,
  "mimic4_full": false,
  "cohort_tag": "mimic3",
  "best_val_jaccard": 0.5414614677429199,
  "test_metrics": {
    "Jaccard": 0.5423508882522583,
    "F1": 0.6955370306968689,
    "PRAUC": 0.7834941467282416,
    "DDI Rate": 0.07653898554310065,
    "Avg Meds": 21.257877349853516,
    "Avg True Meds": 19.90132713317871,
    "Precision": 0.6822635531425476,
    "Recall": 0.7342950105667114,
    "NHJ_new": 0.2797841335597791,
    "NHJ_dropped": 0.3789682027540709,
    "CVR": 0.0
  },
  "data_diagnostics": {
    "split_mode_requested": "hidr_vita",
    "require_cohort_split": false,
    "split_source": "hidr_vita_sequential",
    "split_seed_used": "n/a",
    "split_patient_counts": {
      "train": 4233,
      "val": 1059,
      "test": 1058
    },
    "split_example_counts": {
      "train": 6256,
      "val": 1220,
      "test": 1206
    },
    "ddi_density": 0.05261303581914269,
    "ddi_upper_pairs": 448,
    "ddi_total_pairs": 8515,
    "loaded_artifacts": {
      "records": "data/processed/records_final.pkl",
      "cohort": "data/processed/cohort_mimic3.pkl",
      "ddi": "data/processed/ddi_A_final.pkl",
      "ehr": "data/processed/ehr_adj_final.pkl",
      "embeddings": "data/embeddings/code_embeddings.pt",
      "labs": "data/processed/lab_vectors_200labs.pkl"
    }
  },
  "param_counts": {
    "visit_encoder": {
      "total": 4649474,
      "trainable": 2047490
    },
    "fusion": {
      "total": 423808,
      "trainable": 423808
    },
    "drug_gnn": {
      "total": 1151776,
      "trainable": 1151776
    },
    "predictor": {
      "total": 793606,
      "trainable": 793605
    },
    "model_total": {
      "total": 7281832,
      "trainable": 4679847
    }
  },
  "threshold_sweep": {
    "0.4": {
      "Jaccard": 0.53938,
      "Avg Meds": 22.99917,
      "Avg True Meds": 19.901327,
      "DDI Rate": 0.075608
    },
    "0.45": {
      "Jaccard": 0.541179,
      "Avg Meds": 22.11194,
      "Avg True Meds": 19.901327,
      "DDI Rate": 0.075668
    },
    "0.5": {
      "Jaccard": 0.542351,
      "Avg Meds": 21.257877,
      "Avg True Meds": 19.901327,
      "DDI Rate": 0.076539
    },
    "0.55": {
      "Jaccard": 0.54081,
      "Avg Meds": 20.461857,
      "Avg True Meds": 19.901327,
      "DDI Rate": 0.077141
    },
    "0.6": {
      "Jaccard": 0.539815,
      "Avg Meds": 19.660032,
      "Avg True Meds": 19.901327,
      "DDI Rate": 0.077283
    },
    "0.65": {
      "Jaccard": 0.537449,
      "Avg Meds": 18.872305,
      "Avg True Meds": 19.901327,
      "DDI Rate": 0.077782
    },
    "0.7": {
      "Jaccard": 0.533672,
      "Avg Meds": 18.063019,
      "Avg True Meds": 19.901327,
      "DDI Rate": 0.078428
    },
    "0.75": {
      "Jaccard": 0.528361,
      "Avg Meds": 17.2131,
      "Avg True Meds": 19.901327,
      "DDI Rate": 0.078808
    }
  },
  "calibrated_threshold": 0.6,
  "calibrated_metrics": {
    "Jaccard": 0.539815,
    "Avg Meds": 19.660032,
    "Avg True Meds": 19.901327,
    "DDI Rate": 0.077283
  },
  "config": {
    "hidden_dim": 256,
    "use_notes": false,
    "use_labs": true,
    "use_copy": false,
    "fusion_strategy": "film",
    "lab_dim": 400,
    "pos_weight_cap": 5.0,
    "use_cosine_lr": false,
    "contrastive_weight": 0.0,
    "margin_loss_weight": 0.0,
    "alignment_loss_weight": 0.1,
    "alignment_start_epoch": 1,
    "alignment_ramp_epochs": 0
  }
}