{
  "seed": 456,
  "ablation": "full",
  "mimic_version": 3,
  "mimic4_full": false,
  "cohort_tag": "mimic3",
  "best_val_jaccard": 0.5519543290138245,
  "test_metrics": {
    "Jaccard": 0.545845627784729,
    "F1": 0.6987229585647583,
    "PRAUC": 0.7853780601151598,
    "DDI Rate": 0.07916379799562713,
    "Avg Meds": 23.242952346801758,
    "Avg True Meds": 19.90132713317871,
    "Precision": 0.6574257612228394,
    "Recall": 0.7681862711906433,
    "NHJ_new": 0.301533433167558,
    "NHJ_dropped": 0.3797116373714648,
    "CVR": 0.0
  },
  "data_diagnostics": {
    "split_mode_requested": "hidr_vita",
    "require_cohort_split": false,
    "split_source": "hidr_vita_sequential",
    "split_seed_used": "n/a",
    "split_patient_counts": {
      "train": 4233,
      "val": 1059,
      "test": 1058
    },
    "split_example_counts": {
      "train": 6256,
      "val": 1220,
      "test": 1206
    },
    "ddi_density": 0.05261303581914269,
    "ddi_upper_pairs": 448,
    "ddi_total_pairs": 8515,
    "loaded_artifacts": {
      "records": "data/processed/records_final.pkl",
      "cohort": "data/processed/cohort_mimic3.pkl",
      "ddi": "data/processed/ddi_A_final.pkl",
      "ehr": "data/processed/ehr_adj_final.pkl",
      "embeddings": "data/embeddings/code_embeddings.pt",
      "notes": "data/processed/note_embeddings_mimic3.pkl",
      "labs": "data/processed/lab_vectors_200labs.pkl"
    }
  },
  "param_counts": {
    "visit_encoder": {
      "total": 4583681,
      "trainable": 1981697
    },
    "fusion": {
      "total": 423808,
      "trainable": 423808
    },
    "drug_gnn": {
      "total": 1974080,
      "trainable": 1974080
    },
    "predictor": {
      "total": 765254,
      "trainable": 765254
    },
    "model_total": {
      "total": 8009991,
      "trainable": 5408007
    }
  },
  "threshold_sweep": {
    "0.4": {
      "Jaccard": 0.539566,
      "Avg Meds": 25.226368,
      "Avg True Meds": 19.901327,
      "DDI Rate": 0.078247
    },
    "0.45": {
      "Jaccard": 0.543204,
      "Avg Meds": 24.249586,
      "Avg True Meds": 19.901327,
      "DDI Rate": 0.078796
    },
    "0.5": {
      "Jaccard": 0.545846,
      "Avg Meds": 23.242952,
      "Avg True Meds": 19.901327,
      "DDI Rate": 0.079164
    },
    "0.55": {
      "Jaccard": 0.547007,
      "Avg Meds": 22.364843,
      "Avg True Meds": 19.901327,
      "DDI Rate": 0.079648
    },
    "0.6": {
      "Jaccard": 0.54722,
      "Avg Meds": 21.446932,
      "Avg True Meds": 19.901327,
      "DDI Rate": 0.080098
    },
    "0.65": {
      "Jaccard": 0.547568,
      "Avg Meds": 20.568823,
      "Avg True Meds": 19.901327,
      "DDI Rate": 0.080169
    },
    "0.7": {
      "Jaccard": 0.546937,
      "Avg Meds": 19.679104,
      "Avg True Meds": 19.901327,
      "DDI Rate": 0.080245
    },
    "0.75": {
      "Jaccard": 0.543283,
      "Avg Meds": 18.757877,
      "Avg True Meds": 19.901327,
      "DDI Rate": 0.080716
    }
  },
  "calibrated_threshold": 0.7,
  "calibrated_metrics": {
    "Jaccard": 0.546937,
    "Avg Meds": 19.679104,
    "Avg True Meds": 19.901327,
    "DDI Rate": 0.080245
  },
  "config": {
    "hidden_dim": 256,
    "use_notes": true,
    "use_labs": true,
    "use_copy": false,
    "fusion_strategy": "film",
    "lab_dim": 400,
    "pos_weight_cap": 5.0,
    "use_cosine_lr": false,
    "contrastive_weight": 0.0,
    "margin_loss_weight": 0.0,
    "alignment_loss_weight": 0.1,
    "alignment_start_epoch": 1,
    "alignment_ramp_epochs": 0
  }
}