{
  "seed": 123,
  "ablation": "full",
  "mimic_version": 3,
  "mimic4_full": false,
  "cohort_tag": "mimic3",
  "best_val_jaccard": 0.5651215314865112,
  "test_metrics": {
    "Jaccard": 0.5629032850265503,
    "F1": 0.712713360786438,
    "PRAUC": 0.7984374471248674,
    "DDI Rate": 0.0782514450867052,
    "Avg Meds": 22.313432693481445,
    "Avg True Meds": 19.90132713317871,
    "Precision": 0.682296633720398,
    "Recall": 0.7685624957084656,
    "NHJ_new": 0.2865477094524785,
    "NHJ_dropped": 0.30272043065020915,
    "CVR": 0.0
  },
  "data_diagnostics": {
    "split_mode_requested": "hidr_vita",
    "require_cohort_split": false,
    "split_source": "hidr_vita_sequential",
    "split_seed_used": "n/a",
    "split_patient_counts": {
      "train": 4233,
      "val": 1059,
      "test": 1058
    },
    "split_example_counts": {
      "train": 6256,
      "val": 1220,
      "test": 1206
    },
    "ddi_density": 0.05261303581914269,
    "ddi_upper_pairs": 448,
    "ddi_total_pairs": 8515,
    "loaded_artifacts": {
      "records": "data/processed/records_final.pkl",
      "cohort": "data/processed/cohort_mimic3.pkl",
      "ddi": "data/processed/ddi_A_final.pkl",
      "ehr": "data/processed/ehr_adj_final.pkl",
      "embeddings": "data/embeddings/code_embeddings.pt",
      "notes": "data/processed/note_embeddings_mimic3.pkl",
      "labs": "data/processed/lab_vectors_200labs.pkl"
    }
  },
  "param_counts": {
    "visit_encoder": {
      "total": 4583681,
      "trainable": 1981697
    },
    "fusion": {
      "total": 423808,
      "trainable": 423808
    },
    "drug_gnn": {
      "total": 1974080,
      "trainable": 1974080
    },
    "predictor": {
      "total": 1284808,
      "trainable": 1284808
    },
    "model_total": {
      "total": 8529545,
      "trainable": 5927561
    }
  },
  "threshold_sweep": {
    "0.4": {
      "Jaccard": 0.559748,
      "Avg Meds": 24.001657,
      "Avg True Meds": 19.901327,
      "DDI Rate": 0.07905
    },
    "0.45": {
      "Jaccard": 0.562863,
      "Avg Meds": 23.156717,
      "Avg True Meds": 19.901327,
      "DDI Rate": 0.07849
    },
    "0.5": {
      "Jaccard": 0.562903,
      "Avg Meds": 22.313433,
      "Avg True Meds": 19.901327,
      "DDI Rate": 0.078251
    },
    "0.55": {
      "Jaccard": 0.563488,
      "Avg Meds": 21.590382,
      "Avg True Meds": 19.901327,
      "DDI Rate": 0.077876
    },
    "0.6": {
      "Jaccard": 0.563974,
      "Avg Meds": 20.854063,
      "Avg True Meds": 19.901327,
      "DDI Rate": 0.077637
    },
    "0.65": {
      "Jaccard": 0.561892,
      "Avg Meds": 20.054726,
      "Avg True Meds": 19.901327,
      "DDI Rate": 0.077145
    },
    "0.7": {
      "Jaccard": 0.558592,
      "Avg Meds": 19.28524,
      "Avg True Meds": 19.901327,
      "DDI Rate": 0.07691
    },
    "0.75": {
      "Jaccard": 0.55453,
      "Avg Meds": 18.45854,
      "Avg True Meds": 19.901327,
      "DDI Rate": 0.076285
    }
  },
  "calibrated_threshold": 0.65,
  "calibrated_metrics": {
    "Jaccard": 0.561892,
    "Avg Meds": 20.054726,
    "Avg True Meds": 19.901327,
    "DDI Rate": 0.077145
  },
  "config": {
    "hidden_dim": 256,
    "use_notes": true,
    "use_labs": true,
    "use_copy": true,
    "fusion_strategy": "film",
    "lab_dim": 400,
    "pos_weight_cap": 5.0,
    "use_cosine_lr": false,
    "contrastive_weight": 0.0,
    "margin_loss_weight": 0.0,
    "alignment_loss_weight": 0.1,
    "alignment_start_epoch": 1,
    "alignment_ramp_epochs": 0
  }
}