{
  "seed": 42,
  "ablation": "full",
  "mimic_version": 3,
  "mimic4_full": false,
  "cohort_tag": "mimic3",
  "best_val_jaccard": 0.5146036744117737,
  "test_metrics": {
    "Jaccard": 0.5153250694274902,
    "F1": 0.6720411777496338,
    "PRAUC": 0.7669905152892365,
    "DDI Rate": 0.08059648853355177,
    "Avg Meds": 23.94112777709961,
    "Avg True Meds": 19.90132713317871,
    "Precision": 0.6298111081123352,
    "Recall": 0.7686581611633301,
    "NHJ_new": 0.22505488834883036,
    "NHJ_dropped": 0.1932193432983599,
    "CVR": 0.0
  },
  "data_diagnostics": {
    "split_mode_requested": "hidr_vita",
    "require_cohort_split": false,
    "split_source": "hidr_vita_sequential",
    "split_seed_used": "n/a",
    "split_patient_counts": {
      "train": 4233,
      "val": 1059,
      "test": 1058
    },
    "split_example_counts": {
      "train": 6256,
      "val": 1220,
      "test": 1206
    },
    "ddi_density": 0.05261303581914269,
    "ddi_upper_pairs": 448,
    "ddi_total_pairs": 8515,
    "loaded_artifacts": {
      "records": "data/processed/records_final.pkl",
      "cohort": "data/processed/cohort_mimic3.pkl",
      "ddi": "data/processed/ddi_A_final.pkl",
      "ehr": "data/processed/ehr_adj_final.pkl",
      "embeddings": "data/embeddings/code_embeddings.pt"
    }
  },
  "param_counts": {
    "visit_encoder": {
      "total": 4583681,
      "trainable": 1981697
    },
    "drug_gnn": {
      "total": 1974080,
      "trainable": 1974080
    },
    "predictor": {
      "total": 1316359,
      "trainable": 1316357
    },
    "model_total": {
      "total": 8137288,
      "trainable": 5535302
    }
  },
  "threshold_sweep": {
    "0.4": {
      "Jaccard": 0.512967,
      "Avg Meds": 25.569653,
      "Avg True Meds": 19.901327,
      "DDI Rate": 0.07836
    },
    "0.45": {
      "Jaccard": 0.51429,
      "Avg Meds": 24.718906,
      "Avg True Meds": 19.901327,
      "DDI Rate": 0.079537
    },
    "0.5": {
      "Jaccard": 0.515325,
      "Avg Meds": 23.941128,
      "Avg True Meds": 19.901327,
      "DDI Rate": 0.080596
    },
    "0.55": {
      "Jaccard": 0.516552,
      "Avg Meds": 23.14179,
      "Avg True Meds": 19.901327,
      "DDI Rate": 0.081942
    },
    "0.6": {
      "Jaccard": 0.517565,
      "Avg Meds": 22.342455,
      "Avg True Meds": 19.901327,
      "DDI Rate": 0.083464
    },
    "0.65": {
      "Jaccard": 0.517296,
      "Avg Meds": 21.527363,
      "Avg True Meds": 19.901327,
      "DDI Rate": 0.085578
    },
    "0.7": {
      "Jaccard": 0.515748,
      "Avg Meds": 20.624378,
      "Avg True Meds": 19.901327,
      "DDI Rate": 0.088184
    },
    "0.75": {
      "Jaccard": 0.512247,
      "Avg Meds": 19.605307,
      "Avg True Meds": 19.901327,
      "DDI Rate": 0.090927
    }
  },
  "calibrated_threshold": 0.75,
  "calibrated_metrics": {
    "Jaccard": 0.512247,
    "Avg Meds": 19.605307,
    "Avg True Meds": 19.901327,
    "DDI Rate": 0.090927
  },
  "config": {
    "hidden_dim": 256,
    "use_notes": false,
    "use_labs": false,
    "use_copy": false,
    "fusion_strategy": "film",
    "lab_dim": 0,
    "pos_weight_cap": 5.0,
    "use_cosine_lr": false,
    "contrastive_weight": 0.0,
    "margin_loss_weight": 0.0,
    "alignment_loss_weight": 0.1,
    "alignment_start_epoch": 1,
    "alignment_ramp_epochs": 0
  }
}