{
  "seed": 456,
  "ablation": "full",
  "mimic_version": 3,
  "mimic4_full": false,
  "cohort_tag": "mimic3",
  "best_val_jaccard": 0.5409059524536133,
  "test_metrics": {
    "Jaccard": 0.5394524931907654,
    "F1": 0.6931045055389404,
    "PRAUC": 0.7797150929402934,
    "DDI Rate": 0.08811274072680932,
    "Avg Meds": 21.911277770996094,
    "Avg True Meds": 19.90132713317871,
    "Precision": 0.6722337007522583,
    "Recall": 0.7413660287857056,
    "NHJ_new": 0.2841221611750753,
    "NHJ_dropped": 0.37576428369471904,
    "CVR": 0.0
  },
  "data_diagnostics": {
    "split_mode_requested": "hidr_vita",
    "require_cohort_split": false,
    "split_source": "hidr_vita_sequential",
    "split_seed_used": "n/a",
    "split_patient_counts": {
      "train": 4233,
      "val": 1059,
      "test": 1058
    },
    "split_example_counts": {
      "train": 6256,
      "val": 1220,
      "test": 1206
    },
    "ddi_density": 0.05261303581914269,
    "ddi_upper_pairs": 448,
    "ddi_total_pairs": 8515,
    "loaded_artifacts": {
      "records": "data/processed/records_final.pkl",
      "cohort": "data/processed/cohort_mimic3.pkl",
      "ddi": "data/processed/ddi_A_final.pkl",
      "ehr": "data/processed/ehr_adj_final.pkl",
      "embeddings": "data/embeddings/code_embeddings.pt",
      "labs": "data/processed/lab_vectors_200labs.pkl"
    }
  },
  "param_counts": {
    "visit_encoder": {
      "total": 4649474,
      "trainable": 2047490
    },
    "fusion": {
      "total": 423808,
      "trainable": 423808
    },
    "drug_gnn": {
      "total": 1151776,
      "trainable": 1151776
    },
    "predictor": {
      "total": 304454,
      "trainable": 304453
    },
    "model_total": {
      "total": 6792680,
      "trainable": 4190695
    }
  },
  "threshold_sweep": {
    "0.4": {
      "Jaccard": 0.536381,
      "Avg Meds": 23.728855,
      "Avg True Meds": 19.901327,
      "DDI Rate": 0.087172
    },
    "0.45": {
      "Jaccard": 0.538044,
      "Avg Meds": 22.768656,
      "Avg True Meds": 19.901327,
      "DDI Rate": 0.087473
    },
    "0.5": {
      "Jaccard": 0.539452,
      "Avg Meds": 21.911278,
      "Avg True Meds": 19.901327,
      "DDI Rate": 0.088113
    },
    "0.55": {
      "Jaccard": 0.539195,
      "Avg Meds": 21.02985,
      "Avg True Meds": 19.901327,
      "DDI Rate": 0.088135
    },
    "0.6": {
      "Jaccard": 0.538112,
      "Avg Meds": 20.200663,
      "Avg True Meds": 19.901327,
      "DDI Rate": 0.08857
    },
    "0.65": {
      "Jaccard": 0.537105,
      "Avg Meds": 19.405472,
      "Avg True Meds": 19.901327,
      "DDI Rate": 0.088562
    },
    "0.7": {
      "Jaccard": 0.534351,
      "Avg Meds": 18.544777,
      "Avg True Meds": 19.901327,
      "DDI Rate": 0.088881
    },
    "0.75": {
      "Jaccard": 0.530219,
      "Avg Meds": 17.645107,
      "Avg True Meds": 19.901327,
      "DDI Rate": 0.089056
    }
  },
  "calibrated_threshold": 0.6,
  "calibrated_metrics": {
    "Jaccard": 0.538112,
    "Avg Meds": 20.200663,
    "Avg True Meds": 19.901327,
    "DDI Rate": 0.08857
  },
  "config": {
    "hidden_dim": 256,
    "use_notes": false,
    "use_labs": true,
    "use_copy": false,
    "fusion_strategy": "film",
    "lab_dim": 400,
    "pos_weight_cap": 5.0,
    "use_cosine_lr": false,
    "contrastive_weight": 0.0,
    "margin_loss_weight": 0.0,
    "alignment_loss_weight": 0.1,
    "alignment_start_epoch": 1,
    "alignment_ramp_epochs": 0
  }
}