{
  "seed": 42,
  "ablation": "full",
  "mimic_version": 3,
  "mimic4_full": false,
  "cohort_tag": "mimic3",
  "best_val_jaccard": 0.5653055906295776,
  "test_metrics": {
    "Jaccard": 0.5653174519538879,
    "F1": 0.7148197889328003,
    "PRAUC": 0.8001757219911817,
    "DDI Rate": 0.080877177265572,
    "Avg Meds": 22.023218154907227,
    "Avg True Meds": 19.90132713317871,
    "Precision": 0.6893378496170044,
    "Recall": 0.7647036910057068,
    "NHJ_new": 0.2844677677280025,
    "NHJ_dropped": 0.30122549596585724,
    "CVR": 0.0
  },
  "data_diagnostics": {
    "split_mode_requested": "hidr_vita",
    "require_cohort_split": false,
    "split_source": "hidr_vita_sequential",
    "split_seed_used": "n/a",
    "split_patient_counts": {
      "train": 4233,
      "val": 1059,
      "test": 1058
    },
    "split_example_counts": {
      "train": 6256,
      "val": 1220,
      "test": 1206
    },
    "ddi_density": 0.05261303581914269,
    "ddi_upper_pairs": 448,
    "ddi_total_pairs": 8515,
    "loaded_artifacts": {
      "records": "data/processed/records_final.pkl",
      "cohort": "data/processed/cohort_mimic3.pkl",
      "ddi": "data/processed/ddi_A_final.pkl",
      "ehr": "data/processed/ehr_adj_final.pkl",
      "embeddings": "data/embeddings/code_embeddings.pt",
      "notes": "data/processed/note_embeddings_mimic3.pkl",
      "labs": "data/processed/lab_vectors_200labs.pkl"
    }
  },
  "param_counts": {
    "visit_encoder": {
      "total": 4649474,
      "trainable": 2047490
    },
    "fusion": {
      "total": 423808,
      "trainable": 423808
    },
    "drug_gnn": {
      "total": 1151776,
      "trainable": 1151776
    },
    "predictor": {
      "total": 559560,
      "trainable": 559560
    },
    "model_total": {
      "total": 7047786,
      "trainable": 4445802
    }
  },
  "threshold_sweep": {
    "0.4": {
      "Jaccard": 0.56258,
      "Avg Meds": 23.652571,
      "Avg True Meds": 19.901327,
      "DDI Rate": 0.08129
    },
    "0.45": {
      "Jaccard": 0.563855,
      "Avg Meds": 22.815092,
      "Avg True Meds": 19.901327,
      "DDI Rate": 0.081201
    },
    "0.5": {
      "Jaccard": 0.565317,
      "Avg Meds": 22.023218,
      "Avg True Meds": 19.901327,
      "DDI Rate": 0.080877
    },
    "0.55": {
      "Jaccard": 0.566289,
      "Avg Meds": 21.262024,
      "Avg True Meds": 19.901327,
      "DDI Rate": 0.080324
    },
    "0.6": {
      "Jaccard": 0.565334,
      "Avg Meds": 20.531509,
      "Avg True Meds": 19.901327,
      "DDI Rate": 0.080751
    },
    "0.65": {
      "Jaccard": 0.562518,
      "Avg Meds": 19.747927,
      "Avg True Meds": 19.901327,
      "DDI Rate": 0.080866
    },
    "0.7": {
      "Jaccard": 0.559087,
      "Avg Meds": 18.987562,
      "Avg True Meds": 19.901327,
      "DDI Rate": 0.08066
    },
    "0.75": {
      "Jaccard": 0.553418,
      "Avg Meds": 18.223881,
      "Avg True Meds": 19.901327,
      "DDI Rate": 0.080316
    }
  },
  "calibrated_threshold": 0.65,
  "calibrated_metrics": {
    "Jaccard": 0.562518,
    "Avg Meds": 19.747927,
    "Avg True Meds": 19.901327,
    "DDI Rate": 0.080866
  },
  "config": {
    "hidden_dim": 256,
    "use_notes": true,
    "use_labs": true,
    "use_copy": true,
    "fusion_strategy": "film",
    "lab_dim": 400,
    "pos_weight_cap": 5.0,
    "use_cosine_lr": false,
    "contrastive_weight": 0.0,
    "margin_loss_weight": 0.0,
    "alignment_loss_weight": 0.1,
    "alignment_start_epoch": 1,
    "alignment_ramp_epochs": 0
  }
}