{
  "seed": 123,
  "ablation": "full",
  "mimic_version": 3,
  "mimic4_full": false,
  "cohort_tag": "mimic3",
  "best_val_jaccard": 0.5645024180412292,
  "test_metrics": {
    "Jaccard": 0.5610466599464417,
    "F1": 0.7114507555961609,
    "PRAUC": 0.7970665575283792,
    "DDI Rate": 0.08115562647732943,
    "Avg Meds": 22.834991455078125,
    "Avg True Meds": 19.90132713317871,
    "Precision": 0.6742140650749207,
    "Recall": 0.7756927013397217,
    "NHJ_new": 0.2879965713149623,
    "NHJ_dropped": 0.2819397355380811,
    "CVR": 0.0
  },
  "data_diagnostics": {
    "split_mode_requested": "hidr_vita",
    "require_cohort_split": false,
    "split_source": "hidr_vita_sequential",
    "split_seed_used": "n/a",
    "split_patient_counts": {
      "train": 4233,
      "val": 1059,
      "test": 1058
    },
    "split_example_counts": {
      "train": 6256,
      "val": 1220,
      "test": 1206
    },
    "ddi_density": 0.05261303581914269,
    "ddi_upper_pairs": 448,
    "ddi_total_pairs": 8515,
    "loaded_artifacts": {
      "records": "data/processed/records_final.pkl",
      "cohort": "data/processed/cohort_mimic3.pkl",
      "ddi": "data/processed/ddi_A_final.pkl",
      "ehr": "data/processed/ehr_adj_final.pkl",
      "embeddings": "data/embeddings/code_embeddings.pt",
      "notes": "data/processed/note_embeddings_mimic3.pkl",
      "labs": "data/processed/lab_vectors_200labs.pkl"
    }
  },
  "param_counts": {
    "visit_encoder": {
      "total": 4583681,
      "trainable": 1981697
    },
    "fusion": {
      "total": 423808,
      "trainable": 423808
    },
    "drug_gnn": {
      "total": 1974080,
      "trainable": 1974080
    },
    "predictor": {
      "total": 954824,
      "trainable": 954824
    },
    "model_total": {
      "total": 8199561,
      "trainable": 5597577
    }
  },
  "threshold_sweep": {
    "0.4": {
      "Jaccard": 0.55473,
      "Avg Meds": 24.655888,
      "Avg True Meds": 19.901327,
      "DDI Rate": 0.08151
    },
    "0.45": {
      "Jaccard": 0.557363,
      "Avg Meds": 23.706469,
      "Avg True Meds": 19.901327,
      "DDI Rate": 0.081095
    },
    "0.5": {
      "Jaccard": 0.561047,
      "Avg Meds": 22.834991,
      "Avg True Meds": 19.901327,
      "DDI Rate": 0.081156
    },
    "0.55": {
      "Jaccard": 0.562024,
      "Avg Meds": 21.995853,
      "Avg True Meds": 19.901327,
      "DDI Rate": 0.080853
    },
    "0.6": {
      "Jaccard": 0.561639,
      "Avg Meds": 21.167496,
      "Avg True Meds": 19.901327,
      "DDI Rate": 0.080502
    },
    "0.65": {
      "Jaccard": 0.561261,
      "Avg Meds": 20.389719,
      "Avg True Meds": 19.901327,
      "DDI Rate": 0.080394
    },
    "0.7": {
      "Jaccard": 0.55851,
      "Avg Meds": 19.521559,
      "Avg True Meds": 19.901327,
      "DDI Rate": 0.080705
    },
    "0.75": {
      "Jaccard": 0.554195,
      "Avg Meds": 18.583748,
      "Avg True Meds": 19.901327,
      "DDI Rate": 0.080341
    }
  },
  "calibrated_threshold": 0.7,
  "calibrated_metrics": {
    "Jaccard": 0.55851,
    "Avg Meds": 19.521559,
    "Avg True Meds": 19.901327,
    "DDI Rate": 0.080705
  },
  "config": {
    "hidden_dim": 256,
    "use_notes": true,
    "use_labs": true,
    "use_copy": true,
    "fusion_strategy": "film",
    "lab_dim": 400,
    "pos_weight_cap": 5.0,
    "use_cosine_lr": false,
    "contrastive_weight": 0.0,
    "margin_loss_weight": 0.0,
    "alignment_loss_weight": 0.1,
    "alignment_start_epoch": 1,
    "alignment_ramp_epochs": 0
  }
}