{
  "seed": 456,
  "ablation": "full",
  "mimic_version": 3,
  "mimic4_full": false,
  "cohort_tag": "mimic3",
  "best_val_jaccard": 0.5441908836364746,
  "test_metrics": {
    "Jaccard": 0.5422003269195557,
    "F1": 0.6954616904258728,
    "PRAUC": 0.7867123751331025,
    "DDI Rate": 0.08117313487841268,
    "Avg Meds": 23.170812606811523,
    "Avg True Meds": 19.90132713317871,
    "Precision": 0.6540728211402893,
    "Recall": 0.7694200277328491,
    "NHJ_new": 0.2932931231824975,
    "NHJ_dropped": 0.3445114477684623,
    "CVR": 0.0
  },
  "data_diagnostics": {
    "split_mode_requested": "hidr_vita",
    "require_cohort_split": false,
    "split_source": "hidr_vita_sequential",
    "split_seed_used": "n/a",
    "split_patient_counts": {
      "train": 4233,
      "val": 1059,
      "test": 1058
    },
    "split_example_counts": {
      "train": 6256,
      "val": 1220,
      "test": 1206
    },
    "ddi_density": 0.05261303581914269,
    "ddi_upper_pairs": 448,
    "ddi_total_pairs": 8515,
    "loaded_artifacts": {
      "records": "data/processed/records_final.pkl",
      "cohort": "data/processed/cohort_mimic3.pkl",
      "ddi": "data/processed/ddi_A_final.pkl",
      "ehr": "data/processed/ehr_adj_final.pkl",
      "embeddings": "data/embeddings/code_embeddings.pt",
      "notes": "data/processed/note_embeddings_mimic3.pkl"
    }
  },
  "param_counts": {
    "visit_encoder": {
      "total": 4649474,
      "trainable": 2047490
    },
    "fusion": {
      "total": 400512,
      "trainable": 400512
    },
    "drug_gnn": {
      "total": 1151776,
      "trainable": 1151776
    },
    "predictor": {
      "total": 327942,
      "trainable": 327941
    },
    "model_total": {
      "total": 6792872,
      "trainable": 4190887
    }
  },
  "threshold_sweep": {
    "0.4": {
      "Jaccard": 0.537139,
      "Avg Meds": 25.048922,
      "Avg True Meds": 19.901327,
      "DDI Rate": 0.080186
    },
    "0.45": {
      "Jaccard": 0.539922,
      "Avg Meds": 24.046434,
      "Avg True Meds": 19.901327,
      "DDI Rate": 0.080774
    },
    "0.5": {
      "Jaccard": 0.5422,
      "Avg Meds": 23.170813,
      "Avg True Meds": 19.901327,
      "DDI Rate": 0.081173
    },
    "0.55": {
      "Jaccard": 0.543427,
      "Avg Meds": 22.309286,
      "Avg True Meds": 19.901327,
      "DDI Rate": 0.081775
    },
    "0.6": {
      "Jaccard": 0.54345,
      "Avg Meds": 21.42869,
      "Avg True Meds": 19.901327,
      "DDI Rate": 0.082367
    },
    "0.65": {
      "Jaccard": 0.543176,
      "Avg Meds": 20.561359,
      "Avg True Meds": 19.901327,
      "DDI Rate": 0.082767
    },
    "0.7": {
      "Jaccard": 0.540465,
      "Avg Meds": 19.67247,
      "Avg True Meds": 19.901327,
      "DDI Rate": 0.08305
    },
    "0.75": {
      "Jaccard": 0.539519,
      "Avg Meds": 18.777779,
      "Avg True Meds": 19.901327,
      "DDI Rate": 0.083402
    }
  },
  "calibrated_threshold": 0.7,
  "calibrated_metrics": {
    "Jaccard": 0.540465,
    "Avg Meds": 19.67247,
    "Avg True Meds": 19.901327,
    "DDI Rate": 0.08305
  },
  "config": {
    "hidden_dim": 256,
    "use_notes": true,
    "use_labs": false,
    "use_copy": false,
    "fusion_strategy": "film",
    "lab_dim": 0,
    "pos_weight_cap": 5.0,
    "use_cosine_lr": false,
    "contrastive_weight": 0.0,
    "margin_loss_weight": 0.0,
    "alignment_loss_weight": 0.1,
    "alignment_start_epoch": 1,
    "alignment_ramp_epochs": 0
  }
}