{
  "seed": 42,
  "ablation": "full",
  "mimic_version": 3,
  "mimic4_full": false,
  "cohort_tag": "mimic3",
  "best_val_jaccard": 0.4987599849700928,
  "test_metrics": {
    "Jaccard": 0.49712973833084106,
    "F1": 0.656573474407196,
    "PRAUC": 0.7489911728523788,
    "DDI Rate": 0.0894157094228489,
    "Avg Meds": 22.352405548095703,
    "Avg True Meds": 19.90132713317871,
    "Precision": 0.6408884525299072,
    "Recall": 0.7218978404998779,
    "NHJ_new": 0.23294604530459956,
    "NHJ_dropped": 0.3302563413193351,
    "CVR": 0.0
  },
  "data_diagnostics": {
    "split_mode_requested": "hidr_vita",
    "require_cohort_split": false,
    "split_source": "hidr_vita_sequential",
    "split_seed_used": "n/a",
    "split_patient_counts": {
      "train": 4233,
      "val": 1059,
      "test": 1058
    },
    "split_example_counts": {
      "train": 6256,
      "val": 1220,
      "test": 1206
    },
    "ddi_density": 0.05261303581914269,
    "ddi_upper_pairs": 448,
    "ddi_total_pairs": 8515,
    "loaded_artifacts": {
      "records": "data/processed/records_final.pkl",
      "cohort": "data/processed/cohort_mimic3.pkl",
      "ddi": "data/processed/ddi_A_final.pkl",
      "ehr": "data/processed/ehr_adj_final.pkl",
      "embeddings": "data/embeddings/code_embeddings.pt"
    }
  },
  "param_counts": {
    "visit_encoder": {
      "total": 3731473,
      "trainable": 1129489
    },
    "drug_gnn": {
      "total": 1974080,
      "trainable": 1974080
    },
    "predictor": {
      "total": 262406,
      "trainable": 262404
    },
    "model_total": {
      "total": 6231127,
      "trainable": 3629141
    }
  },
  "threshold_sweep": {
    "0.4": {
      "Jaccard": 0.493003,
      "Avg Meds": 24.981758,
      "Avg True Meds": 19.901327,
      "DDI Rate": 0.085513
    },
    "0.45": {
      "Jaccard": 0.496306,
      "Avg Meds": 23.640133,
      "Avg True Meds": 19.901327,
      "DDI Rate": 0.087075
    },
    "0.5": {
      "Jaccard": 0.49713,
      "Avg Meds": 22.352406,
      "Avg True Meds": 19.901327,
      "DDI Rate": 0.089416
    },
    "0.55": {
      "Jaccard": 0.497267,
      "Avg Meds": 21.131012,
      "Avg True Meds": 19.901327,
      "DDI Rate": 0.091896
    },
    "0.6": {
      "Jaccard": 0.494119,
      "Avg Meds": 19.919569,
      "Avg True Meds": 19.901327,
      "DDI Rate": 0.093992
    },
    "0.65": {
      "Jaccard": 0.489545,
      "Avg Meds": 18.742123,
      "Avg True Meds": 19.901327,
      "DDI Rate": 0.096042
    },
    "0.7": {
      "Jaccard": 0.483914,
      "Avg Meds": 17.475954,
      "Avg True Meds": 19.901327,
      "DDI Rate": 0.099283
    },
    "0.75": {
      "Jaccard": 0.475564,
      "Avg Meds": 16.210613,
      "Avg True Meds": 19.901327,
      "DDI Rate": 0.100577
    }
  },
  "calibrated_threshold": 0.6,
  "calibrated_metrics": {
    "Jaccard": 0.494119,
    "Avg Meds": 19.919569,
    "Avg True Meds": 19.901327,
    "DDI Rate": 0.093992
  },
  "config": {
    "hidden_dim": 256,
    "use_notes": false,
    "use_labs": false,
    "use_copy": false,
    "fusion_strategy": "film",
    "lab_dim": 0,
    "pos_weight_cap": 5.0,
    "use_cosine_lr": false,
    "contrastive_weight": 0.0,
    "margin_loss_weight": 0.0,
    "alignment_loss_weight": 0.1,
    "alignment_start_epoch": 1,
    "alignment_ramp_epochs": 0
  }
}