{
  "seed": 456,
  "ablation": "full",
  "mimic_version": 3,
  "mimic4_full": false,
  "cohort_tag": "mimic3",
  "best_val_jaccard": 0.5044859051704407,
  "test_metrics": {
    "Jaccard": 0.5029826760292053,
    "F1": 0.6615583300590515,
    "PRAUC": 0.7553198774378318,
    "DDI Rate": 0.08544797004930335,
    "Avg Meds": 21.961856842041016,
    "Avg True Meds": 19.90132713317871,
    "Precision": 0.6467428803443909,
    "Recall": 0.721577525138855,
    "NHJ_new": 0.2272514504821677,
    "NHJ_dropped": 0.31105787032528925,
    "CVR": 0.0
  },
  "data_diagnostics": {
    "split_mode_requested": "hidr_vita",
    "require_cohort_split": false,
    "split_source": "hidr_vita_sequential",
    "split_seed_used": "n/a",
    "split_patient_counts": {
      "train": 4233,
      "val": 1059,
      "test": 1058
    },
    "split_example_counts": {
      "train": 6256,
      "val": 1220,
      "test": 1206
    },
    "ddi_density": 0.05261303581914269,
    "ddi_upper_pairs": 448,
    "ddi_total_pairs": 8515,
    "loaded_artifacts": {
      "records": "data/processed/records_final.pkl",
      "cohort": "data/processed/cohort_mimic3.pkl",
      "ddi": "data/processed/ddi_A_final.pkl",
      "ehr": "data/processed/ehr_adj_final.pkl",
      "embeddings": "data/embeddings/code_embeddings.pt"
    }
  },
  "param_counts": {
    "visit_encoder": {
      "total": 4583681,
      "trainable": 1981697
    },
    "drug_gnn": {
      "total": 395008,
      "trainable": 395008
    },
    "predictor": {
      "total": 262406,
      "trainable": 262404
    },
    "model_total": {
      "total": 5504263,
      "trainable": 2902277
    }
  },
  "threshold_sweep": {
    "0.4": {
      "Jaccard": 0.501705,
      "Avg Meds": 24.186567,
      "Avg True Meds": 19.901327,
      "DDI Rate": 0.082214
    },
    "0.45": {
      "Jaccard": 0.502545,
      "Avg Meds": 23.016584,
      "Avg True Meds": 19.901327,
      "DDI Rate": 0.083816
    },
    "0.5": {
      "Jaccard": 0.502983,
      "Avg Meds": 21.961857,
      "Avg True Meds": 19.901327,
      "DDI Rate": 0.085448
    },
    "0.55": {
      "Jaccard": 0.503551,
      "Avg Meds": 20.916252,
      "Avg True Meds": 19.901327,
      "DDI Rate": 0.086779
    },
    "0.6": {
      "Jaccard": 0.502796,
      "Avg Meds": 19.888889,
      "Avg True Meds": 19.901327,
      "DDI Rate": 0.088296
    },
    "0.65": {
      "Jaccard": 0.501038,
      "Avg Meds": 18.92952,
      "Avg True Meds": 19.901327,
      "DDI Rate": 0.089586
    },
    "0.7": {
      "Jaccard": 0.496325,
      "Avg Meds": 17.91791,
      "Avg True Meds": 19.901327,
      "DDI Rate": 0.091079
    },
    "0.75": {
      "Jaccard": 0.490876,
      "Avg Meds": 16.850746,
      "Avg True Meds": 19.901327,
      "DDI Rate": 0.091745
    }
  },
  "calibrated_threshold": 0.6,
  "calibrated_metrics": {
    "Jaccard": 0.502796,
    "Avg Meds": 19.888889,
    "Avg True Meds": 19.901327,
    "DDI Rate": 0.088296
  },
  "config": {
    "hidden_dim": 256,
    "use_notes": false,
    "use_labs": false,
    "use_copy": false,
    "fusion_strategy": "film",
    "lab_dim": 0,
    "pos_weight_cap": 5.0,
    "use_cosine_lr": false,
    "contrastive_weight": 0.0,
    "margin_loss_weight": 0.0,
    "alignment_loss_weight": 0.1,
    "alignment_start_epoch": 1,
    "alignment_ramp_epochs": 0
  }
}