{
  "seed": 42,
  "ablation": "full",
  "mimic_version": 3,
  "mimic4_full": false,
  "cohort_tag": "mimic3",
  "best_val_jaccard": 0.5430379509925842,
  "test_metrics": {
    "Jaccard": 0.540755569934845,
    "F1": 0.6944260001182556,
    "PRAUC": 0.7844370734787047,
    "DDI Rate": 0.07962568134073456,
    "Avg Meds": 22.49668312072754,
    "Avg True Meds": 19.90132713317871,
    "Precision": 0.6631481647491455,
    "Recall": 0.7560709714889526,
    "NHJ_new": 0.2933517819956729,
    "NHJ_dropped": 0.3736037078656648,
    "CVR": 0.0
  },
  "data_diagnostics": {
    "split_mode_requested": "hidr_vita",
    "require_cohort_split": false,
    "split_source": "hidr_vita_sequential",
    "split_seed_used": "n/a",
    "split_patient_counts": {
      "train": 4233,
      "val": 1059,
      "test": 1058
    },
    "split_example_counts": {
      "train": 6256,
      "val": 1220,
      "test": 1206
    },
    "ddi_density": 0.05261303581914269,
    "ddi_upper_pairs": 448,
    "ddi_total_pairs": 8515,
    "loaded_artifacts": {
      "records": "data/processed/records_final.pkl",
      "cohort": "data/processed/cohort_mimic3.pkl",
      "ddi": "data/processed/ddi_A_final.pkl",
      "ehr": "data/processed/ehr_adj_final.pkl",
      "embeddings": "data/embeddings/code_embeddings.pt",
      "notes": "data/processed/note_embeddings_mimic3.pkl"
    }
  },
  "param_counts": {
    "visit_encoder": {
      "total": 4583681,
      "trainable": 1981697
    },
    "fusion": {
      "total": 400512,
      "trainable": 400512
    },
    "drug_gnn": {
      "total": 1974080,
      "trainable": 1974080
    },
    "predictor": {
      "total": 327942,
      "trainable": 327941
    },
    "model_total": {
      "total": 7549383,
      "trainable": 4947398
    }
  },
  "threshold_sweep": {
    "0.4": {
      "Jaccard": 0.53601,
      "Avg Meds": 24.423716,
      "Avg True Meds": 19.901327,
      "DDI Rate": 0.078843
    },
    "0.45": {
      "Jaccard": 0.538821,
      "Avg Meds": 23.443615,
      "Avg True Meds": 19.901327,
      "DDI Rate": 0.079115
    },
    "0.5": {
      "Jaccard": 0.540756,
      "Avg Meds": 22.496683,
      "Avg True Meds": 19.901327,
      "DDI Rate": 0.079626
    },
    "0.55": {
      "Jaccard": 0.541173,
      "Avg Meds": 21.558043,
      "Avg True Meds": 19.901327,
      "DDI Rate": 0.080289
    },
    "0.6": {
      "Jaccard": 0.541101,
      "Avg Meds": 20.727198,
      "Avg True Meds": 19.901327,
      "DDI Rate": 0.080856
    },
    "0.65": {
      "Jaccard": 0.540477,
      "Avg Meds": 19.840796,
      "Avg True Meds": 19.901327,
      "DDI Rate": 0.081255
    },
    "0.7": {
      "Jaccard": 0.538567,
      "Avg Meds": 18.980928,
      "Avg True Meds": 19.901327,
      "DDI Rate": 0.081336
    },
    "0.75": {
      "Jaccard": 0.536102,
      "Avg Meds": 18.093699,
      "Avg True Meds": 19.901327,
      "DDI Rate": 0.081274
    }
  },
  "calibrated_threshold": 0.65,
  "calibrated_metrics": {
    "Jaccard": 0.540477,
    "Avg Meds": 19.840796,
    "Avg True Meds": 19.901327,
    "DDI Rate": 0.081255
  },
  "config": {
    "hidden_dim": 256,
    "use_notes": true,
    "use_labs": false,
    "use_copy": false,
    "fusion_strategy": "film",
    "lab_dim": 0,
    "pos_weight_cap": 5.0,
    "use_cosine_lr": false,
    "contrastive_weight": 0.0,
    "margin_loss_weight": 0.0,
    "alignment_loss_weight": 0.1,
    "alignment_start_epoch": 1,
    "alignment_ramp_epochs": 0
  }
}