{
  "seed": 123,
  "ablation": "full",
  "mimic_version": 3,
  "mimic4_full": false,
  "cohort_tag": "mimic3",
  "best_val_jaccard": 0.5665943622589111,
  "test_metrics": {
    "Jaccard": 0.5633642077445984,
    "F1": 0.7133253216743469,
    "PRAUC": 0.8011954326521271,
    "DDI Rate": 0.0807639879537169,
    "Avg Meds": 22.116914749145508,
    "Avg True Meds": 19.90132713317871,
    "Precision": 0.6864895224571228,
    "Recall": 0.7645659446716309,
    "NHJ_new": 0.28807911747380305,
    "NHJ_dropped": 0.32188791977731807,
    "CVR": 0.0
  },
  "data_diagnostics": {
    "split_mode_requested": "hidr_vita",
    "require_cohort_split": false,
    "split_source": "hidr_vita_sequential",
    "split_seed_used": "n/a",
    "split_patient_counts": {
      "train": 4233,
      "val": 1059,
      "test": 1058
    },
    "split_example_counts": {
      "train": 6256,
      "val": 1220,
      "test": 1206
    },
    "ddi_density": 0.05261303581914269,
    "ddi_upper_pairs": 448,
    "ddi_total_pairs": 8515,
    "loaded_artifacts": {
      "records": "data/processed/records_final.pkl",
      "cohort": "data/processed/cohort_mimic3.pkl",
      "ddi": "data/processed/ddi_A_final.pkl",
      "ehr": "data/processed/ehr_adj_final.pkl",
      "embeddings": "data/embeddings/code_embeddings.pt",
      "notes": "data/processed/note_embeddings_mimic3.pkl",
      "labs": "data/processed/lab_vectors_200labs.pkl"
    }
  },
  "param_counts": {
    "visit_encoder": {
      "total": 4649474,
      "trainable": 2047490
    },
    "fusion": {
      "total": 423808,
      "trainable": 423808
    },
    "drug_gnn": {
      "total": 1151776,
      "trainable": 1151776
    },
    "predictor": {
      "total": 559560,
      "trainable": 559560
    },
    "model_total": {
      "total": 7047786,
      "trainable": 4445802
    }
  },
  "threshold_sweep": {
    "0.4": {
      "Jaccard": 0.560928,
      "Avg Meds": 23.700663,
      "Avg True Meds": 19.901327,
      "DDI Rate": 0.081592
    },
    "0.45": {
      "Jaccard": 0.562572,
      "Avg Meds": 22.874792,
      "Avg True Meds": 19.901327,
      "DDI Rate": 0.081112
    },
    "0.5": {
      "Jaccard": 0.563364,
      "Avg Meds": 22.116915,
      "Avg True Meds": 19.901327,
      "DDI Rate": 0.080764
    },
    "0.55": {
      "Jaccard": 0.563915,
      "Avg Meds": 21.381426,
      "Avg True Meds": 19.901327,
      "DDI Rate": 0.080438
    },
    "0.6": {
      "Jaccard": 0.563056,
      "Avg Meds": 20.577114,
      "Avg True Meds": 19.901327,
      "DDI Rate": 0.080311
    },
    "0.65": {
      "Jaccard": 0.562616,
      "Avg Meds": 19.875622,
      "Avg True Meds": 19.901327,
      "DDI Rate": 0.079913
    },
    "0.7": {
      "Jaccard": 0.560341,
      "Avg Meds": 19.086235,
      "Avg True Meds": 19.901327,
      "DDI Rate": 0.08004
    },
    "0.75": {
      "Jaccard": 0.555619,
      "Avg Meds": 18.262852,
      "Avg True Meds": 19.901327,
      "DDI Rate": 0.079672
    }
  },
  "calibrated_threshold": 0.65,
  "calibrated_metrics": {
    "Jaccard": 0.562616,
    "Avg Meds": 19.875622,
    "Avg True Meds": 19.901327,
    "DDI Rate": 0.079913
  },
  "config": {
    "hidden_dim": 256,
    "use_notes": true,
    "use_labs": true,
    "use_copy": true,
    "fusion_strategy": "film",
    "lab_dim": 400,
    "pos_weight_cap": 5.0,
    "use_cosine_lr": false,
    "contrastive_weight": 0.0,
    "margin_loss_weight": 0.0,
    "alignment_loss_weight": 0.1,
    "alignment_start_epoch": 1,
    "alignment_ramp_epochs": 0
  }
}