{
  "seed": 456,
  "ablation": "full",
  "mimic_version": 3,
  "mimic4_full": false,
  "cohort_tag": "mimic3",
  "best_val_jaccard": 0.5653043389320374,
  "test_metrics": {
    "Jaccard": 0.5616089701652527,
    "F1": 0.7121135592460632,
    "PRAUC": 0.7964161522196295,
    "DDI Rate": 0.0775017598912895,
    "Avg Meds": 21.226367950439453,
    "Avg True Meds": 19.90132713317871,
    "Precision": 0.6968425512313843,
    "Recall": 0.7510765790939331,
    "NHJ_new": 0.2762101222025721,
    "NHJ_dropped": 0.30505447638662236,
    "CVR": 0.0
  },
  "data_diagnostics": {
    "split_mode_requested": "hidr_vita",
    "require_cohort_split": false,
    "split_source": "hidr_vita_sequential",
    "split_seed_used": "n/a",
    "split_patient_counts": {
      "train": 4233,
      "val": 1059,
      "test": 1058
    },
    "split_example_counts": {
      "train": 6256,
      "val": 1220,
      "test": 1206
    },
    "ddi_density": 0.05261303581914269,
    "ddi_upper_pairs": 448,
    "ddi_total_pairs": 8515,
    "loaded_artifacts": {
      "records": "data/processed/records_final.pkl",
      "cohort": "data/processed/cohort_mimic3.pkl",
      "ddi": "data/processed/ddi_A_final.pkl",
      "ehr": "data/processed/ehr_adj_final.pkl",
      "embeddings": "data/embeddings/code_embeddings.pt",
      "notes": "data/processed/note_embeddings_mimic3.pkl",
      "labs": "data/processed/lab_vectors_200labs.pkl"
    }
  },
  "param_counts": {
    "visit_encoder": {
      "total": 4583681,
      "trainable": 1981697
    },
    "fusion": {
      "total": 423808,
      "trainable": 423808
    },
    "drug_gnn": {
      "total": 1974080,
      "trainable": 1974080
    },
    "predictor": {
      "total": 559560,
      "trainable": 559560
    },
    "model_total": {
      "total": 7804297,
      "trainable": 5202313
    }
  },
  "threshold_sweep": {
    "0.4": {
      "Jaccard": 0.55881,
      "Avg Meds": 22.944445,
      "Avg True Meds": 19.901327,
      "DDI Rate": 0.078753
    },
    "0.45": {
      "Jaccard": 0.560988,
      "Avg Meds": 22.063019,
      "Avg True Meds": 19.901327,
      "DDI Rate": 0.07831
    },
    "0.5": {
      "Jaccard": 0.561609,
      "Avg Meds": 21.226368,
      "Avg True Meds": 19.901327,
      "DDI Rate": 0.077502
    },
    "0.55": {
      "Jaccard": 0.559952,
      "Avg Meds": 20.483416,
      "Avg True Meds": 19.901327,
      "DDI Rate": 0.077275
    },
    "0.6": {
      "Jaccard": 0.558499,
      "Avg Meds": 19.677446,
      "Avg True Meds": 19.901327,
      "DDI Rate": 0.076919
    },
    "0.65": {
      "Jaccard": 0.555686,
      "Avg Meds": 18.91791,
      "Avg True Meds": 19.901327,
      "DDI Rate": 0.076045
    },
    "0.7": {
      "Jaccard": 0.549496,
      "Avg Meds": 18.118574,
      "Avg True Meds": 19.901327,
      "DDI Rate": 0.075246
    },
    "0.75": {
      "Jaccard": 0.542617,
      "Avg Meds": 17.208956,
      "Avg True Meds": 19.901327,
      "DDI Rate": 0.074091
    }
  },
  "calibrated_threshold": 0.6,
  "calibrated_metrics": {
    "Jaccard": 0.558499,
    "Avg Meds": 19.677446,
    "Avg True Meds": 19.901327,
    "DDI Rate": 0.076919
  },
  "config": {
    "hidden_dim": 256,
    "use_notes": true,
    "use_labs": true,
    "use_copy": true,
    "fusion_strategy": "film",
    "lab_dim": 400,
    "pos_weight_cap": 5.0,
    "use_cosine_lr": false,
    "contrastive_weight": 0.0,
    "margin_loss_weight": 0.0,
    "alignment_loss_weight": 0.1,
    "alignment_start_epoch": 1,
    "alignment_ramp_epochs": 0
  }
}