{
  "seed": 42,
  "ablation": "full",
  "mimic_version": 3,
  "mimic4_full": false,
  "cohort_tag": "mimic3",
  "best_val_jaccard": 0.544323742389679,
  "test_metrics": {
    "Jaccard": 0.5409932732582092,
    "F1": 0.6943202614784241,
    "PRAUC": 0.7858226634000783,
    "DDI Rate": 0.07998111724864496,
    "Avg Meds": 23.470977783203125,
    "Avg True Meds": 19.90132713317871,
    "Precision": 0.6502589583396912,
    "Recall": 0.7722518444061279,
    "NHJ_new": 0.29665171472649826,
    "NHJ_dropped": 0.347731899274023,
    "CVR": 0.0
  },
  "data_diagnostics": {
    "split_mode_requested": "hidr_vita",
    "require_cohort_split": false,
    "split_source": "hidr_vita_sequential",
    "split_seed_used": "n/a",
    "split_patient_counts": {
      "train": 4233,
      "val": 1059,
      "test": 1058
    },
    "split_example_counts": {
      "train": 6256,
      "val": 1220,
      "test": 1206
    },
    "ddi_density": 0.05261303581914269,
    "ddi_upper_pairs": 448,
    "ddi_total_pairs": 8515,
    "loaded_artifacts": {
      "records": "data/processed/records_final.pkl",
      "cohort": "data/processed/cohort_mimic3.pkl",
      "ddi": "data/processed/ddi_A_final.pkl",
      "ehr": "data/processed/ehr_adj_final.pkl",
      "embeddings": "data/embeddings/code_embeddings.pt",
      "notes": "data/processed/note_embeddings_mimic3.pkl"
    }
  },
  "param_counts": {
    "visit_encoder": {
      "total": 4583681,
      "trainable": 1981697
    },
    "fusion": {
      "total": 400512,
      "trainable": 400512
    },
    "drug_gnn": {
      "total": 1316608,
      "trainable": 1316608
    },
    "predictor": {
      "total": 327942,
      "trainable": 327941
    },
    "model_total": {
      "total": 6891911,
      "trainable": 4289926
    }
  },
  "threshold_sweep": {
    "0.4": {
      "Jaccard": 0.534658,
      "Avg Meds": 25.404644,
      "Avg True Meds": 19.901327,
      "DDI Rate": 0.079483
    },
    "0.45": {
      "Jaccard": 0.538878,
      "Avg Meds": 24.411278,
      "Avg True Meds": 19.901327,
      "DDI Rate": 0.079447
    },
    "0.5": {
      "Jaccard": 0.540993,
      "Avg Meds": 23.470978,
      "Avg True Meds": 19.901327,
      "DDI Rate": 0.079981
    },
    "0.55": {
      "Jaccard": 0.542666,
      "Avg Meds": 22.554726,
      "Avg True Meds": 19.901327,
      "DDI Rate": 0.079861
    },
    "0.6": {
      "Jaccard": 0.542325,
      "Avg Meds": 21.687397,
      "Avg True Meds": 19.901327,
      "DDI Rate": 0.080414
    },
    "0.65": {
      "Jaccard": 0.543725,
      "Avg Meds": 20.852406,
      "Avg True Meds": 19.901327,
      "DDI Rate": 0.080987
    },
    "0.7": {
      "Jaccard": 0.543355,
      "Avg Meds": 19.981758,
      "Avg True Meds": 19.901327,
      "DDI Rate": 0.081342
    },
    "0.75": {
      "Jaccard": 0.541131,
      "Avg Meds": 19.037313,
      "Avg True Meds": 19.901327,
      "DDI Rate": 0.081716
    }
  },
  "calibrated_threshold": 0.7,
  "calibrated_metrics": {
    "Jaccard": 0.543355,
    "Avg Meds": 19.981758,
    "Avg True Meds": 19.901327,
    "DDI Rate": 0.081342
  },
  "config": {
    "hidden_dim": 256,
    "use_notes": true,
    "use_labs": false,
    "use_copy": false,
    "fusion_strategy": "film",
    "lab_dim": 0,
    "pos_weight_cap": 5.0,
    "use_cosine_lr": false,
    "contrastive_weight": 0.0,
    "margin_loss_weight": 0.0,
    "alignment_loss_weight": 0.1,
    "alignment_start_epoch": 1,
    "alignment_ramp_epochs": 0
  }
}