{
  "seed": 123,
  "ablation": "full",
  "mimic_version": 3,
  "mimic4_full": false,
  "cohort_tag": "mimic3",
  "best_val_jaccard": 0.5426874160766602,
  "test_metrics": {
    "Jaccard": 0.5412833094596863,
    "F1": 0.6947665214538574,
    "PRAUC": 0.7832975735048208,
    "DDI Rate": 0.08347542276908983,
    "Avg Meds": 22.23797607421875,
    "Avg True Meds": 19.90132713317871,
    "Precision": 0.667716920375824,
    "Recall": 0.7505642175674438,
    "NHJ_new": 0.2828002062283064,
    "NHJ_dropped": 0.36814162135124207,
    "CVR": 0.0
  },
  "data_diagnostics": {
    "split_mode_requested": "hidr_vita",
    "require_cohort_split": false,
    "split_source": "hidr_vita_sequential",
    "split_seed_used": "n/a",
    "split_patient_counts": {
      "train": 4233,
      "val": 1059,
      "test": 1058
    },
    "split_example_counts": {
      "train": 6256,
      "val": 1220,
      "test": 1206
    },
    "ddi_density": 0.05261303581914269,
    "ddi_upper_pairs": 448,
    "ddi_total_pairs": 8515,
    "loaded_artifacts": {
      "records": "data/processed/records_final.pkl",
      "cohort": "data/processed/cohort_mimic3.pkl",
      "ddi": "data/processed/ddi_A_final.pkl",
      "ehr": "data/processed/ehr_adj_final.pkl",
      "embeddings": "data/embeddings/code_embeddings.pt",
      "labs": "data/processed/lab_vectors_250labs.pkl"
    }
  },
  "param_counts": {
    "visit_encoder": {
      "total": 4649474,
      "trainable": 2047490
    },
    "fusion": {
      "total": 430208,
      "trainable": 430208
    },
    "drug_gnn": {
      "total": 1151776,
      "trainable": 1151776
    },
    "predictor": {
      "total": 310854,
      "trainable": 310853
    },
    "model_total": {
      "total": 6805480,
      "trainable": 4203495
    }
  },
  "threshold_sweep": {
    "0.4": {
      "Jaccard": 0.53796,
      "Avg Meds": 23.984245,
      "Avg True Meds": 19.901327,
      "DDI Rate": 0.082726
    },
    "0.45": {
      "Jaccard": 0.540422,
      "Avg Meds": 23.095356,
      "Avg True Meds": 19.901327,
      "DDI Rate": 0.083014
    },
    "0.5": {
      "Jaccard": 0.541283,
      "Avg Meds": 22.237976,
      "Avg True Meds": 19.901327,
      "DDI Rate": 0.083475
    },
    "0.55": {
      "Jaccard": 0.543094,
      "Avg Meds": 21.460199,
      "Avg True Meds": 19.901327,
      "DDI Rate": 0.083664
    },
    "0.6": {
      "Jaccard": 0.54272,
      "Avg Meds": 20.684908,
      "Avg True Meds": 19.901327,
      "DDI Rate": 0.083775
    },
    "0.65": {
      "Jaccard": 0.540224,
      "Avg Meds": 19.878939,
      "Avg True Meds": 19.901327,
      "DDI Rate": 0.083996
    },
    "0.7": {
      "Jaccard": 0.537455,
      "Avg Meds": 19.096186,
      "Avg True Meds": 19.901327,
      "DDI Rate": 0.084633
    },
    "0.75": {
      "Jaccard": 0.533136,
      "Avg Meds": 18.217247,
      "Avg True Meds": 19.901327,
      "DDI Rate": 0.08522
    }
  },
  "calibrated_threshold": 0.65,
  "calibrated_metrics": {
    "Jaccard": 0.540224,
    "Avg Meds": 19.878939,
    "Avg True Meds": 19.901327,
    "DDI Rate": 0.083996
  },
  "config": {
    "hidden_dim": 256,
    "use_notes": false,
    "use_labs": true,
    "use_copy": false,
    "fusion_strategy": "film",
    "lab_dim": 500,
    "pos_weight_cap": 5.0,
    "use_cosine_lr": false,
    "contrastive_weight": 0.0,
    "margin_loss_weight": 0.0,
    "alignment_loss_weight": 0.1,
    "alignment_start_epoch": 1,
    "alignment_ramp_epochs": 0
  }
}