{
  "seed": 123,
  "ablation": "full",
  "mimic_version": 3,
  "mimic4_full": false,
  "cohort_tag": "mimic3",
  "best_val_jaccard": 0.5647581219673157,
  "test_metrics": {
    "Jaccard": 0.5646102428436279,
    "F1": 0.7144227027893066,
    "PRAUC": 0.7978248732357933,
    "DDI Rate": 0.08212458758892477,
    "Avg Meds": 21.331674575805664,
    "Avg True Meds": 19.90132713317871,
    "Precision": 0.6955801844596863,
    "Recall": 0.7562990784645081,
    "NHJ_new": 0.2938448661252072,
    "NHJ_dropped": 0.34801349671263443,
    "CVR": 0.0
  },
  "data_diagnostics": {
    "split_mode_requested": "hidr_vita",
    "require_cohort_split": false,
    "split_source": "hidr_vita_sequential",
    "split_seed_used": "n/a",
    "split_patient_counts": {
      "train": 4233,
      "val": 1059,
      "test": 1058
    },
    "split_example_counts": {
      "train": 6256,
      "val": 1220,
      "test": 1206
    },
    "ddi_density": 0.05261303581914269,
    "ddi_upper_pairs": 448,
    "ddi_total_pairs": 8515,
    "loaded_artifacts": {
      "records": "data/processed/records_final.pkl",
      "cohort": "data/processed/cohort_mimic3.pkl",
      "ddi": "data/processed/ddi_A_final.pkl",
      "ehr": "data/processed/ehr_adj_final.pkl",
      "embeddings": "data/embeddings/code_embeddings.pt",
      "notes": "data/processed/note_embeddings_mimic3.pkl",
      "labs": "data/processed/lab_vectors_200labs.pkl"
    }
  },
  "param_counts": {
    "visit_encoder": {
      "total": 5108993,
      "trainable": 2507009
    },
    "fusion": {
      "total": 423808,
      "trainable": 423808
    },
    "drug_gnn": {
      "total": 395008,
      "trainable": 395008
    },
    "predictor": {
      "total": 1423943,
      "trainable": 1423943
    },
    "model_total": {
      "total": 7614920,
      "trainable": 5012936
    }
  },
  "threshold_sweep": {
    "0.4": {
      "Jaccard": 0.564889,
      "Avg Meds": 22.330845,
      "Avg True Meds": 19.901327,
      "DDI Rate": 0.080915
    },
    "0.45": {
      "Jaccard": 0.564292,
      "Avg Meds": 21.81675,
      "Avg True Meds": 19.901327,
      "DDI Rate": 0.081406
    },
    "0.5": {
      "Jaccard": 0.56461,
      "Avg Meds": 21.331675,
      "Avg True Meds": 19.901327,
      "DDI Rate": 0.082125
    },
    "0.55": {
      "Jaccard": 0.564858,
      "Avg Meds": 20.868158,
      "Avg True Meds": 19.901327,
      "DDI Rate": 0.082114
    },
    "0.6": {
      "Jaccard": 0.564896,
      "Avg Meds": 20.426203,
      "Avg True Meds": 19.901327,
      "DDI Rate": 0.082539
    },
    "0.65": {
      "Jaccard": 0.563933,
      "Avg Meds": 19.987562,
      "Avg True Meds": 19.901327,
      "DDI Rate": 0.082942
    },
    "0.7": {
      "Jaccard": 0.562246,
      "Avg Meds": 19.506634,
      "Avg True Meds": 19.901327,
      "DDI Rate": 0.083243
    },
    "0.75": {
      "Jaccard": 0.560006,
      "Avg Meds": 18.980099,
      "Avg True Meds": 19.901327,
      "DDI Rate": 0.083693
    }
  },
  "calibrated_threshold": 0.65,
  "calibrated_metrics": {
    "Jaccard": 0.563933,
    "Avg Meds": 19.987562,
    "Avg True Meds": 19.901327,
    "DDI Rate": 0.082942
  },
  "config": {
    "hidden_dim": 256,
    "use_notes": true,
    "use_labs": true,
    "use_copy": false,
    "fusion_strategy": "film",
    "lab_dim": 400,
    "pos_weight_cap": 5.0,
    "use_cosine_lr": false,
    "contrastive_weight": 0.0,
    "margin_loss_weight": 0.0,
    "alignment_loss_weight": 0.1,
    "alignment_start_epoch": 1,
    "alignment_ramp_epochs": 0
  }
}