{
  "seed": 123,
  "ablation": "full",
  "mimic_version": 3,
  "mimic4_full": false,
  "cohort_tag": "mimic3",
  "best_val_jaccard": 0.5492709875106812,
  "test_metrics": {
    "Jaccard": 0.5506283640861511,
    "F1": 0.7023800015449524,
    "PRAUC": 0.7893072855176752,
    "DDI Rate": 0.08579232811877394,
    "Avg Meds": 22.82670021057129,
    "Avg True Meds": 19.90132713317871,
    "Precision": 0.6655928492546082,
    "Recall": 0.7703883647918701,
    "NHJ_new": 0.2751279669372659,
    "NHJ_dropped": 0.29541119933128357,
    "CVR": 0.0
  },
  "data_diagnostics": {
    "split_mode_requested": "hidr_vita",
    "require_cohort_split": false,
    "split_source": "hidr_vita_sequential",
    "split_seed_used": "n/a",
    "split_patient_counts": {
      "train": 4233,
      "val": 1059,
      "test": 1058
    },
    "split_example_counts": {
      "train": 6256,
      "val": 1220,
      "test": 1206
    },
    "ddi_density": 0.05261303581914269,
    "ddi_upper_pairs": 448,
    "ddi_total_pairs": 8515,
    "loaded_artifacts": {
      "records": "data/processed/records_final.pkl",
      "cohort": "data/processed/cohort_mimic3.pkl",
      "ddi": "data/processed/ddi_A_final.pkl",
      "ehr": "data/processed/ehr_adj_final.pkl",
      "embeddings": "data/embeddings/code_embeddings.pt",
      "labs": "data/processed/lab_vectors_200labs.pkl"
    }
  },
  "param_counts": {
    "visit_encoder": {
      "total": 4583681,
      "trainable": 1981697
    },
    "fusion": {
      "total": 423808,
      "trainable": 423808
    },
    "drug_gnn": {
      "total": 1974080,
      "trainable": 1974080
    },
    "predictor": {
      "total": 1358407,
      "trainable": 1358406
    },
    "model_total": {
      "total": 8603144,
      "trainable": 6001159
    }
  },
  "threshold_sweep": {
    "0.4": {
      "Jaccard": 0.548106,
      "Avg Meds": 24.24544,
      "Avg True Meds": 19.901327,
      "DDI Rate": 0.085097
    },
    "0.45": {
      "Jaccard": 0.549848,
      "Avg Meds": 23.513268,
      "Avg True Meds": 19.901327,
      "DDI Rate": 0.085762
    },
    "0.5": {
      "Jaccard": 0.550628,
      "Avg Meds": 22.8267,
      "Avg True Meds": 19.901327,
      "DDI Rate": 0.085792
    },
    "0.55": {
      "Jaccard": 0.551935,
      "Avg Meds": 22.117744,
      "Avg True Meds": 19.901327,
      "DDI Rate": 0.08651
    },
    "0.6": {
      "Jaccard": 0.552214,
      "Avg Meds": 21.449419,
      "Avg True Meds": 19.901327,
      "DDI Rate": 0.086813
    },
    "0.65": {
      "Jaccard": 0.55261,
      "Avg Meds": 20.738806,
      "Avg True Meds": 19.901327,
      "DDI Rate": 0.087471
    },
    "0.7": {
      "Jaccard": 0.55044,
      "Avg Meds": 20.07048,
      "Avg True Meds": 19.901327,
      "DDI Rate": 0.087879
    },
    "0.75": {
      "Jaccard": 0.54897,
      "Avg Meds": 19.304312,
      "Avg True Meds": 19.901327,
      "DDI Rate": 0.088251
    }
  },
  "calibrated_threshold": 0.7,
  "calibrated_metrics": {
    "Jaccard": 0.55044,
    "Avg Meds": 20.07048,
    "Avg True Meds": 19.901327,
    "DDI Rate": 0.087879
  },
  "config": {
    "hidden_dim": 256,
    "use_notes": false,
    "use_labs": true,
    "use_copy": false,
    "fusion_strategy": "film",
    "lab_dim": 400,
    "pos_weight_cap": 5.0,
    "use_cosine_lr": false,
    "contrastive_weight": 0.0,
    "margin_loss_weight": 0.0,
    "alignment_loss_weight": 0.1,
    "alignment_start_epoch": 1,
    "alignment_ramp_epochs": 0
  }
}