{
  "seed": 123,
  "ablation": "full",
  "mimic_version": 3,
  "mimic4_full": false,
  "cohort_tag": "mimic3",
  "best_val_jaccard": 0.54141765832901,
  "test_metrics": {
    "Jaccard": 0.5409477353096008,
    "F1": 0.6944606900215149,
    "PRAUC": 0.7840956145341016,
    "DDI Rate": 0.0768166747942794,
    "Avg Meds": 22.575456619262695,
    "Avg True Meds": 19.90132713317871,
    "Precision": 0.6634053587913513,
    "Recall": 0.7548452615737915,
    "NHJ_new": 0.28599928946871506,
    "NHJ_dropped": 0.36255430861523275,
    "CVR": 0.0
  },
  "data_diagnostics": {
    "split_mode_requested": "hidr_vita",
    "require_cohort_split": false,
    "split_source": "hidr_vita_sequential",
    "split_seed_used": "n/a",
    "split_patient_counts": {
      "train": 4233,
      "val": 1059,
      "test": 1058
    },
    "split_example_counts": {
      "train": 6256,
      "val": 1220,
      "test": 1206
    },
    "ddi_density": 0.05261303581914269,
    "ddi_upper_pairs": 448,
    "ddi_total_pairs": 8515,
    "loaded_artifacts": {
      "records": "data/processed/records_final.pkl",
      "cohort": "data/processed/cohort_mimic3.pkl",
      "ddi": "data/processed/ddi_A_final.pkl",
      "ehr": "data/processed/ehr_adj_final.pkl",
      "embeddings": "data/embeddings/code_embeddings.pt",
      "labs": "data/processed/lab_vectors_200labs.pkl"
    }
  },
  "param_counts": {
    "visit_encoder": {
      "total": 4649474,
      "trainable": 2047490
    },
    "fusion": {
      "total": 423808,
      "trainable": 423808
    },
    "drug_gnn": {
      "total": 1151776,
      "trainable": 1151776
    },
    "predictor": {
      "total": 304454,
      "trainable": 304453
    },
    "model_total": {
      "total": 6792680,
      "trainable": 4190695
    }
  },
  "threshold_sweep": {
    "0.4": {
      "Jaccard": 0.535455,
      "Avg Meds": 24.482588,
      "Avg True Meds": 19.901327,
      "DDI Rate": 0.077056
    },
    "0.45": {
      "Jaccard": 0.538351,
      "Avg Meds": 23.49917,
      "Avg True Meds": 19.901327,
      "DDI Rate": 0.077228
    },
    "0.5": {
      "Jaccard": 0.540948,
      "Avg Meds": 22.575457,
      "Avg True Meds": 19.901327,
      "DDI Rate": 0.076817
    },
    "0.55": {
      "Jaccard": 0.542153,
      "Avg Meds": 21.703152,
      "Avg True Meds": 19.901327,
      "DDI Rate": 0.077166
    },
    "0.6": {
      "Jaccard": 0.541398,
      "Avg Meds": 20.859037,
      "Avg True Meds": 19.901327,
      "DDI Rate": 0.077602
    },
    "0.65": {
      "Jaccard": 0.540155,
      "Avg Meds": 19.95854,
      "Avg True Meds": 19.901327,
      "DDI Rate": 0.077948
    },
    "0.7": {
      "Jaccard": 0.536667,
      "Avg Meds": 19.058872,
      "Avg True Meds": 19.901327,
      "DDI Rate": 0.078037
    },
    "0.75": {
      "Jaccard": 0.532074,
      "Avg Meds": 18.106136,
      "Avg True Meds": 19.901327,
      "DDI Rate": 0.07854
    }
  },
  "calibrated_threshold": 0.65,
  "calibrated_metrics": {
    "Jaccard": 0.540155,
    "Avg Meds": 19.95854,
    "Avg True Meds": 19.901327,
    "DDI Rate": 0.077948
  },
  "config": {
    "hidden_dim": 256,
    "use_notes": false,
    "use_labs": true,
    "use_copy": false,
    "fusion_strategy": "film",
    "lab_dim": 400,
    "pos_weight_cap": 5.0,
    "use_cosine_lr": false,
    "contrastive_weight": 0.0,
    "margin_loss_weight": 0.0,
    "alignment_loss_weight": 0.1,
    "alignment_start_epoch": 1,
    "alignment_ramp_epochs": 0
  }
}