{
  "seed": 789,
  "ablation": "full",
  "mimic_version": 3,
  "mimic4_full": false,
  "cohort_tag": "mimic3",
  "best_val_jaccard": 0.564911961555481,
  "test_metrics": {
    "Jaccard": 0.5650520324707031,
    "F1": 0.7143607139587402,
    "PRAUC": 0.7968446832714561,
    "DDI Rate": 0.0809774042784515,
    "Avg Meds": 21.523218154907227,
    "Avg True Meds": 19.90132713317871,
    "Precision": 0.6938357949256897,
    "Recall": 0.7582077383995056,
    "NHJ_new": 0.2954709200482619,
    "NHJ_dropped": 0.34699541330337524,
    "CVR": 0.0
  },
  "data_diagnostics": {
    "split_mode_requested": "hidr_vita",
    "require_cohort_split": false,
    "split_source": "hidr_vita_sequential",
    "split_seed_used": "n/a",
    "split_patient_counts": {
      "train": 4233,
      "val": 1059,
      "test": 1058
    },
    "split_example_counts": {
      "train": 6256,
      "val": 1220,
      "test": 1206
    },
    "ddi_density": 0.05261303581914269,
    "ddi_upper_pairs": 448,
    "ddi_total_pairs": 8515,
    "loaded_artifacts": {
      "records": "data/processed/records_final.pkl",
      "cohort": "data/processed/cohort_mimic3.pkl",
      "ddi": "data/processed/ddi_A_final.pkl",
      "ehr": "data/processed/ehr_adj_final.pkl",
      "embeddings": "data/embeddings/code_embeddings.pt",
      "notes": "data/processed/note_embeddings_mimic3.pkl",
      "labs": "data/processed/lab_vectors_200labs.pkl"
    }
  },
  "param_counts": {
    "visit_encoder": {
      "total": 5108993,
      "trainable": 2507009
    },
    "fusion": {
      "total": 423808,
      "trainable": 423808
    },
    "drug_gnn": {
      "total": 395008,
      "trainable": 395008
    },
    "predictor": {
      "total": 1613513,
      "trainable": 1423943
    },
    "model_total": {
      "total": 7804490,
      "trainable": 5012936
    }
  },
  "threshold_sweep": {
    "0.4": {
      "Jaccard": 0.5645,
      "Avg Meds": 22.621061,
      "Avg True Meds": 19.901327,
      "DDI Rate": 0.080333
    },
    "0.45": {
      "Jaccard": 0.564903,
      "Avg Meds": 22.017412,
      "Avg True Meds": 19.901327,
      "DDI Rate": 0.080671
    },
    "0.5": {
      "Jaccard": 0.565052,
      "Avg Meds": 21.523218,
      "Avg True Meds": 19.901327,
      "DDI Rate": 0.080977
    },
    "0.55": {
      "Jaccard": 0.565324,
      "Avg Meds": 21.017412,
      "Avg True Meds": 19.901327,
      "DDI Rate": 0.081404
    },
    "0.6": {
      "Jaccard": 0.566009,
      "Avg Meds": 20.492537,
      "Avg True Meds": 19.901327,
      "DDI Rate": 0.082016
    },
    "0.65": {
      "Jaccard": 0.56507,
      "Avg Meds": 19.99917,
      "Avg True Meds": 19.901327,
      "DDI Rate": 0.082817
    },
    "0.7": {
      "Jaccard": 0.563759,
      "Avg Meds": 19.478441,
      "Avg True Meds": 19.901327,
      "DDI Rate": 0.083433
    },
    "0.75": {
      "Jaccard": 0.560165,
      "Avg Meds": 18.923716,
      "Avg True Meds": 19.901327,
      "DDI Rate": 0.083538
    }
  },
  "calibrated_threshold": 0.65,
  "calibrated_metrics": {
    "Jaccard": 0.56507,
    "Avg Meds": 19.99917,
    "Avg True Meds": 19.901327,
    "DDI Rate": 0.082817
  },
  "config": {
    "hidden_dim": 256,
    "use_notes": true,
    "use_labs": true,
    "use_copy": true,
    "fusion_strategy": "film",
    "lab_dim": 400,
    "pos_weight_cap": 5.0,
    "use_cosine_lr": false,
    "contrastive_weight": 0.0,
    "margin_loss_weight": 0.0,
    "alignment_loss_weight": 0.1,
    "alignment_start_epoch": 1,
    "alignment_ramp_epochs": 0
  }
}