{
  "seed": 123,
  "ablation": "full",
  "mimic_version": 3,
  "mimic4_full": false,
  "cohort_tag": "mimic3",
  "best_val_jaccard": 0.5427805185317993,
  "test_metrics": {
    "Jaccard": 0.5432606935501099,
    "F1": 0.6964017152786255,
    "PRAUC": 0.7879040437579669,
    "DDI Rate": 0.08145057597942743,
    "Avg Meds": 22.04311752319336,
    "Avg True Meds": 19.90132713317871,
    "Precision": 0.6714589595794678,
    "Recall": 0.7504850625991821,
    "NHJ_new": 0.28181999921798706,
    "NHJ_dropped": 0.3664058776278245,
    "CVR": 0.0
  },
  "data_diagnostics": {
    "split_mode_requested": "hidr_vita",
    "require_cohort_split": false,
    "split_source": "hidr_vita_sequential",
    "split_seed_used": "n/a",
    "split_patient_counts": {
      "train": 4233,
      "val": 1059,
      "test": 1058
    },
    "split_example_counts": {
      "train": 6256,
      "val": 1220,
      "test": 1206
    },
    "ddi_density": 0.05261303581914269,
    "ddi_upper_pairs": 448,
    "ddi_total_pairs": 8515,
    "loaded_artifacts": {
      "records": "data/processed/records_final.pkl",
      "cohort": "data/processed/cohort_mimic3.pkl",
      "ddi": "data/processed/ddi_A_final.pkl",
      "ehr": "data/processed/ehr_adj_final.pkl",
      "embeddings": "data/embeddings/code_embeddings.pt",
      "notes": "data/processed/note_embeddings_mimic3.pkl"
    }
  },
  "param_counts": {
    "visit_encoder": {
      "total": 5762817,
      "trainable": 3160833
    },
    "fusion": {
      "total": 400512,
      "trainable": 400512
    },
    "drug_gnn": {
      "total": 1974080,
      "trainable": 1974080
    },
    "predictor": {
      "total": 327942,
      "trainable": 327941
    },
    "model_total": {
      "total": 8728519,
      "trainable": 6126534
    }
  },
  "threshold_sweep": {
    "0.4": {
      "Jaccard": 0.537968,
      "Avg Meds": 24.083748,
      "Avg True Meds": 19.901327,
      "DDI Rate": 0.080191
    },
    "0.45": {
      "Jaccard": 0.54184,
      "Avg Meds": 22.987562,
      "Avg True Meds": 19.901327,
      "DDI Rate": 0.080699
    },
    "0.5": {
      "Jaccard": 0.543261,
      "Avg Meds": 22.043118,
      "Avg True Meds": 19.901327,
      "DDI Rate": 0.081451
    },
    "0.55": {
      "Jaccard": 0.543966,
      "Avg Meds": 21.149254,
      "Avg True Meds": 19.901327,
      "DDI Rate": 0.081755
    },
    "0.6": {
      "Jaccard": 0.543018,
      "Avg Meds": 20.239635,
      "Avg True Meds": 19.901327,
      "DDI Rate": 0.082531
    },
    "0.65": {
      "Jaccard": 0.541968,
      "Avg Meds": 19.265341,
      "Avg True Meds": 19.901327,
      "DDI Rate": 0.083108
    },
    "0.7": {
      "Jaccard": 0.537952,
      "Avg Meds": 18.339968,
      "Avg True Meds": 19.901327,
      "DDI Rate": 0.084103
    },
    "0.75": {
      "Jaccard": 0.531288,
      "Avg Meds": 17.337479,
      "Avg True Meds": 19.901327,
      "DDI Rate": 0.08469
    }
  },
  "calibrated_threshold": 0.6,
  "calibrated_metrics": {
    "Jaccard": 0.543018,
    "Avg Meds": 20.239635,
    "Avg True Meds": 19.901327,
    "DDI Rate": 0.082531
  },
  "config": {
    "hidden_dim": 256,
    "use_notes": true,
    "use_labs": false,
    "use_copy": false,
    "fusion_strategy": "film",
    "lab_dim": 0,
    "pos_weight_cap": 5.0,
    "use_cosine_lr": false,
    "contrastive_weight": 0.0,
    "margin_loss_weight": 0.0,
    "alignment_loss_weight": 0.1,
    "alignment_start_epoch": 1,
    "alignment_ramp_epochs": 0
  }
}