{
  "seed": 42,
  "ablation": "full",
  "mimic_version": 3,
  "mimic4_full": false,
  "cohort_tag": "mimic3",
  "best_val_jaccard": 0.5661783218383789,
  "test_metrics": {
    "Jaccard": 0.566213846206665,
    "F1": 0.7156321406364441,
    "PRAUC": 0.7997745848739444,
    "DDI Rate": 0.07894888806190409,
    "Avg Meds": 22.053897857666016,
    "Avg True Meds": 19.90132713317871,
    "Precision": 0.6887402534484863,
    "Recall": 0.7667971253395081,
    "NHJ_new": 0.29758046018449885,
    "NHJ_dropped": 0.32027296016090795,
    "CVR": 0.0
  },
  "data_diagnostics": {
    "split_mode_requested": "hidr_vita",
    "require_cohort_split": false,
    "split_source": "hidr_vita_sequential",
    "split_seed_used": "n/a",
    "split_patient_counts": {
      "train": 4233,
      "val": 1059,
      "test": 1058
    },
    "split_example_counts": {
      "train": 6256,
      "val": 1220,
      "test": 1206
    },
    "ddi_density": 0.05261303581914269,
    "ddi_upper_pairs": 448,
    "ddi_total_pairs": 8515,
    "loaded_artifacts": {
      "records": "data/processed/records_final.pkl",
      "cohort": "data/processed/cohort_mimic3.pkl",
      "ddi": "data/processed/ddi_A_final.pkl",
      "ehr": "data/processed/ehr_adj_final.pkl",
      "embeddings": "data/embeddings/code_embeddings.pt",
      "notes": "data/processed/note_embeddings_mimic3.pkl",
      "labs": "data/processed/lab_vectors_200labs.pkl"
    }
  },
  "param_counts": {
    "visit_encoder": {
      "total": 4649474,
      "trainable": 2047490
    },
    "fusion": {
      "total": 423808,
      "trainable": 423808
    },
    "drug_gnn": {
      "total": 1151776,
      "trainable": 1151776
    },
    "predictor": {
      "total": 559560,
      "trainable": 559560
    },
    "model_total": {
      "total": 7047786,
      "trainable": 4445802
    }
  },
  "threshold_sweep": {
    "0.4": {
      "Jaccard": 0.562301,
      "Avg Meds": 23.750414,
      "Avg True Meds": 19.901327,
      "DDI Rate": 0.0797
    },
    "0.45": {
      "Jaccard": 0.565509,
      "Avg Meds": 22.888889,
      "Avg True Meds": 19.901327,
      "DDI Rate": 0.079458
    },
    "0.5": {
      "Jaccard": 0.566214,
      "Avg Meds": 22.053898,
      "Avg True Meds": 19.901327,
      "DDI Rate": 0.078949
    },
    "0.55": {
      "Jaccard": 0.566415,
      "Avg Meds": 21.249586,
      "Avg True Meds": 19.901327,
      "DDI Rate": 0.078705
    },
    "0.6": {
      "Jaccard": 0.56387,
      "Avg Meds": 20.456882,
      "Avg True Meds": 19.901327,
      "DDI Rate": 0.078248
    },
    "0.65": {
      "Jaccard": 0.560903,
      "Avg Meds": 19.647594,
      "Avg True Meds": 19.901327,
      "DDI Rate": 0.078278
    },
    "0.7": {
      "Jaccard": 0.557124,
      "Avg Meds": 18.774462,
      "Avg True Meds": 19.901327,
      "DDI Rate": 0.078225
    },
    "0.75": {
      "Jaccard": 0.550842,
      "Avg Meds": 17.908789,
      "Avg True Meds": 19.901327,
      "DDI Rate": 0.077744
    }
  },
  "calibrated_threshold": 0.65,
  "calibrated_metrics": {
    "Jaccard": 0.560903,
    "Avg Meds": 19.647594,
    "Avg True Meds": 19.901327,
    "DDI Rate": 0.078278
  },
  "config": {
    "hidden_dim": 256,
    "use_notes": true,
    "use_labs": true,
    "use_copy": true,
    "fusion_strategy": "film",
    "lab_dim": 400,
    "pos_weight_cap": 5.0,
    "use_cosine_lr": false,
    "contrastive_weight": 0.0,
    "margin_loss_weight": 0.0,
    "alignment_loss_weight": 0.1,
    "alignment_start_epoch": 1,
    "alignment_ramp_epochs": 0
  }
}