{
  "seed": 42,
  "ablation": "full",
  "mimic_version": 3,
  "mimic4_full": false,
  "cohort_tag": "mimic3",
  "best_val_jaccard": 0.49968111515045166,
  "test_metrics": {
    "Jaccard": 0.5008230209350586,
    "F1": 0.6592496037483215,
    "PRAUC": 0.7551670402923535,
    "DDI Rate": 0.08562672139115407,
    "Avg Meds": 24.53067970275879,
    "Avg True Meds": 19.90132713317871,
    "Precision": 0.6123430728912354,
    "Recall": 0.7612090110778809,
    "NHJ_new": 0.24394934585219935,
    "NHJ_dropped": 0.2793024213690507,
    "CVR": 0.0
  },
  "data_diagnostics": {
    "split_mode_requested": "hidr_vita",
    "require_cohort_split": false,
    "split_source": "hidr_vita_sequential",
    "split_seed_used": "n/a",
    "split_patient_counts": {
      "train": 4233,
      "val": 1059,
      "test": 1058
    },
    "split_example_counts": {
      "train": 6256,
      "val": 1220,
      "test": 1206
    },
    "ddi_density": 0.05261303581914269,
    "ddi_upper_pairs": 448,
    "ddi_total_pairs": 8515,
    "loaded_artifacts": {
      "records": "data/processed/records_final.pkl",
      "cohort": "data/processed/cohort_mimic3.pkl",
      "ddi": "data/processed/ddi_A_final.pkl",
      "ehr": "data/processed/ehr_adj_final.pkl",
      "embeddings": "data/embeddings/code_embeddings.pt"
    }
  },
  "param_counts": {
    "visit_encoder": {
      "total": 4583681,
      "trainable": 1981697
    },
    "drug_gnn": {
      "total": 526080,
      "trainable": 526080
    },
    "predictor": {
      "total": 262406,
      "trainable": 262404
    },
    "model_total": {
      "total": 5635335,
      "trainable": 3033349
    }
  },
  "threshold_sweep": {
    "0.4": {
      "Jaccard": 0.494308,
      "Avg Meds": 27.136816,
      "Avg True Meds": 19.901327,
      "DDI Rate": 0.081797
    },
    "0.45": {
      "Jaccard": 0.497788,
      "Avg Meds": 25.828358,
      "Avg True Meds": 19.901327,
      "DDI Rate": 0.083704
    },
    "0.5": {
      "Jaccard": 0.500823,
      "Avg Meds": 24.53068,
      "Avg True Meds": 19.901327,
      "DDI Rate": 0.085627
    },
    "0.55": {
      "Jaccard": 0.502965,
      "Avg Meds": 23.2131,
      "Avg True Meds": 19.901327,
      "DDI Rate": 0.087761
    },
    "0.6": {
      "Jaccard": 0.502556,
      "Avg Meds": 22.016584,
      "Avg True Meds": 19.901327,
      "DDI Rate": 0.090236
    },
    "0.65": {
      "Jaccard": 0.502797,
      "Avg Meds": 20.768656,
      "Avg True Meds": 19.901327,
      "DDI Rate": 0.092846
    },
    "0.7": {
      "Jaccard": 0.501758,
      "Avg Meds": 19.496683,
      "Avg True Meds": 19.901327,
      "DDI Rate": 0.095435
    },
    "0.75": {
      "Jaccard": 0.498272,
      "Avg Meds": 18.176617,
      "Avg True Meds": 19.901327,
      "DDI Rate": 0.098656
    }
  },
  "calibrated_threshold": 0.7,
  "calibrated_metrics": {
    "Jaccard": 0.501758,
    "Avg Meds": 19.496683,
    "Avg True Meds": 19.901327,
    "DDI Rate": 0.095435
  },
  "config": {
    "hidden_dim": 256,
    "use_notes": false,
    "use_labs": false,
    "use_copy": false,
    "fusion_strategy": "film",
    "lab_dim": 0,
    "pos_weight_cap": 5.0,
    "use_cosine_lr": false,
    "contrastive_weight": 0.0,
    "margin_loss_weight": 0.0,
    "alignment_loss_weight": 0.1,
    "alignment_start_epoch": 1,
    "alignment_ramp_epochs": 0
  }
}