{
  "seed": 42,
  "ablation": "full",
  "mimic_version": 3,
  "mimic4_full": false,
  "cohort_tag": "mimic3",
  "best_val_jaccard": 0.5437392592430115,
  "test_metrics": {
    "Jaccard": 0.5398417115211487,
    "F1": 0.6934371590614319,
    "PRAUC": 0.7815392026901413,
    "DDI Rate": 0.08079488519349584,
    "Avg Meds": 22.714759826660156,
    "Avg True Meds": 19.90132713317871,
    "Precision": 0.6590117812156677,
    "Recall": 0.759091317653656,
    "NHJ_new": 0.2926851024753169,
    "NHJ_dropped": 0.355163773423747,
    "CVR": 0.0
  },
  "data_diagnostics": {
    "split_mode_requested": "hidr_vita",
    "require_cohort_split": false,
    "split_source": "hidr_vita_sequential",
    "split_seed_used": "n/a",
    "split_patient_counts": {
      "train": 4233,
      "val": 1059,
      "test": 1058
    },
    "split_example_counts": {
      "train": 6256,
      "val": 1220,
      "test": 1206
    },
    "ddi_density": 0.05261303581914269,
    "ddi_upper_pairs": 448,
    "ddi_total_pairs": 8515,
    "loaded_artifacts": {
      "records": "data/processed/records_final.pkl",
      "cohort": "data/processed/cohort_mimic3.pkl",
      "ddi": "data/processed/ddi_A_final.pkl",
      "ehr": "data/processed/ehr_adj_final.pkl",
      "embeddings": "data/embeddings/code_embeddings.pt",
      "notes": "data/processed/note_embeddings_mimic3.pkl"
    }
  },
  "param_counts": {
    "visit_encoder": {
      "total": 4583681,
      "trainable": 1981697
    },
    "fusion": {
      "total": 400512,
      "trainable": 400512
    },
    "drug_gnn": {
      "total": 395008,
      "trainable": 395008
    },
    "predictor": {
      "total": 327942,
      "trainable": 327941
    },
    "model_total": {
      "total": 5970311,
      "trainable": 3368326
    }
  },
  "threshold_sweep": {
    "0.4": {
      "Jaccard": 0.536356,
      "Avg Meds": 24.579601,
      "Avg True Meds": 19.901327,
      "DDI Rate": 0.07995
    },
    "0.45": {
      "Jaccard": 0.538773,
      "Avg Meds": 23.622719,
      "Avg True Meds": 19.901327,
      "DDI Rate": 0.080485
    },
    "0.5": {
      "Jaccard": 0.539842,
      "Avg Meds": 22.71476,
      "Avg True Meds": 19.901327,
      "DDI Rate": 0.080795
    },
    "0.55": {
      "Jaccard": 0.542184,
      "Avg Meds": 21.885572,
      "Avg True Meds": 19.901327,
      "DDI Rate": 0.081016
    },
    "0.6": {
      "Jaccard": 0.542342,
      "Avg Meds": 21.069653,
      "Avg True Meds": 19.901327,
      "DDI Rate": 0.08209
    },
    "0.65": {
      "Jaccard": 0.541408,
      "Avg Meds": 20.261194,
      "Avg True Meds": 19.901327,
      "DDI Rate": 0.081991
    },
    "0.7": {
      "Jaccard": 0.539972,
      "Avg Meds": 19.449419,
      "Avg True Meds": 19.901327,
      "DDI Rate": 0.082506
    },
    "0.75": {
      "Jaccard": 0.536889,
      "Avg Meds": 18.528193,
      "Avg True Meds": 19.901327,
      "DDI Rate": 0.083086
    }
  },
  "calibrated_threshold": 0.65,
  "calibrated_metrics": {
    "Jaccard": 0.541408,
    "Avg Meds": 20.261194,
    "Avg True Meds": 19.901327,
    "DDI Rate": 0.081991
  },
  "config": {
    "hidden_dim": 256,
    "use_notes": true,
    "use_labs": false,
    "use_copy": false,
    "fusion_strategy": "film",
    "lab_dim": 0,
    "pos_weight_cap": 5.0,
    "use_cosine_lr": false,
    "contrastive_weight": 0.0,
    "margin_loss_weight": 0.0,
    "alignment_loss_weight": 0.1,
    "alignment_start_epoch": 1,
    "alignment_ramp_epochs": 0
  }
}