{
  "seed": 123,
  "ablation": "full",
  "mimic_version": 3,
  "mimic4_full": false,
  "cohort_tag": "mimic3",
  "best_val_jaccard": 0.5438926815986633,
  "test_metrics": {
    "Jaccard": 0.5417540073394775,
    "F1": 0.6952285170555115,
    "PRAUC": 0.784324838796138,
    "DDI Rate": 0.08335390123928875,
    "Avg Meds": 21.33084487915039,
    "Avg True Meds": 19.90132713317871,
    "Precision": 0.681541919708252,
    "Recall": 0.7358646392822266,
    "NHJ_new": 0.29058527319054855,
    "NHJ_dropped": 0.3895632797165921,
    "CVR": 0.0
  },
  "data_diagnostics": {
    "split_mode_requested": "hidr_vita",
    "require_cohort_split": false,
    "split_source": "hidr_vita_sequential",
    "split_seed_used": "n/a",
    "split_patient_counts": {
      "train": 4233,
      "val": 1059,
      "test": 1058
    },
    "split_example_counts": {
      "train": 6256,
      "val": 1220,
      "test": 1206
    },
    "ddi_density": 0.05261303581914269,
    "ddi_upper_pairs": 448,
    "ddi_total_pairs": 8515,
    "loaded_artifacts": {
      "records": "data/processed/records_final.pkl",
      "cohort": "data/processed/cohort_mimic3.pkl",
      "ddi": "data/processed/ddi_A_final.pkl",
      "ehr": "data/processed/ehr_adj_final.pkl",
      "embeddings": "data/embeddings/code_embeddings.pt",
      "notes": "data/processed/note_embeddings_mimic3.pkl"
    }
  },
  "param_counts": {
    "visit_encoder": {
      "total": 4583681,
      "trainable": 1981697
    },
    "fusion": {
      "total": 400512,
      "trainable": 400512
    },
    "drug_gnn": {
      "total": 1974080,
      "trainable": 1974080
    },
    "predictor": {
      "total": 327942,
      "trainable": 327941
    },
    "model_total": {
      "total": 7549383,
      "trainable": 4947398
    }
  },
  "threshold_sweep": {
    "0.4": {
      "Jaccard": 0.540566,
      "Avg Meds": 23.238806,
      "Avg True Meds": 19.901327,
      "DDI Rate": 0.082485
    },
    "0.45": {
      "Jaccard": 0.541865,
      "Avg Meds": 22.231344,
      "Avg True Meds": 19.901327,
      "DDI Rate": 0.083105
    },
    "0.5": {
      "Jaccard": 0.541754,
      "Avg Meds": 21.330845,
      "Avg True Meds": 19.901327,
      "DDI Rate": 0.083354
    },
    "0.55": {
      "Jaccard": 0.542055,
      "Avg Meds": 20.451906,
      "Avg True Meds": 19.901327,
      "DDI Rate": 0.083341
    },
    "0.6": {
      "Jaccard": 0.53959,
      "Avg Meds": 19.551409,
      "Avg True Meds": 19.901327,
      "DDI Rate": 0.083998
    },
    "0.65": {
      "Jaccard": 0.537359,
      "Avg Meds": 18.68325,
      "Avg True Meds": 19.901327,
      "DDI Rate": 0.084337
    },
    "0.7": {
      "Jaccard": 0.534486,
      "Avg Meds": 17.810116,
      "Avg True Meds": 19.901327,
      "DDI Rate": 0.084785
    },
    "0.75": {
      "Jaccard": 0.527777,
      "Avg Meds": 16.8466,
      "Avg True Meds": 19.901327,
      "DDI Rate": 0.08424
    }
  },
  "calibrated_threshold": 0.6,
  "calibrated_metrics": {
    "Jaccard": 0.53959,
    "Avg Meds": 19.551409,
    "Avg True Meds": 19.901327,
    "DDI Rate": 0.083998
  },
  "config": {
    "hidden_dim": 256,
    "use_notes": true,
    "use_labs": false,
    "use_copy": false,
    "fusion_strategy": "film",
    "lab_dim": 0,
    "pos_weight_cap": 5.0,
    "use_cosine_lr": false,
    "contrastive_weight": 0.0,
    "margin_loss_weight": 0.0,
    "alignment_loss_weight": 0.1,
    "alignment_start_epoch": 1,
    "alignment_ramp_epochs": 0
  }
}