{
  "seed": 42,
  "ablation": "full",
  "mimic_version": 3,
  "mimic4_full": false,
  "cohort_tag": "mimic3",
  "best_val_jaccard": 0.5663731694221497,
  "test_metrics": {
    "Jaccard": 0.5636905431747437,
    "F1": 0.7131921648979187,
    "PRAUC": 0.7989594891867459,
    "DDI Rate": 0.07794010490373787,
    "Avg Meds": 22.71890640258789,
    "Avg True Meds": 19.90132713317871,
    "Precision": 0.6779444217681885,
    "Recall": 0.775360107421875,
    "NHJ_new": 0.293510335840677,
    "NHJ_dropped": 0.28972004589281586,
    "CVR": 0.0
  },
  "data_diagnostics": {
    "split_mode_requested": "hidr_vita",
    "require_cohort_split": false,
    "split_source": "hidr_vita_sequential",
    "split_seed_used": "n/a",
    "split_patient_counts": {
      "train": 4233,
      "val": 1059,
      "test": 1058
    },
    "split_example_counts": {
      "train": 6256,
      "val": 1220,
      "test": 1206
    },
    "ddi_density": 0.05261303581914269,
    "ddi_upper_pairs": 448,
    "ddi_total_pairs": 8515,
    "loaded_artifacts": {
      "records": "data/processed/records_final.pkl",
      "cohort": "data/processed/cohort_mimic3.pkl",
      "ddi": "data/processed/ddi_A_final.pkl",
      "ehr": "data/processed/ehr_adj_final.pkl",
      "embeddings": "data/embeddings/code_embeddings.pt",
      "notes": "data/processed/note_embeddings_mimic3.pkl",
      "labs": "data/processed/lab_vectors_200labs.pkl"
    }
  },
  "param_counts": {
    "visit_encoder": {
      "total": 4583681,
      "trainable": 1981697
    },
    "fusion": {
      "total": 423808,
      "trainable": 423808
    },
    "drug_gnn": {
      "total": 526080,
      "trainable": 526080
    },
    "predictor": {
      "total": 559560,
      "trainable": 559560
    },
    "model_total": {
      "total": 6356297,
      "trainable": 3754313
    }
  },
  "threshold_sweep": {
    "0.4": {
      "Jaccard": 0.559632,
      "Avg Meds": 24.277779,
      "Avg True Meds": 19.901327,
      "DDI Rate": 0.077996
    },
    "0.45": {
      "Jaccard": 0.562088,
      "Avg Meds": 23.497513,
      "Avg True Meds": 19.901327,
      "DDI Rate": 0.077984
    },
    "0.5": {
      "Jaccard": 0.563691,
      "Avg Meds": 22.718906,
      "Avg True Meds": 19.901327,
      "DDI Rate": 0.07794
    },
    "0.55": {
      "Jaccard": 0.564758,
      "Avg Meds": 21.960199,
      "Avg True Meds": 19.901327,
      "DDI Rate": 0.077754
    },
    "0.6": {
      "Jaccard": 0.563947,
      "Avg Meds": 21.221394,
      "Avg True Meds": 19.901327,
      "DDI Rate": 0.077751
    },
    "0.65": {
      "Jaccard": 0.562274,
      "Avg Meds": 20.491709,
      "Avg True Meds": 19.901327,
      "DDI Rate": 0.078164
    },
    "0.7": {
      "Jaccard": 0.560706,
      "Avg Meds": 19.729685,
      "Avg True Meds": 19.901327,
      "DDI Rate": 0.077627
    },
    "0.75": {
      "Jaccard": 0.55835,
      "Avg Meds": 18.942785,
      "Avg True Meds": 19.901327,
      "DDI Rate": 0.07758
    }
  },
  "calibrated_threshold": 0.7,
  "calibrated_metrics": {
    "Jaccard": 0.560706,
    "Avg Meds": 19.729685,
    "Avg True Meds": 19.901327,
    "DDI Rate": 0.077627
  },
  "config": {
    "hidden_dim": 256,
    "use_notes": true,
    "use_labs": true,
    "use_copy": true,
    "fusion_strategy": "film",
    "lab_dim": 400,
    "pos_weight_cap": 5.0,
    "use_cosine_lr": false,
    "contrastive_weight": 0.0,
    "margin_loss_weight": 0.0,
    "alignment_loss_weight": 0.1,
    "alignment_start_epoch": 1,
    "alignment_ramp_epochs": 0
  }
}