{
  "seed": 42,
  "ablation": "full",
  "mimic_version": 3,
  "mimic4_full": false,
  "cohort_tag": "mimic3",
  "best_val_jaccard": 0.5434335470199585,
  "test_metrics": {
    "Jaccard": 0.5414714217185974,
    "F1": 0.6944512128829956,
    "PRAUC": 0.7838022545582205,
    "DDI Rate": 0.08044789539183404,
    "Avg Meds": 23.0281925201416,
    "Avg True Meds": 19.90132713317871,
    "Precision": 0.656828761100769,
    "Recall": 0.76412433385849,
    "NHJ_new": 0.2983157807274869,
    "NHJ_dropped": 0.3535627863909069,
    "CVR": 0.0
  },
  "data_diagnostics": {
    "split_mode_requested": "hidr_vita",
    "require_cohort_split": false,
    "split_source": "hidr_vita_sequential",
    "split_seed_used": "n/a",
    "split_patient_counts": {
      "train": 4233,
      "val": 1059,
      "test": 1058
    },
    "split_example_counts": {
      "train": 6256,
      "val": 1220,
      "test": 1206
    },
    "ddi_density": 0.05261303581914269,
    "ddi_upper_pairs": 448,
    "ddi_total_pairs": 8515,
    "loaded_artifacts": {
      "records": "data/processed/records_final.pkl",
      "cohort": "data/processed/cohort_mimic3.pkl",
      "ddi": "data/processed/ddi_A_final.pkl",
      "ehr": "data/processed/ehr_adj_final.pkl",
      "embeddings": "data/embeddings/code_embeddings.pt",
      "notes": "data/processed/note_embeddings_mimic3.pkl"
    }
  },
  "param_counts": {
    "visit_encoder": {
      "total": 4583681,
      "trainable": 1981697
    },
    "fusion": {
      "total": 400512,
      "trainable": 400512
    },
    "drug_gnn": {
      "total": 262400,
      "trainable": 262400
    },
    "predictor": {
      "total": 327942,
      "trainable": 327941
    },
    "model_total": {
      "total": 5837703,
      "trainable": 3235718
    }
  },
  "threshold_sweep": {
    "0.4": {
      "Jaccard": 0.533177,
      "Avg Meds": 25.137646,
      "Avg True Meds": 19.901327,
      "DDI Rate": 0.079088
    },
    "0.45": {
      "Jaccard": 0.53763,
      "Avg Meds": 24.031509,
      "Avg True Meds": 19.901327,
      "DDI Rate": 0.079821
    },
    "0.5": {
      "Jaccard": 0.541471,
      "Avg Meds": 23.028193,
      "Avg True Meds": 19.901327,
      "DDI Rate": 0.080448
    },
    "0.55": {
      "Jaccard": 0.543702,
      "Avg Meds": 22.012438,
      "Avg True Meds": 19.901327,
      "DDI Rate": 0.080603
    },
    "0.6": {
      "Jaccard": 0.543866,
      "Avg Meds": 21.046434,
      "Avg True Meds": 19.901327,
      "DDI Rate": 0.080521
    },
    "0.65": {
      "Jaccard": 0.542686,
      "Avg Meds": 20.084578,
      "Avg True Meds": 19.901327,
      "DDI Rate": 0.080834
    },
    "0.7": {
      "Jaccard": 0.539489,
      "Avg Meds": 19.048922,
      "Avg True Meds": 19.901327,
      "DDI Rate": 0.080785
    },
    "0.75": {
      "Jaccard": 0.533524,
      "Avg Meds": 17.967661,
      "Avg True Meds": 19.901327,
      "DDI Rate": 0.081055
    }
  },
  "calibrated_threshold": 0.65,
  "calibrated_metrics": {
    "Jaccard": 0.542686,
    "Avg Meds": 20.084578,
    "Avg True Meds": 19.901327,
    "DDI Rate": 0.080834
  },
  "config": {
    "hidden_dim": 256,
    "use_notes": true,
    "use_labs": false,
    "use_copy": false,
    "fusion_strategy": "film",
    "lab_dim": 0,
    "pos_weight_cap": 5.0,
    "use_cosine_lr": false,
    "contrastive_weight": 0.0,
    "margin_loss_weight": 0.0,
    "alignment_loss_weight": 0.1,
    "alignment_start_epoch": 1,
    "alignment_ramp_epochs": 0
  }
}