{
  "seed": 42,
  "ablation": "full",
  "mimic_version": 3,
  "mimic4_full": false,
  "cohort_tag": "mimic3",
  "best_val_jaccard": 0.565814197063446,
  "test_metrics": {
    "Jaccard": 0.5682877898216248,
    "F1": 0.7170342803001404,
    "PRAUC": 0.7969645639696339,
    "DDI Rate": 0.08155882508041977,
    "Avg Meds": 21.315092086791992,
    "Avg True Meds": 19.90132713317871,
    "Precision": 0.6979386806488037,
    "Recall": 0.7584059238433838,
    "NHJ_new": 0.300171445859106,
    "NHJ_dropped": 0.3673297213880639,
    "CVR": 0.0
  },
  "data_diagnostics": {
    "split_mode_requested": "hidr_vita",
    "require_cohort_split": false,
    "split_source": "hidr_vita_sequential",
    "split_seed_used": "n/a",
    "split_patient_counts": {
      "train": 4233,
      "val": 1059,
      "test": 1058
    },
    "split_example_counts": {
      "train": 6256,
      "val": 1220,
      "test": 1206
    },
    "ddi_density": 0.05261303581914269,
    "ddi_upper_pairs": 448,
    "ddi_total_pairs": 8515,
    "loaded_artifacts": {
      "records": "data/processed/records_final.pkl",
      "cohort": "data/processed/cohort_mimic3.pkl",
      "ddi": "data/processed/ddi_A_final.pkl",
      "ehr": "data/processed/ehr_adj_final.pkl",
      "embeddings": "data/embeddings/code_embeddings.pt",
      "notes": "data/processed/note_embeddings_mimic3.pkl",
      "labs": "data/processed/lab_vectors_200labs.pkl"
    }
  },
  "param_counts": {
    "visit_encoder": {
      "total": 5108993,
      "trainable": 2507009
    },
    "fusion": {
      "total": 423808,
      "trainable": 423808
    },
    "drug_gnn": {
      "total": 395008,
      "trainable": 395008
    },
    "predictor": {
      "total": 1613513,
      "trainable": 1423943
    },
    "model_total": {
      "total": 7804490,
      "trainable": 5012936
    }
  },
  "threshold_sweep": {
    "0.4": {
      "Jaccard": 0.568685,
      "Avg Meds": 22.383085,
      "Avg True Meds": 19.901327,
      "DDI Rate": 0.081189
    },
    "0.45": {
      "Jaccard": 0.568786,
      "Avg Meds": 21.85655,
      "Avg True Meds": 19.901327,
      "DDI Rate": 0.081291
    },
    "0.5": {
      "Jaccard": 0.568288,
      "Avg Meds": 21.315092,
      "Avg True Meds": 19.901327,
      "DDI Rate": 0.081559
    },
    "0.55": {
      "Jaccard": 0.568175,
      "Avg Meds": 20.813433,
      "Avg True Meds": 19.901327,
      "DDI Rate": 0.081786
    },
    "0.6": {
      "Jaccard": 0.56743,
      "Avg Meds": 20.341625,
      "Avg True Meds": 19.901327,
      "DDI Rate": 0.082003
    },
    "0.65": {
      "Jaccard": 0.56592,
      "Avg Meds": 19.840796,
      "Avg True Meds": 19.901327,
      "DDI Rate": 0.082307
    },
    "0.7": {
      "Jaccard": 0.564674,
      "Avg Meds": 19.342455,
      "Avg True Meds": 19.901327,
      "DDI Rate": 0.082472
    },
    "0.75": {
      "Jaccard": 0.561355,
      "Avg Meds": 18.822554,
      "Avg True Meds": 19.901327,
      "DDI Rate": 0.082888
    }
  },
  "calibrated_threshold": 0.65,
  "calibrated_metrics": {
    "Jaccard": 0.56592,
    "Avg Meds": 19.840796,
    "Avg True Meds": 19.901327,
    "DDI Rate": 0.082307
  },
  "config": {
    "hidden_dim": 256,
    "use_notes": true,
    "use_labs": true,
    "use_copy": true,
    "fusion_strategy": "film",
    "lab_dim": 400,
    "pos_weight_cap": 5.0,
    "use_cosine_lr": false,
    "contrastive_weight": 0.0,
    "margin_loss_weight": 0.0,
    "alignment_loss_weight": 0.1,
    "alignment_start_epoch": 1,
    "alignment_ramp_epochs": 0
  }
}