{
  "seed": 123,
  "ablation": "full",
  "mimic_version": 3,
  "mimic4_full": false,
  "cohort_tag": "mimic3",
  "best_val_jaccard": 0.564992368221283,
  "test_metrics": {
    "Jaccard": 0.5606584548950195,
    "F1": 0.7112632989883423,
    "PRAUC": 0.7976756224772457,
    "DDI Rate": 0.07855773944823283,
    "Avg Meds": 22.79270362854004,
    "Avg True Meds": 19.90132713317871,
    "Precision": 0.6761676073074341,
    "Recall": 0.773256242275238,
    "NHJ_new": 0.294735890470053,
    "NHJ_dropped": 0.2946977631041878,
    "CVR": 0.0
  },
  "data_diagnostics": {
    "split_mode_requested": "hidr_vita",
    "require_cohort_split": false,
    "split_source": "hidr_vita_sequential",
    "split_seed_used": "n/a",
    "split_patient_counts": {
      "train": 4233,
      "val": 1059,
      "test": 1058
    },
    "split_example_counts": {
      "train": 6256,
      "val": 1220,
      "test": 1206
    },
    "ddi_density": 0.05261303581914269,
    "ddi_upper_pairs": 448,
    "ddi_total_pairs": 8515,
    "loaded_artifacts": {
      "records": "data/processed/records_final.pkl",
      "cohort": "data/processed/cohort_mimic3.pkl",
      "ddi": "data/processed/ddi_A_final.pkl",
      "ehr": "data/processed/ehr_adj_final.pkl",
      "embeddings": "data/embeddings/code_embeddings.pt",
      "notes": "data/processed/note_embeddings_mimic3.pkl",
      "labs": "data/processed/lab_vectors_200labs.pkl"
    }
  },
  "param_counts": {
    "visit_encoder": {
      "total": 4649474,
      "trainable": 2047490
    },
    "fusion": {
      "total": 423808,
      "trainable": 423808
    },
    "drug_gnn": {
      "total": 1151776,
      "trainable": 1151776
    },
    "predictor": {
      "total": 559560,
      "trainable": 559560
    },
    "model_total": {
      "total": 7047786,
      "trainable": 4445802
    }
  },
  "threshold_sweep": {
    "0.4": {
      "Jaccard": 0.556491,
      "Avg Meds": 24.390547,
      "Avg True Meds": 19.901327,
      "DDI Rate": 0.078258
    },
    "0.45": {
      "Jaccard": 0.558606,
      "Avg Meds": 23.582918,
      "Avg True Meds": 19.901327,
      "DDI Rate": 0.078313
    },
    "0.5": {
      "Jaccard": 0.560658,
      "Avg Meds": 22.792704,
      "Avg True Meds": 19.901327,
      "DDI Rate": 0.078558
    },
    "0.55": {
      "Jaccard": 0.562189,
      "Avg Meds": 22.004147,
      "Avg True Meds": 19.901327,
      "DDI Rate": 0.078154
    },
    "0.6": {
      "Jaccard": 0.561987,
      "Avg Meds": 21.25539,
      "Avg True Meds": 19.901327,
      "DDI Rate": 0.078333
    },
    "0.65": {
      "Jaccard": 0.559835,
      "Avg Meds": 20.478441,
      "Avg True Meds": 19.901327,
      "DDI Rate": 0.07799
    },
    "0.7": {
      "Jaccard": 0.556646,
      "Avg Meds": 19.633499,
      "Avg True Meds": 19.901327,
      "DDI Rate": 0.078075
    },
    "0.75": {
      "Jaccard": 0.554048,
      "Avg Meds": 18.78607,
      "Avg True Meds": 19.901327,
      "DDI Rate": 0.077863
    }
  },
  "calibrated_threshold": 0.7,
  "calibrated_metrics": {
    "Jaccard": 0.556646,
    "Avg Meds": 19.633499,
    "Avg True Meds": 19.901327,
    "DDI Rate": 0.078075
  },
  "config": {
    "hidden_dim": 256,
    "use_notes": true,
    "use_labs": true,
    "use_copy": true,
    "fusion_strategy": "film",
    "lab_dim": 400,
    "pos_weight_cap": 5.0,
    "use_cosine_lr": false,
    "contrastive_weight": 0.0,
    "margin_loss_weight": 0.0,
    "alignment_loss_weight": 0.1,
    "alignment_start_epoch": 1,
    "alignment_ramp_epochs": 0
  }
}