{
  "seed": 42,
  "ablation": "full",
  "mimic_version": 3,
  "mimic4_full": false,
  "cohort_tag": "mimic3",
  "best_val_jaccard": 0.5539596080780029,
  "test_metrics": {
    "Jaccard": 0.5524314045906067,
    "F1": 0.7042843699455261,
    "PRAUC": 0.7917841250573149,
    "DDI Rate": 0.08557988565980462,
    "Avg Meds": 21.25290298461914,
    "Avg True Meds": 19.90132713317871,
    "Precision": 0.6886516213417053,
    "Recall": 0.7432209849357605,
    "NHJ_new": 0.2983551339099282,
    "NHJ_dropped": 0.3848384571702857,
    "CVR": 0.0
  },
  "data_diagnostics": {
    "split_mode_requested": "hidr_vita",
    "require_cohort_split": false,
    "split_source": "hidr_vita_sequential",
    "split_seed_used": "n/a",
    "split_patient_counts": {
      "train": 4233,
      "val": 1059,
      "test": 1058
    },
    "split_example_counts": {
      "train": 6256,
      "val": 1220,
      "test": 1206
    },
    "ddi_density": 0.05261303581914269,
    "ddi_upper_pairs": 448,
    "ddi_total_pairs": 8515,
    "loaded_artifacts": {
      "records": "data/processed/records_final.pkl",
      "cohort": "data/processed/cohort_mimic3.pkl",
      "ddi": "data/processed/ddi_A_final.pkl",
      "ehr": "data/processed/ehr_adj_final.pkl",
      "embeddings": "data/embeddings/code_embeddings.pt",
      "notes": "data/processed/note_embeddings_mimic3.pkl",
      "labs": "data/processed/lab_vectors_200labs.pkl"
    }
  },
  "param_counts": {
    "visit_encoder": {
      "total": 5762817,
      "trainable": 3160833
    },
    "fusion": {
      "total": 423808,
      "trainable": 423808
    },
    "drug_gnn": {
      "total": 1974080,
      "trainable": 1974080
    },
    "predictor": {
      "total": 369990,
      "trainable": 369990
    },
    "model_total": {
      "total": 8793863,
      "trainable": 6191879
    }
  },
  "threshold_sweep": {
    "0.4": {
      "Jaccard": 0.552172,
      "Avg Meds": 22.837479,
      "Avg True Meds": 19.901327,
      "DDI Rate": 0.084726
    },
    "0.45": {
      "Jaccard": 0.552906,
      "Avg Meds": 22.018242,
      "Avg True Meds": 19.901327,
      "DDI Rate": 0.084895
    },
    "0.5": {
      "Jaccard": 0.552431,
      "Avg Meds": 21.252903,
      "Avg True Meds": 19.901327,
      "DDI Rate": 0.08558
    },
    "0.55": {
      "Jaccard": 0.550474,
      "Avg Meds": 20.522388,
      "Avg True Meds": 19.901327,
      "DDI Rate": 0.085416
    },
    "0.6": {
      "Jaccard": 0.551684,
      "Avg Meds": 19.825871,
      "Avg True Meds": 19.901327,
      "DDI Rate": 0.085892
    },
    "0.65": {
      "Jaccard": 0.550427,
      "Avg Meds": 19.095356,
      "Avg True Meds": 19.901327,
      "DDI Rate": 0.086317
    },
    "0.7": {
      "Jaccard": 0.547606,
      "Avg Meds": 18.294361,
      "Avg True Meds": 19.901327,
      "DDI Rate": 0.086504
    },
    "0.75": {
      "Jaccard": 0.541812,
      "Avg Meds": 17.507463,
      "Avg True Meds": 19.901327,
      "DDI Rate": 0.086341
    }
  },
  "calibrated_threshold": 0.6,
  "calibrated_metrics": {
    "Jaccard": 0.551684,
    "Avg Meds": 19.825871,
    "Avg True Meds": 19.901327,
    "DDI Rate": 0.085892
  },
  "config": {
    "hidden_dim": 256,
    "use_notes": true,
    "use_labs": true,
    "use_copy": false,
    "fusion_strategy": "film",
    "lab_dim": 400,
    "pos_weight_cap": 5.0,
    "use_cosine_lr": false,
    "contrastive_weight": 0.0,
    "margin_loss_weight": 0.0,
    "alignment_loss_weight": 0.1,
    "alignment_start_epoch": 1,
    "alignment_ramp_epochs": 0
  }
}