{
  "seed": 123,
  "ablation": "full",
  "mimic_version": 3,
  "mimic4_full": false,
  "cohort_tag": "mimic3",
  "best_val_jaccard": 0.5648201107978821,
  "test_metrics": {
    "Jaccard": 0.5628366470336914,
    "F1": 0.713014543056488,
    "PRAUC": 0.7991976241445149,
    "DDI Rate": 0.07892379884012604,
    "Avg Meds": 22.829187393188477,
    "Avg True Meds": 19.90132713317871,
    "Precision": 0.6764367818832397,
    "Recall": 0.7769465446472168,
    "NHJ_new": 0.2948626107291171,
    "NHJ_dropped": 0.290238336512917,
    "CVR": 0.0
  },
  "data_diagnostics": {
    "split_mode_requested": "hidr_vita",
    "require_cohort_split": false,
    "split_source": "hidr_vita_sequential",
    "split_seed_used": "n/a",
    "split_patient_counts": {
      "train": 4233,
      "val": 1059,
      "test": 1058
    },
    "split_example_counts": {
      "train": 6256,
      "val": 1220,
      "test": 1206
    },
    "ddi_density": 0.05261303581914269,
    "ddi_upper_pairs": 448,
    "ddi_total_pairs": 8515,
    "loaded_artifacts": {
      "records": "data/processed/records_final.pkl",
      "cohort": "data/processed/cohort_mimic3.pkl",
      "ddi": "data/processed/ddi_A_final.pkl",
      "ehr": "data/processed/ehr_adj_final.pkl",
      "embeddings": "data/embeddings/code_embeddings.pt",
      "notes": "data/processed/note_embeddings_mimic3.pkl",
      "labs": "data/processed/lab_vectors_200labs.pkl"
    }
  },
  "param_counts": {
    "visit_encoder": {
      "total": 4649474,
      "trainable": 2047490
    },
    "fusion": {
      "total": 423808,
      "trainable": 423808
    },
    "drug_gnn": {
      "total": 1151776,
      "trainable": 1151776
    },
    "predictor": {
      "total": 559560,
      "trainable": 559560
    },
    "model_total": {
      "total": 7047786,
      "trainable": 4445802
    }
  },
  "threshold_sweep": {
    "0.4": {
      "Jaccard": 0.556159,
      "Avg Meds": 24.457712,
      "Avg True Meds": 19.901327,
      "DDI Rate": 0.07902
    },
    "0.45": {
      "Jaccard": 0.560497,
      "Avg Meds": 23.599503,
      "Avg True Meds": 19.901327,
      "DDI Rate": 0.079022
    },
    "0.5": {
      "Jaccard": 0.562837,
      "Avg Meds": 22.829187,
      "Avg True Meds": 19.901327,
      "DDI Rate": 0.078924
    },
    "0.55": {
      "Jaccard": 0.563937,
      "Avg Meds": 22.043947,
      "Avg True Meds": 19.901327,
      "DDI Rate": 0.078924
    },
    "0.6": {
      "Jaccard": 0.563476,
      "Avg Meds": 21.28607,
      "Avg True Meds": 19.901327,
      "DDI Rate": 0.078326
    },
    "0.65": {
      "Jaccard": 0.562818,
      "Avg Meds": 20.529022,
      "Avg True Meds": 19.901327,
      "DDI Rate": 0.07834
    },
    "0.7": {
      "Jaccard": 0.560334,
      "Avg Meds": 19.783583,
      "Avg True Meds": 19.901327,
      "DDI Rate": 0.078235
    },
    "0.75": {
      "Jaccard": 0.557238,
      "Avg Meds": 18.927031,
      "Avg True Meds": 19.901327,
      "DDI Rate": 0.078015
    }
  },
  "calibrated_threshold": 0.7,
  "calibrated_metrics": {
    "Jaccard": 0.560334,
    "Avg Meds": 19.783583,
    "Avg True Meds": 19.901327,
    "DDI Rate": 0.078235
  },
  "config": {
    "hidden_dim": 256,
    "use_notes": true,
    "use_labs": true,
    "use_copy": true,
    "fusion_strategy": "film",
    "lab_dim": 400,
    "pos_weight_cap": 5.0,
    "use_cosine_lr": false,
    "contrastive_weight": 0.0,
    "margin_loss_weight": 0.0,
    "alignment_loss_weight": 0.1,
    "alignment_start_epoch": 1,
    "alignment_ramp_epochs": 0
  }
}