{
  "seed": 456,
  "ablation": "full",
  "mimic_version": 3,
  "mimic4_full": false,
  "cohort_tag": "mimic3",
  "best_val_jaccard": 0.5453180074691772,
  "test_metrics": {
    "Jaccard": 0.5424976348876953,
    "F1": 0.695459246635437,
    "PRAUC": 0.7868485807035243,
    "DDI Rate": 0.07867510897944631,
    "Avg Meds": 23.384742736816406,
    "Avg True Meds": 19.90132713317871,
    "Precision": 0.6531121134757996,
    "Recall": 0.7710833549499512,
    "NHJ_new": 0.29848865380412654,
    "NHJ_dropped": 0.35512934076158625,
    "CVR": 0.0
  },
  "data_diagnostics": {
    "split_mode_requested": "hidr_vita",
    "require_cohort_split": false,
    "split_source": "hidr_vita_sequential",
    "split_seed_used": "n/a",
    "split_patient_counts": {
      "train": 4233,
      "val": 1059,
      "test": 1058
    },
    "split_example_counts": {
      "train": 6256,
      "val": 1220,
      "test": 1206
    },
    "ddi_density": 0.05261303581914269,
    "ddi_upper_pairs": 448,
    "ddi_total_pairs": 8515,
    "loaded_artifacts": {
      "records": "data/processed/records_final.pkl",
      "cohort": "data/processed/cohort_mimic3.pkl",
      "ddi": "data/processed/ddi_A_final.pkl",
      "ehr": "data/processed/ehr_adj_final.pkl",
      "embeddings": "data/embeddings/code_embeddings.pt",
      "notes": "data/processed/note_embeddings_mimic3.pkl"
    }
  },
  "param_counts": {
    "visit_encoder": {
      "total": 4583681,
      "trainable": 1981697
    },
    "fusion": {
      "total": 400512,
      "trainable": 400512
    },
    "drug_gnn": {
      "total": 526080,
      "trainable": 526080
    },
    "predictor": {
      "total": 327942,
      "trainable": 327941
    },
    "model_total": {
      "total": 6101383,
      "trainable": 3499398
    }
  },
  "threshold_sweep": {
    "0.4": {
      "Jaccard": 0.535215,
      "Avg Meds": 25.420399,
      "Avg True Meds": 19.901327,
      "DDI Rate": 0.078538
    },
    "0.45": {
      "Jaccard": 0.539306,
      "Avg Meds": 24.396351,
      "Avg True Meds": 19.901327,
      "DDI Rate": 0.078336
    },
    "0.5": {
      "Jaccard": 0.542498,
      "Avg Meds": 23.384743,
      "Avg True Meds": 19.901327,
      "DDI Rate": 0.078675
    },
    "0.55": {
      "Jaccard": 0.544889,
      "Avg Meds": 22.45854,
      "Avg True Meds": 19.901327,
      "DDI Rate": 0.078944
    },
    "0.6": {
      "Jaccard": 0.546847,
      "Avg Meds": 21.60199,
      "Avg True Meds": 19.901327,
      "DDI Rate": 0.079309
    },
    "0.65": {
      "Jaccard": 0.546061,
      "Avg Meds": 20.694859,
      "Avg True Meds": 19.901327,
      "DDI Rate": 0.079584
    },
    "0.7": {
      "Jaccard": 0.544944,
      "Avg Meds": 19.779436,
      "Avg True Meds": 19.901327,
      "DDI Rate": 0.080269
    },
    "0.75": {
      "Jaccard": 0.541051,
      "Avg Meds": 18.779436,
      "Avg True Meds": 19.901327,
      "DDI Rate": 0.080604
    }
  },
  "calibrated_threshold": 0.7,
  "calibrated_metrics": {
    "Jaccard": 0.544944,
    "Avg Meds": 19.779436,
    "Avg True Meds": 19.901327,
    "DDI Rate": 0.080269
  },
  "config": {
    "hidden_dim": 256,
    "use_notes": true,
    "use_labs": false,
    "use_copy": false,
    "fusion_strategy": "film",
    "lab_dim": 0,
    "pos_weight_cap": 5.0,
    "use_cosine_lr": false,
    "contrastive_weight": 0.0,
    "margin_loss_weight": 0.0,
    "alignment_loss_weight": 0.1,
    "alignment_start_epoch": 1,
    "alignment_ramp_epochs": 0
  }
}