{
  "seed": 456,
  "ablation": "full",
  "mimic_version": 3,
  "mimic4_full": false,
  "cohort_tag": "mimic3",
  "best_val_jaccard": 0.49941086769104004,
  "test_metrics": {
    "Jaccard": 0.5026923418045044,
    "F1": 0.661328136920929,
    "PRAUC": 0.7545858736886403,
    "DDI Rate": 0.09209886123582704,
    "Avg Meds": 23.10198974609375,
    "Avg True Meds": 19.90132713317871,
    "Precision": 0.6283100843429565,
    "Recall": 0.7413755655288696,
    "NHJ_new": 0.23949282812444786,
    "NHJ_dropped": 0.3041838580056241,
    "CVR": 0.0
  },
  "data_diagnostics": {
    "split_mode_requested": "hidr_vita",
    "require_cohort_split": false,
    "split_source": "hidr_vita_sequential",
    "split_seed_used": "n/a",
    "split_patient_counts": {
      "train": 4233,
      "val": 1059,
      "test": 1058
    },
    "split_example_counts": {
      "train": 6256,
      "val": 1220,
      "test": 1206
    },
    "ddi_density": 0.05261303581914269,
    "ddi_upper_pairs": 448,
    "ddi_total_pairs": 8515,
    "loaded_artifacts": {
      "records": "data/processed/records_final.pkl",
      "cohort": "data/processed/cohort_mimic3.pkl",
      "ddi": "data/processed/ddi_A_final.pkl",
      "ehr": "data/processed/ehr_adj_final.pkl",
      "embeddings": "data/embeddings/code_embeddings.pt"
    }
  },
  "param_counts": {
    "visit_encoder": {
      "total": 4649474,
      "trainable": 2047490
    },
    "drug_gnn": {
      "total": 2863456,
      "trainable": 2863456
    },
    "predictor": {
      "total": 262406,
      "trainable": 262404
    },
    "model_total": {
      "total": 8038504,
      "trainable": 5436518
    }
  },
  "threshold_sweep": {
    "0.4": {
      "Jaccard": 0.498418,
      "Avg Meds": 25.636816,
      "Avg True Meds": 19.901327,
      "DDI Rate": 0.087904
    },
    "0.45": {
      "Jaccard": 0.500776,
      "Avg Meds": 24.340796,
      "Avg True Meds": 19.901327,
      "DDI Rate": 0.090105
    },
    "0.5": {
      "Jaccard": 0.502692,
      "Avg Meds": 23.10199,
      "Avg True Meds": 19.901327,
      "DDI Rate": 0.092099
    },
    "0.55": {
      "Jaccard": 0.503042,
      "Avg Meds": 21.881426,
      "Avg True Meds": 19.901327,
      "DDI Rate": 0.093836
    },
    "0.6": {
      "Jaccard": 0.503455,
      "Avg Meds": 20.717247,
      "Avg True Meds": 19.901327,
      "DDI Rate": 0.095596
    },
    "0.65": {
      "Jaccard": 0.499959,
      "Avg Meds": 19.528193,
      "Avg True Meds": 19.901327,
      "DDI Rate": 0.097548
    },
    "0.7": {
      "Jaccard": 0.495671,
      "Avg Meds": 18.362354,
      "Avg True Meds": 19.901327,
      "DDI Rate": 0.100071
    },
    "0.75": {
      "Jaccard": 0.488296,
      "Avg Meds": 17.055555,
      "Avg True Meds": 19.901327,
      "DDI Rate": 0.101898
    }
  },
  "calibrated_threshold": 0.65,
  "calibrated_metrics": {
    "Jaccard": 0.499959,
    "Avg Meds": 19.528193,
    "Avg True Meds": 19.901327,
    "DDI Rate": 0.097548
  },
  "config": {
    "hidden_dim": 256,
    "use_notes": false,
    "use_labs": false,
    "use_copy": false,
    "fusion_strategy": "film",
    "lab_dim": 0,
    "pos_weight_cap": 5.0,
    "use_cosine_lr": false,
    "contrastive_weight": 0.0,
    "margin_loss_weight": 0.0,
    "alignment_loss_weight": 0.1,
    "alignment_start_epoch": 1,
    "alignment_ramp_epochs": 0
  }
}