{
  "seed": 42,
  "ablation": "full",
  "mimic_version": 3,
  "mimic4_full": false,
  "cohort_tag": "mimic3",
  "best_val_jaccard": 0.5187503099441528,
  "test_metrics": {
    "Jaccard": 0.5207328200340271,
    "F1": 0.6766734719276428,
    "PRAUC": 0.7605045798191701,
    "DDI Rate": 0.08328481990405724,
    "Avg Meds": 22.42868995666504,
    "Avg True Meds": 19.90132713317871,
    "Precision": 0.6519474983215332,
    "Recall": 0.7486119866371155,
    "NHJ_new": 0.22405597332276797,
    "NHJ_dropped": 0.22771606319829038,
    "CVR": 0.0
  },
  "data_diagnostics": {
    "split_mode_requested": "hidr_vita",
    "require_cohort_split": false,
    "split_source": "hidr_vita_sequential",
    "split_seed_used": "n/a",
    "split_patient_counts": {
      "train": 4233,
      "val": 1059,
      "test": 1058
    },
    "split_example_counts": {
      "train": 6256,
      "val": 1220,
      "test": 1206
    },
    "ddi_density": 0.05261303581914269,
    "ddi_upper_pairs": 448,
    "ddi_total_pairs": 8515,
    "loaded_artifacts": {
      "records": "data/processed/records_final.pkl",
      "cohort": "data/processed/cohort_mimic3.pkl",
      "ddi": "data/processed/ddi_A_final.pkl",
      "ehr": "data/processed/ehr_adj_final.pkl",
      "embeddings": "data/embeddings/code_embeddings.pt"
    }
  },
  "param_counts": {
    "visit_encoder": {
      "total": 5108993,
      "trainable": 2507009
    },
    "drug_gnn": {
      "total": 395008,
      "trainable": 395008
    },
    "predictor": {
      "total": 1505929,
      "trainable": 1316357
    },
    "model_total": {
      "total": 7273098,
      "trainable": 4481542
    }
  },
  "threshold_sweep": {
    "0.4": {
      "Jaccard": 0.52066,
      "Avg Meds": 23.325041,
      "Avg True Meds": 19.901327,
      "DDI Rate": 0.080705
    },
    "0.45": {
      "Jaccard": 0.520691,
      "Avg Meds": 22.877281,
      "Avg True Meds": 19.901327,
      "DDI Rate": 0.082035
    },
    "0.5": {
      "Jaccard": 0.520733,
      "Avg Meds": 22.42869,
      "Avg True Meds": 19.901327,
      "DDI Rate": 0.083285
    },
    "0.55": {
      "Jaccard": 0.520936,
      "Avg Meds": 21.983416,
      "Avg True Meds": 19.901327,
      "DDI Rate": 0.084342
    },
    "0.6": {
      "Jaccard": 0.520267,
      "Avg Meds": 21.504147,
      "Avg True Meds": 19.901327,
      "DDI Rate": 0.085529
    },
    "0.65": {
      "Jaccard": 0.52039,
      "Avg Meds": 21.050581,
      "Avg True Meds": 19.901327,
      "DDI Rate": 0.08668
    },
    "0.7": {
      "Jaccard": 0.519032,
      "Avg Meds": 20.551409,
      "Avg True Meds": 19.901327,
      "DDI Rate": 0.087987
    },
    "0.75": {
      "Jaccard": 0.517877,
      "Avg Meds": 19.979271,
      "Avg True Meds": 19.901327,
      "DDI Rate": 0.089453
    }
  },
  "calibrated_threshold": 0.75,
  "calibrated_metrics": {
    "Jaccard": 0.517877,
    "Avg Meds": 19.979271,
    "Avg True Meds": 19.901327,
    "DDI Rate": 0.089453
  },
  "config": {
    "hidden_dim": 256,
    "use_notes": false,
    "use_labs": false,
    "use_copy": true,
    "fusion_strategy": "film",
    "lab_dim": 0,
    "pos_weight_cap": 5.0,
    "use_cosine_lr": false,
    "contrastive_weight": 0.0,
    "margin_loss_weight": 0.0,
    "alignment_loss_weight": 0.1,
    "alignment_start_epoch": 1,
    "alignment_ramp_epochs": 0
  }
}