{
  "seed": 456,
  "ablation": "full",
  "mimic_version": 3,
  "mimic4_full": false,
  "cohort_tag": "mimic3",
  "best_val_jaccard": 0.5508577227592468,
  "test_metrics": {
    "Jaccard": 0.5471842885017395,
    "F1": 0.6998705267906189,
    "PRAUC": 0.7885581987047784,
    "DDI Rate": 0.08431878621953941,
    "Avg Meds": 22.87313461303711,
    "Avg True Meds": 19.90132713317871,
    "Precision": 0.6612249612808228,
    "Recall": 0.7656335830688477,
    "NHJ_new": 0.3058294920544875,
    "NHJ_dropped": 0.3852292314956063,
    "CVR": 0.0
  },
  "data_diagnostics": {
    "split_mode_requested": "hidr_vita",
    "require_cohort_split": false,
    "split_source": "hidr_vita_sequential",
    "split_seed_used": "n/a",
    "split_patient_counts": {
      "train": 4233,
      "val": 1059,
      "test": 1058
    },
    "split_example_counts": {
      "train": 6256,
      "val": 1220,
      "test": 1206
    },
    "ddi_density": 0.05261303581914269,
    "ddi_upper_pairs": 448,
    "ddi_total_pairs": 8515,
    "loaded_artifacts": {
      "records": "data/processed/records_final.pkl",
      "cohort": "data/processed/cohort_mimic3.pkl",
      "ddi": "data/processed/ddi_A_final.pkl",
      "ehr": "data/processed/ehr_adj_final.pkl",
      "embeddings": "data/embeddings/code_embeddings.pt",
      "notes": "data/processed/note_embeddings_mimic3.pkl",
      "labs": "data/processed/lab_vectors_200labs.pkl"
    }
  },
  "param_counts": {
    "visit_encoder": {
      "total": 4583681,
      "trainable": 1981697
    },
    "fusion": {
      "total": 423808,
      "trainable": 423808
    },
    "drug_gnn": {
      "total": 1974080,
      "trainable": 1974080
    },
    "predictor": {
      "total": 369990,
      "trainable": 369990
    },
    "model_total": {
      "total": 7614727,
      "trainable": 5012743
    }
  },
  "threshold_sweep": {
    "0.4": {
      "Jaccard": 0.540475,
      "Avg Meds": 24.694031,
      "Avg True Meds": 19.901327,
      "DDI Rate": 0.083879
    },
    "0.45": {
      "Jaccard": 0.544568,
      "Avg Meds": 23.727198,
      "Avg True Meds": 19.901327,
      "DDI Rate": 0.08403
    },
    "0.5": {
      "Jaccard": 0.547184,
      "Avg Meds": 22.873135,
      "Avg True Meds": 19.901327,
      "DDI Rate": 0.084319
    },
    "0.55": {
      "Jaccard": 0.549308,
      "Avg Meds": 22.019901,
      "Avg True Meds": 19.901327,
      "DDI Rate": 0.084568
    },
    "0.6": {
      "Jaccard": 0.549771,
      "Avg Meds": 21.206469,
      "Avg True Meds": 19.901327,
      "DDI Rate": 0.085108
    },
    "0.65": {
      "Jaccard": 0.549277,
      "Avg Meds": 20.372305,
      "Avg True Meds": 19.901327,
      "DDI Rate": 0.085554
    },
    "0.7": {
      "Jaccard": 0.548099,
      "Avg Meds": 19.507463,
      "Avg True Meds": 19.901327,
      "DDI Rate": 0.086336
    },
    "0.75": {
      "Jaccard": 0.544598,
      "Avg Meds": 18.582918,
      "Avg True Meds": 19.901327,
      "DDI Rate": 0.085916
    }
  },
  "calibrated_threshold": 0.7,
  "calibrated_metrics": {
    "Jaccard": 0.548099,
    "Avg Meds": 19.507463,
    "Avg True Meds": 19.901327,
    "DDI Rate": 0.086336
  },
  "config": {
    "hidden_dim": 256,
    "use_notes": true,
    "use_labs": true,
    "use_copy": false,
    "fusion_strategy": "film",
    "lab_dim": 400,
    "pos_weight_cap": 5.0,
    "use_cosine_lr": false,
    "contrastive_weight": 0.0,
    "margin_loss_weight": 0.0,
    "alignment_loss_weight": 0.1,
    "alignment_start_epoch": 1,
    "alignment_ramp_epochs": 0
  }
}