{
  "seed": 42,
  "ablation": "full",
  "mimic_version": 3,
  "mimic4_full": false,
  "cohort_tag": "mimic3",
  "best_val_jaccard": 0.5613362193107605,
  "test_metrics": {
    "Jaccard": 0.5622952580451965,
    "F1": 0.7126035690307617,
    "PRAUC": 0.7991013222132026,
    "DDI Rate": 0.08119533439093622,
    "Avg Meds": 22.794361114501953,
    "Avg True Meds": 19.90132713317871,
    "Precision": 0.6739562153816223,
    "Recall": 0.779464066028595,
    "NHJ_new": 0.29324995216570404,
    "NHJ_dropped": 0.31672847270965576,
    "CVR": 0.0
  },
  "data_diagnostics": {
    "split_mode_requested": "hidr_vita",
    "require_cohort_split": false,
    "split_source": "hidr_vita_sequential",
    "split_seed_used": "n/a",
    "split_patient_counts": {
      "train": 4233,
      "val": 1059,
      "test": 1058
    },
    "split_example_counts": {
      "train": 6256,
      "val": 1220,
      "test": 1206
    },
    "ddi_density": 0.05261303581914269,
    "ddi_upper_pairs": 448,
    "ddi_total_pairs": 8515,
    "loaded_artifacts": {
      "records": "data/processed/records_final.pkl",
      "cohort": "data/processed/cohort_mimic3.pkl",
      "ddi": "data/processed/ddi_A_final.pkl",
      "ehr": "data/processed/ehr_adj_final.pkl",
      "embeddings": "data/embeddings/code_embeddings.pt",
      "notes": "data/processed/note_embeddings_mimic3.pkl",
      "labs": "data/processed/lab_vectors_200labs.pkl"
    }
  },
  "param_counts": {
    "visit_encoder": {
      "total": 4583681,
      "trainable": 1981697
    },
    "fusion": {
      "total": 423808,
      "trainable": 423808
    },
    "drug_gnn": {
      "total": 1974080,
      "trainable": 1974080
    },
    "predictor": {
      "total": 1087433,
      "trainable": 897863
    },
    "model_total": {
      "total": 8332170,
      "trainable": 5540616
    }
  },
  "threshold_sweep": {
    "0.4": {
      "Jaccard": 0.558635,
      "Avg Meds": 24.204809,
      "Avg True Meds": 19.901327,
      "DDI Rate": 0.08042
    },
    "0.45": {
      "Jaccard": 0.560615,
      "Avg Meds": 23.476782,
      "Avg True Meds": 19.901327,
      "DDI Rate": 0.080787
    },
    "0.5": {
      "Jaccard": 0.562295,
      "Avg Meds": 22.794361,
      "Avg True Meds": 19.901327,
      "DDI Rate": 0.081195
    },
    "0.55": {
      "Jaccard": 0.563193,
      "Avg Meds": 22.116087,
      "Avg True Meds": 19.901327,
      "DDI Rate": 0.081922
    },
    "0.6": {
      "Jaccard": 0.562723,
      "Avg Meds": 21.438641,
      "Avg True Meds": 19.901327,
      "DDI Rate": 0.082159
    },
    "0.65": {
      "Jaccard": 0.561835,
      "Avg Meds": 20.766169,
      "Avg True Meds": 19.901327,
      "DDI Rate": 0.082803
    },
    "0.7": {
      "Jaccard": 0.559637,
      "Avg Meds": 20.04063,
      "Avg True Meds": 19.901327,
      "DDI Rate": 0.083361
    },
    "0.75": {
      "Jaccard": 0.556898,
      "Avg Meds": 19.239635,
      "Avg True Meds": 19.901327,
      "DDI Rate": 0.084382
    }
  },
  "calibrated_threshold": 0.7,
  "calibrated_metrics": {
    "Jaccard": 0.559637,
    "Avg Meds": 20.04063,
    "Avg True Meds": 19.901327,
    "DDI Rate": 0.083361
  },
  "config": {
    "hidden_dim": 256,
    "use_notes": true,
    "use_labs": true,
    "use_copy": true,
    "fusion_strategy": "film",
    "lab_dim": 400,
    "pos_weight_cap": 5.0,
    "use_cosine_lr": false,
    "contrastive_weight": 0.0,
    "margin_loss_weight": 0.0,
    "alignment_loss_weight": 0.1,
    "alignment_start_epoch": 1,
    "alignment_ramp_epochs": 0
  }
}