{
  "seed": 42,
  "ablation": "full",
  "mimic_version": 3,
  "mimic4_full": false,
  "cohort_tag": "mimic3",
  "best_val_jaccard": 0.5021657347679138,
  "test_metrics": {
    "Jaccard": 0.5028133392333984,
    "F1": 0.6611428260803223,
    "PRAUC": 0.7531186848930304,
    "DDI Rate": 0.08249929101479415,
    "Avg Meds": 23.29684829711914,
    "Avg True Meds": 19.90132713317871,
    "Precision": 0.6308202147483826,
    "Recall": 0.7420980334281921,
    "NHJ_new": 0.2391121544336018,
    "NHJ_dropped": 0.28845000659164627,
    "CVR": 0.0
  },
  "data_diagnostics": {
    "split_mode_requested": "hidr_vita",
    "require_cohort_split": false,
    "split_source": "hidr_vita_sequential",
    "split_seed_used": "n/a",
    "split_patient_counts": {
      "train": 4233,
      "val": 1059,
      "test": 1058
    },
    "split_example_counts": {
      "train": 6256,
      "val": 1220,
      "test": 1206
    },
    "ddi_density": 0.05261303581914269,
    "ddi_upper_pairs": 448,
    "ddi_total_pairs": 8515,
    "loaded_artifacts": {
      "records": "data/processed/records_final.pkl",
      "cohort": "data/processed/cohort_mimic3.pkl",
      "ddi": "data/processed/ddi_A_final.pkl",
      "ehr": "data/processed/ehr_adj_final.pkl",
      "embeddings": "data/embeddings/code_embeddings.pt"
    }
  },
  "param_counts": {
    "visit_encoder": {
      "total": 4583681,
      "trainable": 1981697
    },
    "drug_gnn": {
      "total": 262400,
      "trainable": 262400
    },
    "predictor": {
      "total": 262406,
      "trainable": 262404
    },
    "model_total": {
      "total": 5371655,
      "trainable": 2769669
    }
  },
  "threshold_sweep": {
    "0.4": {
      "Jaccard": 0.498478,
      "Avg Meds": 26.067993,
      "Avg True Meds": 19.901327,
      "DDI Rate": 0.079011
    },
    "0.45": {
      "Jaccard": 0.501566,
      "Avg Meds": 24.685738,
      "Avg True Meds": 19.901327,
      "DDI Rate": 0.080352
    },
    "0.5": {
      "Jaccard": 0.502813,
      "Avg Meds": 23.296848,
      "Avg True Meds": 19.901327,
      "DDI Rate": 0.082499
    },
    "0.55": {
      "Jaccard": 0.50309,
      "Avg Meds": 21.988392,
      "Avg True Meds": 19.901327,
      "DDI Rate": 0.084326
    },
    "0.6": {
      "Jaccard": 0.502054,
      "Avg Meds": 20.708126,
      "Avg True Meds": 19.901327,
      "DDI Rate": 0.086765
    },
    "0.65": {
      "Jaccard": 0.500535,
      "Avg Meds": 19.54146,
      "Avg True Meds": 19.901327,
      "DDI Rate": 0.087773
    },
    "0.7": {
      "Jaccard": 0.496782,
      "Avg Meds": 18.314262,
      "Avg True Meds": 19.901327,
      "DDI Rate": 0.089135
    },
    "0.75": {
      "Jaccard": 0.488983,
      "Avg Meds": 16.985905,
      "Avg True Meds": 19.901327,
      "DDI Rate": 0.089543
    }
  },
  "calibrated_threshold": 0.65,
  "calibrated_metrics": {
    "Jaccard": 0.500535,
    "Avg Meds": 19.54146,
    "Avg True Meds": 19.901327,
    "DDI Rate": 0.087773
  },
  "config": {
    "hidden_dim": 256,
    "use_notes": false,
    "use_labs": false,
    "use_copy": false,
    "fusion_strategy": "film",
    "lab_dim": 0,
    "pos_weight_cap": 5.0,
    "use_cosine_lr": false,
    "contrastive_weight": 0.0,
    "margin_loss_weight": 0.0,
    "alignment_loss_weight": 0.1,
    "alignment_start_epoch": 1,
    "alignment_ramp_epochs": 0
  }
}