{
  "seed": 123,
  "ablation": "full",
  "mimic_version": 3,
  "mimic4_full": false,
  "cohort_tag": "mimic3",
  "best_val_jaccard": 0.5407688617706299,
  "test_metrics": {
    "Jaccard": 0.5394885540008545,
    "F1": 0.6932942867279053,
    "PRAUC": 0.7827441013303683,
    "DDI Rate": 0.08005699078607115,
    "Avg Meds": 22.276948928833008,
    "Avg True Meds": 19.90132713317871,
    "Precision": 0.6669591069221497,
    "Recall": 0.7485591769218445,
    "NHJ_new": 0.2835181261363782,
    "NHJ_dropped": 0.36605452706939295,
    "CVR": 0.0
  },
  "data_diagnostics": {
    "split_mode_requested": "hidr_vita",
    "require_cohort_split": false,
    "split_source": "hidr_vita_sequential",
    "split_seed_used": "n/a",
    "split_patient_counts": {
      "train": 4233,
      "val": 1059,
      "test": 1058
    },
    "split_example_counts": {
      "train": 6256,
      "val": 1220,
      "test": 1206
    },
    "ddi_density": 0.05261303581914269,
    "ddi_upper_pairs": 448,
    "ddi_total_pairs": 8515,
    "loaded_artifacts": {
      "records": "data/processed/records_final.pkl",
      "cohort": "data/processed/cohort_mimic3.pkl",
      "ddi": "data/processed/ddi_A_final.pkl",
      "ehr": "data/processed/ehr_adj_final.pkl",
      "embeddings": "data/embeddings/code_embeddings.pt",
      "labs": "data/processed/lab_vectors_200labs.pkl"
    }
  },
  "param_counts": {
    "visit_encoder": {
      "total": 4583681,
      "trainable": 1981697
    },
    "fusion": {
      "total": 423808,
      "trainable": 423808
    },
    "drug_gnn": {
      "total": 526080,
      "trainable": 526080
    },
    "predictor": {
      "total": 304454,
      "trainable": 304453
    },
    "model_total": {
      "total": 6101191,
      "trainable": 3499206
    }
  },
  "threshold_sweep": {
    "0.4": {
      "Jaccard": 0.535238,
      "Avg Meds": 24.014095,
      "Avg True Meds": 19.901327,
      "DDI Rate": 0.079604
    },
    "0.45": {
      "Jaccard": 0.537199,
      "Avg Meds": 23.14179,
      "Avg True Meds": 19.901327,
      "DDI Rate": 0.079735
    },
    "0.5": {
      "Jaccard": 0.539489,
      "Avg Meds": 22.276949,
      "Avg True Meds": 19.901327,
      "DDI Rate": 0.080057
    },
    "0.55": {
      "Jaccard": 0.539348,
      "Avg Meds": 21.473467,
      "Avg True Meds": 19.901327,
      "DDI Rate": 0.080474
    },
    "0.6": {
      "Jaccard": 0.540714,
      "Avg Meds": 20.699005,
      "Avg True Meds": 19.901327,
      "DDI Rate": 0.0807
    },
    "0.65": {
      "Jaccard": 0.54067,
      "Avg Meds": 19.873135,
      "Avg True Meds": 19.901327,
      "DDI Rate": 0.081333
    },
    "0.7": {
      "Jaccard": 0.537206,
      "Avg Meds": 19.033997,
      "Avg True Meds": 19.901327,
      "DDI Rate": 0.081683
    },
    "0.75": {
      "Jaccard": 0.533453,
      "Avg Meds": 18.192371,
      "Avg True Meds": 19.901327,
      "DDI Rate": 0.081994
    }
  },
  "calibrated_threshold": 0.65,
  "calibrated_metrics": {
    "Jaccard": 0.54067,
    "Avg Meds": 19.873135,
    "Avg True Meds": 19.901327,
    "DDI Rate": 0.081333
  },
  "config": {
    "hidden_dim": 256,
    "use_notes": false,
    "use_labs": true,
    "use_copy": false,
    "fusion_strategy": "film",
    "lab_dim": 400,
    "pos_weight_cap": 5.0,
    "use_cosine_lr": false,
    "contrastive_weight": 0.0,
    "margin_loss_weight": 0.0,
    "alignment_loss_weight": 0.1,
    "alignment_start_epoch": 1,
    "alignment_ramp_epochs": 0
  }
}