{
  "seed": 123,
  "ablation": "full",
  "mimic_version": 3,
  "mimic4_full": false,
  "cohort_tag": "mimic3",
  "best_val_jaccard": 0.5017234086990356,
  "test_metrics": {
    "Jaccard": 0.5019376277923584,
    "F1": 0.6604830026626587,
    "PRAUC": 0.7552987050221939,
    "DDI Rate": 0.08251733383730407,
    "Avg Meds": 23.395523071289062,
    "Avg True Meds": 19.90132713317871,
    "Precision": 0.6280056834220886,
    "Recall": 0.7444295883178711,
    "NHJ_new": 0.2364631412844909,
    "NHJ_dropped": 0.29032277119787114,
    "CVR": 0.0
  },
  "data_diagnostics": {
    "split_mode_requested": "hidr_vita",
    "require_cohort_split": false,
    "split_source": "hidr_vita_sequential",
    "split_seed_used": "n/a",
    "split_patient_counts": {
      "train": 4233,
      "val": 1059,
      "test": 1058
    },
    "split_example_counts": {
      "train": 6256,
      "val": 1220,
      "test": 1206
    },
    "ddi_density": 0.05261303581914269,
    "ddi_upper_pairs": 448,
    "ddi_total_pairs": 8515,
    "loaded_artifacts": {
      "records": "data/processed/records_final.pkl",
      "cohort": "data/processed/cohort_mimic3.pkl",
      "ddi": "data/processed/ddi_A_final.pkl",
      "ehr": "data/processed/ehr_adj_final.pkl",
      "embeddings": "data/embeddings/code_embeddings.pt"
    }
  },
  "param_counts": {
    "visit_encoder": {
      "total": 4583681,
      "trainable": 1981697
    },
    "drug_gnn": {
      "total": 526080,
      "trainable": 526080
    },
    "predictor": {
      "total": 262406,
      "trainable": 262404
    },
    "model_total": {
      "total": 5635335,
      "trainable": 3033349
    }
  },
  "threshold_sweep": {
    "0.4": {
      "Jaccard": 0.497096,
      "Avg Meds": 25.584578,
      "Avg True Meds": 19.901327,
      "DDI Rate": 0.079941
    },
    "0.45": {
      "Jaccard": 0.500265,
      "Avg Meds": 24.47015,
      "Avg True Meds": 19.901327,
      "DDI Rate": 0.081268
    },
    "0.5": {
      "Jaccard": 0.501938,
      "Avg Meds": 23.395523,
      "Avg True Meds": 19.901327,
      "DDI Rate": 0.082517
    },
    "0.55": {
      "Jaccard": 0.503121,
      "Avg Meds": 22.417082,
      "Avg True Meds": 19.901327,
      "DDI Rate": 0.083475
    },
    "0.6": {
      "Jaccard": 0.502969,
      "Avg Meds": 21.371475,
      "Avg True Meds": 19.901327,
      "DDI Rate": 0.085338
    },
    "0.65": {
      "Jaccard": 0.50216,
      "Avg Meds": 20.318407,
      "Avg True Meds": 19.901327,
      "DDI Rate": 0.087029
    },
    "0.7": {
      "Jaccard": 0.500645,
      "Avg Meds": 19.311775,
      "Avg True Meds": 19.901327,
      "DDI Rate": 0.087583
    },
    "0.75": {
      "Jaccard": 0.496481,
      "Avg Meds": 18.220564,
      "Avg True Meds": 19.901327,
      "DDI Rate": 0.089526
    }
  },
  "calibrated_threshold": 0.65,
  "calibrated_metrics": {
    "Jaccard": 0.50216,
    "Avg Meds": 20.318407,
    "Avg True Meds": 19.901327,
    "DDI Rate": 0.087029
  },
  "config": {
    "hidden_dim": 256,
    "use_notes": false,
    "use_labs": false,
    "use_copy": false,
    "fusion_strategy": "film",
    "lab_dim": 0,
    "pos_weight_cap": 5.0,
    "use_cosine_lr": false,
    "contrastive_weight": 0.0,
    "margin_loss_weight": 0.0,
    "alignment_loss_weight": 0.1,
    "alignment_start_epoch": 1,
    "alignment_ramp_epochs": 0
  }
}