{
  "seed": 123,
  "ablation": "full",
  "mimic_version": 3,
  "mimic4_full": false,
  "cohort_tag": "mimic3",
  "best_val_jaccard": 0.5639302134513855,
  "test_metrics": {
    "Jaccard": 0.5589253902435303,
    "F1": 0.7094250917434692,
    "PRAUC": 0.7923597843072905,
    "DDI Rate": 0.07973504213795338,
    "Avg Meds": 22.15174102783203,
    "Avg True Meds": 19.90132713317871,
    "Precision": 0.6825538873672485,
    "Recall": 0.761963963508606,
    "NHJ_new": 0.27576093610964325,
    "NHJ_dropped": 0.27111768251971197,
    "CVR": 0.0
  },
  "data_diagnostics": {
    "split_mode_requested": "hidr_vita",
    "require_cohort_split": false,
    "split_source": "hidr_vita_sequential",
    "split_seed_used": "n/a",
    "split_patient_counts": {
      "train": 4233,
      "val": 1059,
      "test": 1058
    },
    "split_example_counts": {
      "train": 6256,
      "val": 1220,
      "test": 1206
    },
    "ddi_density": 0.05261303581914269,
    "ddi_upper_pairs": 448,
    "ddi_total_pairs": 8515,
    "loaded_artifacts": {
      "records": "data/processed/records_final.pkl",
      "cohort": "data/processed/cohort_mimic3.pkl",
      "ddi": "data/processed/ddi_A_final.pkl",
      "ehr": "data/processed/ehr_adj_final.pkl",
      "embeddings": "data/embeddings/code_embeddings.pt",
      "notes": "data/processed/note_embeddings_mimic3.pkl",
      "labs": "data/processed/lab_vectors_200labs.pkl"
    }
  },
  "param_counts": {
    "visit_encoder": {
      "total": 3534609,
      "trainable": 932625
    },
    "fusion": {
      "total": 423808,
      "trainable": 423808
    },
    "drug_gnn": {
      "total": 1974080,
      "trainable": 1974080
    },
    "predictor": {
      "total": 559560,
      "trainable": 559560
    },
    "model_total": {
      "total": 6755225,
      "trainable": 4153241
    }
  },
  "threshold_sweep": {
    "0.4": {
      "Jaccard": 0.557023,
      "Avg Meds": 23.918739,
      "Avg True Meds": 19.901327,
      "DDI Rate": 0.079972
    },
    "0.45": {
      "Jaccard": 0.558393,
      "Avg Meds": 23.014925,
      "Avg True Meds": 19.901327,
      "DDI Rate": 0.079926
    },
    "0.5": {
      "Jaccard": 0.558925,
      "Avg Meds": 22.151741,
      "Avg True Meds": 19.901327,
      "DDI Rate": 0.079735
    },
    "0.55": {
      "Jaccard": 0.559027,
      "Avg Meds": 21.300165,
      "Avg True Meds": 19.901327,
      "DDI Rate": 0.079617
    },
    "0.6": {
      "Jaccard": 0.557744,
      "Avg Meds": 20.509121,
      "Avg True Meds": 19.901327,
      "DDI Rate": 0.07982
    },
    "0.65": {
      "Jaccard": 0.554906,
      "Avg Meds": 19.691542,
      "Avg True Meds": 19.901327,
      "DDI Rate": 0.079555
    },
    "0.7": {
      "Jaccard": 0.550401,
      "Avg Meds": 18.8466,
      "Avg True Meds": 19.901327,
      "DDI Rate": 0.079215
    },
    "0.75": {
      "Jaccard": 0.545529,
      "Avg Meds": 17.911278,
      "Avg True Meds": 19.901327,
      "DDI Rate": 0.078834
    }
  },
  "calibrated_threshold": 0.65,
  "calibrated_metrics": {
    "Jaccard": 0.554906,
    "Avg Meds": 19.691542,
    "Avg True Meds": 19.901327,
    "DDI Rate": 0.079555
  },
  "config": {
    "hidden_dim": 256,
    "use_notes": true,
    "use_labs": true,
    "use_copy": true,
    "fusion_strategy": "film",
    "lab_dim": 400,
    "pos_weight_cap": 5.0,
    "use_cosine_lr": false,
    "contrastive_weight": 0.0,
    "margin_loss_weight": 0.0,
    "alignment_loss_weight": 0.1,
    "alignment_start_epoch": 1,
    "alignment_ramp_epochs": 0
  }
}