{
  "seed": 42,
  "ablation": "full",
  "mimic_version": 3,
  "mimic4_full": false,
  "cohort_tag": "mimic3",
  "best_val_jaccard": 0.5274266600608826,
  "test_metrics": {
    "Jaccard": 0.5281736254692078,
    "F1": 0.6835290789604187,
    "PRAUC": 0.7708195385622942,
    "DDI Rate": 0.08189056860914115,
    "Avg Meds": 22.129352569580078,
    "Avg True Meds": 19.90132713317871,
    "Precision": 0.6617946624755859,
    "Recall": 0.7338367104530334,
    "NHJ_new": 0.2768067270517349,
    "NHJ_dropped": 0.37986118542520625,
    "CVR": 0.0
  },
  "data_diagnostics": {
    "split_mode_requested": "hidr_vita",
    "require_cohort_split": false,
    "split_source": "hidr_vita_sequential",
    "split_seed_used": "n/a",
    "split_patient_counts": {
      "train": 4233,
      "val": 1059,
      "test": 1058
    },
    "split_example_counts": {
      "train": 6256,
      "val": 1220,
      "test": 1206
    },
    "ddi_density": 0.05261303581914269,
    "ddi_upper_pairs": 448,
    "ddi_total_pairs": 8515,
    "loaded_artifacts": {
      "records": "data/processed/records_final.pkl",
      "cohort": "data/processed/cohort_mimic3.pkl",
      "ddi": "data/processed/ddi_A_final.pkl",
      "ehr": "data/processed/ehr_adj_final.pkl",
      "embeddings": "data/embeddings/code_embeddings.pt",
      "labs": "data/processed/lab_vectors_200labs.pkl"
    }
  },
  "param_counts": {
    "visit_encoder": {
      "total": 3793665,
      "trainable": 1191681
    },
    "fusion": {
      "total": 423808,
      "trainable": 423808
    },
    "drug_gnn": {
      "total": 1974080,
      "trainable": 1974080
    },
    "predictor": {
      "total": 304454,
      "trainable": 304453
    },
    "model_total": {
      "total": 6759175,
      "trainable": 4157190
    }
  },
  "threshold_sweep": {
    "0.4": {
      "Jaccard": 0.523527,
      "Avg Meds": 24.310116,
      "Avg True Meds": 19.901327,
      "DDI Rate": 0.081394
    },
    "0.45": {
      "Jaccard": 0.526483,
      "Avg Meds": 23.177446,
      "Avg True Meds": 19.901327,
      "DDI Rate": 0.081749
    },
    "0.5": {
      "Jaccard": 0.528174,
      "Avg Meds": 22.129353,
      "Avg True Meds": 19.901327,
      "DDI Rate": 0.081891
    },
    "0.55": {
      "Jaccard": 0.527768,
      "Avg Meds": 21.162521,
      "Avg True Meds": 19.901327,
      "DDI Rate": 0.081671
    },
    "0.6": {
      "Jaccard": 0.527953,
      "Avg Meds": 20.181593,
      "Avg True Meds": 19.901327,
      "DDI Rate": 0.081462
    },
    "0.65": {
      "Jaccard": 0.52597,
      "Avg Meds": 19.203152,
      "Avg True Meds": 19.901327,
      "DDI Rate": 0.081486
    },
    "0.7": {
      "Jaccard": 0.52126,
      "Avg Meds": 18.232172,
      "Avg True Meds": 19.901327,
      "DDI Rate": 0.081345
    },
    "0.75": {
      "Jaccard": 0.51591,
      "Avg Meds": 17.227198,
      "Avg True Meds": 19.901327,
      "DDI Rate": 0.080819
    }
  },
  "calibrated_threshold": 0.6,
  "calibrated_metrics": {
    "Jaccard": 0.527953,
    "Avg Meds": 20.181593,
    "Avg True Meds": 19.901327,
    "DDI Rate": 0.081462
  },
  "config": {
    "hidden_dim": 256,
    "use_notes": false,
    "use_labs": true,
    "use_copy": false,
    "fusion_strategy": "film",
    "lab_dim": 400,
    "pos_weight_cap": 5.0,
    "use_cosine_lr": false,
    "contrastive_weight": 0.0,
    "margin_loss_weight": 0.0,
    "alignment_loss_weight": 0.1,
    "alignment_start_epoch": 1,
    "alignment_ramp_epochs": 0
  }
}