{
  "seed": 42,
  "ablation": "full",
  "mimic_version": 3,
  "mimic4_full": false,
  "cohort_tag": "mimic3",
  "best_val_jaccard": 0.5474805235862732,
  "test_metrics": {
    "Jaccard": 0.5461928844451904,
    "F1": 0.6992533802986145,
    "PRAUC": 0.788086418602268,
    "DDI Rate": 0.0811974598974304,
    "Avg Meds": 22.99087905883789,
    "Avg True Meds": 19.90132713317871,
    "Precision": 0.6602298617362976,
    "Recall": 0.7672600746154785,
    "NHJ_new": 0.30246310014473765,
    "NHJ_dropped": 0.3803676382491463,
    "CVR": 0.0
  },
  "data_diagnostics": {
    "split_mode_requested": "hidr_vita",
    "require_cohort_split": false,
    "split_source": "hidr_vita_sequential",
    "split_seed_used": "n/a",
    "split_patient_counts": {
      "train": 4233,
      "val": 1059,
      "test": 1058
    },
    "split_example_counts": {
      "train": 6256,
      "val": 1220,
      "test": 1206
    },
    "ddi_density": 0.05261303581914269,
    "ddi_upper_pairs": 448,
    "ddi_total_pairs": 8515,
    "loaded_artifacts": {
      "records": "data/processed/records_final.pkl",
      "cohort": "data/processed/cohort_mimic3.pkl",
      "ddi": "data/processed/ddi_A_final.pkl",
      "ehr": "data/processed/ehr_adj_final.pkl",
      "embeddings": "data/embeddings/code_embeddings.pt",
      "notes": "data/processed/note_embeddings_mimic3.pkl",
      "labs": "data/processed/lab_vectors_200labs.pkl"
    }
  },
  "param_counts": {
    "visit_encoder": {
      "total": 4583681,
      "trainable": 1981697
    },
    "fusion": {
      "total": 423808,
      "trainable": 423808
    },
    "drug_gnn": {
      "total": 1974080,
      "trainable": 1974080
    },
    "predictor": {
      "total": 1054152,
      "trainable": 864582
    },
    "model_total": {
      "total": 8298889,
      "trainable": 5507335
    }
  },
  "threshold_sweep": {
    "0.4": {
      "Jaccard": 0.540812,
      "Avg Meds": 24.624378,
      "Avg True Meds": 19.901327,
      "DDI Rate": 0.081118
    },
    "0.45": {
      "Jaccard": 0.544525,
      "Avg Meds": 23.801825,
      "Avg True Meds": 19.901327,
      "DDI Rate": 0.081014
    },
    "0.5": {
      "Jaccard": 0.546193,
      "Avg Meds": 22.990879,
      "Avg True Meds": 19.901327,
      "DDI Rate": 0.081197
    },
    "0.55": {
      "Jaccard": 0.547993,
      "Avg Meds": 22.252903,
      "Avg True Meds": 19.901327,
      "DDI Rate": 0.081125
    },
    "0.6": {
      "Jaccard": 0.548023,
      "Avg Meds": 21.538971,
      "Avg True Meds": 19.901327,
      "DDI Rate": 0.081402
    },
    "0.65": {
      "Jaccard": 0.548345,
      "Avg Meds": 20.791044,
      "Avg True Meds": 19.901327,
      "DDI Rate": 0.081202
    },
    "0.7": {
      "Jaccard": 0.546112,
      "Avg Meds": 20.007463,
      "Avg True Meds": 19.901327,
      "DDI Rate": 0.080929
    },
    "0.75": {
      "Jaccard": 0.544092,
      "Avg Meds": 19.226368,
      "Avg True Meds": 19.901327,
      "DDI Rate": 0.080676
    }
  },
  "calibrated_threshold": 0.7,
  "calibrated_metrics": {
    "Jaccard": 0.546112,
    "Avg Meds": 20.007463,
    "Avg True Meds": 19.901327,
    "DDI Rate": 0.080929
  },
  "config": {
    "hidden_dim": 256,
    "use_notes": true,
    "use_labs": true,
    "use_copy": true,
    "fusion_strategy": "film",
    "lab_dim": 400,
    "pos_weight_cap": 5.0,
    "use_cosine_lr": false,
    "contrastive_weight": 0.0,
    "margin_loss_weight": 0.0,
    "alignment_loss_weight": 0.1,
    "alignment_start_epoch": 1,
    "alignment_ramp_epochs": 0
  }
}