{
  "seed": 123,
  "ablation": "full",
  "mimic_version": 3,
  "mimic4_full": false,
  "cohort_tag": "mimic3",
  "best_val_jaccard": 0.48749908804893494,
  "test_metrics": {
    "Jaccard": 0.4880850911140442,
    "F1": 0.6473909020423889,
    "PRAUC": 0.7460792222621286,
    "DDI Rate": 0.09060545287815643,
    "Avg Meds": 25.353233337402344,
    "Avg True Meds": 19.90132713317871,
    "Precision": 0.585926353931427,
    "Recall": 0.7524937391281128,
    "NHJ_new": 0.2763870703546624,
    "NHJ_dropped": 0.37760148864043386,
    "CVR": 0.0
  },
  "data_diagnostics": {
    "split_mode_requested": "hidr_vita",
    "require_cohort_split": false,
    "split_source": "hidr_vita_sequential",
    "split_seed_used": "n/a",
    "split_patient_counts": {
      "train": 4233,
      "val": 1059,
      "test": 1058
    },
    "split_example_counts": {
      "train": 6256,
      "val": 1220,
      "test": 1206
    },
    "ddi_density": 0.05261303581914269,
    "ddi_upper_pairs": 448,
    "ddi_total_pairs": 8515,
    "loaded_artifacts": {
      "records": "data/processed/records_final.pkl",
      "cohort": "data/processed/cohort_mimic3.pkl",
      "ddi": "data/processed/ddi_A_final.pkl",
      "ehr": "data/processed/ehr_adj_final.pkl",
      "embeddings": "data/embeddings/code_embeddings.pt",
      "labs": "data/processed/lab_vectors_200labs.pkl"
    }
  },
  "param_counts": {
    "visit_encoder": {
      "total": 4583681,
      "trainable": 1981697
    },
    "fusion": {
      "total": 423808,
      "trainable": 423808
    },
    "drug_gnn": {
      "total": 1974080,
      "trainable": 1974080
    },
    "predictor": {
      "total": 627974,
      "trainable": 627972
    },
    "model_total": {
      "total": 7872711,
      "trainable": 5270725
    }
  },
  "threshold_sweep": {
    "0.4": {
      "Jaccard": 0.474906,
      "Avg Meds": 29.139303,
      "Avg True Meds": 19.901327,
      "DDI Rate": 0.092136
    },
    "0.45": {
      "Jaccard": 0.481911,
      "Avg Meds": 27.170813,
      "Avg True Meds": 19.901327,
      "DDI Rate": 0.09159
    },
    "0.5": {
      "Jaccard": 0.488085,
      "Avg Meds": 25.353233,
      "Avg True Meds": 19.901327,
      "DDI Rate": 0.090605
    },
    "0.55": {
      "Jaccard": 0.490827,
      "Avg Meds": 23.685738,
      "Avg True Meds": 19.901327,
      "DDI Rate": 0.089574
    },
    "0.6": {
      "Jaccard": 0.491295,
      "Avg Meds": 21.98922,
      "Avg True Meds": 19.901327,
      "DDI Rate": 0.088936
    },
    "0.65": {
      "Jaccard": 0.489969,
      "Avg Meds": 20.374792,
      "Avg True Meds": 19.901327,
      "DDI Rate": 0.087749
    },
    "0.7": {
      "Jaccard": 0.486418,
      "Avg Meds": 18.607794,
      "Avg True Meds": 19.901327,
      "DDI Rate": 0.085453
    },
    "0.75": {
      "Jaccard": 0.477461,
      "Avg Meds": 16.873964,
      "Avg True Meds": 19.901327,
      "DDI Rate": 0.081885
    }
  },
  "calibrated_threshold": 0.65,
  "calibrated_metrics": {
    "Jaccard": 0.489969,
    "Avg Meds": 20.374792,
    "Avg True Meds": 19.901327,
    "DDI Rate": 0.087749
  },
  "config": {
    "hidden_dim": 256,
    "use_notes": false,
    "use_labs": true,
    "use_copy": false,
    "fusion_strategy": "film",
    "lab_dim": 400,
    "pos_weight_cap": 5.0,
    "use_cosine_lr": false,
    "contrastive_weight": 0.0,
    "margin_loss_weight": 0.0,
    "alignment_loss_weight": 0.1,
    "alignment_start_epoch": 1,
    "alignment_ramp_epochs": 0
  }
}