{
  "seed": 456,
  "ablation": "full",
  "mimic_version": 3,
  "mimic4_full": false,
  "cohort_tag": "mimic3",
  "best_val_jaccard": 0.5017545223236084,
  "test_metrics": {
    "Jaccard": 0.5035430192947388,
    "F1": 0.6619811058044434,
    "PRAUC": 0.7564001476573377,
    "DDI Rate": 0.08280675658280533,
    "Avg Meds": 23.83416175842285,
    "Avg True Meds": 19.90132713317871,
    "Precision": 0.621892511844635,
    "Recall": 0.7529915571212769,
    "NHJ_new": 0.2453129691512961,
    "NHJ_dropped": 0.29649266286900167,
    "CVR": 0.0
  },
  "data_diagnostics": {
    "split_mode_requested": "hidr_vita",
    "require_cohort_split": false,
    "split_source": "hidr_vita_sequential",
    "split_seed_used": "n/a",
    "split_patient_counts": {
      "train": 4233,
      "val": 1059,
      "test": 1058
    },
    "split_example_counts": {
      "train": 6256,
      "val": 1220,
      "test": 1206
    },
    "ddi_density": 0.05261303581914269,
    "ddi_upper_pairs": 448,
    "ddi_total_pairs": 8515,
    "loaded_artifacts": {
      "records": "data/processed/records_final.pkl",
      "cohort": "data/processed/cohort_mimic3.pkl",
      "ddi": "data/processed/ddi_A_final.pkl",
      "ehr": "data/processed/ehr_adj_final.pkl",
      "embeddings": "data/embeddings/code_embeddings.pt"
    }
  },
  "param_counts": {
    "visit_encoder": {
      "total": 4583681,
      "trainable": 1981697
    },
    "drug_gnn": {
      "total": 262400,
      "trainable": 262400
    },
    "predictor": {
      "total": 262406,
      "trainable": 262404
    },
    "model_total": {
      "total": 5371655,
      "trainable": 2769669
    }
  },
  "threshold_sweep": {
    "0.4": {
      "Jaccard": 0.498153,
      "Avg Meds": 26.89884,
      "Avg True Meds": 19.901327,
      "DDI Rate": 0.078814
    },
    "0.45": {
      "Jaccard": 0.501082,
      "Avg Meds": 25.3267,
      "Avg True Meds": 19.901327,
      "DDI Rate": 0.08074
    },
    "0.5": {
      "Jaccard": 0.503543,
      "Avg Meds": 23.834162,
      "Avg True Meds": 19.901327,
      "DDI Rate": 0.082807
    },
    "0.55": {
      "Jaccard": 0.504958,
      "Avg Meds": 22.452736,
      "Avg True Meds": 19.901327,
      "DDI Rate": 0.085066
    },
    "0.6": {
      "Jaccard": 0.50464,
      "Avg Meds": 21.066336,
      "Avg True Meds": 19.901327,
      "DDI Rate": 0.087092
    },
    "0.65": {
      "Jaccard": 0.502581,
      "Avg Meds": 19.676617,
      "Avg True Meds": 19.901327,
      "DDI Rate": 0.088814
    },
    "0.7": {
      "Jaccard": 0.498092,
      "Avg Meds": 18.323383,
      "Avg True Meds": 19.901327,
      "DDI Rate": 0.090608
    },
    "0.75": {
      "Jaccard": 0.489902,
      "Avg Meds": 16.806799,
      "Avg True Meds": 19.901327,
      "DDI Rate": 0.092431
    }
  },
  "calibrated_threshold": 0.65,
  "calibrated_metrics": {
    "Jaccard": 0.502581,
    "Avg Meds": 19.676617,
    "Avg True Meds": 19.901327,
    "DDI Rate": 0.088814
  },
  "config": {
    "hidden_dim": 256,
    "use_notes": false,
    "use_labs": false,
    "use_copy": false,
    "fusion_strategy": "film",
    "lab_dim": 0,
    "pos_weight_cap": 5.0,
    "use_cosine_lr": false,
    "contrastive_weight": 0.0,
    "margin_loss_weight": 0.0,
    "alignment_loss_weight": 0.1,
    "alignment_start_epoch": 1,
    "alignment_ramp_epochs": 0
  }
}