{
  "seed": 456,
  "ablation": "full",
  "mimic_version": 3,
  "mimic4_full": false,
  "cohort_tag": "mimic3",
  "best_val_jaccard": 0.5535377264022827,
  "test_metrics": {
    "Jaccard": 0.5515003204345703,
    "F1": 0.7034898996353149,
    "PRAUC": 0.7916271294912659,
    "DDI Rate": 0.08515870191218818,
    "Avg Meds": 22.866500854492188,
    "Avg True Meds": 19.90132713317871,
    "Precision": 0.6685430407524109,
    "Recall": 0.7659085988998413,
    "NHJ_new": 0.29588621148937627,
    "NHJ_dropped": 0.36612786117352936,
    "CVR": 0.0
  },
  "data_diagnostics": {
    "split_mode_requested": "hidr_vita",
    "require_cohort_split": false,
    "split_source": "hidr_vita_sequential",
    "split_seed_used": "n/a",
    "split_patient_counts": {
      "train": 4233,
      "val": 1059,
      "test": 1058
    },
    "split_example_counts": {
      "train": 6256,
      "val": 1220,
      "test": 1206
    },
    "ddi_density": 0.05261303581914269,
    "ddi_upper_pairs": 448,
    "ddi_total_pairs": 8515,
    "loaded_artifacts": {
      "records": "data/processed/records_final.pkl",
      "cohort": "data/processed/cohort_mimic3.pkl",
      "ddi": "data/processed/ddi_A_final.pkl",
      "ehr": "data/processed/ehr_adj_final.pkl",
      "embeddings": "data/embeddings/code_embeddings.pt",
      "notes": "data/processed/note_embeddings_mimic3.pkl",
      "labs": "data/processed/lab_vectors_200labs.pkl"
    }
  },
  "param_counts": {
    "visit_encoder": {
      "total": 3534609,
      "trainable": 932625
    },
    "fusion": {
      "total": 423808,
      "trainable": 423808
    },
    "drug_gnn": {
      "total": 1974080,
      "trainable": 1974080
    },
    "predictor": {
      "total": 369990,
      "trainable": 369990
    },
    "model_total": {
      "total": 6565655,
      "trainable": 3963671
    }
  },
  "threshold_sweep": {
    "0.4": {
      "Jaccard": 0.546161,
      "Avg Meds": 24.64345,
      "Avg True Meds": 19.901327,
      "DDI Rate": 0.08427
    },
    "0.45": {
      "Jaccard": 0.54966,
      "Avg Meds": 23.729685,
      "Avg True Meds": 19.901327,
      "DDI Rate": 0.084697
    },
    "0.5": {
      "Jaccard": 0.5515,
      "Avg Meds": 22.866501,
      "Avg True Meds": 19.901327,
      "DDI Rate": 0.085159
    },
    "0.55": {
      "Jaccard": 0.552891,
      "Avg Meds": 21.968491,
      "Avg True Meds": 19.901327,
      "DDI Rate": 0.085944
    },
    "0.6": {
      "Jaccard": 0.553848,
      "Avg Meds": 21.125208,
      "Avg True Meds": 19.901327,
      "DDI Rate": 0.086379
    },
    "0.65": {
      "Jaccard": 0.552124,
      "Avg Meds": 20.305969,
      "Avg True Meds": 19.901327,
      "DDI Rate": 0.086641
    },
    "0.7": {
      "Jaccard": 0.548779,
      "Avg Meds": 19.409618,
      "Avg True Meds": 19.901327,
      "DDI Rate": 0.087093
    },
    "0.75": {
      "Jaccard": 0.54365,
      "Avg Meds": 18.480928,
      "Avg True Meds": 19.901327,
      "DDI Rate": 0.088134
    }
  },
  "calibrated_threshold": 0.65,
  "calibrated_metrics": {
    "Jaccard": 0.552124,
    "Avg Meds": 20.305969,
    "Avg True Meds": 19.901327,
    "DDI Rate": 0.086641
  },
  "config": {
    "hidden_dim": 256,
    "use_notes": true,
    "use_labs": true,
    "use_copy": false,
    "fusion_strategy": "film",
    "lab_dim": 400,
    "pos_weight_cap": 5.0,
    "use_cosine_lr": false,
    "contrastive_weight": 0.0,
    "margin_loss_weight": 0.0,
    "alignment_loss_weight": 0.1,
    "alignment_start_epoch": 1,
    "alignment_ramp_epochs": 0
  }
}