{
  "seed": 42,
  "ablation": "full",
  "mimic_version": 3,
  "mimic4_full": false,
  "cohort_tag": "mimic3",
  "best_val_jaccard": 0.5676392316818237,
  "test_metrics": {
    "Jaccard": 0.5632966160774231,
    "F1": 0.713030219078064,
    "PRAUC": 0.7966645428322209,
    "DDI Rate": 0.07799434478033972,
    "Avg Meds": 21.441957473754883,
    "Avg True Meds": 19.90132713317871,
    "Precision": 0.6977028846740723,
    "Recall": 0.7522674202919006,
    "NHJ_new": 0.2732948692221391,
    "NHJ_dropped": 0.3008226109178443,
    "CVR": 0.0
  },
  "data_diagnostics": {
    "split_mode_requested": "hidr_vita",
    "require_cohort_split": false,
    "split_source": "hidr_vita_sequential",
    "split_seed_used": "n/a",
    "split_patient_counts": {
      "train": 4233,
      "val": 1059,
      "test": 1058
    },
    "split_example_counts": {
      "train": 6256,
      "val": 1220,
      "test": 1206
    },
    "ddi_density": 0.05261303581914269,
    "ddi_upper_pairs": 448,
    "ddi_total_pairs": 8515,
    "loaded_artifacts": {
      "records": "data/processed/records_final.pkl",
      "cohort": "data/processed/cohort_mimic3.pkl",
      "ddi": "data/processed/ddi_A_final.pkl",
      "ehr": "data/processed/ehr_adj_final.pkl",
      "embeddings": "data/embeddings/code_embeddings.pt",
      "notes": "data/processed/note_embeddings_mimic3.pkl",
      "labs": "data/processed/lab_vectors_200labs.pkl"
    }
  },
  "param_counts": {
    "visit_encoder": {
      "total": 5108993,
      "trainable": 2507009
    },
    "fusion": {
      "total": 423808,
      "trainable": 423808
    },
    "drug_gnn": {
      "total": 1974080,
      "trainable": 1974080
    },
    "predictor": {
      "total": 559560,
      "trainable": 559560
    },
    "model_total": {
      "total": 8329609,
      "trainable": 5727625
    }
  },
  "threshold_sweep": {
    "0.4": {
      "Jaccard": 0.562803,
      "Avg Meds": 22.98922,
      "Avg True Meds": 19.901327,
      "DDI Rate": 0.078519
    },
    "0.45": {
      "Jaccard": 0.564365,
      "Avg Meds": 22.189054,
      "Avg True Meds": 19.901327,
      "DDI Rate": 0.077931
    },
    "0.5": {
      "Jaccard": 0.563297,
      "Avg Meds": 21.441957,
      "Avg True Meds": 19.901327,
      "DDI Rate": 0.077994
    },
    "0.55": {
      "Jaccard": 0.56166,
      "Avg Meds": 20.703979,
      "Avg True Meds": 19.901327,
      "DDI Rate": 0.077606
    },
    "0.6": {
      "Jaccard": 0.560181,
      "Avg Meds": 19.97015,
      "Avg True Meds": 19.901327,
      "DDI Rate": 0.07706
    },
    "0.65": {
      "Jaccard": 0.557935,
      "Avg Meds": 19.229685,
      "Avg True Meds": 19.901327,
      "DDI Rate": 0.07695
    },
    "0.7": {
      "Jaccard": 0.5537,
      "Avg Meds": 18.45854,
      "Avg True Meds": 19.901327,
      "DDI Rate": 0.076701
    },
    "0.75": {
      "Jaccard": 0.548288,
      "Avg Meds": 17.631842,
      "Avg True Meds": 19.901327,
      "DDI Rate": 0.076164
    }
  },
  "calibrated_threshold": 0.6,
  "calibrated_metrics": {
    "Jaccard": 0.560181,
    "Avg Meds": 19.97015,
    "Avg True Meds": 19.901327,
    "DDI Rate": 0.07706
  },
  "config": {
    "hidden_dim": 256,
    "use_notes": true,
    "use_labs": true,
    "use_copy": true,
    "fusion_strategy": "film",
    "lab_dim": 400,
    "pos_weight_cap": 5.0,
    "use_cosine_lr": false,
    "contrastive_weight": 0.0,
    "margin_loss_weight": 0.0,
    "alignment_loss_weight": 0.1,
    "alignment_start_epoch": 1,
    "alignment_ramp_epochs": 0
  }
}