{
  "seed": 123,
  "ablation": "full",
  "mimic_version": 3,
  "mimic4_full": false,
  "cohort_tag": "mimic3",
  "best_val_jaccard": 0.5538278818130493,
  "test_metrics": {
    "Jaccard": 0.5513473749160767,
    "F1": 0.7035301327705383,
    "PRAUC": 0.7927317320184005,
    "DDI Rate": 0.0801797173525129,
    "Avg Meds": 22.701492309570312,
    "Avg True Meds": 19.90132713317871,
    "Precision": 0.668222188949585,
    "Recall": 0.7659566402435303,
    "NHJ_new": 0.30888861731479045,
    "NHJ_dropped": 0.3862746608884711,
    "CVR": 0.0
  },
  "data_diagnostics": {
    "split_mode_requested": "hidr_vita",
    "require_cohort_split": false,
    "split_source": "hidr_vita_sequential",
    "split_seed_used": "n/a",
    "split_patient_counts": {
      "train": 4233,
      "val": 1059,
      "test": 1058
    },
    "split_example_counts": {
      "train": 6256,
      "val": 1220,
      "test": 1206
    },
    "ddi_density": 0.05261303581914269,
    "ddi_upper_pairs": 448,
    "ddi_total_pairs": 8515,
    "loaded_artifacts": {
      "records": "data/processed/records_final.pkl",
      "cohort": "data/processed/cohort_mimic3.pkl",
      "ddi": "data/processed/ddi_A_final.pkl",
      "ehr": "data/processed/ehr_adj_final.pkl",
      "embeddings": "data/embeddings/code_embeddings.pt",
      "notes": "data/processed/note_embeddings_mimic3.pkl",
      "labs": "data/processed/lab_vectors_200labs.pkl"
    }
  },
  "param_counts": {
    "visit_encoder": {
      "total": 4583681,
      "trainable": 1981697
    },
    "fusion": {
      "total": 423808,
      "trainable": 423808
    },
    "drug_gnn": {
      "total": 526080,
      "trainable": 526080
    },
    "predictor": {
      "total": 369990,
      "trainable": 369990
    },
    "model_total": {
      "total": 6166727,
      "trainable": 3564743
    }
  },
  "threshold_sweep": {
    "0.4": {
      "Jaccard": 0.545031,
      "Avg Meds": 24.368988,
      "Avg True Meds": 19.901327,
      "DDI Rate": 0.07978
    },
    "0.45": {
      "Jaccard": 0.548934,
      "Avg Meds": 23.485905,
      "Avg True Meds": 19.901327,
      "DDI Rate": 0.080078
    },
    "0.5": {
      "Jaccard": 0.551347,
      "Avg Meds": 22.701492,
      "Avg True Meds": 19.901327,
      "DDI Rate": 0.08018
    },
    "0.55": {
      "Jaccard": 0.552621,
      "Avg Meds": 21.944445,
      "Avg True Meds": 19.901327,
      "DDI Rate": 0.080723
    },
    "0.6": {
      "Jaccard": 0.552763,
      "Avg Meds": 21.167496,
      "Avg True Meds": 19.901327,
      "DDI Rate": 0.081143
    },
    "0.65": {
      "Jaccard": 0.551092,
      "Avg Meds": 20.39801,
      "Avg True Meds": 19.901327,
      "DDI Rate": 0.081503
    },
    "0.7": {
      "Jaccard": 0.550357,
      "Avg Meds": 19.594528,
      "Avg True Meds": 19.901327,
      "DDI Rate": 0.081343
    },
    "0.75": {
      "Jaccard": 0.547956,
      "Avg Meds": 18.759535,
      "Avg True Meds": 19.901327,
      "DDI Rate": 0.081448
    }
  },
  "calibrated_threshold": 0.7,
  "calibrated_metrics": {
    "Jaccard": 0.550357,
    "Avg Meds": 19.594528,
    "Avg True Meds": 19.901327,
    "DDI Rate": 0.081343
  },
  "config": {
    "hidden_dim": 256,
    "use_notes": true,
    "use_labs": true,
    "use_copy": false,
    "fusion_strategy": "film",
    "lab_dim": 400,
    "pos_weight_cap": 5.0,
    "use_cosine_lr": false,
    "contrastive_weight": 0.0,
    "margin_loss_weight": 0.0,
    "alignment_loss_weight": 0.1,
    "alignment_start_epoch": 1,
    "alignment_ramp_epochs": 0
  }
}