{
  "seed": 456,
  "ablation": "full",
  "mimic_version": 3,
  "mimic4_full": false,
  "cohort_tag": "mimic3",
  "best_val_jaccard": 0.5005062818527222,
  "test_metrics": {
    "Jaccard": 0.5031696557998657,
    "F1": 0.6613154411315918,
    "PRAUC": 0.7556631023181678,
    "DDI Rate": 0.08186677475701543,
    "Avg Meds": 23.600332260131836,
    "Avg True Meds": 19.90132713317871,
    "Precision": 0.6243131756782532,
    "Recall": 0.7483299970626831,
    "NHJ_new": 0.23741920841367622,
    "NHJ_dropped": 0.2840356489545421,
    "CVR": 0.0
  },
  "data_diagnostics": {
    "split_mode_requested": "hidr_vita",
    "require_cohort_split": false,
    "split_source": "hidr_vita_sequential",
    "split_seed_used": "n/a",
    "split_patient_counts": {
      "train": 4233,
      "val": 1059,
      "test": 1058
    },
    "split_example_counts": {
      "train": 6256,
      "val": 1220,
      "test": 1206
    },
    "ddi_density": 0.05261303581914269,
    "ddi_upper_pairs": 448,
    "ddi_total_pairs": 8515,
    "loaded_artifacts": {
      "records": "data/processed/records_final.pkl",
      "cohort": "data/processed/cohort_mimic3.pkl",
      "ddi": "data/processed/ddi_A_final.pkl",
      "ehr": "data/processed/ehr_adj_final.pkl",
      "embeddings": "data/embeddings/code_embeddings.pt"
    }
  },
  "param_counts": {
    "visit_encoder": {
      "total": 4649474,
      "trainable": 2047490
    },
    "drug_gnn": {
      "total": 1151776,
      "trainable": 1151776
    },
    "predictor": {
      "total": 262406,
      "trainable": 262404
    },
    "model_total": {
      "total": 6326824,
      "trainable": 3724838
    }
  },
  "threshold_sweep": {
    "0.4": {
      "Jaccard": 0.49756,
      "Avg Meds": 25.854893,
      "Avg True Meds": 19.901327,
      "DDI Rate": 0.079445
    },
    "0.45": {
      "Jaccard": 0.501256,
      "Avg Meds": 24.723051,
      "Avg True Meds": 19.901327,
      "DDI Rate": 0.080437
    },
    "0.5": {
      "Jaccard": 0.50317,
      "Avg Meds": 23.600332,
      "Avg True Meds": 19.901327,
      "DDI Rate": 0.081867
    },
    "0.55": {
      "Jaccard": 0.503951,
      "Avg Meds": 22.543947,
      "Avg True Meds": 19.901327,
      "DDI Rate": 0.082877
    },
    "0.6": {
      "Jaccard": 0.503203,
      "Avg Meds": 21.483416,
      "Avg True Meds": 19.901327,
      "DDI Rate": 0.084296
    },
    "0.65": {
      "Jaccard": 0.502405,
      "Avg Meds": 20.441128,
      "Avg True Meds": 19.901327,
      "DDI Rate": 0.085785
    },
    "0.7": {
      "Jaccard": 0.500706,
      "Avg Meds": 19.417082,
      "Avg True Meds": 19.901327,
      "DDI Rate": 0.086739
    },
    "0.75": {
      "Jaccard": 0.498105,
      "Avg Meds": 18.296848,
      "Avg True Meds": 19.901327,
      "DDI Rate": 0.088639
    }
  },
  "calibrated_threshold": 0.7,
  "calibrated_metrics": {
    "Jaccard": 0.500706,
    "Avg Meds": 19.417082,
    "Avg True Meds": 19.901327,
    "DDI Rate": 0.086739
  },
  "config": {
    "hidden_dim": 256,
    "use_notes": false,
    "use_labs": false,
    "use_copy": false,
    "fusion_strategy": "film",
    "lab_dim": 0,
    "pos_weight_cap": 5.0,
    "use_cosine_lr": false,
    "contrastive_weight": 0.0,
    "margin_loss_weight": 0.0,
    "alignment_loss_weight": 0.1,
    "alignment_start_epoch": 1,
    "alignment_ramp_epochs": 0
  }
}