{
  "seed": 42,
  "ablation": "full",
  "mimic_version": 3,
  "mimic4_full": false,
  "cohort_tag": "mimic3",
  "best_val_jaccard": 0.5074697136878967,
  "test_metrics": {
    "Jaccard": 0.5104281306266785,
    "F1": 0.668087363243103,
    "PRAUC": 0.7569039526156623,
    "DDI Rate": 0.08306087201306642,
    "Avg Meds": 23.411277770996094,
    "Avg True Meds": 19.90132713317871,
    "Precision": 0.6328312158584595,
    "Recall": 0.7508269548416138,
    "NHJ_new": 0.2451166785077045,
    "NHJ_dropped": 0.29080082868274887,
    "CVR": 0.0
  },
  "data_diagnostics": {
    "split_mode_requested": "hidr_vita",
    "require_cohort_split": false,
    "split_source": "hidr_vita_sequential",
    "split_seed_used": "n/a",
    "split_patient_counts": {
      "train": 4233,
      "val": 1059,
      "test": 1058
    },
    "split_example_counts": {
      "train": 6256,
      "val": 1220,
      "test": 1206
    },
    "ddi_density": 0.05261303581914269,
    "ddi_upper_pairs": 448,
    "ddi_total_pairs": 8515,
    "loaded_artifacts": {
      "records": "data/processed/records_final.pkl",
      "cohort": "data/processed/cohort_mimic3.pkl",
      "ddi": "data/processed/ddi_A_final.pkl",
      "ehr": "data/processed/ehr_adj_final.pkl",
      "embeddings": "data/embeddings/code_embeddings.pt",
      "labs": "data/processed/lab_vectors_5labs.pkl"
    }
  },
  "param_counts": {
    "visit_encoder": {
      "total": 4649474,
      "trainable": 2047490
    },
    "fusion": {
      "total": 398848,
      "trainable": 398848
    },
    "drug_gnn": {
      "total": 1151776,
      "trainable": 1151776
    },
    "predictor": {
      "total": 279494,
      "trainable": 279493
    },
    "model_total": {
      "total": 6742760,
      "trainable": 4140775
    }
  },
  "threshold_sweep": {
    "0.4": {
      "Jaccard": 0.505152,
      "Avg Meds": 25.452736,
      "Avg True Meds": 19.901327,
      "DDI Rate": 0.081203
    },
    "0.45": {
      "Jaccard": 0.508306,
      "Avg Meds": 24.407961,
      "Avg True Meds": 19.901327,
      "DDI Rate": 0.081766
    },
    "0.5": {
      "Jaccard": 0.510428,
      "Avg Meds": 23.411278,
      "Avg True Meds": 19.901327,
      "DDI Rate": 0.083061
    },
    "0.55": {
      "Jaccard": 0.510472,
      "Avg Meds": 22.45854,
      "Avg True Meds": 19.901327,
      "DDI Rate": 0.084072
    },
    "0.6": {
      "Jaccard": 0.510224,
      "Avg Meds": 21.511608,
      "Avg True Meds": 19.901327,
      "DDI Rate": 0.085613
    },
    "0.65": {
      "Jaccard": 0.509794,
      "Avg Meds": 20.533997,
      "Avg True Meds": 19.901327,
      "DDI Rate": 0.086636
    },
    "0.7": {
      "Jaccard": 0.507121,
      "Avg Meds": 19.531509,
      "Avg True Meds": 19.901327,
      "DDI Rate": 0.08796
    },
    "0.75": {
      "Jaccard": 0.503969,
      "Avg Meds": 18.543947,
      "Avg True Meds": 19.901327,
      "DDI Rate": 0.089515
    }
  },
  "calibrated_threshold": 0.7,
  "calibrated_metrics": {
    "Jaccard": 0.507121,
    "Avg Meds": 19.531509,
    "Avg True Meds": 19.901327,
    "DDI Rate": 0.08796
  },
  "config": {
    "hidden_dim": 256,
    "use_notes": false,
    "use_labs": true,
    "use_copy": false,
    "fusion_strategy": "film",
    "lab_dim": 10,
    "pos_weight_cap": 5.0,
    "use_cosine_lr": false,
    "contrastive_weight": 0.0,
    "margin_loss_weight": 0.0,
    "alignment_loss_weight": 0.1,
    "alignment_start_epoch": 1,
    "alignment_ramp_epochs": 0
  }
}