{
  "seed": 42,
  "ablation": "full",
  "mimic_version": 3,
  "mimic4_full": false,
  "cohort_tag": "mimic3",
  "best_val_jaccard": 0.5077045559883118,
  "test_metrics": {
    "Jaccard": 0.503431499004364,
    "F1": 0.6622832417488098,
    "PRAUC": 0.7531121426643296,
    "DDI Rate": 0.08889214381909098,
    "Avg Meds": 20.28689956665039,
    "Avg True Meds": 19.90132713317871,
    "Precision": 0.6659329533576965,
    "Recall": 0.6998140811920166,
    "NHJ_new": 0.21810099090400495,
    "NHJ_dropped": 0.32408436505418076,
    "CVR": 0.0
  },
  "data_diagnostics": {
    "split_mode_requested": "hidr_vita",
    "require_cohort_split": false,
    "split_source": "hidr_vita_sequential",
    "split_seed_used": "n/a",
    "split_patient_counts": {
      "train": 4233,
      "val": 1059,
      "test": 1058
    },
    "split_example_counts": {
      "train": 6256,
      "val": 1220,
      "test": 1206
    },
    "ddi_density": 0.05261303581914269,
    "ddi_upper_pairs": 448,
    "ddi_total_pairs": 8515,
    "loaded_artifacts": {
      "records": "data/processed/records_final.pkl",
      "cohort": "data/processed/cohort_mimic3.pkl",
      "ddi": "data/processed/ddi_A_final.pkl",
      "ehr": "data/processed/ehr_adj_final.pkl",
      "embeddings": "data/embeddings/code_embeddings.pt"
    }
  },
  "param_counts": {
    "visit_encoder": {
      "total": 3534609,
      "trainable": 932625
    },
    "drug_gnn": {
      "total": 1974080,
      "trainable": 1974080
    },
    "predictor": {
      "total": 262406,
      "trainable": 262404
    },
    "model_total": {
      "total": 6034263,
      "trainable": 3432277
    }
  },
  "threshold_sweep": {
    "0.4": {
      "Jaccard": 0.503381,
      "Avg Meds": 22.547264,
      "Avg True Meds": 19.901327,
      "DDI Rate": 0.08541
    },
    "0.45": {
      "Jaccard": 0.503814,
      "Avg Meds": 21.375622,
      "Avg True Meds": 19.901327,
      "DDI Rate": 0.086944
    },
    "0.5": {
      "Jaccard": 0.503431,
      "Avg Meds": 20.2869,
      "Avg True Meds": 19.901327,
      "DDI Rate": 0.088892
    },
    "0.55": {
      "Jaccard": 0.501731,
      "Avg Meds": 19.318407,
      "Avg True Meds": 19.901327,
      "DDI Rate": 0.089693
    },
    "0.6": {
      "Jaccard": 0.500457,
      "Avg Meds": 18.401327,
      "Avg True Meds": 19.901327,
      "DDI Rate": 0.090437
    },
    "0.65": {
      "Jaccard": 0.496076,
      "Avg Meds": 17.483416,
      "Avg True Meds": 19.901327,
      "DDI Rate": 0.090052
    },
    "0.7": {
      "Jaccard": 0.490025,
      "Avg Meds": 16.610281,
      "Avg True Meds": 19.901327,
      "DDI Rate": 0.090335
    },
    "0.75": {
      "Jaccard": 0.481816,
      "Avg Meds": 15.743781,
      "Avg True Meds": 19.901327,
      "DDI Rate": 0.090656
    }
  },
  "calibrated_threshold": 0.5,
  "calibrated_metrics": {
    "Jaccard": 0.503431,
    "Avg Meds": 20.2869,
    "Avg True Meds": 19.901327,
    "DDI Rate": 0.088892
  },
  "config": {
    "hidden_dim": 256,
    "use_notes": false,
    "use_labs": false,
    "use_copy": false,
    "fusion_strategy": "film",
    "lab_dim": 0,
    "pos_weight_cap": 5.0,
    "use_cosine_lr": false,
    "contrastive_weight": 0.0,
    "margin_loss_weight": 0.0,
    "alignment_loss_weight": 0.1,
    "alignment_start_epoch": 1,
    "alignment_ramp_epochs": 0
  }
}