{
  "seed": 1024,
  "ablation": "full",
  "mimic_version": 3,
  "mimic4_full": false,
  "cohort_tag": "mimic3",
  "best_val_jaccard": 0.5662489533424377,
  "test_metrics": {
    "Jaccard": 0.5655054450035095,
    "F1": 0.7149857878684998,
    "PRAUC": 0.7935496233138334,
    "DDI Rate": 0.08074645128886222,
    "Avg Meds": 21.7039794921875,
    "Avg True Meds": 19.90132713317871,
    "Precision": 0.6914016008377075,
    "Recall": 0.7629737257957458,
    "NHJ_new": 0.3018359573263871,
    "NHJ_dropped": 0.35033429923810455,
    "CVR": 0.0
  },
  "data_diagnostics": {
    "split_mode_requested": "hidr_vita",
    "require_cohort_split": false,
    "split_source": "hidr_vita_sequential",
    "split_seed_used": "n/a",
    "split_patient_counts": {
      "train": 4233,
      "val": 1059,
      "test": 1058
    },
    "split_example_counts": {
      "train": 6256,
      "val": 1220,
      "test": 1206
    },
    "ddi_density": 0.05261303581914269,
    "ddi_upper_pairs": 448,
    "ddi_total_pairs": 8515,
    "loaded_artifacts": {
      "records": "data/processed/records_final.pkl",
      "cohort": "data/processed/cohort_mimic3.pkl",
      "ddi": "data/processed/ddi_A_final.pkl",
      "ehr": "data/processed/ehr_adj_final.pkl",
      "embeddings": "data/embeddings/code_embeddings.pt",
      "notes": "data/processed/note_embeddings_mimic3.pkl",
      "labs": "data/processed/lab_vectors_200labs.pkl"
    }
  },
  "param_counts": {
    "visit_encoder": {
      "total": 5108993,
      "trainable": 2507009
    },
    "fusion": {
      "total": 423808,
      "trainable": 423808
    },
    "drug_gnn": {
      "total": 395008,
      "trainable": 395008
    },
    "predictor": {
      "total": 1613513,
      "trainable": 1423943
    },
    "model_total": {
      "total": 7738186,
      "trainable": 4946632
    }
  },
  "threshold_sweep": {
    "0.4": {
      "Jaccard": 0.564109,
      "Avg Meds": 22.756218,
      "Avg True Meds": 19.901327,
      "DDI Rate": 0.080706
    },
    "0.45": {
      "Jaccard": 0.564715,
      "Avg Meds": 22.21476,
      "Avg True Meds": 19.901327,
      "DDI Rate": 0.080738
    },
    "0.5": {
      "Jaccard": 0.565505,
      "Avg Meds": 21.703979,
      "Avg True Meds": 19.901327,
      "DDI Rate": 0.080746
    },
    "0.55": {
      "Jaccard": 0.566306,
      "Avg Meds": 21.25456,
      "Avg True Meds": 19.901327,
      "DDI Rate": 0.080987
    },
    "0.6": {
      "Jaccard": 0.565395,
      "Avg Meds": 20.767828,
      "Avg True Meds": 19.901327,
      "DDI Rate": 0.081152
    },
    "0.65": {
      "Jaccard": 0.564635,
      "Avg Meds": 20.239635,
      "Avg True Meds": 19.901327,
      "DDI Rate": 0.0817
    },
    "0.7": {
      "Jaccard": 0.562671,
      "Avg Meds": 19.72471,
      "Avg True Meds": 19.901327,
      "DDI Rate": 0.082014
    },
    "0.75": {
      "Jaccard": 0.560253,
      "Avg Meds": 19.164179,
      "Avg True Meds": 19.901327,
      "DDI Rate": 0.082158
    }
  },
  "calibrated_threshold": 0.7,
  "calibrated_metrics": {
    "Jaccard": 0.562671,
    "Avg Meds": 19.72471,
    "Avg True Meds": 19.901327,
    "DDI Rate": 0.082014
  },
  "config": {
    "hidden_dim": 256,
    "use_notes": true,
    "use_labs": true,
    "use_copy": true,
    "fusion_strategy": "film",
    "lab_dim": 400,
    "pos_weight_cap": 5.0,
    "use_cosine_lr": false,
    "contrastive_weight": 0.0,
    "margin_loss_weight": 0.0,
    "alignment_loss_weight": 0.1,
    "alignment_start_epoch": 1,
    "alignment_ramp_epochs": 0
  }
}