{
  "seed": 123,
  "ablation": "full",
  "mimic_version": 3,
  "mimic4_full": false,
  "cohort_tag": "mimic3",
  "best_val_jaccard": 0.5106309652328491,
  "test_metrics": {
    "Jaccard": 0.5134264230728149,
    "F1": 0.670738935470581,
    "PRAUC": 0.7634183229118903,
    "DDI Rate": 0.08131687823639941,
    "Avg Meds": 23.41376495361328,
    "Avg True Meds": 19.90132713317871,
    "Precision": 0.6350705027580261,
    "Recall": 0.752474308013916,
    "NHJ_new": 0.254176317076934,
    "NHJ_dropped": 0.30391441364037364,
    "CVR": 0.0
  },
  "data_diagnostics": {
    "split_mode_requested": "hidr_vita",
    "require_cohort_split": false,
    "split_source": "hidr_vita_sequential",
    "split_seed_used": "n/a",
    "split_patient_counts": {
      "train": 4233,
      "val": 1059,
      "test": 1058
    },
    "split_example_counts": {
      "train": 6256,
      "val": 1220,
      "test": 1206
    },
    "ddi_density": 0.05261303581914269,
    "ddi_upper_pairs": 448,
    "ddi_total_pairs": 8515,
    "loaded_artifacts": {
      "records": "data/processed/records_final.pkl",
      "cohort": "data/processed/cohort_mimic3.pkl",
      "ddi": "data/processed/ddi_A_final.pkl",
      "ehr": "data/processed/ehr_adj_final.pkl",
      "embeddings": "data/embeddings/code_embeddings.pt",
      "labs": "data/processed/lab_vectors_10labs.pkl"
    }
  },
  "param_counts": {
    "visit_encoder": {
      "total": 4649474,
      "trainable": 2047490
    },
    "fusion": {
      "total": 399488,
      "trainable": 399488
    },
    "drug_gnn": {
      "total": 1151776,
      "trainable": 1151776
    },
    "predictor": {
      "total": 280134,
      "trainable": 280133
    },
    "model_total": {
      "total": 6744040,
      "trainable": 4142055
    }
  },
  "threshold_sweep": {
    "0.4": {
      "Jaccard": 0.505655,
      "Avg Meds": 25.747927,
      "Avg True Meds": 19.901327,
      "DDI Rate": 0.079623
    },
    "0.45": {
      "Jaccard": 0.51046,
      "Avg Meds": 24.566336,
      "Avg True Meds": 19.901327,
      "DDI Rate": 0.080529
    },
    "0.5": {
      "Jaccard": 0.513426,
      "Avg Meds": 23.413765,
      "Avg True Meds": 19.901327,
      "DDI Rate": 0.081317
    },
    "0.55": {
      "Jaccard": 0.514895,
      "Avg Meds": 22.324213,
      "Avg True Meds": 19.901327,
      "DDI Rate": 0.08267
    },
    "0.6": {
      "Jaccard": 0.51347,
      "Avg Meds": 21.280266,
      "Avg True Meds": 19.901327,
      "DDI Rate": 0.083233
    },
    "0.65": {
      "Jaccard": 0.512644,
      "Avg Meds": 20.258707,
      "Avg True Meds": 19.901327,
      "DDI Rate": 0.084295
    },
    "0.7": {
      "Jaccard": 0.509683,
      "Avg Meds": 19.211443,
      "Avg True Meds": 19.901327,
      "DDI Rate": 0.085791
    },
    "0.75": {
      "Jaccard": 0.505002,
      "Avg Meds": 18.076284,
      "Avg True Meds": 19.901327,
      "DDI Rate": 0.087024
    }
  },
  "calibrated_threshold": 0.65,
  "calibrated_metrics": {
    "Jaccard": 0.512644,
    "Avg Meds": 20.258707,
    "Avg True Meds": 19.901327,
    "DDI Rate": 0.084295
  },
  "config": {
    "hidden_dim": 256,
    "use_notes": false,
    "use_labs": true,
    "use_copy": false,
    "fusion_strategy": "film",
    "lab_dim": 20,
    "pos_weight_cap": 5.0,
    "use_cosine_lr": false,
    "contrastive_weight": 0.0,
    "margin_loss_weight": 0.0,
    "alignment_loss_weight": 0.1,
    "alignment_start_epoch": 1,
    "alignment_ramp_epochs": 0
  }
}