{
  "seed": 42,
  "ablation": "full",
  "mimic_version": 3,
  "mimic4_full": false,
  "cohort_tag": "mimic3",
  "best_val_jaccard": 0.5301190614700317,
  "test_metrics": {
    "Jaccard": 0.5302159190177917,
    "F1": 0.6855641603469849,
    "PRAUC": 0.7752646587545589,
    "DDI Rate": 0.08750765835324804,
    "Avg Meds": 21.174129486083984,
    "Avg True Meds": 19.90132713317871,
    "Precision": 0.6748591661453247,
    "Recall": 0.7258400321006775,
    "NHJ_new": 0.2772311403563148,
    "NHJ_dropped": 0.39019660416402313,
    "CVR": 0.0
  },
  "data_diagnostics": {
    "split_mode_requested": "hidr_vita",
    "require_cohort_split": false,
    "split_source": "hidr_vita_sequential",
    "split_seed_used": "n/a",
    "split_patient_counts": {
      "train": 4233,
      "val": 1059,
      "test": 1058
    },
    "split_example_counts": {
      "train": 6256,
      "val": 1220,
      "test": 1206
    },
    "ddi_density": 0.05261303581914269,
    "ddi_upper_pairs": 448,
    "ddi_total_pairs": 8515,
    "loaded_artifacts": {
      "records": "data/processed/records_final.pkl",
      "cohort": "data/processed/cohort_mimic3.pkl",
      "ddi": "data/processed/ddi_A_final.pkl",
      "ehr": "data/processed/ehr_adj_final.pkl",
      "embeddings": "data/embeddings/code_embeddings.pt",
      "notes": "data/processed/note_embeddings_mimic3.pkl"
    }
  },
  "param_counts": {
    "visit_encoder": {
      "total": 3793665,
      "trainable": 1191681
    },
    "fusion": {
      "total": 400512,
      "trainable": 400512
    },
    "drug_gnn": {
      "total": 1974080,
      "trainable": 1974080
    },
    "predictor": {
      "total": 327942,
      "trainable": 327941
    },
    "model_total": {
      "total": 6759367,
      "trainable": 4157382
    }
  },
  "threshold_sweep": {
    "0.4": {
      "Jaccard": 0.528614,
      "Avg Meds": 23.121061,
      "Avg True Meds": 19.901327,
      "DDI Rate": 0.085536
    },
    "0.45": {
      "Jaccard": 0.530576,
      "Avg Meds": 22.132669,
      "Avg True Meds": 19.901327,
      "DDI Rate": 0.086666
    },
    "0.5": {
      "Jaccard": 0.530216,
      "Avg Meds": 21.174129,
      "Avg True Meds": 19.901327,
      "DDI Rate": 0.087508
    },
    "0.55": {
      "Jaccard": 0.529471,
      "Avg Meds": 20.234659,
      "Avg True Meds": 19.901327,
      "DDI Rate": 0.088339
    },
    "0.6": {
      "Jaccard": 0.527618,
      "Avg Meds": 19.393864,
      "Avg True Meds": 19.901327,
      "DDI Rate": 0.089329
    },
    "0.65": {
      "Jaccard": 0.523492,
      "Avg Meds": 18.538971,
      "Avg True Meds": 19.901327,
      "DDI Rate": 0.090166
    },
    "0.7": {
      "Jaccard": 0.51901,
      "Avg Meds": 17.592869,
      "Avg True Meds": 19.901327,
      "DDI Rate": 0.090939
    },
    "0.75": {
      "Jaccard": 0.511852,
      "Avg Meds": 16.599503,
      "Avg True Meds": 19.901327,
      "DDI Rate": 0.090906
    }
  },
  "calibrated_threshold": 0.55,
  "calibrated_metrics": {
    "Jaccard": 0.529471,
    "Avg Meds": 20.234659,
    "Avg True Meds": 19.901327,
    "DDI Rate": 0.088339
  },
  "config": {
    "hidden_dim": 256,
    "use_notes": true,
    "use_labs": false,
    "use_copy": false,
    "fusion_strategy": "film",
    "lab_dim": 0,
    "pos_weight_cap": 5.0,
    "use_cosine_lr": false,
    "contrastive_weight": 0.0,
    "margin_loss_weight": 0.0,
    "alignment_loss_weight": 0.1,
    "alignment_start_epoch": 1,
    "alignment_ramp_epochs": 0
  }
}