{
  "seed": 42,
  "ablation": "full",
  "mimic_version": 3,
  "mimic4_full": false,
  "cohort_tag": "mimic3",
  "best_val_jaccard": 0.5512205362319946,
  "test_metrics": {
    "Jaccard": 0.5476076006889343,
    "F1": 0.7005841732025146,
    "PRAUC": 0.7859748947149778,
    "DDI Rate": 0.0833730721447664,
    "Avg Meds": 22.34328269958496,
    "Avg True Meds": 19.90132713317871,
    "Precision": 0.6706450581550598,
    "Recall": 0.7564566135406494,
    "NHJ_new": 0.2995785451249072,
    "NHJ_dropped": 0.390955797935787,
    "CVR": 0.0
  },
  "data_diagnostics": {
    "split_mode_requested": "hidr_vita",
    "require_cohort_split": false,
    "split_source": "hidr_vita_sequential",
    "split_seed_used": "n/a",
    "split_patient_counts": {
      "train": 4233,
      "val": 1059,
      "test": 1058
    },
    "split_example_counts": {
      "train": 6256,
      "val": 1220,
      "test": 1206
    },
    "ddi_density": 0.05261303581914269,
    "ddi_upper_pairs": 448,
    "ddi_total_pairs": 8515,
    "loaded_artifacts": {
      "records": "data/processed/records_final.pkl",
      "cohort": "data/processed/cohort_mimic3.pkl",
      "ddi": "data/processed/ddi_A_final.pkl",
      "ehr": "data/processed/ehr_adj_final.pkl",
      "embeddings": "data/embeddings/code_embeddings.pt",
      "notes": "data/processed/note_embeddings_mimic3.pkl",
      "labs": "data/processed/lab_vectors_200labs.pkl"
    }
  },
  "param_counts": {
    "visit_encoder": {
      "total": 4583681,
      "trainable": 1981697
    },
    "fusion": {
      "total": 423808,
      "trainable": 423808
    },
    "drug_gnn": {
      "total": 1974080,
      "trainable": 1974080
    },
    "predictor": {
      "total": 765254,
      "trainable": 765254
    },
    "model_total": {
      "total": 8009991,
      "trainable": 5408007
    }
  },
  "threshold_sweep": {
    "0.4": {
      "Jaccard": 0.544938,
      "Avg Meds": 24.116087,
      "Avg True Meds": 19.901327,
      "DDI Rate": 0.082535
    },
    "0.45": {
      "Jaccard": 0.546779,
      "Avg Meds": 23.237148,
      "Avg True Meds": 19.901327,
      "DDI Rate": 0.082838
    },
    "0.5": {
      "Jaccard": 0.547608,
      "Avg Meds": 22.343283,
      "Avg True Meds": 19.901327,
      "DDI Rate": 0.083373
    },
    "0.55": {
      "Jaccard": 0.547701,
      "Avg Meds": 21.532339,
      "Avg True Meds": 19.901327,
      "DDI Rate": 0.08383
    },
    "0.6": {
      "Jaccard": 0.547792,
      "Avg Meds": 20.757877,
      "Avg True Meds": 19.901327,
      "DDI Rate": 0.083831
    },
    "0.65": {
      "Jaccard": 0.547401,
      "Avg Meds": 19.966833,
      "Avg True Meds": 19.901327,
      "DDI Rate": 0.084532
    },
    "0.7": {
      "Jaccard": 0.546441,
      "Avg Meds": 19.134329,
      "Avg True Meds": 19.901327,
      "DDI Rate": 0.084825
    },
    "0.75": {
      "Jaccard": 0.542285,
      "Avg Meds": 18.291044,
      "Avg True Meds": 19.901327,
      "DDI Rate": 0.08619
    }
  },
  "calibrated_threshold": 0.65,
  "calibrated_metrics": {
    "Jaccard": 0.547401,
    "Avg Meds": 19.966833,
    "Avg True Meds": 19.901327,
    "DDI Rate": 0.084532
  },
  "config": {
    "hidden_dim": 256,
    "use_notes": true,
    "use_labs": true,
    "use_copy": false,
    "fusion_strategy": "film",
    "lab_dim": 400,
    "pos_weight_cap": 5.0,
    "use_cosine_lr": false,
    "contrastive_weight": 0.0,
    "margin_loss_weight": 0.0,
    "alignment_loss_weight": 0.1,
    "alignment_start_epoch": 1,
    "alignment_ramp_epochs": 0
  }
}