{
  "seed": 123,
  "ablation": "full",
  "mimic_version": 3,
  "mimic4_full": false,
  "cohort_tag": "mimic3",
  "best_val_jaccard": 0.5400562882423401,
  "test_metrics": {
    "Jaccard": 0.5379296541213989,
    "F1": 0.6918272972106934,
    "PRAUC": 0.7782743333241973,
    "DDI Rate": 0.08175639269554605,
    "Avg Meds": 21.75621795654297,
    "Avg True Meds": 19.90132713317871,
    "Precision": 0.675765335559845,
    "Recall": 0.735845685005188,
    "NHJ_new": 0.2813627233630733,
    "NHJ_dropped": 0.38518846976129634,
    "CVR": 0.0
  },
  "data_diagnostics": {
    "split_mode_requested": "hidr_vita",
    "require_cohort_split": false,
    "split_source": "hidr_vita_sequential",
    "split_seed_used": "n/a",
    "split_patient_counts": {
      "train": 4233,
      "val": 1059,
      "test": 1058
    },
    "split_example_counts": {
      "train": 6256,
      "val": 1220,
      "test": 1206
    },
    "ddi_density": 0.05261303581914269,
    "ddi_upper_pairs": 448,
    "ddi_total_pairs": 8515,
    "loaded_artifacts": {
      "records": "data/processed/records_final.pkl",
      "cohort": "data/processed/cohort_mimic3.pkl",
      "ddi": "data/processed/ddi_A_final.pkl",
      "ehr": "data/processed/ehr_adj_final.pkl",
      "embeddings": "data/embeddings/code_embeddings.pt",
      "labs": "data/processed/lab_vectors_200labs.pkl"
    }
  },
  "param_counts": {
    "visit_encoder": {
      "total": 4583681,
      "trainable": 1981697
    },
    "fusion": {
      "total": 423808,
      "trainable": 423808
    },
    "drug_gnn": {
      "total": 1974080,
      "trainable": 1974080
    },
    "predictor": {
      "total": 304454,
      "trainable": 304453
    },
    "model_total": {
      "total": 7549191,
      "trainable": 4947206
    }
  },
  "threshold_sweep": {
    "0.4": {
      "Jaccard": 0.534764,
      "Avg Meds": 23.543947,
      "Avg True Meds": 19.901327,
      "DDI Rate": 0.080925
    },
    "0.45": {
      "Jaccard": 0.536302,
      "Avg Meds": 22.626865,
      "Avg True Meds": 19.901327,
      "DDI Rate": 0.081207
    },
    "0.5": {
      "Jaccard": 0.53793,
      "Avg Meds": 21.756218,
      "Avg True Meds": 19.901327,
      "DDI Rate": 0.081756
    },
    "0.55": {
      "Jaccard": 0.536311,
      "Avg Meds": 20.954395,
      "Avg True Meds": 19.901327,
      "DDI Rate": 0.082557
    },
    "0.6": {
      "Jaccard": 0.534948,
      "Avg Meds": 20.119404,
      "Avg True Meds": 19.901327,
      "DDI Rate": 0.082574
    },
    "0.65": {
      "Jaccard": 0.533473,
      "Avg Meds": 19.288557,
      "Avg True Meds": 19.901327,
      "DDI Rate": 0.082478
    },
    "0.7": {
      "Jaccard": 0.529656,
      "Avg Meds": 18.42952,
      "Avg True Meds": 19.901327,
      "DDI Rate": 0.083063
    },
    "0.75": {
      "Jaccard": 0.525048,
      "Avg Meds": 17.557215,
      "Avg True Meds": 19.901327,
      "DDI Rate": 0.083179
    }
  },
  "calibrated_threshold": 0.6,
  "calibrated_metrics": {
    "Jaccard": 0.534948,
    "Avg Meds": 20.119404,
    "Avg True Meds": 19.901327,
    "DDI Rate": 0.082574
  },
  "config": {
    "hidden_dim": 256,
    "use_notes": false,
    "use_labs": true,
    "use_copy": false,
    "fusion_strategy": "film",
    "lab_dim": 400,
    "pos_weight_cap": 5.0,
    "use_cosine_lr": false,
    "contrastive_weight": 0.0,
    "margin_loss_weight": 0.0,
    "alignment_loss_weight": 0.1,
    "alignment_start_epoch": 1,
    "alignment_ramp_epochs": 0
  }
}