{
  "seed": 789,
  "ablation": "full",
  "mimic_version": 3,
  "mimic4_full": false,
  "cohort_tag": "mimic3",
  "best_val_jaccard": 0.5548057556152344,
  "test_metrics": {
    "Jaccard": 0.5563547611236572,
    "F1": 0.7071222066879272,
    "PRAUC": 0.7910441907003205,
    "DDI Rate": 0.07992682521204057,
    "Avg Meds": 22.019901275634766,
    "Avg True Meds": 19.90132713317871,
    "Precision": 0.6801716089248657,
    "Recall": 0.7643266916275024,
    "NHJ_new": 0.2827522856624503,
    "NHJ_dropped": 0.32803991436958313,
    "CVR": 0.0
  },
  "data_diagnostics": {
    "split_mode_requested": "hidr_vita",
    "require_cohort_split": false,
    "split_source": "hidr_vita_sequential",
    "split_seed_used": "n/a",
    "split_patient_counts": {
      "train": 4233,
      "val": 1059,
      "test": 1058
    },
    "split_example_counts": {
      "train": 6256,
      "val": 1220,
      "test": 1206
    },
    "ddi_density": 0.05261303581914269,
    "ddi_upper_pairs": 448,
    "ddi_total_pairs": 8515,
    "loaded_artifacts": {
      "records": "data/processed/records_final.pkl",
      "cohort": "data/processed/cohort_mimic3.pkl",
      "ddi": "data/processed/ddi_A_final.pkl",
      "ehr": "data/processed/ehr_adj_final.pkl",
      "embeddings": "data/embeddings/code_embeddings.pt",
      "notes": "data/processed/note_embeddings_mimic3.pkl"
    }
  },
  "param_counts": {
    "visit_encoder": {
      "total": 5108993,
      "trainable": 2507009
    },
    "fusion": {
      "total": 400512,
      "trainable": 400512
    },
    "drug_gnn": {
      "total": 395008,
      "trainable": 395008
    },
    "predictor": {
      "total": 1381895,
      "trainable": 1381894
    },
    "model_total": {
      "total": 7549576,
      "trainable": 4947591
    }
  },
  "threshold_sweep": {
    "0.4": {
      "Jaccard": 0.554772,
      "Avg Meds": 23.133499,
      "Avg True Meds": 19.901327,
      "DDI Rate": 0.079801
    },
    "0.45": {
      "Jaccard": 0.554954,
      "Avg Meds": 22.564676,
      "Avg True Meds": 19.901327,
      "DDI Rate": 0.079542
    },
    "0.5": {
      "Jaccard": 0.556355,
      "Avg Meds": 22.019901,
      "Avg True Meds": 19.901327,
      "DDI Rate": 0.079927
    },
    "0.55": {
      "Jaccard": 0.557202,
      "Avg Meds": 21.512438,
      "Avg True Meds": 19.901327,
      "DDI Rate": 0.080151
    },
    "0.6": {
      "Jaccard": 0.557432,
      "Avg Meds": 21.01078,
      "Avg True Meds": 19.901327,
      "DDI Rate": 0.080103
    },
    "0.65": {
      "Jaccard": 0.556629,
      "Avg Meds": 20.506634,
      "Avg True Meds": 19.901327,
      "DDI Rate": 0.08053
    },
    "0.7": {
      "Jaccard": 0.554158,
      "Avg Meds": 19.948591,
      "Avg True Meds": 19.901327,
      "DDI Rate": 0.080796
    },
    "0.75": {
      "Jaccard": 0.551282,
      "Avg Meds": 19.325871,
      "Avg True Meds": 19.901327,
      "DDI Rate": 0.081173
    }
  },
  "calibrated_threshold": 0.7,
  "calibrated_metrics": {
    "Jaccard": 0.554158,
    "Avg Meds": 19.948591,
    "Avg True Meds": 19.901327,
    "DDI Rate": 0.080796
  },
  "config": {
    "hidden_dim": 256,
    "use_notes": true,
    "use_labs": false,
    "use_copy": false,
    "fusion_strategy": "film",
    "lab_dim": 0,
    "pos_weight_cap": 5.0,
    "use_cosine_lr": false,
    "contrastive_weight": 0.0,
    "margin_loss_weight": 0.0,
    "alignment_loss_weight": 0.1,
    "alignment_start_epoch": 1,
    "alignment_ramp_epochs": 0
  }
}