{
  "seed": 123,
  "ablation": "full",
  "mimic_version": 3,
  "mimic4_full": false,
  "cohort_tag": "mimic3",
  "best_val_jaccard": 0.5433445572853088,
  "test_metrics": {
    "Jaccard": 0.5414319634437561,
    "F1": 0.6947761178016663,
    "PRAUC": 0.7846315333304951,
    "DDI Rate": 0.07648663723111669,
    "Avg Meds": 23.951906204223633,
    "Avg True Meds": 19.90132713317871,
    "Precision": 0.6457745432853699,
    "Recall": 0.7802385687828064,
    "NHJ_new": 0.30030945178709534,
    "NHJ_dropped": 0.3425142686618002,
    "CVR": 0.0
  },
  "data_diagnostics": {
    "split_mode_requested": "hidr_vita",
    "require_cohort_split": false,
    "split_source": "hidr_vita_sequential",
    "split_seed_used": "n/a",
    "split_patient_counts": {
      "train": 4233,
      "val": 1059,
      "test": 1058
    },
    "split_example_counts": {
      "train": 6256,
      "val": 1220,
      "test": 1206
    },
    "ddi_density": 0.05261303581914269,
    "ddi_upper_pairs": 448,
    "ddi_total_pairs": 8515,
    "loaded_artifacts": {
      "records": "data/processed/records_final.pkl",
      "cohort": "data/processed/cohort_mimic3.pkl",
      "ddi": "data/processed/ddi_A_final.pkl",
      "ehr": "data/processed/ehr_adj_final.pkl",
      "embeddings": "data/embeddings/code_embeddings.pt",
      "notes": "data/processed/note_embeddings_mimic3.pkl"
    }
  },
  "param_counts": {
    "visit_encoder": {
      "total": 4583681,
      "trainable": 1981697
    },
    "fusion": {
      "total": 400512,
      "trainable": 400512
    },
    "drug_gnn": {
      "total": 789792,
      "trainable": 789792
    },
    "predictor": {
      "total": 327942,
      "trainable": 327941
    },
    "model_total": {
      "total": 6365095,
      "trainable": 3763110
    }
  },
  "threshold_sweep": {
    "0.4": {
      "Jaccard": 0.533741,
      "Avg Meds": 25.852406,
      "Avg True Meds": 19.901327,
      "DDI Rate": 0.076133
    },
    "0.45": {
      "Jaccard": 0.537699,
      "Avg Meds": 24.886402,
      "Avg True Meds": 19.901327,
      "DDI Rate": 0.076463
    },
    "0.5": {
      "Jaccard": 0.541432,
      "Avg Meds": 23.951906,
      "Avg True Meds": 19.901327,
      "DDI Rate": 0.076487
    },
    "0.55": {
      "Jaccard": 0.54492,
      "Avg Meds": 23.089552,
      "Avg True Meds": 19.901327,
      "DDI Rate": 0.077035
    },
    "0.6": {
      "Jaccard": 0.545767,
      "Avg Meds": 22.186567,
      "Avg True Meds": 19.901327,
      "DDI Rate": 0.076924
    },
    "0.65": {
      "Jaccard": 0.545254,
      "Avg Meds": 21.233831,
      "Avg True Meds": 19.901327,
      "DDI Rate": 0.07721
    },
    "0.7": {
      "Jaccard": 0.54534,
      "Avg Meds": 20.345772,
      "Avg True Meds": 19.901327,
      "DDI Rate": 0.078009
    },
    "0.75": {
      "Jaccard": 0.542087,
      "Avg Meds": 19.416252,
      "Avg True Meds": 19.901327,
      "DDI Rate": 0.078663
    }
  },
  "calibrated_threshold": 0.7,
  "calibrated_metrics": {
    "Jaccard": 0.54534,
    "Avg Meds": 20.345772,
    "Avg True Meds": 19.901327,
    "DDI Rate": 0.078009
  },
  "config": {
    "hidden_dim": 256,
    "use_notes": true,
    "use_labs": false,
    "use_copy": false,
    "fusion_strategy": "film",
    "lab_dim": 0,
    "pos_weight_cap": 5.0,
    "use_cosine_lr": false,
    "contrastive_weight": 0.0,
    "margin_loss_weight": 0.0,
    "alignment_loss_weight": 0.1,
    "alignment_start_epoch": 1,
    "alignment_ramp_epochs": 0
  }
}