{
  "seed": 42,
  "ablation": "full",
  "mimic_version": 3,
  "mimic4_full": false,
  "cohort_tag": "mimic3",
  "best_val_jaccard": 0.5533611178398132,
  "test_metrics": {
    "Jaccard": 0.5529670715332031,
    "F1": 0.7043468356132507,
    "PRAUC": 0.7849929511268416,
    "DDI Rate": 0.07980793916223174,
    "Avg Meds": 21.44444465637207,
    "Avg True Meds": 19.90132713317871,
    "Precision": 0.6859109997749329,
    "Recall": 0.7491785287857056,
    "NHJ_new": 0.26980637798183843,
    "NHJ_dropped": 0.32516609838134364,
    "CVR": 0.0
  },
  "data_diagnostics": {
    "split_mode_requested": "hidr_vita",
    "require_cohort_split": false,
    "split_source": "hidr_vita_sequential",
    "split_seed_used": "n/a",
    "split_patient_counts": {
      "train": 4233,
      "val": 1059,
      "test": 1058
    },
    "split_example_counts": {
      "train": 6256,
      "val": 1220,
      "test": 1206
    },
    "ddi_density": 0.05261303581914269,
    "ddi_upper_pairs": 448,
    "ddi_total_pairs": 8515,
    "loaded_artifacts": {
      "records": "data/processed/records_final.pkl",
      "cohort": "data/processed/cohort_mimic3.pkl",
      "ddi": "data/processed/ddi_A_final.pkl",
      "ehr": "data/processed/ehr_adj_final.pkl",
      "embeddings": "data/embeddings/code_embeddings.pt",
      "labs": "data/processed/lab_vectors_200labs.pkl"
    }
  },
  "param_counts": {
    "visit_encoder": {
      "total": 5108993,
      "trainable": 2507009
    },
    "fusion": {
      "total": 423808,
      "trainable": 423808
    },
    "drug_gnn": {
      "total": 395008,
      "trainable": 395008
    },
    "predictor": {
      "total": 1547977,
      "trainable": 1358406
    },
    "model_total": {
      "total": 7738954,
      "trainable": 4947399
    }
  },
  "threshold_sweep": {
    "0.4": {
      "Jaccard": 0.552751,
      "Avg Meds": 22.354063,
      "Avg True Meds": 19.901327,
      "DDI Rate": 0.078977
    },
    "0.45": {
      "Jaccard": 0.553682,
      "Avg Meds": 21.889719,
      "Avg True Meds": 19.901327,
      "DDI Rate": 0.07941
    },
    "0.5": {
      "Jaccard": 0.552967,
      "Avg Meds": 21.444445,
      "Avg True Meds": 19.901327,
      "DDI Rate": 0.079808
    },
    "0.55": {
      "Jaccard": 0.551798,
      "Avg Meds": 20.993366,
      "Avg True Meds": 19.901327,
      "DDI Rate": 0.080173
    },
    "0.6": {
      "Jaccard": 0.550287,
      "Avg Meds": 20.526533,
      "Avg True Meds": 19.901327,
      "DDI Rate": 0.080442
    },
    "0.65": {
      "Jaccard": 0.549332,
      "Avg Meds": 20.093699,
      "Avg True Meds": 19.901327,
      "DDI Rate": 0.080589
    },
    "0.7": {
      "Jaccard": 0.54837,
      "Avg Meds": 19.627695,
      "Avg True Meds": 19.901327,
      "DDI Rate": 0.081068
    },
    "0.75": {
      "Jaccard": 0.546451,
      "Avg Meds": 19.140133,
      "Avg True Meds": 19.901327,
      "DDI Rate": 0.081804
    }
  },
  "calibrated_threshold": 0.65,
  "calibrated_metrics": {
    "Jaccard": 0.549332,
    "Avg Meds": 20.093699,
    "Avg True Meds": 19.901327,
    "DDI Rate": 0.080589
  },
  "config": {
    "hidden_dim": 256,
    "use_notes": false,
    "use_labs": true,
    "use_copy": true,
    "fusion_strategy": "film",
    "lab_dim": 400,
    "pos_weight_cap": 5.0,
    "use_cosine_lr": false,
    "contrastive_weight": 0.0,
    "margin_loss_weight": 0.0,
    "alignment_loss_weight": 0.1,
    "alignment_start_epoch": 1,
    "alignment_ramp_epochs": 0
  }
}