{
  "seed": 42,
  "ablation": "full",
  "mimic_version": 3,
  "mimic4_full": false,
  "cohort_tag": "mimic3",
  "best_val_jaccard": 0.5546873211860657,
  "test_metrics": {
    "Jaccard": 0.5509353876113892,
    "F1": 0.7031413912773132,
    "PRAUC": 0.7949382096336757,
    "DDI Rate": 0.07954198948318243,
    "Avg Meds": 22.436981201171875,
    "Avg True Meds": 19.90132713317871,
    "Precision": 0.6716394424438477,
    "Recall": 0.7604557871818542,
    "NHJ_new": 0.30115561814684616,
    "NHJ_dropped": 0.3859689251372689,
    "CVR": 0.0
  },
  "data_diagnostics": {
    "split_mode_requested": "hidr_vita",
    "require_cohort_split": false,
    "split_source": "hidr_vita_sequential",
    "split_seed_used": "n/a",
    "split_patient_counts": {
      "train": 4233,
      "val": 1059,
      "test": 1058
    },
    "split_example_counts": {
      "train": 6256,
      "val": 1220,
      "test": 1206
    },
    "ddi_density": 0.05261303581914269,
    "ddi_upper_pairs": 448,
    "ddi_total_pairs": 8515,
    "loaded_artifacts": {
      "records": "data/processed/records_final.pkl",
      "cohort": "data/processed/cohort_mimic3.pkl",
      "ddi": "data/processed/ddi_A_final.pkl",
      "ehr": "data/processed/ehr_adj_final.pkl",
      "embeddings": "data/embeddings/code_embeddings.pt",
      "notes": "data/processed/note_embeddings_mimic3.pkl",
      "labs": "data/processed/lab_vectors_200labs.pkl"
    }
  },
  "param_counts": {
    "visit_encoder": {
      "total": 4649474,
      "trainable": 2047490
    },
    "fusion": {
      "total": 243072,
      "trainable": 243072
    },
    "drug_gnn": {
      "total": 1151776,
      "trainable": 1151776
    },
    "predictor": {
      "total": 369990,
      "trainable": 369990
    },
    "model_total": {
      "total": 6677480,
      "trainable": 4075496
    }
  },
  "threshold_sweep": {
    "0.4": {
      "Jaccard": 0.5468,
      "Avg Meds": 23.957712,
      "Avg True Meds": 19.901327,
      "DDI Rate": 0.079142
    },
    "0.45": {
      "Jaccard": 0.548823,
      "Avg Meds": 23.170813,
      "Avg True Meds": 19.901327,
      "DDI Rate": 0.079311
    },
    "0.5": {
      "Jaccard": 0.550935,
      "Avg Meds": 22.436981,
      "Avg True Meds": 19.901327,
      "DDI Rate": 0.079542
    },
    "0.55": {
      "Jaccard": 0.552283,
      "Avg Meds": 21.733831,
      "Avg True Meds": 19.901327,
      "DDI Rate": 0.079855
    },
    "0.6": {
      "Jaccard": 0.552444,
      "Avg Meds": 21.015755,
      "Avg True Meds": 19.901327,
      "DDI Rate": 0.080071
    },
    "0.65": {
      "Jaccard": 0.553037,
      "Avg Meds": 20.269485,
      "Avg True Meds": 19.901327,
      "DDI Rate": 0.080462
    },
    "0.7": {
      "Jaccard": 0.551241,
      "Avg Meds": 19.493366,
      "Avg True Meds": 19.901327,
      "DDI Rate": 0.080766
    },
    "0.75": {
      "Jaccard": 0.548631,
      "Avg Meds": 18.666666,
      "Avg True Meds": 19.901327,
      "DDI Rate": 0.080681
    }
  },
  "calibrated_threshold": 0.65,
  "calibrated_metrics": {
    "Jaccard": 0.553037,
    "Avg Meds": 20.269485,
    "Avg True Meds": 19.901327,
    "DDI Rate": 0.080462
  },
  "config": {
    "hidden_dim": 256,
    "use_notes": true,
    "use_labs": true,
    "use_copy": false,
    "fusion_strategy": "additive_no_film",
    "lab_dim": 400,
    "pos_weight_cap": 5.0,
    "use_cosine_lr": false,
    "contrastive_weight": 0.0,
    "margin_loss_weight": 0.0,
    "alignment_loss_weight": 0.1,
    "alignment_start_epoch": 1,
    "alignment_ramp_epochs": 0
  }
}