{
  "seed": 123,
  "ablation": "full",
  "mimic_version": 3,
  "mimic4_full": false,
  "cohort_tag": "mimic3",
  "best_val_jaccard": 0.5020607709884644,
  "test_metrics": {
    "Jaccard": 0.5060108304023743,
    "F1": 0.6638255715370178,
    "PRAUC": 0.7538963485949002,
    "DDI Rate": 0.08328435804701627,
    "Avg Meds": 23.95024871826172,
    "Avg True Meds": 19.90132713317871,
    "Precision": 0.6233918070793152,
    "Recall": 0.7571101188659668,
    "NHJ_new": 0.24329508370474764,
    "NHJ_dropped": 0.2870677584096005,
    "CVR": 0.0
  },
  "data_diagnostics": {
    "split_mode_requested": "hidr_vita",
    "require_cohort_split": false,
    "split_source": "hidr_vita_sequential",
    "split_seed_used": "n/a",
    "split_patient_counts": {
      "train": 4233,
      "val": 1059,
      "test": 1058
    },
    "split_example_counts": {
      "train": 6256,
      "val": 1220,
      "test": 1206
    },
    "ddi_density": 0.05261303581914269,
    "ddi_upper_pairs": 448,
    "ddi_total_pairs": 8515,
    "loaded_artifacts": {
      "records": "data/processed/records_final.pkl",
      "cohort": "data/processed/cohort_mimic3.pkl",
      "ddi": "data/processed/ddi_A_final.pkl",
      "ehr": "data/processed/ehr_adj_final.pkl",
      "embeddings": "data/embeddings/code_embeddings.pt"
    }
  },
  "param_counts": {
    "visit_encoder": {
      "total": 4583681,
      "trainable": 1981697
    },
    "drug_gnn": {
      "total": 1974080,
      "trainable": 1974080
    },
    "predictor": {
      "total": 262406,
      "trainable": 262404
    },
    "model_total": {
      "total": 7083335,
      "trainable": 4481349
    }
  },
  "threshold_sweep": {
    "0.4": {
      "Jaccard": 0.499945,
      "Avg Meds": 26.278606,
      "Avg True Meds": 19.901327,
      "DDI Rate": 0.080902
    },
    "0.45": {
      "Jaccard": 0.50414,
      "Avg Meds": 25.048922,
      "Avg True Meds": 19.901327,
      "DDI Rate": 0.082005
    },
    "0.5": {
      "Jaccard": 0.506011,
      "Avg Meds": 23.950249,
      "Avg True Meds": 19.901327,
      "DDI Rate": 0.083284
    },
    "0.55": {
      "Jaccard": 0.506966,
      "Avg Meds": 22.808458,
      "Avg True Meds": 19.901327,
      "DDI Rate": 0.08477
    },
    "0.6": {
      "Jaccard": 0.508047,
      "Avg Meds": 21.694031,
      "Avg True Meds": 19.901327,
      "DDI Rate": 0.08613
    },
    "0.65": {
      "Jaccard": 0.507663,
      "Avg Meds": 20.638474,
      "Avg True Meds": 19.901327,
      "DDI Rate": 0.087724
    },
    "0.7": {
      "Jaccard": 0.504815,
      "Avg Meds": 19.553068,
      "Avg True Meds": 19.901327,
      "DDI Rate": 0.088196
    },
    "0.75": {
      "Jaccard": 0.502864,
      "Avg Meds": 18.491709,
      "Avg True Meds": 19.901327,
      "DDI Rate": 0.090142
    }
  },
  "calibrated_threshold": 0.7,
  "calibrated_metrics": {
    "Jaccard": 0.504815,
    "Avg Meds": 19.553068,
    "Avg True Meds": 19.901327,
    "DDI Rate": 0.088196
  },
  "config": {
    "hidden_dim": 256,
    "use_notes": false,
    "use_labs": false,
    "use_copy": false,
    "fusion_strategy": "film",
    "lab_dim": 0,
    "pos_weight_cap": 5.0,
    "use_cosine_lr": false,
    "contrastive_weight": 0.0,
    "margin_loss_weight": 0.0,
    "alignment_loss_weight": 0.1,
    "alignment_start_epoch": 1,
    "alignment_ramp_epochs": 0
  }
}