{
  "seed": 42,
  "ablation": "full",
  "mimic_version": 3,
  "mimic4_full": false,
  "cohort_tag": "mimic3",
  "best_val_jaccard": 0.564555823802948,
  "test_metrics": {
    "Jaccard": 0.5621131658554077,
    "F1": 0.712188720703125,
    "PRAUC": 0.7971089521690956,
    "DDI Rate": 0.07814104366820795,
    "Avg Meds": 21.807628631591797,
    "Avg True Meds": 19.90132713317871,
    "Precision": 0.6896979808807373,
    "Recall": 0.7581489086151123,
    "NHJ_new": 0.27726184772817714,
    "NHJ_dropped": 0.3034221028026782,
    "CVR": 0.0
  },
  "data_diagnostics": {
    "split_mode_requested": "hidr_vita",
    "require_cohort_split": false,
    "split_source": "hidr_vita_sequential",
    "split_seed_used": "n/a",
    "split_patient_counts": {
      "train": 4233,
      "val": 1059,
      "test": 1058
    },
    "split_example_counts": {
      "train": 6256,
      "val": 1220,
      "test": 1206
    },
    "ddi_density": 0.05261303581914269,
    "ddi_upper_pairs": 448,
    "ddi_total_pairs": 8515,
    "loaded_artifacts": {
      "records": "data/processed/records_final.pkl",
      "cohort": "data/processed/cohort_mimic3.pkl",
      "ddi": "data/processed/ddi_A_final.pkl",
      "ehr": "data/processed/ehr_adj_final.pkl",
      "embeddings": "data/embeddings/code_embeddings.pt",
      "notes": "data/processed/note_embeddings_mimic3.pkl",
      "labs": "data/processed/lab_vectors_200labs.pkl"
    }
  },
  "param_counts": {
    "visit_encoder": {
      "total": 4583681,
      "trainable": 1981697
    },
    "fusion": {
      "total": 423808,
      "trainable": 423808
    },
    "drug_gnn": {
      "total": 1974080,
      "trainable": 1974080
    },
    "predictor": {
      "total": 954824,
      "trainable": 954824
    },
    "model_total": {
      "total": 8199561,
      "trainable": 5597577
    }
  },
  "threshold_sweep": {
    "0.4": {
      "Jaccard": 0.560098,
      "Avg Meds": 23.443615,
      "Avg True Meds": 19.901327,
      "DDI Rate": 0.078992
    },
    "0.45": {
      "Jaccard": 0.562389,
      "Avg Meds": 22.620232,
      "Avg True Meds": 19.901327,
      "DDI Rate": 0.078483
    },
    "0.5": {
      "Jaccard": 0.562113,
      "Avg Meds": 21.807629,
      "Avg True Meds": 19.901327,
      "DDI Rate": 0.078141
    },
    "0.55": {
      "Jaccard": 0.56151,
      "Avg Meds": 21.038971,
      "Avg True Meds": 19.901327,
      "DDI Rate": 0.077478
    },
    "0.6": {
      "Jaccard": 0.561789,
      "Avg Meds": 20.295191,
      "Avg True Meds": 19.901327,
      "DDI Rate": 0.07717
    },
    "0.65": {
      "Jaccard": 0.559465,
      "Avg Meds": 19.591211,
      "Avg True Meds": 19.901327,
      "DDI Rate": 0.077007
    },
    "0.7": {
      "Jaccard": 0.556437,
      "Avg Meds": 18.807629,
      "Avg True Meds": 19.901327,
      "DDI Rate": 0.076301
    },
    "0.75": {
      "Jaccard": 0.551361,
      "Avg Meds": 17.912935,
      "Avg True Meds": 19.901327,
      "DDI Rate": 0.076037
    }
  },
  "calibrated_threshold": 0.65,
  "calibrated_metrics": {
    "Jaccard": 0.559465,
    "Avg Meds": 19.591211,
    "Avg True Meds": 19.901327,
    "DDI Rate": 0.077007
  },
  "config": {
    "hidden_dim": 256,
    "use_notes": true,
    "use_labs": true,
    "use_copy": true,
    "fusion_strategy": "film",
    "lab_dim": 400,
    "pos_weight_cap": 5.0,
    "use_cosine_lr": false,
    "contrastive_weight": 0.0,
    "margin_loss_weight": 0.0,
    "alignment_loss_weight": 0.1,
    "alignment_start_epoch": 1,
    "alignment_ramp_epochs": 0
  }
}