{
  "seed": 42,
  "ablation": "full",
  "mimic_version": 3,
  "mimic4_full": false,
  "cohort_tag": "mimic3",
  "best_val_jaccard": 0.5086882710456848,
  "test_metrics": {
    "Jaccard": 0.5092204809188843,
    "F1": 0.6669872999191284,
    "PRAUC": 0.7585663151424407,
    "DDI Rate": 0.08234539380959632,
    "Avg Meds": 21.989219665527344,
    "Avg True Meds": 19.90132713317871,
    "Precision": 0.6448774933815002,
    "Recall": 0.714712917804718,
    "NHJ_new": 0.2847469974505274,
    "NHJ_dropped": 0.4233836359099338,
    "CVR": 0.0
  },
  "data_diagnostics": {
    "split_mode_requested": "hidr_vita",
    "require_cohort_split": false,
    "split_source": "hidr_vita_sequential",
    "split_seed_used": "n/a",
    "split_patient_counts": {
      "train": 4233,
      "val": 1059,
      "test": 1058
    },
    "split_example_counts": {
      "train": 6256,
      "val": 1220,
      "test": 1206
    },
    "ddi_density": 0.05261303581914269,
    "ddi_upper_pairs": 448,
    "ddi_total_pairs": 8515,
    "loaded_artifacts": {
      "records": "data/processed/records_final.pkl",
      "cohort": "data/processed/cohort_mimic3.pkl",
      "ddi": "data/processed/ddi_A_final.pkl",
      "ehr": "data/processed/ehr_adj_final.pkl",
      "embeddings": "data/embeddings/code_embeddings.pt",
      "notes": "data/processed/note_embeddings_mimic3.pkl",
      "labs": "data/processed/lab_vectors_200labs.pkl"
    }
  },
  "param_counts": {
    "visit_encoder": {
      "total": 4583681,
      "trainable": 1981697
    },
    "fusion": {
      "total": 423808,
      "trainable": 423808
    },
    "drug_gnn": {
      "total": 1974080,
      "trainable": 1974080
    },
    "predictor": {
      "total": 627974,
      "trainable": 627972
    },
    "model_total": {
      "total": 7872711,
      "trainable": 5270725
    }
  },
  "threshold_sweep": {
    "0.4": {
      "Jaccard": 0.503007,
      "Avg Meds": 25.505804,
      "Avg True Meds": 19.901327,
      "DDI Rate": 0.083492
    },
    "0.45": {
      "Jaccard": 0.508007,
      "Avg Meds": 23.644279,
      "Avg True Meds": 19.901327,
      "DDI Rate": 0.08304
    },
    "0.5": {
      "Jaccard": 0.50922,
      "Avg Meds": 21.98922,
      "Avg True Meds": 19.901327,
      "DDI Rate": 0.082345
    },
    "0.55": {
      "Jaccard": 0.508698,
      "Avg Meds": 20.382256,
      "Avg True Meds": 19.901327,
      "DDI Rate": 0.081428
    },
    "0.6": {
      "Jaccard": 0.504206,
      "Avg Meds": 18.804312,
      "Avg True Meds": 19.901327,
      "DDI Rate": 0.080216
    },
    "0.65": {
      "Jaccard": 0.49846,
      "Avg Meds": 17.399668,
      "Avg True Meds": 19.901327,
      "DDI Rate": 0.078555
    },
    "0.7": {
      "Jaccard": 0.48875,
      "Avg Meds": 16.042288,
      "Avg True Meds": 19.901327,
      "DDI Rate": 0.076163
    },
    "0.75": {
      "Jaccard": 0.474546,
      "Avg Meds": 14.625207,
      "Avg True Meds": 19.901327,
      "DDI Rate": 0.073019
    }
  },
  "calibrated_threshold": 0.55,
  "calibrated_metrics": {
    "Jaccard": 0.508698,
    "Avg Meds": 20.382256,
    "Avg True Meds": 19.901327,
    "DDI Rate": 0.081428
  },
  "config": {
    "hidden_dim": 256,
    "use_notes": true,
    "use_labs": true,
    "use_copy": false,
    "fusion_strategy": "film",
    "lab_dim": 400,
    "pos_weight_cap": 5.0,
    "use_cosine_lr": false,
    "contrastive_weight": 0.0,
    "margin_loss_weight": 0.0,
    "alignment_loss_weight": 0.1,
    "alignment_start_epoch": 1,
    "alignment_ramp_epochs": 0
  }
}