{
  "seed": 1024,
  "ablation": "full",
  "mimic_version": 3,
  "mimic4_full": false,
  "cohort_tag": "mimic3",
  "best_val_jaccard": 0.5647847056388855,
  "test_metrics": {
    "Jaccard": 0.5652753114700317,
    "F1": 0.7148816585540771,
    "PRAUC": 0.7963454734922707,
    "DDI Rate": 0.07900503216765399,
    "Avg Meds": 22.431177139282227,
    "Avg True Meds": 19.90132713317871,
    "Precision": 0.6791759133338928,
    "Recall": 0.7774017453193665,
    "NHJ_new": 0.2994834835592069,
    "NHJ_dropped": 0.3353829430906396,
    "CVR": 0.0
  },
  "data_diagnostics": {
    "split_mode_requested": "hidr_vita",
    "require_cohort_split": false,
    "split_source": "hidr_vita_sequential",
    "split_seed_used": "n/a",
    "split_patient_counts": {
      "train": 4233,
      "val": 1059,
      "test": 1058
    },
    "split_example_counts": {
      "train": 6256,
      "val": 1220,
      "test": 1206
    },
    "ddi_density": 0.05261303581914269,
    "ddi_upper_pairs": 448,
    "ddi_total_pairs": 8515,
    "loaded_artifacts": {
      "records": "data/processed/records_final.pkl",
      "cohort": "data/processed/cohort_mimic3.pkl",
      "ddi": "data/processed/ddi_A_final.pkl",
      "ehr": "data/processed/ehr_adj_final.pkl",
      "embeddings": "data/embeddings/code_embeddings.pt",
      "notes": "data/processed/note_embeddings_mimic3.pkl",
      "labs": "data/processed/lab_vectors_200labs.pkl"
    }
  },
  "param_counts": {
    "visit_encoder": {
      "total": 5108993,
      "trainable": 2507009
    },
    "fusion": {
      "total": 423808,
      "trainable": 423808
    },
    "drug_gnn": {
      "total": 395008,
      "trainable": 395008
    },
    "predictor": {
      "total": 1423943,
      "trainable": 1423943
    },
    "model_total": {
      "total": 7614920,
      "trainable": 5012936
    }
  },
  "threshold_sweep": {
    "0.4": {
      "Jaccard": 0.563128,
      "Avg Meds": 23.515755,
      "Avg True Meds": 19.901327,
      "DDI Rate": 0.078933
    },
    "0.45": {
      "Jaccard": 0.564511,
      "Avg Meds": 22.951078,
      "Avg True Meds": 19.901327,
      "DDI Rate": 0.078829
    },
    "0.5": {
      "Jaccard": 0.565275,
      "Avg Meds": 22.431177,
      "Avg True Meds": 19.901327,
      "DDI Rate": 0.079005
    },
    "0.55": {
      "Jaccard": 0.565217,
      "Avg Meds": 21.919569,
      "Avg True Meds": 19.901327,
      "DDI Rate": 0.079006
    },
    "0.6": {
      "Jaccard": 0.564892,
      "Avg Meds": 21.408789,
      "Avg True Meds": 19.901327,
      "DDI Rate": 0.078891
    },
    "0.65": {
      "Jaccard": 0.564238,
      "Avg Meds": 20.872305,
      "Avg True Meds": 19.901327,
      "DDI Rate": 0.079113
    },
    "0.7": {
      "Jaccard": 0.563189,
      "Avg Meds": 20.343283,
      "Avg True Meds": 19.901327,
      "DDI Rate": 0.079282
    },
    "0.75": {
      "Jaccard": 0.561216,
      "Avg Meds": 19.702322,
      "Avg True Meds": 19.901327,
      "DDI Rate": 0.079319
    }
  },
  "calibrated_threshold": 0.75,
  "calibrated_metrics": {
    "Jaccard": 0.561216,
    "Avg Meds": 19.702322,
    "Avg True Meds": 19.901327,
    "DDI Rate": 0.079319
  },
  "config": {
    "hidden_dim": 256,
    "use_notes": true,
    "use_labs": true,
    "use_copy": false,
    "fusion_strategy": "film",
    "lab_dim": 400,
    "pos_weight_cap": 5.0,
    "use_cosine_lr": false,
    "contrastive_weight": 0.0,
    "margin_loss_weight": 0.0,
    "alignment_loss_weight": 0.1,
    "alignment_start_epoch": 1,
    "alignment_ramp_epochs": 0
  }
}