{
  "seed": 456,
  "ablation": "full",
  "mimic_version": 3,
  "mimic4_full": false,
  "cohort_tag": "mimic3",
  "best_val_jaccard": 0.5400531888008118,
  "test_metrics": {
    "Jaccard": 0.5384848713874817,
    "F1": 0.6921214461326599,
    "PRAUC": 0.782352174972078,
    "DDI Rate": 0.08353392017657435,
    "Avg Meds": 23.445274353027344,
    "Avg True Meds": 19.90132713317871,
    "Precision": 0.6487947106361389,
    "Recall": 0.7706300020217896,
    "NHJ_new": 0.29196462113606303,
    "NHJ_dropped": 0.3479896250524019,
    "CVR": 0.0
  },
  "data_diagnostics": {
    "split_mode_requested": "hidr_vita",
    "require_cohort_split": false,
    "split_source": "hidr_vita_sequential",
    "split_seed_used": "n/a",
    "split_patient_counts": {
      "train": 4233,
      "val": 1059,
      "test": 1058
    },
    "split_example_counts": {
      "train": 6256,
      "val": 1220,
      "test": 1206
    },
    "ddi_density": 0.05261303581914269,
    "ddi_upper_pairs": 448,
    "ddi_total_pairs": 8515,
    "loaded_artifacts": {
      "records": "data/processed/records_final.pkl",
      "cohort": "data/processed/cohort_mimic3.pkl",
      "ddi": "data/processed/ddi_A_final.pkl",
      "ehr": "data/processed/ehr_adj_final.pkl",
      "embeddings": "data/embeddings/code_embeddings.pt",
      "notes": "data/processed/note_embeddings_mimic3.pkl"
    }
  },
  "param_counts": {
    "visit_encoder": {
      "total": 4583681,
      "trainable": 1981697
    },
    "fusion": {
      "total": 400512,
      "trainable": 400512
    },
    "drug_gnn": {
      "total": 1974080,
      "trainable": 1974080
    },
    "predictor": {
      "total": 723206,
      "trainable": 723205
    },
    "model_total": {
      "total": 7944647,
      "trainable": 5342662
    }
  },
  "threshold_sweep": {
    "0.4": {
      "Jaccard": 0.531676,
      "Avg Meds": 25.452736,
      "Avg True Meds": 19.901327,
      "DDI Rate": 0.082625
    },
    "0.45": {
      "Jaccard": 0.535706,
      "Avg Meds": 24.413765,
      "Avg True Meds": 19.901327,
      "DDI Rate": 0.082898
    },
    "0.5": {
      "Jaccard": 0.538485,
      "Avg Meds": 23.445274,
      "Avg True Meds": 19.901327,
      "DDI Rate": 0.083534
    },
    "0.55": {
      "Jaccard": 0.541013,
      "Avg Meds": 22.511608,
      "Avg True Meds": 19.901327,
      "DDI Rate": 0.083962
    },
    "0.6": {
      "Jaccard": 0.541826,
      "Avg Meds": 21.603649,
      "Avg True Meds": 19.901327,
      "DDI Rate": 0.084433
    },
    "0.65": {
      "Jaccard": 0.542356,
      "Avg Meds": 20.757877,
      "Avg True Meds": 19.901327,
      "DDI Rate": 0.085081
    },
    "0.7": {
      "Jaccard": 0.541053,
      "Avg Meds": 19.837479,
      "Avg True Meds": 19.901327,
      "DDI Rate": 0.085421
    },
    "0.75": {
      "Jaccard": 0.539978,
      "Avg Meds": 18.872305,
      "Avg True Meds": 19.901327,
      "DDI Rate": 0.085684
    }
  },
  "calibrated_threshold": 0.7,
  "calibrated_metrics": {
    "Jaccard": 0.541053,
    "Avg Meds": 19.837479,
    "Avg True Meds": 19.901327,
    "DDI Rate": 0.085421
  },
  "config": {
    "hidden_dim": 256,
    "use_notes": true,
    "use_labs": false,
    "use_copy": false,
    "fusion_strategy": "film",
    "lab_dim": 0,
    "pos_weight_cap": 5.0,
    "use_cosine_lr": false,
    "contrastive_weight": 0.0,
    "margin_loss_weight": 0.0,
    "alignment_loss_weight": 0.1,
    "alignment_start_epoch": 1,
    "alignment_ramp_epochs": 0
  }
}