{
  "seed": 42,
  "ablation": "full",
  "mimic_version": 3,
  "mimic4_full": false,
  "cohort_tag": "mimic3",
  "best_val_jaccard": 0.5509462952613831,
  "test_metrics": {
    "Jaccard": 0.5498864054679871,
    "F1": 0.7022502422332764,
    "PRAUC": 0.7860013012733772,
    "DDI Rate": 0.0827952710421935,
    "Avg Meds": 22.161691665649414,
    "Avg True Meds": 19.90132713317871,
    "Precision": 0.6739155054092407,
    "Recall": 0.7552534341812134,
    "NHJ_new": 0.3060456655527416,
    "NHJ_dropped": 0.39576363877246257,
    "CVR": 0.0
  },
  "data_diagnostics": {
    "split_mode_requested": "hidr_vita",
    "require_cohort_split": false,
    "split_source": "hidr_vita_sequential",
    "split_seed_used": "n/a",
    "split_patient_counts": {
      "train": 4233,
      "val": 1059,
      "test": 1058
    },
    "split_example_counts": {
      "train": 6256,
      "val": 1220,
      "test": 1206
    },
    "ddi_density": 0.05261303581914269,
    "ddi_upper_pairs": 448,
    "ddi_total_pairs": 8515,
    "loaded_artifacts": {
      "records": "data/processed/records_final.pkl",
      "cohort": "data/processed/cohort_mimic3.pkl",
      "ddi": "data/processed/ddi_A_final.pkl",
      "ehr": "data/processed/ehr_adj_final.pkl",
      "embeddings": "data/embeddings/code_embeddings.pt",
      "notes": "data/processed/note_embeddings_mimic3.pkl",
      "labs": "data/processed/lab_vectors_200labs.pkl"
    }
  },
  "param_counts": {
    "visit_encoder": {
      "total": 4583681,
      "trainable": 1981697
    },
    "fusion": {
      "total": 423808,
      "trainable": 423808
    },
    "drug_gnn": {
      "total": 1974080,
      "trainable": 1974080
    },
    "predictor": {
      "total": 369990,
      "trainable": 369990
    },
    "model_total": {
      "total": 7614727,
      "trainable": 5012743
    }
  },
  "threshold_sweep": {
    "0.4": {
      "Jaccard": 0.546289,
      "Avg Meds": 23.781923,
      "Avg True Meds": 19.901327,
      "DDI Rate": 0.082333
    },
    "0.45": {
      "Jaccard": 0.548116,
      "Avg Meds": 22.955223,
      "Avg True Meds": 19.901327,
      "DDI Rate": 0.082288
    },
    "0.5": {
      "Jaccard": 0.549886,
      "Avg Meds": 22.161692,
      "Avg True Meds": 19.901327,
      "DDI Rate": 0.082795
    },
    "0.55": {
      "Jaccard": 0.550308,
      "Avg Meds": 21.374792,
      "Avg True Meds": 19.901327,
      "DDI Rate": 0.083185
    },
    "0.6": {
      "Jaccard": 0.549844,
      "Avg Meds": 20.646767,
      "Avg True Meds": 19.901327,
      "DDI Rate": 0.083079
    },
    "0.65": {
      "Jaccard": 0.547193,
      "Avg Meds": 19.896351,
      "Avg True Meds": 19.901327,
      "DDI Rate": 0.083305
    },
    "0.7": {
      "Jaccard": 0.545338,
      "Avg Meds": 19.059702,
      "Avg True Meds": 19.901327,
      "DDI Rate": 0.083712
    },
    "0.75": {
      "Jaccard": 0.541648,
      "Avg Meds": 18.211443,
      "Avg True Meds": 19.901327,
      "DDI Rate": 0.083681
    }
  },
  "calibrated_threshold": 0.65,
  "calibrated_metrics": {
    "Jaccard": 0.547193,
    "Avg Meds": 19.896351,
    "Avg True Meds": 19.901327,
    "DDI Rate": 0.083305
  },
  "config": {
    "hidden_dim": 256,
    "use_notes": true,
    "use_labs": true,
    "use_copy": false,
    "fusion_strategy": "film",
    "lab_dim": 400,
    "pos_weight_cap": 5.0,
    "use_cosine_lr": false,
    "contrastive_weight": 0.0,
    "margin_loss_weight": 0.0,
    "alignment_loss_weight": 0.1,
    "alignment_start_epoch": 1,
    "alignment_ramp_epochs": 0
  }
}