{
  "seed": 456,
  "ablation": "full",
  "mimic_version": 3,
  "mimic4_full": false,
  "cohort_tag": "mimic3",
  "best_val_jaccard": 0.5658875703811646,
  "test_metrics": {
    "Jaccard": 0.5636745095252991,
    "F1": 0.7135356664657593,
    "PRAUC": 0.7999524483758691,
    "DDI Rate": 0.07702520416099552,
    "Avg Meds": 22.65174102783203,
    "Avg True Meds": 19.90132713317871,
    "Precision": 0.6789072155952454,
    "Recall": 0.775379478931427,
    "NHJ_new": 0.29065869905446706,
    "NHJ_dropped": 0.2720033879342832,
    "CVR": 0.0
  },
  "data_diagnostics": {
    "split_mode_requested": "hidr_vita",
    "require_cohort_split": false,
    "split_source": "hidr_vita_sequential",
    "split_seed_used": "n/a",
    "split_patient_counts": {
      "train": 4233,
      "val": 1059,
      "test": 1058
    },
    "split_example_counts": {
      "train": 6256,
      "val": 1220,
      "test": 1206
    },
    "ddi_density": 0.05261303581914269,
    "ddi_upper_pairs": 448,
    "ddi_total_pairs": 8515,
    "loaded_artifacts": {
      "records": "data/processed/records_final.pkl",
      "cohort": "data/processed/cohort_mimic3.pkl",
      "ddi": "data/processed/ddi_A_final.pkl",
      "ehr": "data/processed/ehr_adj_final.pkl",
      "embeddings": "data/embeddings/code_embeddings.pt",
      "notes": "data/processed/note_embeddings_mimic3.pkl",
      "labs": "data/processed/lab_vectors_200labs.pkl"
    }
  },
  "param_counts": {
    "visit_encoder": {
      "total": 4649474,
      "trainable": 2047490
    },
    "fusion": {
      "total": 423808,
      "trainable": 423808
    },
    "drug_gnn": {
      "total": 1151776,
      "trainable": 1151776
    },
    "predictor": {
      "total": 559560,
      "trainable": 559560
    },
    "model_total": {
      "total": 7047786,
      "trainable": 4445802
    }
  },
  "threshold_sweep": {
    "0.4": {
      "Jaccard": 0.559963,
      "Avg Meds": 24.258707,
      "Avg True Meds": 19.901327,
      "DDI Rate": 0.077326
    },
    "0.45": {
      "Jaccard": 0.562019,
      "Avg Meds": 23.436153,
      "Avg True Meds": 19.901327,
      "DDI Rate": 0.077349
    },
    "0.5": {
      "Jaccard": 0.563675,
      "Avg Meds": 22.651741,
      "Avg True Meds": 19.901327,
      "DDI Rate": 0.077025
    },
    "0.55": {
      "Jaccard": 0.563131,
      "Avg Meds": 21.933664,
      "Avg True Meds": 19.901327,
      "DDI Rate": 0.076772
    },
    "0.6": {
      "Jaccard": 0.563138,
      "Avg Meds": 21.223881,
      "Avg True Meds": 19.901327,
      "DDI Rate": 0.076935
    },
    "0.65": {
      "Jaccard": 0.562254,
      "Avg Meds": 20.519901,
      "Avg True Meds": 19.901327,
      "DDI Rate": 0.076622
    },
    "0.7": {
      "Jaccard": 0.560706,
      "Avg Meds": 19.766169,
      "Avg True Meds": 19.901327,
      "DDI Rate": 0.076432
    },
    "0.75": {
      "Jaccard": 0.557717,
      "Avg Meds": 18.963516,
      "Avg True Meds": 19.901327,
      "DDI Rate": 0.076493
    }
  },
  "calibrated_threshold": 0.7,
  "calibrated_metrics": {
    "Jaccard": 0.560706,
    "Avg Meds": 19.766169,
    "Avg True Meds": 19.901327,
    "DDI Rate": 0.076432
  },
  "config": {
    "hidden_dim": 256,
    "use_notes": true,
    "use_labs": true,
    "use_copy": true,
    "fusion_strategy": "film",
    "lab_dim": 400,
    "pos_weight_cap": 5.0,
    "use_cosine_lr": false,
    "contrastive_weight": 0.0,
    "margin_loss_weight": 0.0,
    "alignment_loss_weight": 0.1,
    "alignment_start_epoch": 1,
    "alignment_ramp_epochs": 0
  }
}