{
  "seed": 123,
  "ablation": "full",
  "mimic_version": 3,
  "mimic4_full": false,
  "cohort_tag": "mimic3",
  "best_val_jaccard": 0.5159857869148254,
  "test_metrics": {
    "Jaccard": 0.5182276368141174,
    "F1": 0.6747124791145325,
    "PRAUC": 0.7592037922041541,
    "DDI Rate": 0.08300350129395646,
    "Avg Meds": 22.693201065063477,
    "Avg True Meds": 19.90132713317871,
    "Precision": 0.647662341594696,
    "Recall": 0.7493241429328918,
    "NHJ_new": 0.2266841162192194,
    "NHJ_dropped": 0.23553236613148137,
    "CVR": 0.0
  },
  "data_diagnostics": {
    "split_mode_requested": "hidr_vita",
    "require_cohort_split": false,
    "split_source": "hidr_vita_sequential",
    "split_seed_used": "n/a",
    "split_patient_counts": {
      "train": 4233,
      "val": 1059,
      "test": 1058
    },
    "split_example_counts": {
      "train": 6256,
      "val": 1220,
      "test": 1206
    },
    "ddi_density": 0.05261303581914269,
    "ddi_upper_pairs": 448,
    "ddi_total_pairs": 8515,
    "loaded_artifacts": {
      "records": "data/processed/records_final.pkl",
      "cohort": "data/processed/cohort_mimic3.pkl",
      "ddi": "data/processed/ddi_A_final.pkl",
      "ehr": "data/processed/ehr_adj_final.pkl",
      "embeddings": "data/embeddings/code_embeddings.pt"
    }
  },
  "param_counts": {
    "visit_encoder": {
      "total": 5108993,
      "trainable": 2507009
    },
    "drug_gnn": {
      "total": 395008,
      "trainable": 395008
    },
    "predictor": {
      "total": 1316359,
      "trainable": 1316357
    },
    "model_total": {
      "total": 7083528,
      "trainable": 4481542
    }
  },
  "threshold_sweep": {
    "0.4": {
      "Jaccard": 0.517022,
      "Avg Meds": 23.580431,
      "Avg True Meds": 19.901327,
      "DDI Rate": 0.080555
    },
    "0.45": {
      "Jaccard": 0.517829,
      "Avg Meds": 23.131012,
      "Avg True Meds": 19.901327,
      "DDI Rate": 0.081511
    },
    "0.5": {
      "Jaccard": 0.518228,
      "Avg Meds": 22.693201,
      "Avg True Meds": 19.901327,
      "DDI Rate": 0.083004
    },
    "0.55": {
      "Jaccard": 0.518337,
      "Avg Meds": 22.274462,
      "Avg True Meds": 19.901327,
      "DDI Rate": 0.084012
    },
    "0.6": {
      "Jaccard": 0.518832,
      "Avg Meds": 21.880596,
      "Avg True Meds": 19.901327,
      "DDI Rate": 0.08523
    },
    "0.65": {
      "Jaccard": 0.518833,
      "Avg Meds": 21.432837,
      "Avg True Meds": 19.901327,
      "DDI Rate": 0.086755
    },
    "0.7": {
      "Jaccard": 0.519075,
      "Avg Meds": 20.991709,
      "Avg True Meds": 19.901327,
      "DDI Rate": 0.088079
    },
    "0.75": {
      "Jaccard": 0.519032,
      "Avg Meds": 20.47015,
      "Avg True Meds": 19.901327,
      "DDI Rate": 0.089479
    }
  },
  "calibrated_threshold": 0.75,
  "calibrated_metrics": {
    "Jaccard": 0.519032,
    "Avg Meds": 20.47015,
    "Avg True Meds": 19.901327,
    "DDI Rate": 0.089479
  },
  "config": {
    "hidden_dim": 256,
    "use_notes": false,
    "use_labs": false,
    "use_copy": false,
    "fusion_strategy": "film",
    "lab_dim": 0,
    "pos_weight_cap": 5.0,
    "use_cosine_lr": false,
    "contrastive_weight": 0.0,
    "margin_loss_weight": 0.0,
    "alignment_loss_weight": 0.1,
    "alignment_start_epoch": 1,
    "alignment_ramp_epochs": 0
  }
}