{
  "seed": 42,
  "ablation": "full",
  "mimic_version": 3,
  "mimic4_full": false,
  "cohort_tag": "mimic3",
  "best_val_jaccard": 0.5353812575340271,
  "test_metrics": {
    "Jaccard": 0.5329889059066772,
    "F1": 0.6875897645950317,
    "PRAUC": 0.7722783698987419,
    "DDI Rate": 0.08119486166245278,
    "Avg Meds": 22.739635467529297,
    "Avg True Meds": 19.90132713317871,
    "Precision": 0.6565508842468262,
    "Recall": 0.7502962946891785,
    "NHJ_new": 0.2751011636696364,
    "NHJ_dropped": 0.3515674220888238,
    "CVR": 0.0
  },
  "data_diagnostics": {
    "split_mode_requested": "hidr_vita",
    "require_cohort_split": false,
    "split_source": "hidr_vita_sequential",
    "split_seed_used": "n/a",
    "split_patient_counts": {
      "train": 4233,
      "val": 1059,
      "test": 1058
    },
    "split_example_counts": {
      "train": 6256,
      "val": 1220,
      "test": 1206
    },
    "ddi_density": 0.05261303581914269,
    "ddi_upper_pairs": 448,
    "ddi_total_pairs": 8515,
    "loaded_artifacts": {
      "records": "data/processed/records_final.pkl",
      "cohort": "data/processed/cohort_mimic3.pkl",
      "ddi": "data/processed/ddi_A_final.pkl",
      "ehr": "data/processed/ehr_adj_final.pkl",
      "embeddings": "data/embeddings/code_embeddings.pt",
      "labs": "data/processed/lab_vectors_200labs.pkl"
    }
  },
  "param_counts": {
    "visit_encoder": {
      "total": 6292225,
      "trainable": 3690241
    },
    "fusion": {
      "total": 423808,
      "trainable": 423808
    },
    "drug_gnn": {
      "total": 1974080,
      "trainable": 1974080
    },
    "predictor": {
      "total": 304454,
      "trainable": 304453
    },
    "model_total": {
      "total": 9257735,
      "trainable": 6655750
    }
  },
  "threshold_sweep": {
    "0.4": {
      "Jaccard": 0.529508,
      "Avg Meds": 24.368988,
      "Avg True Meds": 19.901327,
      "DDI Rate": 0.080843
    },
    "0.45": {
      "Jaccard": 0.532292,
      "Avg Meds": 23.548094,
      "Avg True Meds": 19.901327,
      "DDI Rate": 0.081137
    },
    "0.5": {
      "Jaccard": 0.532989,
      "Avg Meds": 22.739635,
      "Avg True Meds": 19.901327,
      "DDI Rate": 0.081195
    },
    "0.55": {
      "Jaccard": 0.533496,
      "Avg Meds": 21.975124,
      "Avg True Meds": 19.901327,
      "DDI Rate": 0.081701
    },
    "0.6": {
      "Jaccard": 0.533083,
      "Avg Meds": 21.160032,
      "Avg True Meds": 19.901327,
      "DDI Rate": 0.08172
    },
    "0.65": {
      "Jaccard": 0.533275,
      "Avg Meds": 20.299337,
      "Avg True Meds": 19.901327,
      "DDI Rate": 0.082279
    },
    "0.7": {
      "Jaccard": 0.532772,
      "Avg Meds": 19.49917,
      "Avg True Meds": 19.901327,
      "DDI Rate": 0.082964
    },
    "0.75": {
      "Jaccard": 0.528842,
      "Avg Meds": 18.61277,
      "Avg True Meds": 19.901327,
      "DDI Rate": 0.083162
    }
  },
  "calibrated_threshold": 0.65,
  "calibrated_metrics": {
    "Jaccard": 0.533275,
    "Avg Meds": 20.299337,
    "Avg True Meds": 19.901327,
    "DDI Rate": 0.082279
  },
  "config": {
    "hidden_dim": 256,
    "use_notes": false,
    "use_labs": true,
    "use_copy": false,
    "fusion_strategy": "film",
    "lab_dim": 400,
    "pos_weight_cap": 5.0,
    "use_cosine_lr": false,
    "contrastive_weight": 0.0,
    "margin_loss_weight": 0.0,
    "alignment_loss_weight": 0.1,
    "alignment_start_epoch": 1,
    "alignment_ramp_epochs": 0
  }
}