{
  "seed": 456,
  "ablation": "full",
  "mimic_version": 3,
  "mimic4_full": false,
  "cohort_tag": "mimic3",
  "best_val_jaccard": 0.5441504120826721,
  "test_metrics": {
    "Jaccard": 0.5399214625358582,
    "F1": 0.6935837864875793,
    "PRAUC": 0.7817566498656483,
    "DDI Rate": 0.07889397483175734,
    "Avg Meds": 23.523218154907227,
    "Avg True Meds": 19.90132713317871,
    "Precision": 0.6486092209815979,
    "Recall": 0.7729928493499756,
    "NHJ_new": 0.2954246378258655,
    "NHJ_dropped": 0.34824337614210027,
    "CVR": 0.0
  },
  "data_diagnostics": {
    "split_mode_requested": "hidr_vita",
    "require_cohort_split": false,
    "split_source": "hidr_vita_sequential",
    "split_seed_used": "n/a",
    "split_patient_counts": {
      "train": 4233,
      "val": 1059,
      "test": 1058
    },
    "split_example_counts": {
      "train": 6256,
      "val": 1220,
      "test": 1206
    },
    "ddi_density": 0.05261303581914269,
    "ddi_upper_pairs": 448,
    "ddi_total_pairs": 8515,
    "loaded_artifacts": {
      "records": "data/processed/records_final.pkl",
      "cohort": "data/processed/cohort_mimic3.pkl",
      "ddi": "data/processed/ddi_A_final.pkl",
      "ehr": "data/processed/ehr_adj_final.pkl",
      "embeddings": "data/embeddings/code_embeddings.pt",
      "notes": "data/processed/note_embeddings_mimic3.pkl"
    }
  },
  "param_counts": {
    "visit_encoder": {
      "total": 4583681,
      "trainable": 1981697
    },
    "fusion": {
      "total": 400512,
      "trainable": 400512
    },
    "drug_gnn": {
      "total": 395008,
      "trainable": 395008
    },
    "predictor": {
      "total": 327942,
      "trainable": 327941
    },
    "model_total": {
      "total": 5970311,
      "trainable": 3368326
    }
  },
  "threshold_sweep": {
    "0.4": {
      "Jaccard": 0.534069,
      "Avg Meds": 25.302654,
      "Avg True Meds": 19.901327,
      "DDI Rate": 0.078286
    },
    "0.45": {
      "Jaccard": 0.536765,
      "Avg Meds": 24.426203,
      "Avg True Meds": 19.901327,
      "DDI Rate": 0.078544
    },
    "0.5": {
      "Jaccard": 0.539921,
      "Avg Meds": 23.523218,
      "Avg True Meds": 19.901327,
      "DDI Rate": 0.078894
    },
    "0.55": {
      "Jaccard": 0.541913,
      "Avg Meds": 22.6733,
      "Avg True Meds": 19.901327,
      "DDI Rate": 0.078718
    },
    "0.6": {
      "Jaccard": 0.542682,
      "Avg Meds": 21.833334,
      "Avg True Meds": 19.901327,
      "DDI Rate": 0.07916
    },
    "0.65": {
      "Jaccard": 0.54222,
      "Avg Meds": 21.014095,
      "Avg True Meds": 19.901327,
      "DDI Rate": 0.079998
    },
    "0.7": {
      "Jaccard": 0.541339,
      "Avg Meds": 20.126865,
      "Avg True Meds": 19.901327,
      "DDI Rate": 0.080604
    },
    "0.75": {
      "Jaccard": 0.540532,
      "Avg Meds": 19.220564,
      "Avg True Meds": 19.901327,
      "DDI Rate": 0.081037
    }
  },
  "calibrated_threshold": 0.7,
  "calibrated_metrics": {
    "Jaccard": 0.541339,
    "Avg Meds": 20.126865,
    "Avg True Meds": 19.901327,
    "DDI Rate": 0.080604
  },
  "config": {
    "hidden_dim": 256,
    "use_notes": true,
    "use_labs": false,
    "use_copy": false,
    "fusion_strategy": "film",
    "lab_dim": 0,
    "pos_weight_cap": 5.0,
    "use_cosine_lr": false,
    "contrastive_weight": 0.0,
    "margin_loss_weight": 0.0,
    "alignment_loss_weight": 0.1,
    "alignment_start_epoch": 1,
    "alignment_ramp_epochs": 0
  }
}