{
  "seed": 123,
  "ablation": "full",
  "mimic_version": 3,
  "mimic4_full": false,
  "cohort_tag": "mimic3",
  "best_val_jaccard": 0.5407254695892334,
  "test_metrics": {
    "Jaccard": 0.5401927828788757,
    "F1": 0.6939917206764221,
    "PRAUC": 0.7826156360522494,
    "DDI Rate": 0.07757893869374766,
    "Avg Meds": 22.23797607421875,
    "Avg True Meds": 19.90132713317871,
    "Precision": 0.66744464635849,
    "Recall": 0.7494446039199829,
    "NHJ_new": 0.2841424291071139,
    "NHJ_dropped": 0.35875209224851506,
    "CVR": 0.0
  },
  "data_diagnostics": {
    "split_mode_requested": "hidr_vita",
    "require_cohort_split": false,
    "split_source": "hidr_vita_sequential",
    "split_seed_used": "n/a",
    "split_patient_counts": {
      "train": 4233,
      "val": 1059,
      "test": 1058
    },
    "split_example_counts": {
      "train": 6256,
      "val": 1220,
      "test": 1206
    },
    "ddi_density": 0.05261303581914269,
    "ddi_upper_pairs": 448,
    "ddi_total_pairs": 8515,
    "loaded_artifacts": {
      "records": "data/processed/records_final.pkl",
      "cohort": "data/processed/cohort_mimic3.pkl",
      "ddi": "data/processed/ddi_A_final.pkl",
      "ehr": "data/processed/ehr_adj_final.pkl",
      "embeddings": "data/embeddings/code_embeddings.pt",
      "labs": "data/processed/lab_vectors_446_MAXlabs.pkl"
    }
  },
  "param_counts": {
    "visit_encoder": {
      "total": 4649474,
      "trainable": 2047490
    },
    "fusion": {
      "total": 455296,
      "trainable": 455296
    },
    "drug_gnn": {
      "total": 1151776,
      "trainable": 1151776
    },
    "predictor": {
      "total": 335942,
      "trainable": 335941
    },
    "model_total": {
      "total": 6855656,
      "trainable": 4253671
    }
  },
  "threshold_sweep": {
    "0.4": {
      "Jaccard": 0.537981,
      "Avg Meds": 23.882256,
      "Avg True Meds": 19.901327,
      "DDI Rate": 0.077159
    },
    "0.45": {
      "Jaccard": 0.539975,
      "Avg Meds": 23.01078,
      "Avg True Meds": 19.901327,
      "DDI Rate": 0.07726
    },
    "0.5": {
      "Jaccard": 0.540193,
      "Avg Meds": 22.237976,
      "Avg True Meds": 19.901327,
      "DDI Rate": 0.077579
    },
    "0.55": {
      "Jaccard": 0.541457,
      "Avg Meds": 21.501657,
      "Avg True Meds": 19.901327,
      "DDI Rate": 0.077838
    },
    "0.6": {
      "Jaccard": 0.542135,
      "Avg Meds": 20.788557,
      "Avg True Meds": 19.901327,
      "DDI Rate": 0.078409
    },
    "0.65": {
      "Jaccard": 0.540387,
      "Avg Meds": 20.032339,
      "Avg True Meds": 19.901327,
      "DDI Rate": 0.078533
    },
    "0.7": {
      "Jaccard": 0.537939,
      "Avg Meds": 19.238806,
      "Avg True Meds": 19.901327,
      "DDI Rate": 0.078437
    },
    "0.75": {
      "Jaccard": 0.535693,
      "Avg Meds": 18.444445,
      "Avg True Meds": 19.901327,
      "DDI Rate": 0.078874
    }
  },
  "calibrated_threshold": 0.65,
  "calibrated_metrics": {
    "Jaccard": 0.540387,
    "Avg Meds": 20.032339,
    "Avg True Meds": 19.901327,
    "DDI Rate": 0.078533
  },
  "config": {
    "hidden_dim": 256,
    "use_notes": false,
    "use_labs": true,
    "use_copy": false,
    "fusion_strategy": "film",
    "lab_dim": 892,
    "pos_weight_cap": 5.0,
    "use_cosine_lr": false,
    "contrastive_weight": 0.0,
    "margin_loss_weight": 0.0,
    "alignment_loss_weight": 0.1,
    "alignment_start_epoch": 1,
    "alignment_ramp_epochs": 0
  }
}