{
  "seed": 42,
  "ablation": "full",
  "mimic_version": 3,
  "mimic4_full": false,
  "cohort_tag": "mimic3",
  "best_val_jaccard": 0.5435430407524109,
  "test_metrics": {
    "Jaccard": 0.5389643907546997,
    "F1": 0.6928310990333557,
    "PRAUC": 0.7845112842814962,
    "DDI Rate": 0.07901887933025568,
    "Avg Meds": 23.619403839111328,
    "Avg True Meds": 19.90132713317871,
    "Precision": 0.646712601184845,
    "Recall": 0.7739189863204956,
    "NHJ_new": 0.2915682831877156,
    "NHJ_dropped": 0.3383697067436419,
    "CVR": 0.0
  },
  "data_diagnostics": {
    "split_mode_requested": "hidr_vita",
    "require_cohort_split": false,
    "split_source": "hidr_vita_sequential",
    "split_seed_used": "n/a",
    "split_patient_counts": {
      "train": 4233,
      "val": 1059,
      "test": 1058
    },
    "split_example_counts": {
      "train": 6256,
      "val": 1220,
      "test": 1206
    },
    "ddi_density": 0.05261303581914269,
    "ddi_upper_pairs": 448,
    "ddi_total_pairs": 8515,
    "loaded_artifacts": {
      "records": "data/processed/records_final.pkl",
      "cohort": "data/processed/cohort_mimic3.pkl",
      "ddi": "data/processed/ddi_A_final.pkl",
      "ehr": "data/processed/ehr_adj_final.pkl",
      "embeddings": "data/embeddings/code_embeddings.pt",
      "notes": "data/processed/note_embeddings_mimic3.pkl"
    }
  },
  "param_counts": {
    "visit_encoder": {
      "total": 4649474,
      "trainable": 2047490
    },
    "fusion": {
      "total": 400512,
      "trainable": 400512
    },
    "drug_gnn": {
      "total": 1151776,
      "trainable": 1151776
    },
    "predictor": {
      "total": 327942,
      "trainable": 327941
    },
    "model_total": {
      "total": 6792872,
      "trainable": 4190887
    }
  },
  "threshold_sweep": {
    "0.4": {
      "Jaccard": 0.531954,
      "Avg Meds": 25.359867,
      "Avg True Meds": 19.901327,
      "DDI Rate": 0.078223
    },
    "0.45": {
      "Jaccard": 0.535896,
      "Avg Meds": 24.466833,
      "Avg True Meds": 19.901327,
      "DDI Rate": 0.078908
    },
    "0.5": {
      "Jaccard": 0.538964,
      "Avg Meds": 23.619404,
      "Avg True Meds": 19.901327,
      "DDI Rate": 0.079019
    },
    "0.55": {
      "Jaccard": 0.540437,
      "Avg Meds": 22.805141,
      "Avg True Meds": 19.901327,
      "DDI Rate": 0.0794
    },
    "0.6": {
      "Jaccard": 0.542731,
      "Avg Meds": 21.95937,
      "Avg True Meds": 19.901327,
      "DDI Rate": 0.079575
    },
    "0.65": {
      "Jaccard": 0.543287,
      "Avg Meds": 21.11194,
      "Avg True Meds": 19.901327,
      "DDI Rate": 0.080182
    },
    "0.7": {
      "Jaccard": 0.542394,
      "Avg Meds": 20.243782,
      "Avg True Meds": 19.901327,
      "DDI Rate": 0.080158
    },
    "0.75": {
      "Jaccard": 0.541222,
      "Avg Meds": 19.364843,
      "Avg True Meds": 19.901327,
      "DDI Rate": 0.080521
    }
  },
  "calibrated_threshold": 0.7,
  "calibrated_metrics": {
    "Jaccard": 0.542394,
    "Avg Meds": 20.243782,
    "Avg True Meds": 19.901327,
    "DDI Rate": 0.080158
  },
  "config": {
    "hidden_dim": 256,
    "use_notes": true,
    "use_labs": false,
    "use_copy": false,
    "fusion_strategy": "film",
    "lab_dim": 0,
    "pos_weight_cap": 5.0,
    "use_cosine_lr": false,
    "contrastive_weight": 0.0,
    "margin_loss_weight": 0.0,
    "alignment_loss_weight": 0.1,
    "alignment_start_epoch": 1,
    "alignment_ramp_epochs": 0
  }
}