{
  "seed": 456,
  "ablation": "full",
  "mimic_version": 3,
  "mimic4_full": false,
  "cohort_tag": "mimic3",
  "best_val_jaccard": 0.5491272211074829,
  "test_metrics": {
    "Jaccard": 0.5505783557891846,
    "F1": 0.7024338245391846,
    "PRAUC": 0.791015425856011,
    "DDI Rate": 0.07910629251948642,
    "Avg Meds": 23.251243591308594,
    "Avg True Meds": 19.90132713317871,
    "Precision": 0.6609780192375183,
    "Recall": 0.7776173949241638,
    "NHJ_new": 0.2785434424877167,
    "NHJ_dropped": 0.2846696941476119,
    "CVR": 0.0
  },
  "data_diagnostics": {
    "split_mode_requested": "hidr_vita",
    "require_cohort_split": false,
    "split_source": "hidr_vita_sequential",
    "split_seed_used": "n/a",
    "split_patient_counts": {
      "train": 4233,
      "val": 1059,
      "test": 1058
    },
    "split_example_counts": {
      "train": 6256,
      "val": 1220,
      "test": 1206
    },
    "ddi_density": 0.05261303581914269,
    "ddi_upper_pairs": 448,
    "ddi_total_pairs": 8515,
    "loaded_artifacts": {
      "records": "data/processed/records_final.pkl",
      "cohort": "data/processed/cohort_mimic3.pkl",
      "ddi": "data/processed/ddi_A_final.pkl",
      "ehr": "data/processed/ehr_adj_final.pkl",
      "embeddings": "data/embeddings/code_embeddings.pt",
      "labs": "data/processed/lab_vectors_200labs.pkl"
    }
  },
  "param_counts": {
    "visit_encoder": {
      "total": 4583681,
      "trainable": 1981697
    },
    "fusion": {
      "total": 423808,
      "trainable": 423808
    },
    "drug_gnn": {
      "total": 1974080,
      "trainable": 1974080
    },
    "predictor": {
      "total": 1358407,
      "trainable": 1358406
    },
    "model_total": {
      "total": 8603144,
      "trainable": 6001159
    }
  },
  "threshold_sweep": {
    "0.4": {
      "Jaccard": 0.547747,
      "Avg Meds": 24.723881,
      "Avg True Meds": 19.901327,
      "DDI Rate": 0.078342
    },
    "0.45": {
      "Jaccard": 0.549902,
      "Avg Meds": 23.961857,
      "Avg True Meds": 19.901327,
      "DDI Rate": 0.078745
    },
    "0.5": {
      "Jaccard": 0.550578,
      "Avg Meds": 23.251244,
      "Avg True Meds": 19.901327,
      "DDI Rate": 0.079106
    },
    "0.55": {
      "Jaccard": 0.552231,
      "Avg Meds": 22.531509,
      "Avg True Meds": 19.901327,
      "DDI Rate": 0.079372
    },
    "0.6": {
      "Jaccard": 0.552341,
      "Avg Meds": 21.809286,
      "Avg True Meds": 19.901327,
      "DDI Rate": 0.079337
    },
    "0.65": {
      "Jaccard": 0.552384,
      "Avg Meds": 21.043118,
      "Avg True Meds": 19.901327,
      "DDI Rate": 0.080491
    },
    "0.7": {
      "Jaccard": 0.550484,
      "Avg Meds": 20.263681,
      "Avg True Meds": 19.901327,
      "DDI Rate": 0.081455
    },
    "0.75": {
      "Jaccard": 0.54749,
      "Avg Meds": 19.409618,
      "Avg True Meds": 19.901327,
      "DDI Rate": 0.082483
    }
  },
  "calibrated_threshold": 0.7,
  "calibrated_metrics": {
    "Jaccard": 0.550484,
    "Avg Meds": 20.263681,
    "Avg True Meds": 19.901327,
    "DDI Rate": 0.081455
  },
  "config": {
    "hidden_dim": 256,
    "use_notes": false,
    "use_labs": true,
    "use_copy": false,
    "fusion_strategy": "film",
    "lab_dim": 400,
    "pos_weight_cap": 5.0,
    "use_cosine_lr": false,
    "contrastive_weight": 0.0,
    "margin_loss_weight": 0.0,
    "alignment_loss_weight": 0.1,
    "alignment_start_epoch": 1,
    "alignment_ramp_epochs": 0
  }
}