{
  "seed": 123,
  "ablation": "full",
  "mimic_version": 3,
  "mimic4_full": false,
  "cohort_tag": "mimic3",
  "best_val_jaccard": 0.5168008804321289,
  "test_metrics": {
    "Jaccard": 0.5170677900314331,
    "F1": 0.6737810373306274,
    "PRAUC": 0.767912309354718,
    "DDI Rate": 0.08044583485232569,
    "Avg Meds": 23.951906204223633,
    "Avg True Meds": 19.90132713317871,
    "Precision": 0.6296564936637878,
    "Recall": 0.765404999256134,
    "NHJ_new": 0.2632041267658535,
    "NHJ_dropped": 0.30525528757195725,
    "CVR": 0.0
  },
  "data_diagnostics": {
    "split_mode_requested": "hidr_vita",
    "require_cohort_split": false,
    "split_source": "hidr_vita_sequential",
    "split_seed_used": "n/a",
    "split_patient_counts": {
      "train": 4233,
      "val": 1059,
      "test": 1058
    },
    "split_example_counts": {
      "train": 6256,
      "val": 1220,
      "test": 1206
    },
    "ddi_density": 0.05261303581914269,
    "ddi_upper_pairs": 448,
    "ddi_total_pairs": 8515,
    "loaded_artifacts": {
      "records": "data/processed/records_final.pkl",
      "cohort": "data/processed/cohort_mimic3.pkl",
      "ddi": "data/processed/ddi_A_final.pkl",
      "ehr": "data/processed/ehr_adj_final.pkl",
      "embeddings": "data/embeddings/code_embeddings.pt",
      "notes": "data/processed/note_embeddings_groq_phenotype.pkl"
    }
  },
  "param_counts": {
    "visit_encoder": {
      "total": 4649474,
      "trainable": 2047490
    },
    "fusion": {
      "total": 400512,
      "trainable": 400512
    },
    "drug_gnn": {
      "total": 1151776,
      "trainable": 1151776
    },
    "predictor": {
      "total": 327942,
      "trainable": 327941
    },
    "model_total": {
      "total": 6792872,
      "trainable": 4190887
    }
  },
  "threshold_sweep": {
    "0.4": {
      "Jaccard": 0.511578,
      "Avg Meds": 26.152571,
      "Avg True Meds": 19.901327,
      "DDI Rate": 0.079011
    },
    "0.45": {
      "Jaccard": 0.515512,
      "Avg Meds": 24.964344,
      "Avg True Meds": 19.901327,
      "DDI Rate": 0.079996
    },
    "0.5": {
      "Jaccard": 0.517068,
      "Avg Meds": 23.951906,
      "Avg True Meds": 19.901327,
      "DDI Rate": 0.080446
    },
    "0.55": {
      "Jaccard": 0.518993,
      "Avg Meds": 22.931177,
      "Avg True Meds": 19.901327,
      "DDI Rate": 0.080991
    },
    "0.6": {
      "Jaccard": 0.519077,
      "Avg Meds": 21.95854,
      "Avg True Meds": 19.901327,
      "DDI Rate": 0.081775
    },
    "0.65": {
      "Jaccard": 0.51895,
      "Avg Meds": 20.922056,
      "Avg True Meds": 19.901327,
      "DDI Rate": 0.082699
    },
    "0.7": {
      "Jaccard": 0.517038,
      "Avg Meds": 19.912106,
      "Avg True Meds": 19.901327,
      "DDI Rate": 0.083494
    },
    "0.75": {
      "Jaccard": 0.514264,
      "Avg Meds": 18.820896,
      "Avg True Meds": 19.901327,
      "DDI Rate": 0.084218
    }
  },
  "calibrated_threshold": 0.7,
  "calibrated_metrics": {
    "Jaccard": 0.517038,
    "Avg Meds": 19.912106,
    "Avg True Meds": 19.901327,
    "DDI Rate": 0.083494
  },
  "config": {
    "hidden_dim": 256,
    "use_notes": true,
    "use_labs": false,
    "use_copy": false,
    "fusion_strategy": "film",
    "lab_dim": 0,
    "pos_weight_cap": 5.0,
    "use_cosine_lr": false,
    "contrastive_weight": 0.0,
    "margin_loss_weight": 0.0,
    "alignment_loss_weight": 0.1,
    "alignment_start_epoch": 1,
    "alignment_ramp_epochs": 0
  }
}