{
  "seed": 42,
  "ablation": "full",
  "mimic_version": 3,
  "mimic4_full": false,
  "cohort_tag": "mimic3",
  "best_val_jaccard": 0.5527697801589966,
  "test_metrics": {
    "Jaccard": 0.554771363735199,
    "F1": 0.7059552669525146,
    "PRAUC": 0.7881684278126153,
    "DDI Rate": 0.07966068378385706,
    "Avg Meds": 21.83416175842285,
    "Avg True Meds": 19.90132713317871,
    "Precision": 0.6813380718231201,
    "Recall": 0.7601821422576904,
    "NHJ_new": 0.2796810151715028,
    "NHJ_dropped": 0.32897811657504034,
    "CVR": 0.0
  },
  "data_diagnostics": {
    "split_mode_requested": "hidr_vita",
    "require_cohort_split": false,
    "split_source": "hidr_vita_sequential",
    "split_seed_used": "n/a",
    "split_patient_counts": {
      "train": 4233,
      "val": 1059,
      "test": 1058
    },
    "split_example_counts": {
      "train": 6256,
      "val": 1220,
      "test": 1206
    },
    "ddi_density": 0.05261303581914269,
    "ddi_upper_pairs": 448,
    "ddi_total_pairs": 8515,
    "loaded_artifacts": {
      "records": "data/processed/records_final.pkl",
      "cohort": "data/processed/cohort_mimic3.pkl",
      "ddi": "data/processed/ddi_A_final.pkl",
      "ehr": "data/processed/ehr_adj_final.pkl",
      "embeddings": "data/embeddings/code_embeddings.pt",
      "notes": "data/processed/note_embeddings_mimic3.pkl"
    }
  },
  "param_counts": {
    "visit_encoder": {
      "total": 5108993,
      "trainable": 2507009
    },
    "fusion": {
      "total": 400512,
      "trainable": 400512
    },
    "drug_gnn": {
      "total": 395008,
      "trainable": 395008
    },
    "predictor": {
      "total": 1571465,
      "trainable": 1381894
    },
    "model_total": {
      "total": 7739146,
      "trainable": 4947591
    }
  },
  "threshold_sweep": {
    "0.4": {
      "Jaccard": 0.554653,
      "Avg Meds": 22.843283,
      "Avg True Meds": 19.901327,
      "DDI Rate": 0.079022
    },
    "0.45": {
      "Jaccard": 0.55474,
      "Avg Meds": 22.31592,
      "Avg True Meds": 19.901327,
      "DDI Rate": 0.079278
    },
    "0.5": {
      "Jaccard": 0.554771,
      "Avg Meds": 21.834162,
      "Avg True Meds": 19.901327,
      "DDI Rate": 0.079661
    },
    "0.55": {
      "Jaccard": 0.555375,
      "Avg Meds": 21.364014,
      "Avg True Meds": 19.901327,
      "DDI Rate": 0.080083
    },
    "0.6": {
      "Jaccard": 0.554145,
      "Avg Meds": 20.935324,
      "Avg True Meds": 19.901327,
      "DDI Rate": 0.080263
    },
    "0.65": {
      "Jaccard": 0.55386,
      "Avg Meds": 20.405472,
      "Avg True Meds": 19.901327,
      "DDI Rate": 0.080655
    },
    "0.7": {
      "Jaccard": 0.553175,
      "Avg Meds": 19.896351,
      "Avg True Meds": 19.901327,
      "DDI Rate": 0.081154
    },
    "0.75": {
      "Jaccard": 0.551089,
      "Avg Meds": 19.360697,
      "Avg True Meds": 19.901327,
      "DDI Rate": 0.081716
    }
  },
  "calibrated_threshold": 0.7,
  "calibrated_metrics": {
    "Jaccard": 0.553175,
    "Avg Meds": 19.896351,
    "Avg True Meds": 19.901327,
    "DDI Rate": 0.081154
  },
  "config": {
    "hidden_dim": 256,
    "use_notes": true,
    "use_labs": false,
    "use_copy": true,
    "fusion_strategy": "film",
    "lab_dim": 0,
    "pos_weight_cap": 5.0,
    "use_cosine_lr": false,
    "contrastive_weight": 0.0,
    "margin_loss_weight": 0.0,
    "alignment_loss_weight": 0.1,
    "alignment_start_epoch": 1,
    "alignment_ramp_epochs": 0
  }
}