{
  "seed": 123,
  "ablation": "full",
  "mimic_version": 3,
  "mimic4_full": false,
  "cohort_tag": "mimic3",
  "best_val_jaccard": 0.5513730049133301,
  "test_metrics": {
    "Jaccard": 0.5507765412330627,
    "F1": 0.7033132910728455,
    "PRAUC": 0.7907023183251409,
    "DDI Rate": 0.08273937848564739,
    "Avg Meds": 21.85489273071289,
    "Avg True Meds": 19.90132713317871,
    "Precision": 0.6828926801681519,
    "Recall": 0.7478613257408142,
    "NHJ_new": 0.2953113678254579,
    "NHJ_dropped": 0.38895375477640254,
    "CVR": 0.0
  },
  "data_diagnostics": {
    "split_mode_requested": "hidr_vita",
    "require_cohort_split": false,
    "split_source": "hidr_vita_sequential",
    "split_seed_used": "n/a",
    "split_patient_counts": {
      "train": 4233,
      "val": 1059,
      "test": 1058
    },
    "split_example_counts": {
      "train": 6256,
      "val": 1220,
      "test": 1206
    },
    "ddi_density": 0.05261303581914269,
    "ddi_upper_pairs": 448,
    "ddi_total_pairs": 8515,
    "loaded_artifacts": {
      "records": "data/processed/records_final.pkl",
      "cohort": "data/processed/cohort_mimic3.pkl",
      "ddi": "data/processed/ddi_A_final.pkl",
      "ehr": "data/processed/ehr_adj_final.pkl",
      "embeddings": "data/embeddings/code_embeddings.pt",
      "notes": "data/processed/note_embeddings_mimic3.pkl",
      "labs": "data/processed/lab_vectors_200labs.pkl"
    }
  },
  "param_counts": {
    "visit_encoder": {
      "total": 5762817,
      "trainable": 3160833
    },
    "fusion": {
      "total": 423808,
      "trainable": 423808
    },
    "drug_gnn": {
      "total": 1974080,
      "trainable": 1974080
    },
    "predictor": {
      "total": 369990,
      "trainable": 369990
    },
    "model_total": {
      "total": 8793863,
      "trainable": 6191879
    }
  },
  "threshold_sweep": {
    "0.4": {
      "Jaccard": 0.547241,
      "Avg Meds": 23.699005,
      "Avg True Meds": 19.901327,
      "DDI Rate": 0.081701
    },
    "0.45": {
      "Jaccard": 0.549708,
      "Avg Meds": 22.75456,
      "Avg True Meds": 19.901327,
      "DDI Rate": 0.082351
    },
    "0.5": {
      "Jaccard": 0.550777,
      "Avg Meds": 21.854893,
      "Avg True Meds": 19.901327,
      "DDI Rate": 0.082739
    },
    "0.55": {
      "Jaccard": 0.551197,
      "Avg Meds": 21.003317,
      "Avg True Meds": 19.901327,
      "DDI Rate": 0.083393
    },
    "0.6": {
      "Jaccard": 0.549903,
      "Avg Meds": 20.204809,
      "Avg True Meds": 19.901327,
      "DDI Rate": 0.083026
    },
    "0.65": {
      "Jaccard": 0.54635,
      "Avg Meds": 19.372305,
      "Avg True Meds": 19.901327,
      "DDI Rate": 0.083282
    },
    "0.7": {
      "Jaccard": 0.543557,
      "Avg Meds": 18.562189,
      "Avg True Meds": 19.901327,
      "DDI Rate": 0.083523
    },
    "0.75": {
      "Jaccard": 0.540515,
      "Avg Meds": 17.67247,
      "Avg True Meds": 19.901327,
      "DDI Rate": 0.083413
    }
  },
  "calibrated_threshold": 0.6,
  "calibrated_metrics": {
    "Jaccard": 0.549903,
    "Avg Meds": 20.204809,
    "Avg True Meds": 19.901327,
    "DDI Rate": 0.083026
  },
  "config": {
    "hidden_dim": 256,
    "use_notes": true,
    "use_labs": true,
    "use_copy": false,
    "fusion_strategy": "film",
    "lab_dim": 400,
    "pos_weight_cap": 5.0,
    "use_cosine_lr": false,
    "contrastive_weight": 0.0,
    "margin_loss_weight": 0.0,
    "alignment_loss_weight": 0.1,
    "alignment_start_epoch": 1,
    "alignment_ramp_epochs": 0
  }
}