{
  "seed": 123,
  "ablation": "full",
  "mimic_version": 3,
  "mimic4_full": false,
  "cohort_tag": "mimic3",
  "best_val_jaccard": 0.5013426542282104,
  "test_metrics": {
    "Jaccard": 0.503129780292511,
    "F1": 0.6617212295532227,
    "PRAUC": 0.7486499151556743,
    "DDI Rate": 0.0876945917544417,
    "Avg Meds": 22.9718074798584,
    "Avg True Meds": 19.90132713317871,
    "Precision": 0.6336830258369446,
    "Recall": 0.7381052374839783,
    "NHJ_new": 0.23386507677404503,
    "NHJ_dropped": 0.29720231733824076,
    "CVR": 0.0
  },
  "data_diagnostics": {
    "split_mode_requested": "hidr_vita",
    "require_cohort_split": false,
    "split_source": "hidr_vita_sequential",
    "split_seed_used": "n/a",
    "split_patient_counts": {
      "train": 4233,
      "val": 1059,
      "test": 1058
    },
    "split_example_counts": {
      "train": 6256,
      "val": 1220,
      "test": 1206
    },
    "ddi_density": 0.05261303581914269,
    "ddi_upper_pairs": 448,
    "ddi_total_pairs": 8515,
    "loaded_artifacts": {
      "records": "data/processed/records_final.pkl",
      "cohort": "data/processed/cohort_mimic3.pkl",
      "ddi": "data/processed/ddi_A_final.pkl",
      "ehr": "data/processed/ehr_adj_final.pkl",
      "embeddings": "data/embeddings/code_embeddings.pt"
    }
  },
  "param_counts": {
    "visit_encoder": {
      "total": 4616835,
      "trainable": 2014851
    },
    "drug_gnn": {
      "total": 1974080,
      "trainable": 1974080
    },
    "predictor": {
      "total": 262406,
      "trainable": 262404
    },
    "model_total": {
      "total": 7116489,
      "trainable": 4514503
    }
  },
  "threshold_sweep": {
    "0.4": {
      "Jaccard": 0.501785,
      "Avg Meds": 25.133499,
      "Avg True Meds": 19.901327,
      "DDI Rate": 0.08463
    },
    "0.45": {
      "Jaccard": 0.503833,
      "Avg Meds": 24.033997,
      "Avg True Meds": 19.901327,
      "DDI Rate": 0.086165
    },
    "0.5": {
      "Jaccard": 0.50313,
      "Avg Meds": 22.971807,
      "Avg True Meds": 19.901327,
      "DDI Rate": 0.087695
    },
    "0.55": {
      "Jaccard": 0.504638,
      "Avg Meds": 21.935324,
      "Avg True Meds": 19.901327,
      "DDI Rate": 0.088945
    },
    "0.6": {
      "Jaccard": 0.50399,
      "Avg Meds": 20.85738,
      "Avg True Meds": 19.901327,
      "DDI Rate": 0.091181
    },
    "0.65": {
      "Jaccard": 0.502909,
      "Avg Meds": 19.834162,
      "Avg True Meds": 19.901327,
      "DDI Rate": 0.092188
    },
    "0.7": {
      "Jaccard": 0.499109,
      "Avg Meds": 18.74461,
      "Avg True Meds": 19.901327,
      "DDI Rate": 0.093765
    },
    "0.75": {
      "Jaccard": 0.493573,
      "Avg Meds": 17.627695,
      "Avg True Meds": 19.901327,
      "DDI Rate": 0.095657
    }
  },
  "calibrated_threshold": 0.65,
  "calibrated_metrics": {
    "Jaccard": 0.502909,
    "Avg Meds": 19.834162,
    "Avg True Meds": 19.901327,
    "DDI Rate": 0.092188
  },
  "config": {
    "hidden_dim": 256,
    "use_notes": false,
    "use_labs": false,
    "use_copy": false,
    "fusion_strategy": "film",
    "lab_dim": 0,
    "pos_weight_cap": 5.0,
    "use_cosine_lr": false,
    "contrastive_weight": 0.0,
    "margin_loss_weight": 0.0,
    "alignment_loss_weight": 0.1,
    "alignment_start_epoch": 1,
    "alignment_ramp_epochs": 0
  }
}