{
  "seed": 123,
  "ablation": "full",
  "mimic_version": 3,
  "mimic4_full": false,
  "cohort_tag": "mimic3",
  "best_val_jaccard": 0.5423611998558044,
  "test_metrics": {
    "Jaccard": 0.5423485040664673,
    "F1": 0.6954202055931091,
    "PRAUC": 0.7863114528522817,
    "DDI Rate": 0.08120845887036604,
    "Avg Meds": 23.611940383911133,
    "Avg True Meds": 19.90132713317871,
    "Precision": 0.6495022773742676,
    "Recall": 0.7762768864631653,
    "NHJ_new": 0.29440219700336456,
    "NHJ_dropped": 0.34108857104652807,
    "CVR": 0.0
  },
  "data_diagnostics": {
    "split_mode_requested": "hidr_vita",
    "require_cohort_split": false,
    "split_source": "hidr_vita_sequential",
    "split_seed_used": "n/a",
    "split_patient_counts": {
      "train": 4233,
      "val": 1059,
      "test": 1058
    },
    "split_example_counts": {
      "train": 6256,
      "val": 1220,
      "test": 1206
    },
    "ddi_density": 0.05261303581914269,
    "ddi_upper_pairs": 448,
    "ddi_total_pairs": 8515,
    "loaded_artifacts": {
      "records": "data/processed/records_final.pkl",
      "cohort": "data/processed/cohort_mimic3.pkl",
      "ddi": "data/processed/ddi_A_final.pkl",
      "ehr": "data/processed/ehr_adj_final.pkl",
      "embeddings": "data/embeddings/code_embeddings.pt",
      "notes": "data/processed/note_embeddings_mimic3.pkl"
    }
  },
  "param_counts": {
    "visit_encoder": {
      "total": 4649474,
      "trainable": 2047490
    },
    "fusion": {
      "total": 400512,
      "trainable": 400512
    },
    "drug_gnn": {
      "total": 1151776,
      "trainable": 1151776
    },
    "predictor": {
      "total": 327942,
      "trainable": 327941
    },
    "model_total": {
      "total": 6792872,
      "trainable": 4190887
    }
  },
  "threshold_sweep": {
    "0.4": {
      "Jaccard": 0.53435,
      "Avg Meds": 25.543118,
      "Avg True Meds": 19.901327,
      "DDI Rate": 0.08044
    },
    "0.45": {
      "Jaccard": 0.538404,
      "Avg Meds": 24.563019,
      "Avg True Meds": 19.901327,
      "DDI Rate": 0.080717
    },
    "0.5": {
      "Jaccard": 0.542349,
      "Avg Meds": 23.61194,
      "Avg True Meds": 19.901327,
      "DDI Rate": 0.081208
    },
    "0.55": {
      "Jaccard": 0.544489,
      "Avg Meds": 22.774462,
      "Avg True Meds": 19.901327,
      "DDI Rate": 0.081399
    },
    "0.6": {
      "Jaccard": 0.545318,
      "Avg Meds": 21.912106,
      "Avg True Meds": 19.901327,
      "DDI Rate": 0.082299
    },
    "0.65": {
      "Jaccard": 0.54497,
      "Avg Meds": 21.025705,
      "Avg True Meds": 19.901327,
      "DDI Rate": 0.08267
    },
    "0.7": {
      "Jaccard": 0.544615,
      "Avg Meds": 20.145107,
      "Avg True Meds": 19.901327,
      "DDI Rate": 0.083039
    },
    "0.75": {
      "Jaccard": 0.541072,
      "Avg Meds": 19.217247,
      "Avg True Meds": 19.901327,
      "DDI Rate": 0.082973
    }
  },
  "calibrated_threshold": 0.7,
  "calibrated_metrics": {
    "Jaccard": 0.544615,
    "Avg Meds": 20.145107,
    "Avg True Meds": 19.901327,
    "DDI Rate": 0.083039
  },
  "config": {
    "hidden_dim": 256,
    "use_notes": true,
    "use_labs": false,
    "use_copy": false,
    "fusion_strategy": "film",
    "lab_dim": 0,
    "pos_weight_cap": 5.0,
    "use_cosine_lr": false,
    "contrastive_weight": 0.0,
    "margin_loss_weight": 0.0,
    "alignment_loss_weight": 0.1,
    "alignment_start_epoch": 1,
    "alignment_ramp_epochs": 0
  }
}