{
  "seed": 123,
  "ablation": "full",
  "mimic_version": 3,
  "mimic4_full": false,
  "cohort_tag": "mimic3",
  "best_val_jaccard": 0.5032625198364258,
  "test_metrics": {
    "Jaccard": 0.506355345249176,
    "F1": 0.6640331745147705,
    "PRAUC": 0.7527458078935408,
    "DDI Rate": 0.08453199280949518,
    "Avg Meds": 23.601160049438477,
    "Avg True Meds": 19.90132713317871,
    "Precision": 0.6274528503417969,
    "Recall": 0.7504923343658447,
    "NHJ_new": 0.2425915889049831,
    "NHJ_dropped": 0.288225667257058,
    "CVR": 0.0
  },
  "data_diagnostics": {
    "split_mode_requested": "hidr_vita",
    "require_cohort_split": false,
    "split_source": "hidr_vita_sequential",
    "split_seed_used": "n/a",
    "split_patient_counts": {
      "train": 4233,
      "val": 1059,
      "test": 1058
    },
    "split_example_counts": {
      "train": 6256,
      "val": 1220,
      "test": 1206
    },
    "ddi_density": 0.05261303581914269,
    "ddi_upper_pairs": 448,
    "ddi_total_pairs": 8515,
    "loaded_artifacts": {
      "records": "data/processed/records_final.pkl",
      "cohort": "data/processed/cohort_mimic3.pkl",
      "ddi": "data/processed/ddi_A_final.pkl",
      "ehr": "data/processed/ehr_adj_final.pkl",
      "embeddings": "data/embeddings/code_embeddings.pt"
    }
  },
  "param_counts": {
    "visit_encoder": {
      "total": 4583681,
      "trainable": 1981697
    },
    "drug_gnn": {
      "total": 1974080,
      "trainable": 1974080
    },
    "predictor": {
      "total": 262406,
      "trainable": 262404
    },
    "model_total": {
      "total": 7083335,
      "trainable": 4481349
    }
  },
  "threshold_sweep": {
    "0.4": {
      "Jaccard": 0.500711,
      "Avg Meds": 26.076284,
      "Avg True Meds": 19.901327,
      "DDI Rate": 0.081688
    },
    "0.45": {
      "Jaccard": 0.503437,
      "Avg Meds": 24.837479,
      "Avg True Meds": 19.901327,
      "DDI Rate": 0.082772
    },
    "0.5": {
      "Jaccard": 0.506355,
      "Avg Meds": 23.60116,
      "Avg True Meds": 19.901327,
      "DDI Rate": 0.084532
    },
    "0.55": {
      "Jaccard": 0.507768,
      "Avg Meds": 22.456053,
      "Avg True Meds": 19.901327,
      "DDI Rate": 0.085743
    },
    "0.6": {
      "Jaccard": 0.507234,
      "Avg Meds": 21.379768,
      "Avg True Meds": 19.901327,
      "DDI Rate": 0.086894
    },
    "0.65": {
      "Jaccard": 0.506554,
      "Avg Meds": 20.307629,
      "Avg True Meds": 19.901327,
      "DDI Rate": 0.087962
    },
    "0.7": {
      "Jaccard": 0.502137,
      "Avg Meds": 19.191542,
      "Avg True Meds": 19.901327,
      "DDI Rate": 0.089081
    },
    "0.75": {
      "Jaccard": 0.497058,
      "Avg Meds": 18.080431,
      "Avg True Meds": 19.901327,
      "DDI Rate": 0.090054
    }
  },
  "calibrated_threshold": 0.65,
  "calibrated_metrics": {
    "Jaccard": 0.506554,
    "Avg Meds": 20.307629,
    "Avg True Meds": 19.901327,
    "DDI Rate": 0.087962
  },
  "config": {
    "hidden_dim": 256,
    "use_notes": false,
    "use_labs": false,
    "use_copy": false,
    "fusion_strategy": "film",
    "lab_dim": 0,
    "pos_weight_cap": 5.0,
    "use_cosine_lr": false,
    "contrastive_weight": 0.0,
    "margin_loss_weight": 0.0,
    "alignment_loss_weight": 0.1,
    "alignment_start_epoch": 1,
    "alignment_ramp_epochs": 0
  }
}