{
  "seed": 456,
  "ablation": "full",
  "mimic_version": 3,
  "mimic4_full": false,
  "cohort_tag": "mimic3",
  "best_val_jaccard": 0.509899914264679,
  "test_metrics": {
    "Jaccard": 0.5094144940376282,
    "F1": 0.6673898696899414,
    "PRAUC": 0.7583132066786736,
    "DDI Rate": 0.08286642815124835,
    "Avg Meds": 22.572139739990234,
    "Avg True Meds": 19.90132713317871,
    "Precision": 0.641152024269104,
    "Recall": 0.739789605140686,
    "NHJ_new": 0.23658130278712824,
    "NHJ_dropped": 0.28692354732438136,
    "CVR": 0.0
  },
  "data_diagnostics": {
    "split_mode_requested": "hidr_vita",
    "require_cohort_split": false,
    "split_source": "hidr_vita_sequential",
    "split_seed_used": "n/a",
    "split_patient_counts": {
      "train": 4233,
      "val": 1059,
      "test": 1058
    },
    "split_example_counts": {
      "train": 6256,
      "val": 1220,
      "test": 1206
    },
    "ddi_density": 0.05261303581914269,
    "ddi_upper_pairs": 448,
    "ddi_total_pairs": 8515,
    "loaded_artifacts": {
      "records": "data/processed/records_final.pkl",
      "cohort": "data/processed/cohort_mimic3.pkl",
      "ddi": "data/processed/ddi_A_final.pkl",
      "ehr": "data/processed/ehr_adj_final.pkl",
      "embeddings": "data/embeddings/code_embeddings.pt"
    }
  },
  "param_counts": {
    "visit_encoder": {
      "total": 5762817,
      "trainable": 3160833
    },
    "drug_gnn": {
      "total": 1974080,
      "trainable": 1974080
    },
    "predictor": {
      "total": 262406,
      "trainable": 262404
    },
    "model_total": {
      "total": 8262471,
      "trainable": 5660485
    }
  },
  "threshold_sweep": {
    "0.4": {
      "Jaccard": 0.504735,
      "Avg Meds": 25.261194,
      "Avg True Meds": 19.901327,
      "DDI Rate": 0.07908
    },
    "0.45": {
      "Jaccard": 0.506989,
      "Avg Meds": 23.855721,
      "Avg True Meds": 19.901327,
      "DDI Rate": 0.080792
    },
    "0.5": {
      "Jaccard": 0.509414,
      "Avg Meds": 22.57214,
      "Avg True Meds": 19.901327,
      "DDI Rate": 0.082866
    },
    "0.55": {
      "Jaccard": 0.509056,
      "Avg Meds": 21.302654,
      "Avg True Meds": 19.901327,
      "DDI Rate": 0.085282
    },
    "0.6": {
      "Jaccard": 0.507365,
      "Avg Meds": 20.109453,
      "Avg True Meds": 19.901327,
      "DDI Rate": 0.087073
    },
    "0.65": {
      "Jaccard": 0.505294,
      "Avg Meds": 18.896351,
      "Avg True Meds": 19.901327,
      "DDI Rate": 0.089254
    },
    "0.7": {
      "Jaccard": 0.498854,
      "Avg Meds": 17.635986,
      "Avg True Meds": 19.901327,
      "DDI Rate": 0.091074
    },
    "0.75": {
      "Jaccard": 0.490712,
      "Avg Meds": 16.403814,
      "Avg True Meds": 19.901327,
      "DDI Rate": 0.092542
    }
  },
  "calibrated_threshold": 0.6,
  "calibrated_metrics": {
    "Jaccard": 0.507365,
    "Avg Meds": 20.109453,
    "Avg True Meds": 19.901327,
    "DDI Rate": 0.087073
  },
  "config": {
    "hidden_dim": 256,
    "use_notes": false,
    "use_labs": false,
    "use_copy": false,
    "fusion_strategy": "film",
    "lab_dim": 0,
    "pos_weight_cap": 5.0,
    "use_cosine_lr": false,
    "contrastive_weight": 0.0,
    "margin_loss_weight": 0.0,
    "alignment_loss_weight": 0.1,
    "alignment_start_epoch": 1,
    "alignment_ramp_epochs": 0
  }
}