{
  "seed": 456,
  "ablation": "full",
  "mimic_version": 3,
  "mimic4_full": false,
  "cohort_tag": "mimic3",
  "best_val_jaccard": 0.5656319260597229,
  "test_metrics": {
    "Jaccard": 0.5604426264762878,
    "F1": 0.7109223008155823,
    "PRAUC": 0.7973784171406845,
    "DDI Rate": 0.08190977596930121,
    "Avg Meds": 22.42620277404785,
    "Avg True Meds": 19.90132713317871,
    "Precision": 0.6795502305030823,
    "Recall": 0.7681359648704529,
    "NHJ_new": 0.2858427151253349,
    "NHJ_dropped": 0.30004025289886876,
    "CVR": 0.0
  },
  "data_diagnostics": {
    "split_mode_requested": "hidr_vita",
    "require_cohort_split": false,
    "split_source": "hidr_vita_sequential",
    "split_seed_used": "n/a",
    "split_patient_counts": {
      "train": 4233,
      "val": 1059,
      "test": 1058
    },
    "split_example_counts": {
      "train": 6256,
      "val": 1220,
      "test": 1206
    },
    "ddi_density": 0.05261303581914269,
    "ddi_upper_pairs": 448,
    "ddi_total_pairs": 8515,
    "loaded_artifacts": {
      "records": "data/processed/records_final.pkl",
      "cohort": "data/processed/cohort_mimic3.pkl",
      "ddi": "data/processed/ddi_A_final.pkl",
      "ehr": "data/processed/ehr_adj_final.pkl",
      "embeddings": "data/embeddings/code_embeddings.pt",
      "notes": "data/processed/note_embeddings_mimic3.pkl",
      "labs": "data/processed/lab_vectors_200labs.pkl"
    }
  },
  "param_counts": {
    "visit_encoder": {
      "total": 4583681,
      "trainable": 1981697
    },
    "fusion": {
      "total": 423808,
      "trainable": 423808
    },
    "drug_gnn": {
      "total": 1974080,
      "trainable": 1974080
    },
    "predictor": {
      "total": 559560,
      "trainable": 559560
    },
    "model_total": {
      "total": 7804297,
      "trainable": 5202313
    }
  },
  "threshold_sweep": {
    "0.4": {
      "Jaccard": 0.555599,
      "Avg Meds": 24.155058,
      "Avg True Meds": 19.901327,
      "DDI Rate": 0.081892
    },
    "0.45": {
      "Jaccard": 0.558554,
      "Avg Meds": 23.237148,
      "Avg True Meds": 19.901327,
      "DDI Rate": 0.081953
    },
    "0.5": {
      "Jaccard": 0.560443,
      "Avg Meds": 22.426203,
      "Avg True Meds": 19.901327,
      "DDI Rate": 0.08191
    },
    "0.55": {
      "Jaccard": 0.560934,
      "Avg Meds": 21.602819,
      "Avg True Meds": 19.901327,
      "DDI Rate": 0.081816
    },
    "0.6": {
      "Jaccard": 0.561005,
      "Avg Meds": 20.803482,
      "Avg True Meds": 19.901327,
      "DDI Rate": 0.081539
    },
    "0.65": {
      "Jaccard": 0.559973,
      "Avg Meds": 19.993366,
      "Avg True Meds": 19.901327,
      "DDI Rate": 0.080964
    },
    "0.7": {
      "Jaccard": 0.55697,
      "Avg Meds": 19.199005,
      "Avg True Meds": 19.901327,
      "DDI Rate": 0.080469
    },
    "0.75": {
      "Jaccard": 0.552123,
      "Avg Meds": 18.314262,
      "Avg True Meds": 19.901327,
      "DDI Rate": 0.079883
    }
  },
  "calibrated_threshold": 0.65,
  "calibrated_metrics": {
    "Jaccard": 0.559973,
    "Avg Meds": 19.993366,
    "Avg True Meds": 19.901327,
    "DDI Rate": 0.080964
  },
  "config": {
    "hidden_dim": 256,
    "use_notes": true,
    "use_labs": true,
    "use_copy": true,
    "fusion_strategy": "film",
    "lab_dim": 400,
    "pos_weight_cap": 5.0,
    "use_cosine_lr": false,
    "contrastive_weight": 0.0,
    "margin_loss_weight": 0.0,
    "alignment_loss_weight": 0.1,
    "alignment_start_epoch": 1,
    "alignment_ramp_epochs": 0
  }
}