{
  "seed": 123,
  "ablation": "full",
  "mimic_version": 3,
  "mimic4_full": false,
  "cohort_tag": "mimic3",
  "best_val_jaccard": 0.5430939793586731,
  "test_metrics": {
    "Jaccard": 0.5450969338417053,
    "F1": 0.6980394721031189,
    "PRAUC": 0.7874970766937146,
    "DDI Rate": 0.07705362992543599,
    "Avg Meds": 22.558042526245117,
    "Avg True Meds": 19.90132713317871,
    "Precision": 0.6651656627655029,
    "Recall": 0.760722815990448,
    "NHJ_new": 0.29960174780142934,
    "NHJ_dropped": 0.370098939067439,
    "CVR": 0.0
  },
  "data_diagnostics": {
    "split_mode_requested": "hidr_vita",
    "require_cohort_split": false,
    "split_source": "hidr_vita_sequential",
    "split_seed_used": "n/a",
    "split_patient_counts": {
      "train": 4233,
      "val": 1059,
      "test": 1058
    },
    "split_example_counts": {
      "train": 6256,
      "val": 1220,
      "test": 1206
    },
    "ddi_density": 0.05261303581914269,
    "ddi_upper_pairs": 448,
    "ddi_total_pairs": 8515,
    "loaded_artifacts": {
      "records": "data/processed/records_final.pkl",
      "cohort": "data/processed/cohort_mimic3.pkl",
      "ddi": "data/processed/ddi_A_final.pkl",
      "ehr": "data/processed/ehr_adj_final.pkl",
      "embeddings": "data/embeddings/code_embeddings.pt",
      "notes": "data/processed/note_embeddings_mimic3.pkl"
    }
  },
  "param_counts": {
    "visit_encoder": {
      "total": 4583681,
      "trainable": 1981697
    },
    "fusion": {
      "total": 400512,
      "trainable": 400512
    },
    "drug_gnn": {
      "total": 526080,
      "trainable": 526080
    },
    "predictor": {
      "total": 327942,
      "trainable": 327941
    },
    "model_total": {
      "total": 6101383,
      "trainable": 3499398
    }
  },
  "threshold_sweep": {
    "0.4": {
      "Jaccard": 0.540154,
      "Avg Meds": 24.517412,
      "Avg True Meds": 19.901327,
      "DDI Rate": 0.076896
    },
    "0.45": {
      "Jaccard": 0.54249,
      "Avg Meds": 23.533997,
      "Avg True Meds": 19.901327,
      "DDI Rate": 0.077082
    },
    "0.5": {
      "Jaccard": 0.545097,
      "Avg Meds": 22.558043,
      "Avg True Meds": 19.901327,
      "DDI Rate": 0.077054
    },
    "0.55": {
      "Jaccard": 0.546435,
      "Avg Meds": 21.696518,
      "Avg True Meds": 19.901327,
      "DDI Rate": 0.077502
    },
    "0.6": {
      "Jaccard": 0.545136,
      "Avg Meds": 20.807629,
      "Avg True Meds": 19.901327,
      "DDI Rate": 0.07739
    },
    "0.65": {
      "Jaccard": 0.544729,
      "Avg Meds": 19.913765,
      "Avg True Meds": 19.901327,
      "DDI Rate": 0.07836
    },
    "0.7": {
      "Jaccard": 0.541204,
      "Avg Meds": 19.031509,
      "Avg True Meds": 19.901327,
      "DDI Rate": 0.078676
    },
    "0.75": {
      "Jaccard": 0.537952,
      "Avg Meds": 18.082918,
      "Avg True Meds": 19.901327,
      "DDI Rate": 0.078422
    }
  },
  "calibrated_threshold": 0.65,
  "calibrated_metrics": {
    "Jaccard": 0.544729,
    "Avg Meds": 19.913765,
    "Avg True Meds": 19.901327,
    "DDI Rate": 0.07836
  },
  "config": {
    "hidden_dim": 256,
    "use_notes": true,
    "use_labs": false,
    "use_copy": false,
    "fusion_strategy": "film",
    "lab_dim": 0,
    "pos_weight_cap": 5.0,
    "use_cosine_lr": false,
    "contrastive_weight": 0.0,
    "margin_loss_weight": 0.0,
    "alignment_loss_weight": 0.1,
    "alignment_start_epoch": 1,
    "alignment_ramp_epochs": 0
  }
}