{
  "seed": 456,
  "ablation": "full",
  "mimic_version": 3,
  "mimic4_full": false,
  "cohort_tag": "mimic3",
  "best_val_jaccard": 0.5365728735923767,
  "test_metrics": {
    "Jaccard": 0.5372121334075928,
    "F1": 0.6912003755569458,
    "PRAUC": 0.7781380886277087,
    "DDI Rate": 0.08301212919555476,
    "Avg Meds": 22.798507690429688,
    "Avg True Meds": 19.90132713317871,
    "Precision": 0.6568204760551453,
    "Recall": 0.7576174736022949,
    "NHJ_new": 0.28827411171637085,
    "NHJ_dropped": 0.36122010569823415,
    "CVR": 0.0
  },
  "data_diagnostics": {
    "split_mode_requested": "hidr_vita",
    "require_cohort_split": false,
    "split_source": "hidr_vita_sequential",
    "split_seed_used": "n/a",
    "split_patient_counts": {
      "train": 4233,
      "val": 1059,
      "test": 1058
    },
    "split_example_counts": {
      "train": 6256,
      "val": 1220,
      "test": 1206
    },
    "ddi_density": 0.05261303581914269,
    "ddi_upper_pairs": 448,
    "ddi_total_pairs": 8515,
    "loaded_artifacts": {
      "records": "data/processed/records_final.pkl",
      "cohort": "data/processed/cohort_mimic3.pkl",
      "ddi": "data/processed/ddi_A_final.pkl",
      "ehr": "data/processed/ehr_adj_final.pkl",
      "embeddings": "data/embeddings/code_embeddings.pt",
      "labs": "data/processed/lab_vectors_200labs.pkl"
    }
  },
  "param_counts": {
    "visit_encoder": {
      "total": 4583681,
      "trainable": 1981697
    },
    "fusion": {
      "total": 423808,
      "trainable": 423808
    },
    "drug_gnn": {
      "total": 1974080,
      "trainable": 1974080
    },
    "predictor": {
      "total": 799046,
      "trainable": 799045
    },
    "model_total": {
      "total": 8043783,
      "trainable": 5441798
    }
  },
  "threshold_sweep": {
    "0.4": {
      "Jaccard": 0.531659,
      "Avg Meds": 24.584578,
      "Avg True Meds": 19.901327,
      "DDI Rate": 0.082291
    },
    "0.45": {
      "Jaccard": 0.53466,
      "Avg Meds": 23.687397,
      "Avg True Meds": 19.901327,
      "DDI Rate": 0.082449
    },
    "0.5": {
      "Jaccard": 0.537212,
      "Avg Meds": 22.798508,
      "Avg True Meds": 19.901327,
      "DDI Rate": 0.083012
    },
    "0.55": {
      "Jaccard": 0.53804,
      "Avg Meds": 21.95854,
      "Avg True Meds": 19.901327,
      "DDI Rate": 0.083093
    },
    "0.6": {
      "Jaccard": 0.537373,
      "Avg Meds": 21.122719,
      "Avg True Meds": 19.901327,
      "DDI Rate": 0.083142
    },
    "0.65": {
      "Jaccard": 0.536686,
      "Avg Meds": 20.267828,
      "Avg True Meds": 19.901327,
      "DDI Rate": 0.082903
    },
    "0.7": {
      "Jaccard": 0.535668,
      "Avg Meds": 19.396351,
      "Avg True Meds": 19.901327,
      "DDI Rate": 0.082874
    },
    "0.75": {
      "Jaccard": 0.532461,
      "Avg Meds": 18.487562,
      "Avg True Meds": 19.901327,
      "DDI Rate": 0.082729
    }
  },
  "calibrated_threshold": 0.65,
  "calibrated_metrics": {
    "Jaccard": 0.536686,
    "Avg Meds": 20.267828,
    "Avg True Meds": 19.901327,
    "DDI Rate": 0.082903
  },
  "config": {
    "hidden_dim": 256,
    "use_notes": false,
    "use_labs": true,
    "use_copy": false,
    "fusion_strategy": "film",
    "lab_dim": 400,
    "pos_weight_cap": 5.0,
    "use_cosine_lr": false,
    "contrastive_weight": 0.0,
    "margin_loss_weight": 0.0,
    "alignment_loss_weight": 0.1,
    "alignment_start_epoch": 1,
    "alignment_ramp_epochs": 0
  }
}