{
  "seed": 456,
  "ablation": "full",
  "mimic_version": 3,
  "mimic4_full": false,
  "cohort_tag": "mimic3",
  "best_val_jaccard": 0.5625005960464478,
  "test_metrics": {
    "Jaccard": 0.5608786344528198,
    "F1": 0.7114064693450928,
    "PRAUC": 0.7978095785357733,
    "DDI Rate": 0.07973045893052211,
    "Avg Meds": 21.629352569580078,
    "Avg True Meds": 19.90132713317871,
    "Precision": 0.6932947039604187,
    "Recall": 0.7527649998664856,
    "NHJ_new": 0.27571416685455724,
    "NHJ_dropped": 0.30633743813163355,
    "CVR": 0.0
  },
  "data_diagnostics": {
    "split_mode_requested": "hidr_vita",
    "require_cohort_split": false,
    "split_source": "hidr_vita_sequential",
    "split_seed_used": "n/a",
    "split_patient_counts": {
      "train": 4233,
      "val": 1059,
      "test": 1058
    },
    "split_example_counts": {
      "train": 6256,
      "val": 1220,
      "test": 1206
    },
    "ddi_density": 0.05261303581914269,
    "ddi_upper_pairs": 448,
    "ddi_total_pairs": 8515,
    "loaded_artifacts": {
      "records": "data/processed/records_final.pkl",
      "cohort": "data/processed/cohort_mimic3.pkl",
      "ddi": "data/processed/ddi_A_final.pkl",
      "ehr": "data/processed/ehr_adj_final.pkl",
      "embeddings": "data/embeddings/code_embeddings.pt",
      "notes": "data/processed/note_embeddings_mimic3.pkl",
      "labs": "data/processed/lab_vectors_200labs.pkl"
    }
  },
  "param_counts": {
    "visit_encoder": {
      "total": 3731473,
      "trainable": 1129489
    },
    "fusion": {
      "total": 423808,
      "trainable": 423808
    },
    "drug_gnn": {
      "total": 1974080,
      "trainable": 1974080
    },
    "predictor": {
      "total": 559560,
      "trainable": 559560
    },
    "model_total": {
      "total": 6952089,
      "trainable": 4350105
    }
  },
  "threshold_sweep": {
    "0.4": {
      "Jaccard": 0.559092,
      "Avg Meds": 23.35655,
      "Avg True Meds": 19.901327,
      "DDI Rate": 0.080313
    },
    "0.45": {
      "Jaccard": 0.560511,
      "Avg Meds": 22.449419,
      "Avg True Meds": 19.901327,
      "DDI Rate": 0.079796
    },
    "0.5": {
      "Jaccard": 0.560879,
      "Avg Meds": 21.629353,
      "Avg True Meds": 19.901327,
      "DDI Rate": 0.07973
    },
    "0.55": {
      "Jaccard": 0.560004,
      "Avg Meds": 20.801825,
      "Avg True Meds": 19.901327,
      "DDI Rate": 0.079119
    },
    "0.6": {
      "Jaccard": 0.558373,
      "Avg Meds": 19.952736,
      "Avg True Meds": 19.901327,
      "DDI Rate": 0.079022
    },
    "0.65": {
      "Jaccard": 0.553742,
      "Avg Meds": 19.145107,
      "Avg True Meds": 19.901327,
      "DDI Rate": 0.078394
    },
    "0.7": {
      "Jaccard": 0.548756,
      "Avg Meds": 18.281923,
      "Avg True Meds": 19.901327,
      "DDI Rate": 0.078926
    },
    "0.75": {
      "Jaccard": 0.542723,
      "Avg Meds": 17.401327,
      "Avg True Meds": 19.901327,
      "DDI Rate": 0.078039
    }
  },
  "calibrated_threshold": 0.6,
  "calibrated_metrics": {
    "Jaccard": 0.558373,
    "Avg Meds": 19.952736,
    "Avg True Meds": 19.901327,
    "DDI Rate": 0.079022
  },
  "config": {
    "hidden_dim": 256,
    "use_notes": true,
    "use_labs": true,
    "use_copy": true,
    "fusion_strategy": "film",
    "lab_dim": 400,
    "pos_weight_cap": 5.0,
    "use_cosine_lr": false,
    "contrastive_weight": 0.0,
    "margin_loss_weight": 0.0,
    "alignment_loss_weight": 0.1,
    "alignment_start_epoch": 1,
    "alignment_ramp_epochs": 0
  }
}