{
  "seed": 42,
  "ablation": "full",
  "mimic_version": 3,
  "mimic4_full": false,
  "cohort_tag": "mimic3",
  "best_val_jaccard": 0.48799219727516174,
  "test_metrics": {
    "Jaccard": 0.48825493454933167,
    "F1": 0.647483229637146,
    "PRAUC": 0.7445289350127804,
    "DDI Rate": 0.08875989111548144,
    "Avg Meds": 25.489219665527344,
    "Avg True Meds": 19.90132713317871,
    "Precision": 0.5857627987861633,
    "Recall": 0.7530419230461121,
    "NHJ_new": 0.273555158784515,
    "NHJ_dropped": 0.3850994878693631,
    "CVR": 0.0
  },
  "data_diagnostics": {
    "split_mode_requested": "hidr_vita",
    "require_cohort_split": false,
    "split_source": "hidr_vita_sequential",
    "split_seed_used": "n/a",
    "split_patient_counts": {
      "train": 4233,
      "val": 1059,
      "test": 1058
    },
    "split_example_counts": {
      "train": 6256,
      "val": 1220,
      "test": 1206
    },
    "ddi_density": 0.05261303581914269,
    "ddi_upper_pairs": 448,
    "ddi_total_pairs": 8515,
    "loaded_artifacts": {
      "records": "data/processed/records_final.pkl",
      "cohort": "data/processed/cohort_mimic3.pkl",
      "ddi": "data/processed/ddi_A_final.pkl",
      "ehr": "data/processed/ehr_adj_final.pkl",
      "embeddings": "data/embeddings/code_embeddings.pt",
      "labs": "data/processed/lab_vectors_200labs.pkl"
    }
  },
  "param_counts": {
    "visit_encoder": {
      "total": 4583681,
      "trainable": 1981697
    },
    "fusion": {
      "total": 423808,
      "trainable": 423808
    },
    "drug_gnn": {
      "total": 1974080,
      "trainable": 1974080
    },
    "predictor": {
      "total": 627974,
      "trainable": 627972
    },
    "model_total": {
      "total": 7872711,
      "trainable": 5270725
    }
  },
  "threshold_sweep": {
    "0.4": {
      "Jaccard": 0.472498,
      "Avg Meds": 29.496683,
      "Avg True Meds": 19.901327,
      "DDI Rate": 0.088749
    },
    "0.45": {
      "Jaccard": 0.481014,
      "Avg Meds": 27.42869,
      "Avg True Meds": 19.901327,
      "DDI Rate": 0.089128
    },
    "0.5": {
      "Jaccard": 0.488255,
      "Avg Meds": 25.48922,
      "Avg True Meds": 19.901327,
      "DDI Rate": 0.08876
    },
    "0.55": {
      "Jaccard": 0.492093,
      "Avg Meds": 23.711443,
      "Avg True Meds": 19.901327,
      "DDI Rate": 0.088707
    },
    "0.6": {
      "Jaccard": 0.493542,
      "Avg Meds": 21.985905,
      "Avg True Meds": 19.901327,
      "DDI Rate": 0.088355
    },
    "0.65": {
      "Jaccard": 0.492627,
      "Avg Meds": 20.305141,
      "Avg True Meds": 19.901327,
      "DDI Rate": 0.088042
    },
    "0.7": {
      "Jaccard": 0.486125,
      "Avg Meds": 18.593699,
      "Avg True Meds": 19.901327,
      "DDI Rate": 0.087736
    },
    "0.75": {
      "Jaccard": 0.477611,
      "Avg Meds": 16.871475,
      "Avg True Meds": 19.901327,
      "DDI Rate": 0.086686
    }
  },
  "calibrated_threshold": 0.65,
  "calibrated_metrics": {
    "Jaccard": 0.492627,
    "Avg Meds": 20.305141,
    "Avg True Meds": 19.901327,
    "DDI Rate": 0.088042
  },
  "config": {
    "hidden_dim": 256,
    "use_notes": false,
    "use_labs": true,
    "use_copy": false,
    "fusion_strategy": "film",
    "lab_dim": 400,
    "pos_weight_cap": 5.0,
    "use_cosine_lr": false,
    "contrastive_weight": 0.0,
    "margin_loss_weight": 0.0,
    "alignment_loss_weight": 0.1,
    "alignment_start_epoch": 1,
    "alignment_ramp_epochs": 0
  }
}