{
  "seed": 456,
  "ablation": "full",
  "mimic_version": 3,
  "mimic4_full": false,
  "cohort_tag": "mimic3",
  "best_val_jaccard": 0.54550701379776,
  "test_metrics": {
    "Jaccard": 0.5469938516616821,
    "F1": 0.6996846199035645,
    "PRAUC": 0.786683366370955,
    "DDI Rate": 0.07840857752084095,
    "Avg Meds": 23.078773498535156,
    "Avg True Meds": 19.90132713317871,
    "Precision": 0.6630704402923584,
    "Recall": 0.765326738357544,
    "NHJ_new": 0.30256090509264094,
    "NHJ_dropped": 0.36882822764547246,
    "CVR": 0.0
  },
  "data_diagnostics": {
    "split_mode_requested": "hidr_vita",
    "require_cohort_split": false,
    "split_source": "hidr_vita_sequential",
    "split_seed_used": "n/a",
    "split_patient_counts": {
      "train": 4233,
      "val": 1059,
      "test": 1058
    },
    "split_example_counts": {
      "train": 6256,
      "val": 1220,
      "test": 1206
    },
    "ddi_density": 0.05261303581914269,
    "ddi_upper_pairs": 448,
    "ddi_total_pairs": 8515,
    "loaded_artifacts": {
      "records": "data/processed/records_final.pkl",
      "cohort": "data/processed/cohort_mimic3.pkl",
      "ddi": "data/processed/ddi_A_final.pkl",
      "ehr": "data/processed/ehr_adj_final.pkl",
      "embeddings": "data/embeddings/code_embeddings.pt",
      "notes": "data/processed/note_embeddings_mimic3.pkl",
      "labs": "data/processed/lab_vectors_200labs.pkl"
    }
  },
  "param_counts": {
    "visit_encoder": {
      "total": 6292225,
      "trainable": 3690241
    },
    "fusion": {
      "total": 423808,
      "trainable": 423808
    },
    "drug_gnn": {
      "total": 1974080,
      "trainable": 1974080
    },
    "predictor": {
      "total": 369990,
      "trainable": 369990
    },
    "model_total": {
      "total": 9323271,
      "trainable": 6721287
    }
  },
  "threshold_sweep": {
    "0.4": {
      "Jaccard": 0.540241,
      "Avg Meds": 24.990049,
      "Avg True Meds": 19.901327,
      "DDI Rate": 0.077904
    },
    "0.45": {
      "Jaccard": 0.544288,
      "Avg Meds": 23.977612,
      "Avg True Meds": 19.901327,
      "DDI Rate": 0.077936
    },
    "0.5": {
      "Jaccard": 0.546994,
      "Avg Meds": 23.078773,
      "Avg True Meds": 19.901327,
      "DDI Rate": 0.078409
    },
    "0.55": {
      "Jaccard": 0.549558,
      "Avg Meds": 22.160032,
      "Avg True Meds": 19.901327,
      "DDI Rate": 0.078615
    },
    "0.6": {
      "Jaccard": 0.549,
      "Avg Meds": 21.302654,
      "Avg True Meds": 19.901327,
      "DDI Rate": 0.078842
    },
    "0.65": {
      "Jaccard": 0.547172,
      "Avg Meds": 20.402157,
      "Avg True Meds": 19.901327,
      "DDI Rate": 0.079536
    },
    "0.7": {
      "Jaccard": 0.544228,
      "Avg Meds": 19.483416,
      "Avg True Meds": 19.901327,
      "DDI Rate": 0.08006
    },
    "0.75": {
      "Jaccard": 0.540884,
      "Avg Meds": 18.509121,
      "Avg True Meds": 19.901327,
      "DDI Rate": 0.080088
    }
  },
  "calibrated_threshold": 0.7,
  "calibrated_metrics": {
    "Jaccard": 0.544228,
    "Avg Meds": 19.483416,
    "Avg True Meds": 19.901327,
    "DDI Rate": 0.08006
  },
  "config": {
    "hidden_dim": 256,
    "use_notes": true,
    "use_labs": true,
    "use_copy": false,
    "fusion_strategy": "film",
    "lab_dim": 400,
    "pos_weight_cap": 5.0,
    "use_cosine_lr": false,
    "contrastive_weight": 0.0,
    "margin_loss_weight": 0.0,
    "alignment_loss_weight": 0.1,
    "alignment_start_epoch": 1,
    "alignment_ramp_epochs": 0
  }
}