{
  "seed": 42,
  "ablation": "full",
  "mimic_version": 3,
  "mimic4_full": false,
  "cohort_tag": "mimic3",
  "best_val_jaccard": 0.5439439415931702,
  "test_metrics": {
    "Jaccard": 0.5407839417457581,
    "F1": 0.6943340301513672,
    "PRAUC": 0.7856405507165551,
    "DDI Rate": 0.07893065504763311,
    "Avg Meds": 23.19403076171875,
    "Avg True Meds": 19.90132713317871,
    "Precision": 0.6533607244491577,
    "Recall": 0.7684868574142456,
    "NHJ_new": 0.2943918344221617,
    "NHJ_dropped": 0.35008910768910456,
    "CVR": 0.0
  },
  "data_diagnostics": {
    "split_mode_requested": "hidr_vita",
    "require_cohort_split": false,
    "split_source": "hidr_vita_sequential",
    "split_seed_used": "n/a",
    "split_patient_counts": {
      "train": 4233,
      "val": 1059,
      "test": 1058
    },
    "split_example_counts": {
      "train": 6256,
      "val": 1220,
      "test": 1206
    },
    "ddi_density": 0.05261303581914269,
    "ddi_upper_pairs": 448,
    "ddi_total_pairs": 8515,
    "loaded_artifacts": {
      "records": "data/processed/records_final.pkl",
      "cohort": "data/processed/cohort_mimic3.pkl",
      "ddi": "data/processed/ddi_A_final.pkl",
      "ehr": "data/processed/ehr_adj_final.pkl",
      "embeddings": "data/embeddings/code_embeddings.pt",
      "notes": "data/processed/note_embeddings_mimic3.pkl"
    }
  },
  "param_counts": {
    "visit_encoder": {
      "total": 7013378,
      "trainable": 4411394
    },
    "fusion": {
      "total": 400512,
      "trainable": 400512
    },
    "drug_gnn": {
      "total": 1151776,
      "trainable": 1151776
    },
    "predictor": {
      "total": 327942,
      "trainable": 327941
    },
    "model_total": {
      "total": 9156776,
      "trainable": 6554791
    }
  },
  "threshold_sweep": {
    "0.4": {
      "Jaccard": 0.534787,
      "Avg Meds": 24.99917,
      "Avg True Meds": 19.901327,
      "DDI Rate": 0.078674
    },
    "0.45": {
      "Jaccard": 0.538172,
      "Avg Meds": 24.103649,
      "Avg True Meds": 19.901327,
      "DDI Rate": 0.078826
    },
    "0.5": {
      "Jaccard": 0.540784,
      "Avg Meds": 23.194031,
      "Avg True Meds": 19.901327,
      "DDI Rate": 0.078931
    },
    "0.55": {
      "Jaccard": 0.541264,
      "Avg Meds": 22.363184,
      "Avg True Meds": 19.901327,
      "DDI Rate": 0.079338
    },
    "0.6": {
      "Jaccard": 0.542327,
      "Avg Meds": 21.557215,
      "Avg True Meds": 19.901327,
      "DDI Rate": 0.079791
    },
    "0.65": {
      "Jaccard": 0.541654,
      "Avg Meds": 20.757877,
      "Avg True Meds": 19.901327,
      "DDI Rate": 0.080405
    },
    "0.7": {
      "Jaccard": 0.541,
      "Avg Meds": 19.932837,
      "Avg True Meds": 19.901327,
      "DDI Rate": 0.081106
    },
    "0.75": {
      "Jaccard": 0.538638,
      "Avg Meds": 18.995853,
      "Avg True Meds": 19.901327,
      "DDI Rate": 0.080953
    }
  },
  "calibrated_threshold": 0.7,
  "calibrated_metrics": {
    "Jaccard": 0.541,
    "Avg Meds": 19.932837,
    "Avg True Meds": 19.901327,
    "DDI Rate": 0.081106
  },
  "config": {
    "hidden_dim": 256,
    "use_notes": true,
    "use_labs": false,
    "use_copy": false,
    "fusion_strategy": "film",
    "lab_dim": 0,
    "pos_weight_cap": 5.0,
    "use_cosine_lr": false,
    "contrastive_weight": 0.0,
    "margin_loss_weight": 0.0,
    "alignment_loss_weight": 0.1,
    "alignment_start_epoch": 1,
    "alignment_ramp_epochs": 0
  }
}