{
  "seed": 456,
  "ablation": "full",
  "mimic_version": 3,
  "mimic4_full": false,
  "cohort_tag": "mimic3",
  "best_val_jaccard": 0.5431801080703735,
  "test_metrics": {
    "Jaccard": 0.541061520576477,
    "F1": 0.6944865584373474,
    "PRAUC": 0.7838672379343383,
    "DDI Rate": 0.08779231645916587,
    "Avg Meds": 20.979270935058594,
    "Avg True Meds": 19.90132713317871,
    "Precision": 0.6863529682159424,
    "Recall": 0.7304292917251587,
    "NHJ_new": 0.27503143015660736,
    "NHJ_dropped": 0.3725578408492239,
    "CVR": 0.0
  },
  "data_diagnostics": {
    "split_mode_requested": "hidr_vita",
    "require_cohort_split": false,
    "split_source": "hidr_vita_sequential",
    "split_seed_used": "n/a",
    "split_patient_counts": {
      "train": 4233,
      "val": 1059,
      "test": 1058
    },
    "split_example_counts": {
      "train": 6256,
      "val": 1220,
      "test": 1206
    },
    "ddi_density": 0.05261303581914269,
    "ddi_upper_pairs": 448,
    "ddi_total_pairs": 8515,
    "loaded_artifacts": {
      "records": "data/processed/records_final.pkl",
      "cohort": "data/processed/cohort_mimic3.pkl",
      "ddi": "data/processed/ddi_A_final.pkl",
      "ehr": "data/processed/ehr_adj_final.pkl",
      "embeddings": "data/embeddings/code_embeddings.pt",
      "notes": "data/processed/note_embeddings_mimic3.pkl"
    }
  },
  "param_counts": {
    "visit_encoder": {
      "total": 5762817,
      "trainable": 3160833
    },
    "fusion": {
      "total": 400512,
      "trainable": 400512
    },
    "drug_gnn": {
      "total": 1974080,
      "trainable": 1974080
    },
    "predictor": {
      "total": 327942,
      "trainable": 327941
    },
    "model_total": {
      "total": 8728519,
      "trainable": 6126534
    }
  },
  "threshold_sweep": {
    "0.4": {
      "Jaccard": 0.539097,
      "Avg Meds": 23.011608,
      "Avg True Meds": 19.901327,
      "DDI Rate": 0.086452
    },
    "0.45": {
      "Jaccard": 0.540624,
      "Avg Meds": 21.956053,
      "Avg True Meds": 19.901327,
      "DDI Rate": 0.087105
    },
    "0.5": {
      "Jaccard": 0.541062,
      "Avg Meds": 20.979271,
      "Avg True Meds": 19.901327,
      "DDI Rate": 0.087792
    },
    "0.55": {
      "Jaccard": 0.539848,
      "Avg Meds": 20.061359,
      "Avg True Meds": 19.901327,
      "DDI Rate": 0.088381
    },
    "0.6": {
      "Jaccard": 0.537421,
      "Avg Meds": 19.178276,
      "Avg True Meds": 19.901327,
      "DDI Rate": 0.089591
    },
    "0.65": {
      "Jaccard": 0.533499,
      "Avg Meds": 18.280266,
      "Avg True Meds": 19.901327,
      "DDI Rate": 0.090376
    },
    "0.7": {
      "Jaccard": 0.528125,
      "Avg Meds": 17.339138,
      "Avg True Meds": 19.901327,
      "DDI Rate": 0.091519
    },
    "0.75": {
      "Jaccard": 0.521514,
      "Avg Meds": 16.393864,
      "Avg True Meds": 19.901327,
      "DDI Rate": 0.092441
    }
  },
  "calibrated_threshold": 0.55,
  "calibrated_metrics": {
    "Jaccard": 0.539848,
    "Avg Meds": 20.061359,
    "Avg True Meds": 19.901327,
    "DDI Rate": 0.088381
  },
  "config": {
    "hidden_dim": 256,
    "use_notes": true,
    "use_labs": false,
    "use_copy": false,
    "fusion_strategy": "film",
    "lab_dim": 0,
    "pos_weight_cap": 5.0,
    "use_cosine_lr": false,
    "contrastive_weight": 0.0,
    "margin_loss_weight": 0.0,
    "alignment_loss_weight": 0.1,
    "alignment_start_epoch": 1,
    "alignment_ramp_epochs": 0
  }
}