{
  "seed": 456,
  "ablation": "full",
  "mimic_version": 3,
  "mimic4_full": false,
  "cohort_tag": "mimic3",
  "best_val_jaccard": 0.5441398024559021,
  "test_metrics": {
    "Jaccard": 0.5407458543777466,
    "F1": 0.6943146586418152,
    "PRAUC": 0.7863191815970971,
    "DDI Rate": 0.07626646504039158,
    "Avg Meds": 22.070480346679688,
    "Avg True Meds": 19.90132713317871,
    "Precision": 0.667005181312561,
    "Recall": 0.7513250708580017,
    "NHJ_new": 0.2875925333876359,
    "NHJ_dropped": 0.36158183373902975,
    "CVR": 0.0
  },
  "data_diagnostics": {
    "split_mode_requested": "hidr_vita",
    "require_cohort_split": false,
    "split_source": "hidr_vita_sequential",
    "split_seed_used": "n/a",
    "split_patient_counts": {
      "train": 4233,
      "val": 1059,
      "test": 1058
    },
    "split_example_counts": {
      "train": 6256,
      "val": 1220,
      "test": 1206
    },
    "ddi_density": 0.05261303581914269,
    "ddi_upper_pairs": 448,
    "ddi_total_pairs": 8515,
    "loaded_artifacts": {
      "records": "data/processed/records_final.pkl",
      "cohort": "data/processed/cohort_mimic3.pkl",
      "ddi": "data/processed/ddi_A_final.pkl",
      "ehr": "data/processed/ehr_adj_final.pkl",
      "embeddings": "data/embeddings/code_embeddings.pt",
      "notes": "data/processed/note_embeddings_mimic3.pkl"
    }
  },
  "param_counts": {
    "visit_encoder": {
      "total": 5762817,
      "trainable": 3160833
    },
    "fusion": {
      "total": 400512,
      "trainable": 400512
    },
    "drug_gnn": {
      "total": 1974080,
      "trainable": 1974080
    },
    "predictor": {
      "total": 327942,
      "trainable": 327941
    },
    "model_total": {
      "total": 8728519,
      "trainable": 6126534
    }
  },
  "threshold_sweep": {
    "0.4": {
      "Jaccard": 0.536687,
      "Avg Meds": 23.966003,
      "Avg True Meds": 19.901327,
      "DDI Rate": 0.07585
    },
    "0.45": {
      "Jaccard": 0.539882,
      "Avg Meds": 22.978441,
      "Avg True Meds": 19.901327,
      "DDI Rate": 0.076193
    },
    "0.5": {
      "Jaccard": 0.540746,
      "Avg Meds": 22.07048,
      "Avg True Meds": 19.901327,
      "DDI Rate": 0.076266
    },
    "0.55": {
      "Jaccard": 0.540105,
      "Avg Meds": 21.193201,
      "Avg True Meds": 19.901327,
      "DDI Rate": 0.076105
    },
    "0.6": {
      "Jaccard": 0.539861,
      "Avg Meds": 20.287727,
      "Avg True Meds": 19.901327,
      "DDI Rate": 0.076002
    },
    "0.65": {
      "Jaccard": 0.536929,
      "Avg Meds": 19.433664,
      "Avg True Meds": 19.901327,
      "DDI Rate": 0.075881
    },
    "0.7": {
      "Jaccard": 0.534864,
      "Avg Meds": 18.554726,
      "Avg True Meds": 19.901327,
      "DDI Rate": 0.076193
    },
    "0.75": {
      "Jaccard": 0.530165,
      "Avg Meds": 17.563019,
      "Avg True Meds": 19.901327,
      "DDI Rate": 0.076283
    }
  },
  "calibrated_threshold": 0.6,
  "calibrated_metrics": {
    "Jaccard": 0.539861,
    "Avg Meds": 20.287727,
    "Avg True Meds": 19.901327,
    "DDI Rate": 0.076002
  },
  "config": {
    "hidden_dim": 256,
    "use_notes": true,
    "use_labs": false,
    "use_copy": false,
    "fusion_strategy": "film",
    "lab_dim": 0,
    "pos_weight_cap": 5.0,
    "use_cosine_lr": false,
    "contrastive_weight": 0.0,
    "margin_loss_weight": 0.0,
    "alignment_loss_weight": 0.1,
    "alignment_start_epoch": 1,
    "alignment_ramp_epochs": 0
  }
}