{
  "seed": 123,
  "ablation": "full",
  "mimic_version": 3,
  "mimic4_full": false,
  "cohort_tag": "mimic3",
  "best_val_jaccard": 0.553831160068512,
  "test_metrics": {
    "Jaccard": 0.5469799637794495,
    "F1": 0.6998366713523865,
    "PRAUC": 0.7918551485685338,
    "DDI Rate": 0.07658628565187643,
    "Avg Meds": 22.07131004333496,
    "Avg True Meds": 19.90132713317871,
    "Precision": 0.673635721206665,
    "Recall": 0.7507854700088501,
    "NHJ_new": 0.30101912272603887,
    "NHJ_dropped": 0.38821583358865036,
    "CVR": 0.0
  },
  "data_diagnostics": {
    "split_mode_requested": "hidr_vita",
    "require_cohort_split": false,
    "split_source": "hidr_vita_sequential",
    "split_seed_used": "n/a",
    "split_patient_counts": {
      "train": 4233,
      "val": 1059,
      "test": 1058
    },
    "split_example_counts": {
      "train": 6256,
      "val": 1220,
      "test": 1206
    },
    "ddi_density": 0.05261303581914269,
    "ddi_upper_pairs": 448,
    "ddi_total_pairs": 8515,
    "loaded_artifacts": {
      "records": "data/processed/records_final.pkl",
      "cohort": "data/processed/cohort_mimic3.pkl",
      "ddi": "data/processed/ddi_A_final.pkl",
      "ehr": "data/processed/ehr_adj_final.pkl",
      "embeddings": "data/embeddings/code_embeddings.pt",
      "notes": "data/processed/note_embeddings_mimic3.pkl",
      "labs": "data/processed/lab_vectors_200labs.pkl"
    }
  },
  "param_counts": {
    "visit_encoder": {
      "total": 4649474,
      "trainable": 2047490
    },
    "fusion": {
      "total": 243072,
      "trainable": 243072
    },
    "drug_gnn": {
      "total": 1151776,
      "trainable": 1151776
    },
    "predictor": {
      "total": 369990,
      "trainable": 369990
    },
    "model_total": {
      "total": 6677480,
      "trainable": 4075496
    }
  },
  "threshold_sweep": {
    "0.4": {
      "Jaccard": 0.545433,
      "Avg Meds": 23.718906,
      "Avg True Meds": 19.901327,
      "DDI Rate": 0.077073
    },
    "0.45": {
      "Jaccard": 0.54671,
      "Avg Meds": 22.903814,
      "Avg True Meds": 19.901327,
      "DDI Rate": 0.076777
    },
    "0.5": {
      "Jaccard": 0.54698,
      "Avg Meds": 22.07131,
      "Avg True Meds": 19.901327,
      "DDI Rate": 0.076586
    },
    "0.55": {
      "Jaccard": 0.547808,
      "Avg Meds": 21.310946,
      "Avg True Meds": 19.901327,
      "DDI Rate": 0.076757
    },
    "0.6": {
      "Jaccard": 0.548183,
      "Avg Meds": 20.554726,
      "Avg True Meds": 19.901327,
      "DDI Rate": 0.07756
    },
    "0.65": {
      "Jaccard": 0.547166,
      "Avg Meds": 19.774462,
      "Avg True Meds": 19.901327,
      "DDI Rate": 0.077721
    },
    "0.7": {
      "Jaccard": 0.544608,
      "Avg Meds": 19.003317,
      "Avg True Meds": 19.901327,
      "DDI Rate": 0.077432
    },
    "0.75": {
      "Jaccard": 0.543163,
      "Avg Meds": 18.144279,
      "Avg True Meds": 19.901327,
      "DDI Rate": 0.077174
    }
  },
  "calibrated_threshold": 0.65,
  "calibrated_metrics": {
    "Jaccard": 0.547166,
    "Avg Meds": 19.774462,
    "Avg True Meds": 19.901327,
    "DDI Rate": 0.077721
  },
  "config": {
    "hidden_dim": 256,
    "use_notes": true,
    "use_labs": true,
    "use_copy": false,
    "fusion_strategy": "additive_no_film",
    "lab_dim": 400,
    "pos_weight_cap": 5.0,
    "use_cosine_lr": false,
    "contrastive_weight": 0.0,
    "margin_loss_weight": 0.0,
    "alignment_loss_weight": 0.1,
    "alignment_start_epoch": 1,
    "alignment_ramp_epochs": 0
  }
}