{
  "seed": 42,
  "ablation": "full",
  "mimic_version": 3,
  "mimic4_full": false,
  "cohort_tag": "mimic3",
  "best_val_jaccard": 0.5663152933120728,
  "test_metrics": {
    "Jaccard": 0.5641118884086609,
    "F1": 0.7139955759048462,
    "PRAUC": 0.7997853436112784,
    "DDI Rate": 0.07944989166758473,
    "Avg Meds": 22.516584396362305,
    "Avg True Meds": 19.90132713317871,
    "Precision": 0.6815958619117737,
    "Recall": 0.7727833986282349,
    "NHJ_new": 0.29480943319044617,
    "NHJ_dropped": 0.3122416828808032,
    "CVR": 0.0
  },
  "data_diagnostics": {
    "split_mode_requested": "hidr_vita",
    "require_cohort_split": false,
    "split_source": "hidr_vita_sequential",
    "split_seed_used": "n/a",
    "split_patient_counts": {
      "train": 4233,
      "val": 1059,
      "test": 1058
    },
    "split_example_counts": {
      "train": 6256,
      "val": 1220,
      "test": 1206
    },
    "ddi_density": 0.05261303581914269,
    "ddi_upper_pairs": 448,
    "ddi_total_pairs": 8515,
    "loaded_artifacts": {
      "records": "data/processed/records_final.pkl",
      "cohort": "data/processed/cohort_mimic3.pkl",
      "ddi": "data/processed/ddi_A_final.pkl",
      "ehr": "data/processed/ehr_adj_final.pkl",
      "embeddings": "data/embeddings/code_embeddings.pt",
      "notes": "data/processed/note_embeddings_mimic3.pkl",
      "labs": "data/processed/lab_vectors_200labs.pkl"
    }
  },
  "param_counts": {
    "visit_encoder": {
      "total": 4583681,
      "trainable": 1981697
    },
    "fusion": {
      "total": 423808,
      "trainable": 423808
    },
    "drug_gnn": {
      "total": 395008,
      "trainable": 395008
    },
    "predictor": {
      "total": 559560,
      "trainable": 559560
    },
    "model_total": {
      "total": 6225225,
      "trainable": 3623241
    }
  },
  "threshold_sweep": {
    "0.4": {
      "Jaccard": 0.560318,
      "Avg Meds": 24.166666,
      "Avg True Meds": 19.901327,
      "DDI Rate": 0.080289
    },
    "0.45": {
      "Jaccard": 0.562208,
      "Avg Meds": 23.301825,
      "Avg True Meds": 19.901327,
      "DDI Rate": 0.079953
    },
    "0.5": {
      "Jaccard": 0.564112,
      "Avg Meds": 22.516584,
      "Avg True Meds": 19.901327,
      "DDI Rate": 0.07945
    },
    "0.55": {
      "Jaccard": 0.564493,
      "Avg Meds": 21.763681,
      "Avg True Meds": 19.901327,
      "DDI Rate": 0.079163
    },
    "0.6": {
      "Jaccard": 0.563943,
      "Avg Meds": 20.973467,
      "Avg True Meds": 19.901327,
      "DDI Rate": 0.078949
    },
    "0.65": {
      "Jaccard": 0.563951,
      "Avg Meds": 20.233002,
      "Avg True Meds": 19.901327,
      "DDI Rate": 0.078216
    },
    "0.7": {
      "Jaccard": 0.560401,
      "Avg Meds": 19.440298,
      "Avg True Meds": 19.901327,
      "DDI Rate": 0.077267
    },
    "0.75": {
      "Jaccard": 0.556156,
      "Avg Meds": 18.557215,
      "Avg True Meds": 19.901327,
      "DDI Rate": 0.07671
    }
  },
  "calibrated_threshold": 0.65,
  "calibrated_metrics": {
    "Jaccard": 0.563951,
    "Avg Meds": 20.233002,
    "Avg True Meds": 19.901327,
    "DDI Rate": 0.078216
  },
  "config": {
    "hidden_dim": 256,
    "use_notes": true,
    "use_labs": true,
    "use_copy": true,
    "fusion_strategy": "film",
    "lab_dim": 400,
    "pos_weight_cap": 5.0,
    "use_cosine_lr": false,
    "contrastive_weight": 0.0,
    "margin_loss_weight": 0.0,
    "alignment_loss_weight": 0.1,
    "alignment_start_epoch": 1,
    "alignment_ramp_epochs": 0
  }
}