{
  "seed": 123,
  "ablation": "full",
  "mimic_version": 3,
  "mimic4_full": false,
  "cohort_tag": "mimic3",
  "best_val_jaccard": 0.4964144229888916,
  "test_metrics": {
    "Jaccard": 0.4962713420391083,
    "F1": 0.6556734442710876,
    "PRAUC": 0.7523284949178642,
    "DDI Rate": 0.09171011408172747,
    "Avg Meds": 20.2678279876709,
    "Avg True Meds": 19.90132713317871,
    "Precision": 0.6651176810264587,
    "Recall": 0.6892015933990479,
    "NHJ_new": 0.22405100417764565,
    "NHJ_dropped": 0.3498576001117104,
    "CVR": 0.0
  },
  "data_diagnostics": {
    "split_mode_requested": "hidr_vita",
    "require_cohort_split": false,
    "split_source": "hidr_vita_sequential",
    "split_seed_used": "n/a",
    "split_patient_counts": {
      "train": 4233,
      "val": 1059,
      "test": 1058
    },
    "split_example_counts": {
      "train": 6256,
      "val": 1220,
      "test": 1206
    },
    "ddi_density": 0.05261303581914269,
    "ddi_upper_pairs": 448,
    "ddi_total_pairs": 8515,
    "loaded_artifacts": {
      "records": "data/processed/records_final.pkl",
      "cohort": "data/processed/cohort_mimic3.pkl",
      "ddi": "data/processed/ddi_A_final.pkl",
      "ehr": "data/processed/ehr_adj_final.pkl",
      "embeddings": "data/embeddings/code_embeddings.pt"
    }
  },
  "param_counts": {
    "visit_encoder": {
      "total": 3731473,
      "trainable": 1129489
    },
    "drug_gnn": {
      "total": 1974080,
      "trainable": 1974080
    },
    "predictor": {
      "total": 262406,
      "trainable": 262404
    },
    "model_total": {
      "total": 6231127,
      "trainable": 3629141
    }
  },
  "threshold_sweep": {
    "0.4": {
      "Jaccard": 0.498057,
      "Avg Meds": 22.781923,
      "Avg True Meds": 19.901327,
      "DDI Rate": 0.088529
    },
    "0.45": {
      "Jaccard": 0.497489,
      "Avg Meds": 21.497513,
      "Avg True Meds": 19.901327,
      "DDI Rate": 0.090217
    },
    "0.5": {
      "Jaccard": 0.496271,
      "Avg Meds": 20.267828,
      "Avg True Meds": 19.901327,
      "DDI Rate": 0.09171
    },
    "0.55": {
      "Jaccard": 0.494718,
      "Avg Meds": 19.1733,
      "Avg True Meds": 19.901327,
      "DDI Rate": 0.093133
    },
    "0.6": {
      "Jaccard": 0.490604,
      "Avg Meds": 18.126865,
      "Avg True Meds": 19.901327,
      "DDI Rate": 0.094854
    },
    "0.65": {
      "Jaccard": 0.485775,
      "Avg Meds": 17.119404,
      "Avg True Meds": 19.901327,
      "DDI Rate": 0.096371
    },
    "0.7": {
      "Jaccard": 0.479846,
      "Avg Meds": 16.106136,
      "Avg True Meds": 19.901327,
      "DDI Rate": 0.097367
    },
    "0.75": {
      "Jaccard": 0.470086,
      "Avg Meds": 15.131012,
      "Avg True Meds": 19.901327,
      "DDI Rate": 0.097576
    }
  },
  "calibrated_threshold": 0.5,
  "calibrated_metrics": {
    "Jaccard": 0.496271,
    "Avg Meds": 20.267828,
    "Avg True Meds": 19.901327,
    "DDI Rate": 0.09171
  },
  "config": {
    "hidden_dim": 256,
    "use_notes": false,
    "use_labs": false,
    "use_copy": false,
    "fusion_strategy": "film",
    "lab_dim": 0,
    "pos_weight_cap": 5.0,
    "use_cosine_lr": false,
    "contrastive_weight": 0.0,
    "margin_loss_weight": 0.0,
    "alignment_loss_weight": 0.1,
    "alignment_start_epoch": 1,
    "alignment_ramp_epochs": 0
  }
}