{
  "seed": 42,
  "ablation": "full",
  "mimic_version": 3,
  "mimic4_full": false,
  "cohort_tag": "mimic3",
  "best_val_jaccard": 0.4982337951660156,
  "test_metrics": {
    "Jaccard": 0.4983539283275604,
    "F1": 0.6568529605865479,
    "PRAUC": 0.7504027416894873,
    "DDI Rate": 0.07989660049208866,
    "Avg Meds": 24.28109359741211,
    "Avg True Meds": 19.90132713317871,
    "Precision": 0.6124555468559265,
    "Recall": 0.7557297945022583,
    "NHJ_new": 0.24074329122116692,
    "NHJ_dropped": 0.2878224222283614,
    "CVR": 0.0
  },
  "data_diagnostics": {
    "split_mode_requested": "hidr_vita",
    "require_cohort_split": false,
    "split_source": "hidr_vita_sequential",
    "split_seed_used": "n/a",
    "split_patient_counts": {
      "train": 4233,
      "val": 1059,
      "test": 1058
    },
    "split_example_counts": {
      "train": 6256,
      "val": 1220,
      "test": 1206
    },
    "ddi_density": 0.05261303581914269,
    "ddi_upper_pairs": 448,
    "ddi_total_pairs": 8515,
    "loaded_artifacts": {
      "records": "data/processed/records_final.pkl",
      "cohort": "data/processed/cohort_mimic3.pkl",
      "ddi": "data/processed/ddi_A_final.pkl",
      "ehr": "data/processed/ehr_adj_final.pkl",
      "embeddings": "data/embeddings/code_embeddings.pt"
    }
  },
  "param_counts": {
    "visit_encoder": {
      "total": 4583681,
      "trainable": 1981697
    },
    "drug_gnn": {
      "total": 1974080,
      "trainable": 1974080
    },
    "predictor": {
      "total": 756998,
      "trainable": 756996
    },
    "model_total": {
      "total": 7577927,
      "trainable": 4975941
    }
  },
  "threshold_sweep": {
    "0.4": {
      "Jaccard": 0.490272,
      "Avg Meds": 26.777779,
      "Avg True Meds": 19.901327,
      "DDI Rate": 0.078024
    },
    "0.45": {
      "Jaccard": 0.494891,
      "Avg Meds": 25.504147,
      "Avg True Meds": 19.901327,
      "DDI Rate": 0.07892
    },
    "0.5": {
      "Jaccard": 0.498354,
      "Avg Meds": 24.281094,
      "Avg True Meds": 19.901327,
      "DDI Rate": 0.079897
    },
    "0.55": {
      "Jaccard": 0.501093,
      "Avg Meds": 23.053068,
      "Avg True Meds": 19.901327,
      "DDI Rate": 0.081161
    },
    "0.6": {
      "Jaccard": 0.499865,
      "Avg Meds": 21.883913,
      "Avg True Meds": 19.901327,
      "DDI Rate": 0.081905
    },
    "0.65": {
      "Jaccard": 0.498739,
      "Avg Meds": 20.712273,
      "Avg True Meds": 19.901327,
      "DDI Rate": 0.083361
    },
    "0.7": {
      "Jaccard": 0.495088,
      "Avg Meds": 19.455223,
      "Avg True Meds": 19.901327,
      "DDI Rate": 0.085437
    },
    "0.75": {
      "Jaccard": 0.491794,
      "Avg Meds": 18.189054,
      "Avg True Meds": 19.901327,
      "DDI Rate": 0.08627
    }
  },
  "calibrated_threshold": 0.7,
  "calibrated_metrics": {
    "Jaccard": 0.495088,
    "Avg Meds": 19.455223,
    "Avg True Meds": 19.901327,
    "DDI Rate": 0.085437
  },
  "config": {
    "hidden_dim": 256,
    "use_notes": false,
    "use_labs": false,
    "use_copy": false,
    "fusion_strategy": "film",
    "lab_dim": 0,
    "pos_weight_cap": 5.0,
    "use_cosine_lr": false,
    "contrastive_weight": 0.0,
    "margin_loss_weight": 0.0,
    "alignment_loss_weight": 0.1,
    "alignment_start_epoch": 1,
    "alignment_ramp_epochs": 0
  }
}