{
  "seed": 123,
  "ablation": "full",
  "mimic_version": 3,
  "mimic4_full": false,
  "cohort_tag": "mimic3",
  "best_val_jaccard": 0.5644575953483582,
  "test_metrics": {
    "Jaccard": 0.5619392991065979,
    "F1": 0.7120278477668762,
    "PRAUC": 0.7952767882656419,
    "DDI Rate": 0.0775930762400679,
    "Avg Meds": 21.877281188964844,
    "Avg True Meds": 19.90132713317871,
    "Precision": 0.6894187927246094,
    "Recall": 0.7600798010826111,
    "NHJ_new": 0.277090648287221,
    "NHJ_dropped": 0.282832123731312,
    "CVR": 0.0
  },
  "data_diagnostics": {
    "split_mode_requested": "hidr_vita",
    "require_cohort_split": false,
    "split_source": "hidr_vita_sequential",
    "split_seed_used": "n/a",
    "split_patient_counts": {
      "train": 4233,
      "val": 1059,
      "test": 1058
    },
    "split_example_counts": {
      "train": 6256,
      "val": 1220,
      "test": 1206
    },
    "ddi_density": 0.05261303581914269,
    "ddi_upper_pairs": 448,
    "ddi_total_pairs": 8515,
    "loaded_artifacts": {
      "records": "data/processed/records_final.pkl",
      "cohort": "data/processed/cohort_mimic3.pkl",
      "ddi": "data/processed/ddi_A_final.pkl",
      "ehr": "data/processed/ehr_adj_final.pkl",
      "embeddings": "data/embeddings/code_embeddings.pt",
      "notes": "data/processed/note_embeddings_mimic3.pkl",
      "labs": "data/processed/lab_vectors_200labs.pkl"
    }
  },
  "param_counts": {
    "visit_encoder": {
      "total": 4583681,
      "trainable": 1981697
    },
    "fusion": {
      "total": 423808,
      "trainable": 423808
    },
    "drug_gnn": {
      "total": 1974080,
      "trainable": 1974080
    },
    "predictor": {
      "total": 559560,
      "trainable": 559560
    },
    "model_total": {
      "total": 7804297,
      "trainable": 5202313
    }
  },
  "threshold_sweep": {
    "0.4": {
      "Jaccard": 0.559044,
      "Avg Meds": 23.519072,
      "Avg True Meds": 19.901327,
      "DDI Rate": 0.077511
    },
    "0.45": {
      "Jaccard": 0.560837,
      "Avg Meds": 22.664179,
      "Avg True Meds": 19.901327,
      "DDI Rate": 0.077599
    },
    "0.5": {
      "Jaccard": 0.561939,
      "Avg Meds": 21.877281,
      "Avg True Meds": 19.901327,
      "DDI Rate": 0.077593
    },
    "0.55": {
      "Jaccard": 0.561103,
      "Avg Meds": 21.053898,
      "Avg True Meds": 19.901327,
      "DDI Rate": 0.077106
    },
    "0.6": {
      "Jaccard": 0.559604,
      "Avg Meds": 20.297678,
      "Avg True Meds": 19.901327,
      "DDI Rate": 0.076723
    },
    "0.65": {
      "Jaccard": 0.555396,
      "Avg Meds": 19.551409,
      "Avg True Meds": 19.901327,
      "DDI Rate": 0.076665
    },
    "0.7": {
      "Jaccard": 0.550752,
      "Avg Meds": 18.705639,
      "Avg True Meds": 19.901327,
      "DDI Rate": 0.076107
    },
    "0.75": {
      "Jaccard": 0.543071,
      "Avg Meds": 17.834991,
      "Avg True Meds": 19.901327,
      "DDI Rate": 0.075163
    }
  },
  "calibrated_threshold": 0.65,
  "calibrated_metrics": {
    "Jaccard": 0.555396,
    "Avg Meds": 19.551409,
    "Avg True Meds": 19.901327,
    "DDI Rate": 0.076665
  },
  "config": {
    "hidden_dim": 256,
    "use_notes": true,
    "use_labs": true,
    "use_copy": true,
    "fusion_strategy": "film",
    "lab_dim": 400,
    "pos_weight_cap": 5.0,
    "use_cosine_lr": false,
    "contrastive_weight": 0.0,
    "margin_loss_weight": 0.0,
    "alignment_loss_weight": 0.1,
    "alignment_start_epoch": 1,
    "alignment_ramp_epochs": 0
  }
}