{
  "seed": 123,
  "ablation": "full",
  "mimic_version": 3,
  "mimic4_full": false,
  "cohort_tag": "mimic3",
  "best_val_jaccard": 0.5417594909667969,
  "test_metrics": {
    "Jaccard": 0.5389857888221741,
    "F1": 0.6928004026412964,
    "PRAUC": 0.783906358382412,
    "DDI Rate": 0.08439534519898433,
    "Avg Meds": 22.887229919433594,
    "Avg True Meds": 19.90132713317871,
    "Precision": 0.6576235294342041,
    "Recall": 0.7603801488876343,
    "NHJ_new": 0.27980583435610723,
    "NHJ_dropped": 0.340882492692847,
    "CVR": 0.0
  },
  "data_diagnostics": {
    "split_mode_requested": "hidr_vita",
    "require_cohort_split": false,
    "split_source": "hidr_vita_sequential",
    "split_seed_used": "n/a",
    "split_patient_counts": {
      "train": 4233,
      "val": 1059,
      "test": 1058
    },
    "split_example_counts": {
      "train": 6256,
      "val": 1220,
      "test": 1206
    },
    "ddi_density": 0.05261303581914269,
    "ddi_upper_pairs": 448,
    "ddi_total_pairs": 8515,
    "loaded_artifacts": {
      "records": "data/processed/records_final.pkl",
      "cohort": "data/processed/cohort_mimic3.pkl",
      "ddi": "data/processed/ddi_A_final.pkl",
      "ehr": "data/processed/ehr_adj_final.pkl",
      "embeddings": "data/embeddings/code_embeddings.pt",
      "labs": "data/processed/lab_vectors_200labs.pkl"
    }
  },
  "param_counts": {
    "visit_encoder": {
      "total": 5762817,
      "trainable": 3160833
    },
    "fusion": {
      "total": 423808,
      "trainable": 423808
    },
    "drug_gnn": {
      "total": 1974080,
      "trainable": 1974080
    },
    "predictor": {
      "total": 304454,
      "trainable": 304453
    },
    "model_total": {
      "total": 8728327,
      "trainable": 6126342
    }
  },
  "threshold_sweep": {
    "0.4": {
      "Jaccard": 0.5337,
      "Avg Meds": 24.760365,
      "Avg True Meds": 19.901327,
      "DDI Rate": 0.083856
    },
    "0.45": {
      "Jaccard": 0.53787,
      "Avg Meds": 23.763681,
      "Avg True Meds": 19.901327,
      "DDI Rate": 0.083984
    },
    "0.5": {
      "Jaccard": 0.538986,
      "Avg Meds": 22.88723,
      "Avg True Meds": 19.901327,
      "DDI Rate": 0.084395
    },
    "0.55": {
      "Jaccard": 0.540566,
      "Avg Meds": 22.022388,
      "Avg True Meds": 19.901327,
      "DDI Rate": 0.084838
    },
    "0.6": {
      "Jaccard": 0.540596,
      "Avg Meds": 21.174959,
      "Avg True Meds": 19.901327,
      "DDI Rate": 0.085261
    },
    "0.65": {
      "Jaccard": 0.539602,
      "Avg Meds": 20.294361,
      "Avg True Meds": 19.901327,
      "DDI Rate": 0.085466
    },
    "0.7": {
      "Jaccard": 0.53754,
      "Avg Meds": 19.401327,
      "Avg True Meds": 19.901327,
      "DDI Rate": 0.08608
    },
    "0.75": {
      "Jaccard": 0.533639,
      "Avg Meds": 18.498343,
      "Avg True Meds": 19.901327,
      "DDI Rate": 0.086854
    }
  },
  "calibrated_threshold": 0.65,
  "calibrated_metrics": {
    "Jaccard": 0.539602,
    "Avg Meds": 20.294361,
    "Avg True Meds": 19.901327,
    "DDI Rate": 0.085466
  },
  "config": {
    "hidden_dim": 256,
    "use_notes": false,
    "use_labs": true,
    "use_copy": false,
    "fusion_strategy": "film",
    "lab_dim": 400,
    "pos_weight_cap": 5.0,
    "use_cosine_lr": false,
    "contrastive_weight": 0.0,
    "margin_loss_weight": 0.0,
    "alignment_loss_weight": 0.1,
    "alignment_start_epoch": 1,
    "alignment_ramp_epochs": 0
  }
}