{
  "seed": 123,
  "ablation": "full",
  "mimic_version": 3,
  "mimic4_full": false,
  "cohort_tag": "mimic3",
  "best_val_jaccard": 0.5488134026527405,
  "test_metrics": {
    "Jaccard": 0.5452348589897156,
    "F1": 0.6981601715087891,
    "PRAUC": 0.7881148715520376,
    "DDI Rate": 0.08171604846417554,
    "Avg Meds": 23.432836532592773,
    "Avg True Meds": 19.90132713317871,
    "Precision": 0.653539776802063,
    "Recall": 0.7732766270637512,
    "NHJ_new": 0.3005145231359883,
    "NHJ_dropped": 0.3768587881012967,
    "CVR": 0.0
  },
  "data_diagnostics": {
    "split_mode_requested": "hidr_vita",
    "require_cohort_split": false,
    "split_source": "hidr_vita_sequential",
    "split_seed_used": "n/a",
    "split_patient_counts": {
      "train": 4233,
      "val": 1059,
      "test": 1058
    },
    "split_example_counts": {
      "train": 6256,
      "val": 1220,
      "test": 1206
    },
    "ddi_density": 0.05261303581914269,
    "ddi_upper_pairs": 448,
    "ddi_total_pairs": 8515,
    "loaded_artifacts": {
      "records": "data/processed/records_final.pkl",
      "cohort": "data/processed/cohort_mimic3.pkl",
      "ddi": "data/processed/ddi_A_final.pkl",
      "ehr": "data/processed/ehr_adj_final.pkl",
      "embeddings": "data/embeddings/code_embeddings.pt",
      "notes": "data/processed/note_embeddings_mimic3.pkl",
      "labs": "data/processed/lab_vectors_200labs.pkl"
    }
  },
  "param_counts": {
    "visit_encoder": {
      "total": 4583681,
      "trainable": 1981697
    },
    "fusion": {
      "total": 423808,
      "trainable": 423808
    },
    "drug_gnn": {
      "total": 1974080,
      "trainable": 1974080
    },
    "predictor": {
      "total": 864582,
      "trainable": 864582
    },
    "model_total": {
      "total": 8109319,
      "trainable": 5507335
    }
  },
  "threshold_sweep": {
    "0.4": {
      "Jaccard": 0.538472,
      "Avg Meds": 25.164179,
      "Avg True Meds": 19.901327,
      "DDI Rate": 0.080637
    },
    "0.45": {
      "Jaccard": 0.542993,
      "Avg Meds": 24.24544,
      "Avg True Meds": 19.901327,
      "DDI Rate": 0.081151
    },
    "0.5": {
      "Jaccard": 0.545235,
      "Avg Meds": 23.432837,
      "Avg True Meds": 19.901327,
      "DDI Rate": 0.081716
    },
    "0.55": {
      "Jaccard": 0.548975,
      "Avg Meds": 22.534826,
      "Avg True Meds": 19.901327,
      "DDI Rate": 0.081742
    },
    "0.6": {
      "Jaccard": 0.550096,
      "Avg Meds": 21.703152,
      "Avg True Meds": 19.901327,
      "DDI Rate": 0.082035
    },
    "0.65": {
      "Jaccard": 0.550093,
      "Avg Meds": 20.909618,
      "Avg True Meds": 19.901327,
      "DDI Rate": 0.082104
    },
    "0.7": {
      "Jaccard": 0.548685,
      "Avg Meds": 20.024046,
      "Avg True Meds": 19.901327,
      "DDI Rate": 0.082764
    },
    "0.75": {
      "Jaccard": 0.545937,
      "Avg Meds": 19.11194,
      "Avg True Meds": 19.901327,
      "DDI Rate": 0.082884
    }
  },
  "calibrated_threshold": 0.7,
  "calibrated_metrics": {
    "Jaccard": 0.548685,
    "Avg Meds": 20.024046,
    "Avg True Meds": 19.901327,
    "DDI Rate": 0.082764
  },
  "config": {
    "hidden_dim": 256,
    "use_notes": true,
    "use_labs": true,
    "use_copy": false,
    "fusion_strategy": "film",
    "lab_dim": 400,
    "pos_weight_cap": 5.0,
    "use_cosine_lr": false,
    "contrastive_weight": 0.0,
    "margin_loss_weight": 0.0,
    "alignment_loss_weight": 0.1,
    "alignment_start_epoch": 1,
    "alignment_ramp_epochs": 0
  }
}