{
  "seed": 42,
  "ablation": "full",
  "mimic_version": 3,
  "mimic4_full": false,
  "cohort_tag": "mimic3",
  "best_val_jaccard": 0.5033759474754333,
  "test_metrics": {
    "Jaccard": 0.5057277083396912,
    "F1": 0.6637343764305115,
    "PRAUC": 0.7561116997664389,
    "DDI Rate": 0.08463402497445727,
    "Avg Meds": 23.49087905883789,
    "Avg True Meds": 19.90132713317871,
    "Precision": 0.6288608312606812,
    "Recall": 0.7496737837791443,
    "NHJ_new": 0.24517254139247693,
    "NHJ_dropped": 0.29033704651029485,
    "CVR": 0.0
  },
  "data_diagnostics": {
    "split_mode_requested": "hidr_vita",
    "require_cohort_split": false,
    "split_source": "hidr_vita_sequential",
    "split_seed_used": "n/a",
    "split_patient_counts": {
      "train": 4233,
      "val": 1059,
      "test": 1058
    },
    "split_example_counts": {
      "train": 6256,
      "val": 1220,
      "test": 1206
    },
    "ddi_density": 0.05261303581914269,
    "ddi_upper_pairs": 448,
    "ddi_total_pairs": 8515,
    "loaded_artifacts": {
      "records": "data/processed/records_final.pkl",
      "cohort": "data/processed/cohort_mimic3.pkl",
      "ddi": "data/processed/ddi_A_final.pkl",
      "ehr": "data/processed/ehr_adj_final.pkl",
      "embeddings": "data/embeddings/code_embeddings.pt"
    }
  },
  "param_counts": {
    "visit_encoder": {
      "total": 4583681,
      "trainable": 1981697
    },
    "drug_gnn": {
      "total": 789792,
      "trainable": 789792
    },
    "predictor": {
      "total": 262406,
      "trainable": 262404
    },
    "model_total": {
      "total": 5899047,
      "trainable": 3297061
    }
  },
  "threshold_sweep": {
    "0.4": {
      "Jaccard": 0.502344,
      "Avg Meds": 25.900497,
      "Avg True Meds": 19.901327,
      "DDI Rate": 0.081539
    },
    "0.45": {
      "Jaccard": 0.503735,
      "Avg Meds": 24.681593,
      "Avg True Meds": 19.901327,
      "DDI Rate": 0.083022
    },
    "0.5": {
      "Jaccard": 0.505728,
      "Avg Meds": 23.490879,
      "Avg True Meds": 19.901327,
      "DDI Rate": 0.084634
    },
    "0.55": {
      "Jaccard": 0.507535,
      "Avg Meds": 22.368158,
      "Avg True Meds": 19.901327,
      "DDI Rate": 0.086132
    },
    "0.6": {
      "Jaccard": 0.508848,
      "Avg Meds": 21.271973,
      "Avg True Meds": 19.901327,
      "DDI Rate": 0.088041
    },
    "0.65": {
      "Jaccard": 0.507148,
      "Avg Meds": 20.161692,
      "Avg True Meds": 19.901327,
      "DDI Rate": 0.089973
    },
    "0.7": {
      "Jaccard": 0.503544,
      "Avg Meds": 19.065506,
      "Avg True Meds": 19.901327,
      "DDI Rate": 0.091343
    },
    "0.75": {
      "Jaccard": 0.498041,
      "Avg Meds": 17.952736,
      "Avg True Meds": 19.901327,
      "DDI Rate": 0.092441
    }
  },
  "calibrated_threshold": 0.65,
  "calibrated_metrics": {
    "Jaccard": 0.507148,
    "Avg Meds": 20.161692,
    "Avg True Meds": 19.901327,
    "DDI Rate": 0.089973
  },
  "config": {
    "hidden_dim": 256,
    "use_notes": false,
    "use_labs": false,
    "use_copy": false,
    "fusion_strategy": "film",
    "lab_dim": 0,
    "pos_weight_cap": 5.0,
    "use_cosine_lr": false,
    "contrastive_weight": 0.0,
    "margin_loss_weight": 0.0,
    "alignment_loss_weight": 0.1,
    "alignment_start_epoch": 1,
    "alignment_ramp_epochs": 0
  }
}