{
  "seed": 42,
  "ablation": "full",
  "mimic_version": 3,
  "mimic4_full": false,
  "cohort_tag": "mimic3",
  "best_val_jaccard": 0.5606955885887146,
  "test_metrics": {
    "Jaccard": 0.5611000657081604,
    "F1": 0.7113804221153259,
    "PRAUC": 0.7970302694106323,
    "DDI Rate": 0.08171243411130523,
    "Avg Meds": 22.989219665527344,
    "Avg True Meds": 19.90132713317871,
    "Precision": 0.6704723238945007,
    "Recall": 0.7812685966491699,
    "NHJ_new": 0.29921864129995046,
    "NHJ_dropped": 0.3331162082521539,
    "CVR": 0.0
  },
  "data_diagnostics": {
    "split_mode_requested": "hidr_vita",
    "require_cohort_split": false,
    "split_source": "hidr_vita_sequential",
    "split_seed_used": "n/a",
    "split_patient_counts": {
      "train": 4233,
      "val": 1059,
      "test": 1058
    },
    "split_example_counts": {
      "train": 6256,
      "val": 1220,
      "test": 1206
    },
    "ddi_density": 0.05261303581914269,
    "ddi_upper_pairs": 448,
    "ddi_total_pairs": 8515,
    "loaded_artifacts": {
      "records": "data/processed/records_final.pkl",
      "cohort": "data/processed/cohort_mimic3.pkl",
      "ddi": "data/processed/ddi_A_final.pkl",
      "ehr": "data/processed/ehr_adj_final.pkl",
      "embeddings": "data/embeddings/code_embeddings.pt",
      "notes": "data/processed/note_embeddings_mimic3.pkl",
      "labs": "data/processed/lab_vectors_200labs.pkl"
    }
  },
  "param_counts": {
    "visit_encoder": {
      "total": 4583681,
      "trainable": 1981697
    },
    "fusion": {
      "total": 423808,
      "trainable": 423808
    },
    "drug_gnn": {
      "total": 1974080,
      "trainable": 1974080
    },
    "predictor": {
      "total": 1423943,
      "trainable": 1423943
    },
    "model_total": {
      "total": 8668680,
      "trainable": 6066696
    }
  },
  "threshold_sweep": {
    "0.4": {
      "Jaccard": 0.557221,
      "Avg Meds": 24.466833,
      "Avg True Meds": 19.901327,
      "DDI Rate": 0.080802
    },
    "0.45": {
      "Jaccard": 0.559367,
      "Avg Meds": 23.694031,
      "Avg True Meds": 19.901327,
      "DDI Rate": 0.081296
    },
    "0.5": {
      "Jaccard": 0.5611,
      "Avg Meds": 22.98922,
      "Avg True Meds": 19.901327,
      "DDI Rate": 0.081712
    },
    "0.55": {
      "Jaccard": 0.561499,
      "Avg Meds": 22.274462,
      "Avg True Meds": 19.901327,
      "DDI Rate": 0.082348
    },
    "0.6": {
      "Jaccard": 0.562307,
      "Avg Meds": 21.579601,
      "Avg True Meds": 19.901327,
      "DDI Rate": 0.082826
    },
    "0.65": {
      "Jaccard": 0.563123,
      "Avg Meds": 20.883085,
      "Avg True Meds": 19.901327,
      "DDI Rate": 0.083543
    },
    "0.7": {
      "Jaccard": 0.562699,
      "Avg Meds": 20.157545,
      "Avg True Meds": 19.901327,
      "DDI Rate": 0.08387
    },
    "0.75": {
      "Jaccard": 0.560061,
      "Avg Meds": 19.391376,
      "Avg True Meds": 19.901327,
      "DDI Rate": 0.084436
    }
  },
  "calibrated_threshold": 0.7,
  "calibrated_metrics": {
    "Jaccard": 0.562699,
    "Avg Meds": 20.157545,
    "Avg True Meds": 19.901327,
    "DDI Rate": 0.08387
  },
  "config": {
    "hidden_dim": 256,
    "use_notes": true,
    "use_labs": true,
    "use_copy": false,
    "fusion_strategy": "film",
    "lab_dim": 400,
    "pos_weight_cap": 5.0,
    "use_cosine_lr": false,
    "contrastive_weight": 0.0,
    "margin_loss_weight": 0.0,
    "alignment_loss_weight": 0.1,
    "alignment_start_epoch": 1,
    "alignment_ramp_epochs": 0
  }
}