{
  "seed": 42,
  "ablation": "full",
  "mimic_version": 3,
  "mimic4_full": false,
  "cohort_tag": "mimic3",
  "best_val_jaccard": 0.5003763437271118,
  "test_metrics": {
    "Jaccard": 0.5016512870788574,
    "F1": 0.6602290272712708,
    "PRAUC": 0.755700196023728,
    "DDI Rate": 0.08154531529530068,
    "Avg Meds": 23.594528198242188,
    "Avg True Meds": 19.90132713317871,
    "Precision": 0.6235291361808777,
    "Recall": 0.7469501495361328,
    "NHJ_new": 0.24262091360594096,
    "NHJ_dropped": 0.29548143869952154,
    "CVR": 0.0
  },
  "data_diagnostics": {
    "split_mode_requested": "hidr_vita",
    "require_cohort_split": false,
    "split_source": "hidr_vita_sequential",
    "split_seed_used": "n/a",
    "split_patient_counts": {
      "train": 4233,
      "val": 1059,
      "test": 1058
    },
    "split_example_counts": {
      "train": 6256,
      "val": 1220,
      "test": 1206
    },
    "ddi_density": 0.05261303581914269,
    "ddi_upper_pairs": 448,
    "ddi_total_pairs": 8515,
    "loaded_artifacts": {
      "records": "data/processed/records_final.pkl",
      "cohort": "data/processed/cohort_mimic3.pkl",
      "ddi": "data/processed/ddi_A_final.pkl",
      "ehr": "data/processed/ehr_adj_final.pkl",
      "embeddings": "data/embeddings/code_embeddings.pt"
    }
  },
  "param_counts": {
    "visit_encoder": {
      "total": 4583681,
      "trainable": 1981697
    },
    "drug_gnn": {
      "total": 1974080,
      "trainable": 1974080
    },
    "predictor": {
      "total": 657670,
      "trainable": 657668
    },
    "model_total": {
      "total": 7478599,
      "trainable": 4876613
    }
  },
  "threshold_sweep": {
    "0.4": {
      "Jaccard": 0.498228,
      "Avg Meds": 25.935324,
      "Avg True Meds": 19.901327,
      "DDI Rate": 0.0802
    },
    "0.45": {
      "Jaccard": 0.499528,
      "Avg Meds": 24.733002,
      "Avg True Meds": 19.901327,
      "DDI Rate": 0.081158
    },
    "0.5": {
      "Jaccard": 0.501651,
      "Avg Meds": 23.594528,
      "Avg True Meds": 19.901327,
      "DDI Rate": 0.081545
    },
    "0.55": {
      "Jaccard": 0.501814,
      "Avg Meds": 22.539801,
      "Avg True Meds": 19.901327,
      "DDI Rate": 0.083003
    },
    "0.6": {
      "Jaccard": 0.502847,
      "Avg Meds": 21.482588,
      "Avg True Meds": 19.901327,
      "DDI Rate": 0.084486
    },
    "0.65": {
      "Jaccard": 0.501164,
      "Avg Meds": 20.379768,
      "Avg True Meds": 19.901327,
      "DDI Rate": 0.086008
    },
    "0.7": {
      "Jaccard": 0.49959,
      "Avg Meds": 19.268656,
      "Avg True Meds": 19.901327,
      "DDI Rate": 0.08754
    },
    "0.75": {
      "Jaccard": 0.497447,
      "Avg Meds": 18.122719,
      "Avg True Meds": 19.901327,
      "DDI Rate": 0.089478
    }
  },
  "calibrated_threshold": 0.65,
  "calibrated_metrics": {
    "Jaccard": 0.501164,
    "Avg Meds": 20.379768,
    "Avg True Meds": 19.901327,
    "DDI Rate": 0.086008
  },
  "config": {
    "hidden_dim": 256,
    "use_notes": false,
    "use_labs": false,
    "use_copy": false,
    "fusion_strategy": "film",
    "lab_dim": 0,
    "pos_weight_cap": 5.0,
    "use_cosine_lr": false,
    "contrastive_weight": 0.0,
    "margin_loss_weight": 0.0,
    "alignment_loss_weight": 0.1,
    "alignment_start_epoch": 1,
    "alignment_ramp_epochs": 0
  }
}