{
  "seed": 42,
  "ablation": "full",
  "mimic_version": 3,
  "mimic4_full": false,
  "cohort_tag": "mimic3",
  "best_val_jaccard": 0.5471047163009644,
  "test_metrics": {
    "Jaccard": 0.5442638397216797,
    "F1": 0.697364091873169,
    "PRAUC": 0.7853420017661444,
    "DDI Rate": 0.07595134451484209,
    "Avg Meds": 22.946102142333984,
    "Avg True Meds": 19.90132713317871,
    "Precision": 0.6597527861595154,
    "Recall": 0.7665291428565979,
    "NHJ_new": 0.29918644145915385,
    "NHJ_dropped": 0.3582035287430412,
    "CVR": 0.0
  },
  "data_diagnostics": {
    "split_mode_requested": "hidr_vita",
    "require_cohort_split": false,
    "split_source": "hidr_vita_sequential",
    "split_seed_used": "n/a",
    "split_patient_counts": {
      "train": 4233,
      "val": 1059,
      "test": 1058
    },
    "split_example_counts": {
      "train": 6256,
      "val": 1220,
      "test": 1206
    },
    "ddi_density": 0.05261303581914269,
    "ddi_upper_pairs": 448,
    "ddi_total_pairs": 8515,
    "loaded_artifacts": {
      "records": "data/processed/records_final.pkl",
      "cohort": "data/processed/cohort_mimic3.pkl",
      "ddi": "data/processed/ddi_A_final.pkl",
      "ehr": "data/processed/ehr_adj_final.pkl",
      "embeddings": "data/embeddings/code_embeddings.pt",
      "notes": "data/processed/note_embeddings_mimic3.pkl"
    }
  },
  "param_counts": {
    "visit_encoder": {
      "total": 4583681,
      "trainable": 1981697
    },
    "fusion": {
      "total": 400512,
      "trainable": 400512
    },
    "drug_gnn": {
      "total": 526080,
      "trainable": 526080
    },
    "predictor": {
      "total": 327942,
      "trainable": 327941
    },
    "model_total": {
      "total": 6101383,
      "trainable": 3499398
    }
  },
  "threshold_sweep": {
    "0.4": {
      "Jaccard": 0.538787,
      "Avg Meds": 24.82753,
      "Avg True Meds": 19.901327,
      "DDI Rate": 0.075942
    },
    "0.45": {
      "Jaccard": 0.540938,
      "Avg Meds": 23.882256,
      "Avg True Meds": 19.901327,
      "DDI Rate": 0.076143
    },
    "0.5": {
      "Jaccard": 0.544264,
      "Avg Meds": 22.946102,
      "Avg True Meds": 19.901327,
      "DDI Rate": 0.075951
    },
    "0.55": {
      "Jaccard": 0.544468,
      "Avg Meds": 22.077114,
      "Avg True Meds": 19.901327,
      "DDI Rate": 0.076265
    },
    "0.6": {
      "Jaccard": 0.543729,
      "Avg Meds": 21.225538,
      "Avg True Meds": 19.901327,
      "DDI Rate": 0.076666
    },
    "0.65": {
      "Jaccard": 0.542766,
      "Avg Meds": 20.334991,
      "Avg True Meds": 19.901327,
      "DDI Rate": 0.076875
    },
    "0.7": {
      "Jaccard": 0.540456,
      "Avg Meds": 19.42952,
      "Avg True Meds": 19.901327,
      "DDI Rate": 0.077412
    },
    "0.75": {
      "Jaccard": 0.53785,
      "Avg Meds": 18.563019,
      "Avg True Meds": 19.901327,
      "DDI Rate": 0.077878
    }
  },
  "calibrated_threshold": 0.65,
  "calibrated_metrics": {
    "Jaccard": 0.542766,
    "Avg Meds": 20.334991,
    "Avg True Meds": 19.901327,
    "DDI Rate": 0.076875
  },
  "config": {
    "hidden_dim": 256,
    "use_notes": true,
    "use_labs": false,
    "use_copy": false,
    "fusion_strategy": "film",
    "lab_dim": 0,
    "pos_weight_cap": 5.0,
    "use_cosine_lr": false,
    "contrastive_weight": 0.0,
    "margin_loss_weight": 0.0,
    "alignment_loss_weight": 0.1,
    "alignment_start_epoch": 1,
    "alignment_ramp_epochs": 0
  }
}