{
  "seed": 123,
  "ablation": "full",
  "mimic_version": 3,
  "mimic4_full": false,
  "cohort_tag": "mimic3",
  "best_val_jaccard": 0.5002850890159607,
  "test_metrics": {
    "Jaccard": 0.5029414296150208,
    "F1": 0.6613978147506714,
    "PRAUC": 0.756796062486897,
    "DDI Rate": 0.0847204076669438,
    "Avg Meds": 24.034826278686523,
    "Avg True Meds": 19.90132713317871,
    "Precision": 0.6183972954750061,
    "Recall": 0.7564859986305237,
    "NHJ_new": 0.24258554687625483,
    "NHJ_dropped": 0.27865080535411835,
    "CVR": 0.0
  },
  "data_diagnostics": {
    "split_mode_requested": "hidr_vita",
    "require_cohort_split": false,
    "split_source": "hidr_vita_sequential",
    "split_seed_used": "n/a",
    "split_patient_counts": {
      "train": 4233,
      "val": 1059,
      "test": 1058
    },
    "split_example_counts": {
      "train": 6256,
      "val": 1220,
      "test": 1206
    },
    "ddi_density": 0.05261303581914269,
    "ddi_upper_pairs": 448,
    "ddi_total_pairs": 8515,
    "loaded_artifacts": {
      "records": "data/processed/records_final.pkl",
      "cohort": "data/processed/cohort_mimic3.pkl",
      "ddi": "data/processed/ddi_A_final.pkl",
      "ehr": "data/processed/ehr_adj_final.pkl",
      "embeddings": "data/embeddings/code_embeddings.pt"
    }
  },
  "param_counts": {
    "visit_encoder": {
      "total": 4649474,
      "trainable": 2047490
    },
    "drug_gnn": {
      "total": 2863456,
      "trainable": 2863456
    },
    "predictor": {
      "total": 262406,
      "trainable": 262404
    },
    "model_total": {
      "total": 8038504,
      "trainable": 5436518
    }
  },
  "threshold_sweep": {
    "0.4": {
      "Jaccard": 0.495788,
      "Avg Meds": 26.725538,
      "Avg True Meds": 19.901327,
      "DDI Rate": 0.080652
    },
    "0.45": {
      "Jaccard": 0.500516,
      "Avg Meds": 25.334162,
      "Avg True Meds": 19.901327,
      "DDI Rate": 0.08318
    },
    "0.5": {
      "Jaccard": 0.502941,
      "Avg Meds": 24.034826,
      "Avg True Meds": 19.901327,
      "DDI Rate": 0.08472
    },
    "0.55": {
      "Jaccard": 0.50334,
      "Avg Meds": 22.833334,
      "Avg True Meds": 19.901327,
      "DDI Rate": 0.086833
    },
    "0.6": {
      "Jaccard": 0.504874,
      "Avg Meds": 21.556385,
      "Avg True Meds": 19.901327,
      "DDI Rate": 0.08913
    },
    "0.65": {
      "Jaccard": 0.505338,
      "Avg Meds": 20.369818,
      "Avg True Meds": 19.901327,
      "DDI Rate": 0.091145
    },
    "0.7": {
      "Jaccard": 0.502748,
      "Avg Meds": 19.164179,
      "Avg True Meds": 19.901327,
      "DDI Rate": 0.093935
    },
    "0.75": {
      "Jaccard": 0.498192,
      "Avg Meds": 17.934494,
      "Avg True Meds": 19.901327,
      "DDI Rate": 0.096392
    }
  },
  "calibrated_threshold": 0.65,
  "calibrated_metrics": {
    "Jaccard": 0.505338,
    "Avg Meds": 20.369818,
    "Avg True Meds": 19.901327,
    "DDI Rate": 0.091145
  },
  "config": {
    "hidden_dim": 256,
    "use_notes": false,
    "use_labs": false,
    "use_copy": false,
    "fusion_strategy": "film",
    "lab_dim": 0,
    "pos_weight_cap": 5.0,
    "use_cosine_lr": false,
    "contrastive_weight": 0.0,
    "margin_loss_weight": 0.0,
    "alignment_loss_weight": 0.1,
    "alignment_start_epoch": 1,
    "alignment_ramp_epochs": 0
  }
}