{
  "seed": 456,
  "ablation": "full",
  "mimic_version": 3,
  "mimic4_full": false,
  "cohort_tag": "mimic3",
  "best_val_jaccard": 0.5078813433647156,
  "test_metrics": {
    "Jaccard": 0.5072383880615234,
    "F1": 0.6651039719581604,
    "PRAUC": 0.7525291153028995,
    "DDI Rate": 0.07773555276381909,
    "Avg Meds": 22.736318588256836,
    "Avg True Meds": 19.90132713317871,
    "Precision": 0.6395607590675354,
    "Recall": 0.7393457889556885,
    "NHJ_new": 0.23349761570754804,
    "NHJ_dropped": 0.2959636167476052,
    "CVR": 0.0
  },
  "data_diagnostics": {
    "split_mode_requested": "hidr_vita",
    "require_cohort_split": false,
    "split_source": "hidr_vita_sequential",
    "split_seed_used": "n/a",
    "split_patient_counts": {
      "train": 4233,
      "val": 1059,
      "test": 1058
    },
    "split_example_counts": {
      "train": 6256,
      "val": 1220,
      "test": 1206
    },
    "ddi_density": 0.05261303581914269,
    "ddi_upper_pairs": 448,
    "ddi_total_pairs": 8515,
    "loaded_artifacts": {
      "records": "data/processed/records_final.pkl",
      "cohort": "data/processed/cohort_mimic3.pkl",
      "ddi": "data/processed/ddi_A_final.pkl",
      "ehr": "data/processed/ehr_adj_final.pkl",
      "embeddings": "data/embeddings/code_embeddings.pt"
    }
  },
  "param_counts": {
    "visit_encoder": {
      "total": 5762817,
      "trainable": 3160833
    },
    "drug_gnn": {
      "total": 1974080,
      "trainable": 1974080
    },
    "predictor": {
      "total": 262406,
      "trainable": 262404
    },
    "model_total": {
      "total": 8262471,
      "trainable": 5660485
    }
  },
  "threshold_sweep": {
    "0.4": {
      "Jaccard": 0.505172,
      "Avg Meds": 25.425373,
      "Avg True Meds": 19.901327,
      "DDI Rate": 0.075777
    },
    "0.45": {
      "Jaccard": 0.507103,
      "Avg Meds": 24.067163,
      "Avg True Meds": 19.901327,
      "DDI Rate": 0.076904
    },
    "0.5": {
      "Jaccard": 0.507238,
      "Avg Meds": 22.736319,
      "Avg True Meds": 19.901327,
      "DDI Rate": 0.077736
    },
    "0.55": {
      "Jaccard": 0.506977,
      "Avg Meds": 21.550581,
      "Avg True Meds": 19.901327,
      "DDI Rate": 0.078851
    },
    "0.6": {
      "Jaccard": 0.506011,
      "Avg Meds": 20.302654,
      "Avg True Meds": 19.901327,
      "DDI Rate": 0.079796
    },
    "0.65": {
      "Jaccard": 0.503184,
      "Avg Meds": 19.113598,
      "Avg True Meds": 19.901327,
      "DDI Rate": 0.081278
    },
    "0.7": {
      "Jaccard": 0.497038,
      "Avg Meds": 17.82753,
      "Avg True Meds": 19.901327,
      "DDI Rate": 0.082503
    },
    "0.75": {
      "Jaccard": 0.488732,
      "Avg Meds": 16.582918,
      "Avg True Meds": 19.901327,
      "DDI Rate": 0.082872
    }
  },
  "calibrated_threshold": 0.6,
  "calibrated_metrics": {
    "Jaccard": 0.506011,
    "Avg Meds": 20.302654,
    "Avg True Meds": 19.901327,
    "DDI Rate": 0.079796
  },
  "config": {
    "hidden_dim": 256,
    "use_notes": false,
    "use_labs": false,
    "use_copy": false,
    "fusion_strategy": "film",
    "lab_dim": 0,
    "pos_weight_cap": 5.0,
    "use_cosine_lr": false,
    "contrastive_weight": 0.0,
    "margin_loss_weight": 0.0,
    "alignment_loss_weight": 0.1,
    "alignment_start_epoch": 1,
    "alignment_ramp_epochs": 0
  }
}