{
  "seed": 456,
  "ablation": "full",
  "mimic_version": 3,
  "mimic4_full": false,
  "cohort_tag": "mimic3",
  "best_val_jaccard": 0.5665995478630066,
  "test_metrics": {
    "Jaccard": 0.5637644529342651,
    "F1": 0.7137473225593567,
    "PRAUC": 0.800074331477727,
    "DDI Rate": 0.07594431130891248,
    "Avg Meds": 22.79353141784668,
    "Avg True Meds": 19.90132713317871,
    "Precision": 0.677070140838623,
    "Recall": 0.7777775526046753,
    "NHJ_new": 0.29163978366475357,
    "NHJ_dropped": 0.2720532550623542,
    "CVR": 0.0
  },
  "data_diagnostics": {
    "split_mode_requested": "hidr_vita",
    "require_cohort_split": false,
    "split_source": "hidr_vita_sequential",
    "split_seed_used": "n/a",
    "split_patient_counts": {
      "train": 4233,
      "val": 1059,
      "test": 1058
    },
    "split_example_counts": {
      "train": 6256,
      "val": 1220,
      "test": 1206
    },
    "ddi_density": 0.05261303581914269,
    "ddi_upper_pairs": 448,
    "ddi_total_pairs": 8515,
    "loaded_artifacts": {
      "records": "data/processed/records_final.pkl",
      "cohort": "data/processed/cohort_mimic3.pkl",
      "ddi": "data/processed/ddi_A_final.pkl",
      "ehr": "data/processed/ehr_adj_final.pkl",
      "embeddings": "data/embeddings/code_embeddings.pt",
      "notes": "data/processed/note_embeddings_mimic3.pkl",
      "labs": "data/processed/lab_vectors_200labs.pkl"
    }
  },
  "param_counts": {
    "visit_encoder": {
      "total": 4649474,
      "trainable": 2047490
    },
    "fusion": {
      "total": 423808,
      "trainable": 423808
    },
    "drug_gnn": {
      "total": 1151776,
      "trainable": 1151776
    },
    "predictor": {
      "total": 559560,
      "trainable": 559560
    },
    "model_total": {
      "total": 7047786,
      "trainable": 4445802
    }
  },
  "threshold_sweep": {
    "0.4": {
      "Jaccard": 0.559603,
      "Avg Meds": 24.344112,
      "Avg True Meds": 19.901327,
      "DDI Rate": 0.076385
    },
    "0.45": {
      "Jaccard": 0.561778,
      "Avg Meds": 23.537313,
      "Avg True Meds": 19.901327,
      "DDI Rate": 0.075977
    },
    "0.5": {
      "Jaccard": 0.563764,
      "Avg Meds": 22.793531,
      "Avg True Meds": 19.901327,
      "DDI Rate": 0.075944
    },
    "0.55": {
      "Jaccard": 0.564079,
      "Avg Meds": 22.031509,
      "Avg True Meds": 19.901327,
      "DDI Rate": 0.07566
    },
    "0.6": {
      "Jaccard": 0.563588,
      "Avg Meds": 21.300165,
      "Avg True Meds": 19.901327,
      "DDI Rate": 0.075474
    },
    "0.65": {
      "Jaccard": 0.562711,
      "Avg Meds": 20.54146,
      "Avg True Meds": 19.901327,
      "DDI Rate": 0.075182
    },
    "0.7": {
      "Jaccard": 0.561353,
      "Avg Meds": 19.819237,
      "Avg True Meds": 19.901327,
      "DDI Rate": 0.075711
    },
    "0.75": {
      "Jaccard": 0.557596,
      "Avg Meds": 19.013268,
      "Avg True Meds": 19.901327,
      "DDI Rate": 0.075303
    }
  },
  "calibrated_threshold": 0.7,
  "calibrated_metrics": {
    "Jaccard": 0.561353,
    "Avg Meds": 19.819237,
    "Avg True Meds": 19.901327,
    "DDI Rate": 0.075711
  },
  "config": {
    "hidden_dim": 256,
    "use_notes": true,
    "use_labs": true,
    "use_copy": true,
    "fusion_strategy": "film",
    "lab_dim": 400,
    "pos_weight_cap": 5.0,
    "use_cosine_lr": false,
    "contrastive_weight": 0.0,
    "margin_loss_weight": 0.0,
    "alignment_loss_weight": 0.1,
    "alignment_start_epoch": 1,
    "alignment_ramp_epochs": 0
  }
}