{
  "seed": 123,
  "ablation": "full",
  "mimic_version": 3,
  "mimic4_full": false,
  "cohort_tag": "mimic3",
  "best_val_jaccard": 0.5547944903373718,
  "test_metrics": {
    "Jaccard": 0.5483677983283997,
    "F1": 0.7010590434074402,
    "PRAUC": 0.7888723309991331,
    "DDI Rate": 0.07502259352510375,
    "Avg Meds": 22.66583824157715,
    "Avg True Meds": 19.90132713317871,
    "Precision": 0.6675235033035278,
    "Recall": 0.7607744336128235,
    "NHJ_new": 0.305172849642603,
    "NHJ_dropped": 0.3843958644490493,
    "CVR": 0.0
  },
  "data_diagnostics": {
    "split_mode_requested": "hidr_vita",
    "require_cohort_split": false,
    "split_source": "hidr_vita_sequential",
    "split_seed_used": "n/a",
    "split_patient_counts": {
      "train": 4233,
      "val": 1059,
      "test": 1058
    },
    "split_example_counts": {
      "train": 6256,
      "val": 1220,
      "test": 1206
    },
    "ddi_density": 0.05261303581914269,
    "ddi_upper_pairs": 448,
    "ddi_total_pairs": 8515,
    "loaded_artifacts": {
      "records": "data/processed/records_final.pkl",
      "cohort": "data/processed/cohort_mimic3.pkl",
      "ddi": "data/processed/ddi_A_final.pkl",
      "ehr": "data/processed/ehr_adj_final.pkl",
      "embeddings": "data/embeddings/code_embeddings.pt",
      "notes": "data/processed/note_embeddings_mimic3.pkl",
      "labs": "data/processed/lab_vectors_200labs.pkl"
    }
  },
  "param_counts": {
    "visit_encoder": {
      "total": 4583681,
      "trainable": 1981697
    },
    "fusion": {
      "total": 423808,
      "trainable": 423808
    },
    "drug_gnn": {
      "total": 789792,
      "trainable": 789792
    },
    "predictor": {
      "total": 369990,
      "trainable": 369990
    },
    "model_total": {
      "total": 6430439,
      "trainable": 3828455
    }
  },
  "threshold_sweep": {
    "0.4": {
      "Jaccard": 0.544062,
      "Avg Meds": 24.339138,
      "Avg True Meds": 19.901327,
      "DDI Rate": 0.074907
    },
    "0.45": {
      "Jaccard": 0.545657,
      "Avg Meds": 23.457712,
      "Avg True Meds": 19.901327,
      "DDI Rate": 0.075103
    },
    "0.5": {
      "Jaccard": 0.548368,
      "Avg Meds": 22.665838,
      "Avg True Meds": 19.901327,
      "DDI Rate": 0.075023
    },
    "0.55": {
      "Jaccard": 0.549502,
      "Avg Meds": 21.902985,
      "Avg True Meds": 19.901327,
      "DDI Rate": 0.075155
    },
    "0.6": {
      "Jaccard": 0.55102,
      "Avg Meds": 21.197346,
      "Avg True Meds": 19.901327,
      "DDI Rate": 0.075203
    },
    "0.65": {
      "Jaccard": 0.550913,
      "Avg Meds": 20.425373,
      "Avg True Meds": 19.901327,
      "DDI Rate": 0.074988
    },
    "0.7": {
      "Jaccard": 0.550182,
      "Avg Meds": 19.671642,
      "Avg True Meds": 19.901327,
      "DDI Rate": 0.075203
    },
    "0.75": {
      "Jaccard": 0.54709,
      "Avg Meds": 18.859037,
      "Avg True Meds": 19.901327,
      "DDI Rate": 0.07539
    }
  },
  "calibrated_threshold": 0.7,
  "calibrated_metrics": {
    "Jaccard": 0.550182,
    "Avg Meds": 19.671642,
    "Avg True Meds": 19.901327,
    "DDI Rate": 0.075203
  },
  "config": {
    "hidden_dim": 256,
    "use_notes": true,
    "use_labs": true,
    "use_copy": false,
    "fusion_strategy": "film",
    "lab_dim": 400,
    "pos_weight_cap": 5.0,
    "use_cosine_lr": false,
    "contrastive_weight": 0.0,
    "margin_loss_weight": 0.0,
    "alignment_loss_weight": 0.1,
    "alignment_start_epoch": 1,
    "alignment_ramp_epochs": 0
  }
}