{
  "seed": 123,
  "ablation": "full",
  "mimic_version": 3,
  "mimic4_full": false,
  "cohort_tag": "mimic3",
  "best_val_jaccard": 0.5410154461860657,
  "test_metrics": {
    "Jaccard": 0.537073016166687,
    "F1": 0.6911860704421997,
    "PRAUC": 0.783236209315429,
    "DDI Rate": 0.08251934542686794,
    "Avg Meds": 22.674129486083984,
    "Avg True Meds": 19.90132713317871,
    "Precision": 0.6606499552726746,
    "Recall": 0.7528113126754761,
    "NHJ_new": 0.2823922830192666,
    "NHJ_dropped": 0.3634988728322481,
    "CVR": 0.0
  },
  "data_diagnostics": {
    "split_mode_requested": "hidr_vita",
    "require_cohort_split": false,
    "split_source": "hidr_vita_sequential",
    "split_seed_used": "n/a",
    "split_patient_counts": {
      "train": 4233,
      "val": 1059,
      "test": 1058
    },
    "split_example_counts": {
      "train": 6256,
      "val": 1220,
      "test": 1206
    },
    "ddi_density": 0.05261303581914269,
    "ddi_upper_pairs": 448,
    "ddi_total_pairs": 8515,
    "loaded_artifacts": {
      "records": "data/processed/records_final.pkl",
      "cohort": "data/processed/cohort_mimic3.pkl",
      "ddi": "data/processed/ddi_A_final.pkl",
      "ehr": "data/processed/ehr_adj_final.pkl",
      "embeddings": "data/embeddings/code_embeddings.pt",
      "labs": "data/processed/lab_vectors_200labs.pkl"
    }
  },
  "param_counts": {
    "visit_encoder": {
      "total": 4583681,
      "trainable": 1981697
    },
    "fusion": {
      "total": 423808,
      "trainable": 423808
    },
    "drug_gnn": {
      "total": 395008,
      "trainable": 395008
    },
    "predictor": {
      "total": 304454,
      "trainable": 304453
    },
    "model_total": {
      "total": 5970119,
      "trainable": 3368134
    }
  },
  "threshold_sweep": {
    "0.4": {
      "Jaccard": 0.533293,
      "Avg Meds": 24.496683,
      "Avg True Meds": 19.901327,
      "DDI Rate": 0.081673
    },
    "0.45": {
      "Jaccard": 0.536275,
      "Avg Meds": 23.553068,
      "Avg True Meds": 19.901327,
      "DDI Rate": 0.08165
    },
    "0.5": {
      "Jaccard": 0.537073,
      "Avg Meds": 22.674129,
      "Avg True Meds": 19.901327,
      "DDI Rate": 0.082519
    },
    "0.55": {
      "Jaccard": 0.538914,
      "Avg Meds": 21.853233,
      "Avg True Meds": 19.901327,
      "DDI Rate": 0.082893
    },
    "0.6": {
      "Jaccard": 0.539759,
      "Avg Meds": 21.032339,
      "Avg True Meds": 19.901327,
      "DDI Rate": 0.08356
    },
    "0.65": {
      "Jaccard": 0.539899,
      "Avg Meds": 20.175787,
      "Avg True Meds": 19.901327,
      "DDI Rate": 0.084066
    },
    "0.7": {
      "Jaccard": 0.538109,
      "Avg Meds": 19.295191,
      "Avg True Meds": 19.901327,
      "DDI Rate": 0.084439
    },
    "0.75": {
      "Jaccard": 0.534698,
      "Avg Meds": 18.377281,
      "Avg True Meds": 19.901327,
      "DDI Rate": 0.084629
    }
  },
  "calibrated_threshold": 0.65,
  "calibrated_metrics": {
    "Jaccard": 0.539899,
    "Avg Meds": 20.175787,
    "Avg True Meds": 19.901327,
    "DDI Rate": 0.084066
  },
  "config": {
    "hidden_dim": 256,
    "use_notes": false,
    "use_labs": true,
    "use_copy": false,
    "fusion_strategy": "film",
    "lab_dim": 400,
    "pos_weight_cap": 5.0,
    "use_cosine_lr": false,
    "contrastive_weight": 0.0,
    "margin_loss_weight": 0.0,
    "alignment_loss_weight": 0.1,
    "alignment_start_epoch": 1,
    "alignment_ramp_epochs": 0
  }
}