{
  "seed": 42,
  "ablation": "full",
  "mimic_version": 3,
  "mimic4_full": false,
  "cohort_tag": "mimic3",
  "best_val_jaccard": 0.5489243865013123,
  "test_metrics": {
    "Jaccard": 0.5525824427604675,
    "F1": 0.7039011716842651,
    "PRAUC": 0.7897416837921942,
    "DDI Rate": 0.08188230847081489,
    "Avg Meds": 22.711442947387695,
    "Avg True Meds": 19.90132713317871,
    "Precision": 0.6697083115577698,
    "Recall": 0.7688120603561401,
    "NHJ_new": 0.28037833696917486,
    "NHJ_dropped": 0.3058279689989592,
    "CVR": 0.0
  },
  "data_diagnostics": {
    "split_mode_requested": "hidr_vita",
    "require_cohort_split": false,
    "split_source": "hidr_vita_sequential",
    "split_seed_used": "n/a",
    "split_patient_counts": {
      "train": 4233,
      "val": 1059,
      "test": 1058
    },
    "split_example_counts": {
      "train": 6256,
      "val": 1220,
      "test": 1206
    },
    "ddi_density": 0.05261303581914269,
    "ddi_upper_pairs": 448,
    "ddi_total_pairs": 8515,
    "loaded_artifacts": {
      "records": "data/processed/records_final.pkl",
      "cohort": "data/processed/cohort_mimic3.pkl",
      "ddi": "data/processed/ddi_A_final.pkl",
      "ehr": "data/processed/ehr_adj_final.pkl",
      "embeddings": "data/embeddings/code_embeddings.pt",
      "labs": "data/processed/lab_vectors_200labs.pkl"
    }
  },
  "param_counts": {
    "visit_encoder": {
      "total": 4583681,
      "trainable": 1981697
    },
    "fusion": {
      "total": 423808,
      "trainable": 423808
    },
    "drug_gnn": {
      "total": 1974080,
      "trainable": 1974080
    },
    "predictor": {
      "total": 1358407,
      "trainable": 1358406
    },
    "model_total": {
      "total": 8603144,
      "trainable": 6001159
    }
  },
  "threshold_sweep": {
    "0.4": {
      "Jaccard": 0.548481,
      "Avg Meds": 24.182421,
      "Avg True Meds": 19.901327,
      "DDI Rate": 0.081131
    },
    "0.45": {
      "Jaccard": 0.550329,
      "Avg Meds": 23.420399,
      "Avg True Meds": 19.901327,
      "DDI Rate": 0.081473
    },
    "0.5": {
      "Jaccard": 0.552582,
      "Avg Meds": 22.711443,
      "Avg True Meds": 19.901327,
      "DDI Rate": 0.081882
    },
    "0.55": {
      "Jaccard": 0.553266,
      "Avg Meds": 22.021559,
      "Avg True Meds": 19.901327,
      "DDI Rate": 0.082228
    },
    "0.6": {
      "Jaccard": 0.551424,
      "Avg Meds": 21.377281,
      "Avg True Meds": 19.901327,
      "DDI Rate": 0.082714
    },
    "0.65": {
      "Jaccard": 0.550419,
      "Avg Meds": 20.707296,
      "Avg True Meds": 19.901327,
      "DDI Rate": 0.083289
    },
    "0.7": {
      "Jaccard": 0.550397,
      "Avg Meds": 20.020729,
      "Avg True Meds": 19.901327,
      "DDI Rate": 0.08382
    },
    "0.75": {
      "Jaccard": 0.548182,
      "Avg Meds": 19.233002,
      "Avg True Meds": 19.901327,
      "DDI Rate": 0.084602
    }
  },
  "calibrated_threshold": 0.7,
  "calibrated_metrics": {
    "Jaccard": 0.550397,
    "Avg Meds": 20.020729,
    "Avg True Meds": 19.901327,
    "DDI Rate": 0.08382
  },
  "config": {
    "hidden_dim": 256,
    "use_notes": false,
    "use_labs": true,
    "use_copy": false,
    "fusion_strategy": "film",
    "lab_dim": 400,
    "pos_weight_cap": 5.0,
    "use_cosine_lr": false,
    "contrastive_weight": 0.0,
    "margin_loss_weight": 0.0,
    "alignment_loss_weight": 0.1,
    "alignment_start_epoch": 1,
    "alignment_ramp_epochs": 0
  }
}