{
  "seed": 456,
  "ablation": "full",
  "mimic_version": 3,
  "mimic4_full": false,
  "cohort_tag": "mimic3",
  "best_val_jaccard": 0.5365127921104431,
  "test_metrics": {
    "Jaccard": 0.5350195169448853,
    "F1": 0.6895520091056824,
    "PRAUC": 0.7758546345707357,
    "DDI Rate": 0.08386035607459781,
    "Avg Meds": 22.572139739990234,
    "Avg True Meds": 19.90132713317871,
    "Precision": 0.6596666574478149,
    "Recall": 0.7529855966567993,
    "NHJ_new": 0.28616052865982056,
    "NHJ_dropped": 0.36246881986919205,
    "CVR": 0.0
  },
  "data_diagnostics": {
    "split_mode_requested": "hidr_vita",
    "require_cohort_split": false,
    "split_source": "hidr_vita_sequential",
    "split_seed_used": "n/a",
    "split_patient_counts": {
      "train": 4233,
      "val": 1059,
      "test": 1058
    },
    "split_example_counts": {
      "train": 6256,
      "val": 1220,
      "test": 1206
    },
    "ddi_density": 0.05261303581914269,
    "ddi_upper_pairs": 448,
    "ddi_total_pairs": 8515,
    "loaded_artifacts": {
      "records": "data/processed/records_final.pkl",
      "cohort": "data/processed/cohort_mimic3.pkl",
      "ddi": "data/processed/ddi_A_final.pkl",
      "ehr": "data/processed/ehr_adj_final.pkl",
      "embeddings": "data/embeddings/code_embeddings.pt",
      "notes": "data/processed/note_embeddings_mimic3.pkl"
    }
  },
  "param_counts": {
    "visit_encoder": {
      "total": 4583681,
      "trainable": 1981697
    },
    "fusion": {
      "total": 400512,
      "trainable": 400512
    },
    "drug_gnn": {
      "total": 1974080,
      "trainable": 1974080
    },
    "predictor": {
      "total": 822534,
      "trainable": 822533
    },
    "model_total": {
      "total": 8043975,
      "trainable": 5441990
    }
  },
  "threshold_sweep": {
    "0.4": {
      "Jaccard": 0.530149,
      "Avg Meds": 24.472637,
      "Avg True Meds": 19.901327,
      "DDI Rate": 0.083283
    },
    "0.45": {
      "Jaccard": 0.532563,
      "Avg Meds": 23.49917,
      "Avg True Meds": 19.901327,
      "DDI Rate": 0.083669
    },
    "0.5": {
      "Jaccard": 0.53502,
      "Avg Meds": 22.57214,
      "Avg True Meds": 19.901327,
      "DDI Rate": 0.08386
    },
    "0.55": {
      "Jaccard": 0.535278,
      "Avg Meds": 21.67247,
      "Avg True Meds": 19.901327,
      "DDI Rate": 0.084141
    },
    "0.6": {
      "Jaccard": 0.536254,
      "Avg Meds": 20.780266,
      "Avg True Meds": 19.901327,
      "DDI Rate": 0.084911
    },
    "0.65": {
      "Jaccard": 0.533131,
      "Avg Meds": 19.915422,
      "Avg True Meds": 19.901327,
      "DDI Rate": 0.085207
    },
    "0.7": {
      "Jaccard": 0.530367,
      "Avg Meds": 19.034826,
      "Avg True Meds": 19.901327,
      "DDI Rate": 0.085402
    },
    "0.75": {
      "Jaccard": 0.526024,
      "Avg Meds": 18.124378,
      "Avg True Meds": 19.901327,
      "DDI Rate": 0.085908
    }
  },
  "calibrated_threshold": 0.65,
  "calibrated_metrics": {
    "Jaccard": 0.533131,
    "Avg Meds": 19.915422,
    "Avg True Meds": 19.901327,
    "DDI Rate": 0.085207
  },
  "config": {
    "hidden_dim": 256,
    "use_notes": true,
    "use_labs": false,
    "use_copy": false,
    "fusion_strategy": "film",
    "lab_dim": 0,
    "pos_weight_cap": 5.0,
    "use_cosine_lr": false,
    "contrastive_weight": 0.0,
    "margin_loss_weight": 0.0,
    "alignment_loss_weight": 0.1,
    "alignment_start_epoch": 1,
    "alignment_ramp_epochs": 0
  }
}