{
  "seed": 456,
  "ablation": "full",
  "mimic_version": 3,
  "mimic4_full": false,
  "cohort_tag": "mimic3",
  "best_val_jaccard": 0.5388885140419006,
  "test_metrics": {
    "Jaccard": 0.5371927618980408,
    "F1": 0.6914329528808594,
    "PRAUC": 0.7743295289239744,
    "DDI Rate": 0.08073462903827139,
    "Avg Meds": 21.988391876220703,
    "Avg True Meds": 19.90132713317871,
    "Precision": 0.6683513522148132,
    "Recall": 0.7424120306968689,
    "NHJ_new": 0.2800349012801522,
    "NHJ_dropped": 0.3709051844320799,
    "CVR": 0.0
  },
  "data_diagnostics": {
    "split_mode_requested": "hidr_vita",
    "require_cohort_split": false,
    "split_source": "hidr_vita_sequential",
    "split_seed_used": "n/a",
    "split_patient_counts": {
      "train": 4233,
      "val": 1059,
      "test": 1058
    },
    "split_example_counts": {
      "train": 6256,
      "val": 1220,
      "test": 1206
    },
    "ddi_density": 0.05261303581914269,
    "ddi_upper_pairs": 448,
    "ddi_total_pairs": 8515,
    "loaded_artifacts": {
      "records": "data/processed/records_final.pkl",
      "cohort": "data/processed/cohort_mimic3.pkl",
      "ddi": "data/processed/ddi_A_final.pkl",
      "ehr": "data/processed/ehr_adj_final.pkl",
      "embeddings": "data/embeddings/code_embeddings.pt",
      "labs": "data/processed/lab_vectors_200labs.pkl"
    }
  },
  "param_counts": {
    "visit_encoder": {
      "total": 4583681,
      "trainable": 1981697
    },
    "fusion": {
      "total": 423808,
      "trainable": 423808
    },
    "drug_gnn": {
      "total": 395008,
      "trainable": 395008
    },
    "predictor": {
      "total": 304454,
      "trainable": 304453
    },
    "model_total": {
      "total": 5970119,
      "trainable": 3368134
    }
  },
  "threshold_sweep": {
    "0.4": {
      "Jaccard": 0.532578,
      "Avg Meds": 23.595356,
      "Avg True Meds": 19.901327,
      "DDI Rate": 0.080023
    },
    "0.45": {
      "Jaccard": 0.535465,
      "Avg Meds": 22.776949,
      "Avg True Meds": 19.901327,
      "DDI Rate": 0.080212
    },
    "0.5": {
      "Jaccard": 0.537193,
      "Avg Meds": 21.988392,
      "Avg True Meds": 19.901327,
      "DDI Rate": 0.080735
    },
    "0.55": {
      "Jaccard": 0.5363,
      "Avg Meds": 21.219734,
      "Avg True Meds": 19.901327,
      "DDI Rate": 0.080763
    },
    "0.6": {
      "Jaccard": 0.537067,
      "Avg Meds": 20.46932,
      "Avg True Meds": 19.901327,
      "DDI Rate": 0.080935
    },
    "0.65": {
      "Jaccard": 0.536272,
      "Avg Meds": 19.770315,
      "Avg True Meds": 19.901327,
      "DDI Rate": 0.080876
    },
    "0.7": {
      "Jaccard": 0.534087,
      "Avg Meds": 18.982588,
      "Avg True Meds": 19.901327,
      "DDI Rate": 0.080822
    },
    "0.75": {
      "Jaccard": 0.530006,
      "Avg Meds": 18.140963,
      "Avg True Meds": 19.901327,
      "DDI Rate": 0.081344
    }
  },
  "calibrated_threshold": 0.65,
  "calibrated_metrics": {
    "Jaccard": 0.536272,
    "Avg Meds": 19.770315,
    "Avg True Meds": 19.901327,
    "DDI Rate": 0.080876
  },
  "config": {
    "hidden_dim": 256,
    "use_notes": false,
    "use_labs": true,
    "use_copy": false,
    "fusion_strategy": "film",
    "lab_dim": 400,
    "pos_weight_cap": 5.0,
    "use_cosine_lr": false,
    "contrastive_weight": 0.0,
    "margin_loss_weight": 0.0,
    "alignment_loss_weight": 0.1,
    "alignment_start_epoch": 1,
    "alignment_ramp_epochs": 0
  }
}