{
  "seed": 42,
  "ablation": "full",
  "mimic_version": 3,
  "mimic4_full": false,
  "cohort_tag": "mimic3",
  "best_val_jaccard": 0.5409117937088013,
  "test_metrics": {
    "Jaccard": 0.5385259389877319,
    "F1": 0.6924585103988647,
    "PRAUC": 0.7806256808288762,
    "DDI Rate": 0.0783539404196637,
    "Avg Meds": 22.23797607421875,
    "Avg True Meds": 19.90132713317871,
    "Precision": 0.6681838631629944,
    "Recall": 0.745836615562439,
    "NHJ_new": 0.28299959160779653,
    "NHJ_dropped": 0.3693204035884456,
    "CVR": 0.0
  },
  "data_diagnostics": {
    "split_mode_requested": "hidr_vita",
    "require_cohort_split": false,
    "split_source": "hidr_vita_sequential",
    "split_seed_used": "n/a",
    "split_patient_counts": {
      "train": 4233,
      "val": 1059,
      "test": 1058
    },
    "split_example_counts": {
      "train": 6256,
      "val": 1220,
      "test": 1206
    },
    "ddi_density": 0.05261303581914269,
    "ddi_upper_pairs": 448,
    "ddi_total_pairs": 8515,
    "loaded_artifacts": {
      "records": "data/processed/records_final.pkl",
      "cohort": "data/processed/cohort_mimic3.pkl",
      "ddi": "data/processed/ddi_A_final.pkl",
      "ehr": "data/processed/ehr_adj_final.pkl",
      "embeddings": "data/embeddings/code_embeddings.pt",
      "labs": "data/processed/lab_vectors_200labs.pkl"
    }
  },
  "param_counts": {
    "visit_encoder": {
      "total": 4649474,
      "trainable": 2047490
    },
    "fusion": {
      "total": 423808,
      "trainable": 423808
    },
    "drug_gnn": {
      "total": 1151776,
      "trainable": 1151776
    },
    "predictor": {
      "total": 304454,
      "trainable": 304453
    },
    "model_total": {
      "total": 6792680,
      "trainable": 4190695
    }
  },
  "threshold_sweep": {
    "0.4": {
      "Jaccard": 0.534697,
      "Avg Meds": 24.160862,
      "Avg True Meds": 19.901327,
      "DDI Rate": 0.078071
    },
    "0.45": {
      "Jaccard": 0.537892,
      "Avg Meds": 23.168325,
      "Avg True Meds": 19.901327,
      "DDI Rate": 0.078069
    },
    "0.5": {
      "Jaccard": 0.538526,
      "Avg Meds": 22.237976,
      "Avg True Meds": 19.901327,
      "DDI Rate": 0.078354
    },
    "0.55": {
      "Jaccard": 0.539423,
      "Avg Meds": 21.323383,
      "Avg True Meds": 19.901327,
      "DDI Rate": 0.078528
    },
    "0.6": {
      "Jaccard": 0.537828,
      "Avg Meds": 20.480928,
      "Avg True Meds": 19.901327,
      "DDI Rate": 0.078825
    },
    "0.65": {
      "Jaccard": 0.535611,
      "Avg Meds": 19.640963,
      "Avg True Meds": 19.901327,
      "DDI Rate": 0.07914
    },
    "0.7": {
      "Jaccard": 0.532422,
      "Avg Meds": 18.845772,
      "Avg True Meds": 19.901327,
      "DDI Rate": 0.07957
    },
    "0.75": {
      "Jaccard": 0.52809,
      "Avg Meds": 17.863184,
      "Avg True Meds": 19.901327,
      "DDI Rate": 0.079756
    }
  },
  "calibrated_threshold": 0.65,
  "calibrated_metrics": {
    "Jaccard": 0.535611,
    "Avg Meds": 19.640963,
    "Avg True Meds": 19.901327,
    "DDI Rate": 0.07914
  },
  "config": {
    "hidden_dim": 256,
    "use_notes": false,
    "use_labs": true,
    "use_copy": false,
    "fusion_strategy": "film",
    "lab_dim": 400,
    "pos_weight_cap": 5.0,
    "use_cosine_lr": false,
    "contrastive_weight": 0.0,
    "margin_loss_weight": 0.0,
    "alignment_loss_weight": 0.1,
    "alignment_start_epoch": 1,
    "alignment_ramp_epochs": 0
  }
}