{
  "seed": 456,
  "ablation": "full",
  "mimic_version": 3,
  "mimic4_full": false,
  "cohort_tag": "mimic3",
  "best_val_jaccard": 0.5165595412254333,
  "test_metrics": {
    "Jaccard": 0.5198187828063965,
    "F1": 0.6760052442550659,
    "PRAUC": 0.7635060762983152,
    "DDI Rate": 0.08319993445598467,
    "Avg Meds": 22.82172393798828,
    "Avg True Meds": 19.90132713317871,
    "Precision": 0.6456717848777771,
    "Recall": 0.7544037699699402,
    "NHJ_new": 0.22135633936053828,
    "NHJ_dropped": 0.21331505320574107,
    "CVR": 0.0
  },
  "data_diagnostics": {
    "split_mode_requested": "hidr_vita",
    "require_cohort_split": false,
    "split_source": "hidr_vita_sequential",
    "split_seed_used": "n/a",
    "split_patient_counts": {
      "train": 4233,
      "val": 1059,
      "test": 1058
    },
    "split_example_counts": {
      "train": 6256,
      "val": 1220,
      "test": 1206
    },
    "ddi_density": 0.05261303581914269,
    "ddi_upper_pairs": 448,
    "ddi_total_pairs": 8515,
    "loaded_artifacts": {
      "records": "data/processed/records_final.pkl",
      "cohort": "data/processed/cohort_mimic3.pkl",
      "ddi": "data/processed/ddi_A_final.pkl",
      "ehr": "data/processed/ehr_adj_final.pkl",
      "embeddings": "data/embeddings/code_embeddings.pt"
    }
  },
  "param_counts": {
    "visit_encoder": {
      "total": 5108993,
      "trainable": 2507009
    },
    "drug_gnn": {
      "total": 395008,
      "trainable": 395008
    },
    "predictor": {
      "total": 1505929,
      "trainable": 1316357
    },
    "model_total": {
      "total": 7273098,
      "trainable": 4481542
    }
  },
  "threshold_sweep": {
    "0.4": {
      "Jaccard": 0.518874,
      "Avg Meds": 23.646767,
      "Avg True Meds": 19.901327,
      "DDI Rate": 0.08177
    },
    "0.45": {
      "Jaccard": 0.519666,
      "Avg Meds": 23.230515,
      "Avg True Meds": 19.901327,
      "DDI Rate": 0.082583
    },
    "0.5": {
      "Jaccard": 0.519819,
      "Avg Meds": 22.821724,
      "Avg True Meds": 19.901327,
      "DDI Rate": 0.0832
    },
    "0.55": {
      "Jaccard": 0.520095,
      "Avg Meds": 22.41791,
      "Avg True Meds": 19.901327,
      "DDI Rate": 0.083693
    },
    "0.6": {
      "Jaccard": 0.519689,
      "Avg Meds": 22.01078,
      "Avg True Meds": 19.901327,
      "DDI Rate": 0.084444
    },
    "0.65": {
      "Jaccard": 0.519887,
      "Avg Meds": 21.558872,
      "Avg True Meds": 19.901327,
      "DDI Rate": 0.085291
    },
    "0.7": {
      "Jaccard": 0.519797,
      "Avg Meds": 21.032339,
      "Avg True Meds": 19.901327,
      "DDI Rate": 0.086202
    },
    "0.75": {
      "Jaccard": 0.518495,
      "Avg Meds": 20.448591,
      "Avg True Meds": 19.901327,
      "DDI Rate": 0.087316
    }
  },
  "calibrated_threshold": 0.75,
  "calibrated_metrics": {
    "Jaccard": 0.518495,
    "Avg Meds": 20.448591,
    "Avg True Meds": 19.901327,
    "DDI Rate": 0.087316
  },
  "config": {
    "hidden_dim": 256,
    "use_notes": false,
    "use_labs": false,
    "use_copy": true,
    "fusion_strategy": "film",
    "lab_dim": 0,
    "pos_weight_cap": 5.0,
    "use_cosine_lr": false,
    "contrastive_weight": 0.0,
    "margin_loss_weight": 0.0,
    "alignment_loss_weight": 0.1,
    "alignment_start_epoch": 1,
    "alignment_ramp_epochs": 0
  }
}