{
  "seed": 456,
  "ablation": "full",
  "mimic_version": 3,
  "mimic4_full": false,
  "cohort_tag": "mimic3",
  "best_val_jaccard": 0.555973470211029,
  "test_metrics": {
    "Jaccard": 0.5527153611183167,
    "F1": 0.7045987248420715,
    "PRAUC": 0.793437110819576,
    "DDI Rate": 0.08026821781589594,
    "Avg Meds": 22.354063034057617,
    "Avg True Meds": 19.90132713317871,
    "Precision": 0.674475908279419,
    "Recall": 0.7603688836097717,
    "NHJ_new": 0.3067371853088078,
    "NHJ_dropped": 0.3936780502921657,
    "CVR": 0.0
  },
  "data_diagnostics": {
    "split_mode_requested": "hidr_vita",
    "require_cohort_split": false,
    "split_source": "hidr_vita_sequential",
    "split_seed_used": "n/a",
    "split_patient_counts": {
      "train": 4233,
      "val": 1059,
      "test": 1058
    },
    "split_example_counts": {
      "train": 6256,
      "val": 1220,
      "test": 1206
    },
    "ddi_density": 0.05261303581914269,
    "ddi_upper_pairs": 448,
    "ddi_total_pairs": 8515,
    "loaded_artifacts": {
      "records": "data/processed/records_final.pkl",
      "cohort": "data/processed/cohort_mimic3.pkl",
      "ddi": "data/processed/ddi_A_final.pkl",
      "ehr": "data/processed/ehr_adj_final.pkl",
      "embeddings": "data/embeddings/code_embeddings.pt",
      "notes": "data/processed/note_embeddings_mimic3.pkl",
      "labs": "data/processed/lab_vectors_200labs.pkl"
    }
  },
  "param_counts": {
    "visit_encoder": {
      "total": 4583681,
      "trainable": 1981697
    },
    "fusion": {
      "total": 423808,
      "trainable": 423808
    },
    "drug_gnn": {
      "total": 526080,
      "trainable": 526080
    },
    "predictor": {
      "total": 369990,
      "trainable": 369990
    },
    "model_total": {
      "total": 6166727,
      "trainable": 3564743
    }
  },
  "threshold_sweep": {
    "0.4": {
      "Jaccard": 0.546971,
      "Avg Meds": 23.866501,
      "Avg True Meds": 19.901327,
      "DDI Rate": 0.080163
    },
    "0.45": {
      "Jaccard": 0.550161,
      "Avg Meds": 23.079601,
      "Avg True Meds": 19.901327,
      "DDI Rate": 0.080389
    },
    "0.5": {
      "Jaccard": 0.552715,
      "Avg Meds": 22.354063,
      "Avg True Meds": 19.901327,
      "DDI Rate": 0.080268
    },
    "0.55": {
      "Jaccard": 0.552689,
      "Avg Meds": 21.631842,
      "Avg True Meds": 19.901327,
      "DDI Rate": 0.080266
    },
    "0.6": {
      "Jaccard": 0.553631,
      "Avg Meds": 20.889719,
      "Avg True Meds": 19.901327,
      "DDI Rate": 0.080548
    },
    "0.65": {
      "Jaccard": 0.552843,
      "Avg Meds": 20.155058,
      "Avg True Meds": 19.901327,
      "DDI Rate": 0.080501
    },
    "0.7": {
      "Jaccard": 0.550768,
      "Avg Meds": 19.432007,
      "Avg True Meds": 19.901327,
      "DDI Rate": 0.080498
    },
    "0.75": {
      "Jaccard": 0.549923,
      "Avg Meds": 18.614428,
      "Avg True Meds": 19.901327,
      "DDI Rate": 0.080567
    }
  },
  "calibrated_threshold": 0.65,
  "calibrated_metrics": {
    "Jaccard": 0.552843,
    "Avg Meds": 20.155058,
    "Avg True Meds": 19.901327,
    "DDI Rate": 0.080501
  },
  "config": {
    "hidden_dim": 256,
    "use_notes": true,
    "use_labs": true,
    "use_copy": false,
    "fusion_strategy": "film",
    "lab_dim": 400,
    "pos_weight_cap": 5.0,
    "use_cosine_lr": false,
    "contrastive_weight": 0.0,
    "margin_loss_weight": 0.0,
    "alignment_loss_weight": 0.1,
    "alignment_start_epoch": 1,
    "alignment_ramp_epochs": 0
  }
}