{
  "seed": 42,
  "ablation": "full",
  "mimic_version": 3,
  "mimic4_full": false,
  "cohort_tag": "mimic3",
  "best_val_jaccard": 0.5667253136634827,
  "test_metrics": {
    "Jaccard": 0.5637738704681396,
    "F1": 0.7136963605880737,
    "PRAUC": 0.79860186014611,
    "DDI Rate": 0.07710405835337937,
    "Avg Meds": 22.363183975219727,
    "Avg True Meds": 19.90132713317871,
    "Precision": 0.6838967204093933,
    "Recall": 0.7698282599449158,
    "NHJ_new": 0.2788445494676891,
    "NHJ_dropped": 0.24362706432217046,
    "CVR": 0.0
  },
  "data_diagnostics": {
    "split_mode_requested": "hidr_vita",
    "require_cohort_split": false,
    "split_source": "hidr_vita_sequential",
    "split_seed_used": "n/a",
    "split_patient_counts": {
      "train": 4233,
      "val": 1059,
      "test": 1058
    },
    "split_example_counts": {
      "train": 6256,
      "val": 1220,
      "test": 1206
    },
    "ddi_density": 0.05261303581914269,
    "ddi_upper_pairs": 448,
    "ddi_total_pairs": 8515,
    "loaded_artifacts": {
      "records": "data/processed/records_final.pkl",
      "cohort": "data/processed/cohort_mimic3.pkl",
      "ddi": "data/processed/ddi_A_final.pkl",
      "ehr": "data/processed/ehr_adj_final.pkl",
      "embeddings": "data/embeddings/code_embeddings.pt",
      "notes": "data/processed/note_embeddings_mimic3.pkl",
      "labs": "data/processed/lab_vectors_200labs.pkl"
    }
  },
  "param_counts": {
    "visit_encoder": {
      "total": 4583681,
      "trainable": 1981697
    },
    "fusion": {
      "total": 423808,
      "trainable": 423808
    },
    "drug_gnn": {
      "total": 262400,
      "trainable": 262400
    },
    "predictor": {
      "total": 559560,
      "trainable": 559560
    },
    "model_total": {
      "total": 6092617,
      "trainable": 3490633
    }
  },
  "threshold_sweep": {
    "0.4": {
      "Jaccard": 0.559985,
      "Avg Meds": 23.970978,
      "Avg True Meds": 19.901327,
      "DDI Rate": 0.077694
    },
    "0.45": {
      "Jaccard": 0.561929,
      "Avg Meds": 23.160032,
      "Avg True Meds": 19.901327,
      "DDI Rate": 0.077375
    },
    "0.5": {
      "Jaccard": 0.563774,
      "Avg Meds": 22.363184,
      "Avg True Meds": 19.901327,
      "DDI Rate": 0.077104
    },
    "0.55": {
      "Jaccard": 0.563275,
      "Avg Meds": 21.640133,
      "Avg True Meds": 19.901327,
      "DDI Rate": 0.077188
    },
    "0.6": {
      "Jaccard": 0.562187,
      "Avg Meds": 20.884743,
      "Avg True Meds": 19.901327,
      "DDI Rate": 0.076992
    },
    "0.65": {
      "Jaccard": 0.561037,
      "Avg Meds": 20.126865,
      "Avg True Meds": 19.901327,
      "DDI Rate": 0.076628
    },
    "0.7": {
      "Jaccard": 0.559661,
      "Avg Meds": 19.334991,
      "Avg True Meds": 19.901327,
      "DDI Rate": 0.076584
    },
    "0.75": {
      "Jaccard": 0.554918,
      "Avg Meds": 18.519072,
      "Avg True Meds": 19.901327,
      "DDI Rate": 0.076268
    }
  },
  "calibrated_threshold": 0.65,
  "calibrated_metrics": {
    "Jaccard": 0.561037,
    "Avg Meds": 20.126865,
    "Avg True Meds": 19.901327,
    "DDI Rate": 0.076628
  },
  "config": {
    "hidden_dim": 256,
    "use_notes": true,
    "use_labs": true,
    "use_copy": true,
    "fusion_strategy": "film",
    "lab_dim": 400,
    "pos_weight_cap": 5.0,
    "use_cosine_lr": false,
    "contrastive_weight": 0.0,
    "margin_loss_weight": 0.0,
    "alignment_loss_weight": 0.1,
    "alignment_start_epoch": 1,
    "alignment_ramp_epochs": 0
  }
}