{
  "seed": 123,
  "ablation": "full",
  "mimic_version": 3,
  "mimic4_full": false,
  "cohort_tag": "mimic3",
  "best_val_jaccard": 0.536854088306427,
  "test_metrics": {
    "Jaccard": 0.5320315361022949,
    "F1": 0.686599850654602,
    "PRAUC": 0.7773844931974746,
    "DDI Rate": 0.08229625393194166,
    "Avg Meds": 23.627695083618164,
    "Avg True Meds": 19.90132713317871,
    "Precision": 0.6421082019805908,
    "Recall": 0.7692898511886597,
    "NHJ_new": 0.2871573998739845,
    "NHJ_dropped": 0.3447165991130628,
    "CVR": 0.0
  },
  "data_diagnostics": {
    "split_mode_requested": "hidr_vita",
    "require_cohort_split": false,
    "split_source": "hidr_vita_sequential",
    "split_seed_used": "n/a",
    "split_patient_counts": {
      "train": 4233,
      "val": 1059,
      "test": 1058
    },
    "split_example_counts": {
      "train": 6256,
      "val": 1220,
      "test": 1206
    },
    "ddi_density": 0.05261303581914269,
    "ddi_upper_pairs": 448,
    "ddi_total_pairs": 8515,
    "loaded_artifacts": {
      "records": "data/processed/records_final.pkl",
      "cohort": "data/processed/cohort_mimic3.pkl",
      "ddi": "data/processed/ddi_A_final.pkl",
      "ehr": "data/processed/ehr_adj_final.pkl",
      "embeddings": "data/embeddings/code_embeddings.pt",
      "notes": "data/processed/note_embeddings_mimic3.pkl"
    }
  },
  "param_counts": {
    "visit_encoder": {
      "total": 4583681,
      "trainable": 1981697
    },
    "fusion": {
      "total": 400512,
      "trainable": 400512
    },
    "drug_gnn": {
      "total": 1974080,
      "trainable": 1974080
    },
    "predictor": {
      "total": 822534,
      "trainable": 822533
    },
    "model_total": {
      "total": 8043975,
      "trainable": 5441990
    }
  },
  "threshold_sweep": {
    "0.4": {
      "Jaccard": 0.525686,
      "Avg Meds": 25.568823,
      "Avg True Meds": 19.901327,
      "DDI Rate": 0.082528
    },
    "0.45": {
      "Jaccard": 0.529525,
      "Avg Meds": 24.546434,
      "Avg True Meds": 19.901327,
      "DDI Rate": 0.082383
    },
    "0.5": {
      "Jaccard": 0.532032,
      "Avg Meds": 23.627695,
      "Avg True Meds": 19.901327,
      "DDI Rate": 0.082296
    },
    "0.55": {
      "Jaccard": 0.53476,
      "Avg Meds": 22.700663,
      "Avg True Meds": 19.901327,
      "DDI Rate": 0.083055
    },
    "0.6": {
      "Jaccard": 0.536464,
      "Avg Meds": 21.783583,
      "Avg True Meds": 19.901327,
      "DDI Rate": 0.083566
    },
    "0.65": {
      "Jaccard": 0.535653,
      "Avg Meds": 20.881426,
      "Avg True Meds": 19.901327,
      "DDI Rate": 0.083421
    },
    "0.7": {
      "Jaccard": 0.53362,
      "Avg Meds": 20.017412,
      "Avg True Meds": 19.901327,
      "DDI Rate": 0.083724
    },
    "0.75": {
      "Jaccard": 0.532109,
      "Avg Meds": 19.087065,
      "Avg True Meds": 19.901327,
      "DDI Rate": 0.08432
    }
  },
  "calibrated_threshold": 0.7,
  "calibrated_metrics": {
    "Jaccard": 0.53362,
    "Avg Meds": 20.017412,
    "Avg True Meds": 19.901327,
    "DDI Rate": 0.083724
  },
  "config": {
    "hidden_dim": 256,
    "use_notes": true,
    "use_labs": false,
    "use_copy": false,
    "fusion_strategy": "film",
    "lab_dim": 0,
    "pos_weight_cap": 5.0,
    "use_cosine_lr": false,
    "contrastive_weight": 0.0,
    "margin_loss_weight": 0.0,
    "alignment_loss_weight": 0.1,
    "alignment_start_epoch": 1,
    "alignment_ramp_epochs": 0
  }
}