{
  "seed": 42,
  "ablation": "full",
  "mimic_version": 3,
  "mimic4_full": false,
  "cohort_tag": "mimic3",
  "best_val_jaccard": 0.5656749606132507,
  "test_metrics": {
    "Jaccard": 0.5611686110496521,
    "F1": 0.7115544080734253,
    "PRAUC": 0.7970920781470059,
    "DDI Rate": 0.07908983518739617,
    "Avg Meds": 22.3242130279541,
    "Avg True Meds": 19.90132713317871,
    "Precision": 0.6796213984489441,
    "Recall": 0.7689998149871826,
    "NHJ_new": 0.2908518400631453,
    "NHJ_dropped": 0.3057626172115928,
    "CVR": 0.0
  },
  "data_diagnostics": {
    "split_mode_requested": "hidr_vita",
    "require_cohort_split": false,
    "split_source": "hidr_vita_sequential",
    "split_seed_used": "n/a",
    "split_patient_counts": {
      "train": 4233,
      "val": 1059,
      "test": 1058
    },
    "split_example_counts": {
      "train": 6256,
      "val": 1220,
      "test": 1206
    },
    "ddi_density": 0.05261303581914269,
    "ddi_upper_pairs": 448,
    "ddi_total_pairs": 8515,
    "loaded_artifacts": {
      "records": "data/processed/records_final.pkl",
      "cohort": "data/processed/cohort_mimic3.pkl",
      "ddi": "data/processed/ddi_A_final.pkl",
      "ehr": "data/processed/ehr_adj_final.pkl",
      "embeddings": "data/embeddings/code_embeddings.pt",
      "notes": "data/processed/note_embeddings_mimic3.pkl",
      "labs": "data/processed/lab_vectors_200labs.pkl"
    }
  },
  "param_counts": {
    "visit_encoder": {
      "total": 4616835,
      "trainable": 2014851
    },
    "fusion": {
      "total": 423808,
      "trainable": 423808
    },
    "drug_gnn": {
      "total": 1974080,
      "trainable": 1974080
    },
    "predictor": {
      "total": 559560,
      "trainable": 559560
    },
    "model_total": {
      "total": 7837451,
      "trainable": 5235467
    }
  },
  "threshold_sweep": {
    "0.4": {
      "Jaccard": 0.556981,
      "Avg Meds": 23.91791,
      "Avg True Meds": 19.901327,
      "DDI Rate": 0.079811
    },
    "0.45": {
      "Jaccard": 0.55942,
      "Avg Meds": 23.104477,
      "Avg True Meds": 19.901327,
      "DDI Rate": 0.079344
    },
    "0.5": {
      "Jaccard": 0.561169,
      "Avg Meds": 22.324213,
      "Avg True Meds": 19.901327,
      "DDI Rate": 0.07909
    },
    "0.55": {
      "Jaccard": 0.56147,
      "Avg Meds": 21.567163,
      "Avg True Meds": 19.901327,
      "DDI Rate": 0.078765
    },
    "0.6": {
      "Jaccard": 0.561625,
      "Avg Meds": 20.815092,
      "Avg True Meds": 19.901327,
      "DDI Rate": 0.078686
    },
    "0.65": {
      "Jaccard": 0.561291,
      "Avg Meds": 20.123549,
      "Avg True Meds": 19.901327,
      "DDI Rate": 0.078328
    },
    "0.7": {
      "Jaccard": 0.560364,
      "Avg Meds": 19.38806,
      "Avg True Meds": 19.901327,
      "DDI Rate": 0.078123
    },
    "0.75": {
      "Jaccard": 0.55711,
      "Avg Meds": 18.598673,
      "Avg True Meds": 19.901327,
      "DDI Rate": 0.078302
    }
  },
  "calibrated_threshold": 0.65,
  "calibrated_metrics": {
    "Jaccard": 0.561291,
    "Avg Meds": 20.123549,
    "Avg True Meds": 19.901327,
    "DDI Rate": 0.078328
  },
  "config": {
    "hidden_dim": 256,
    "use_notes": true,
    "use_labs": true,
    "use_copy": true,
    "fusion_strategy": "film",
    "lab_dim": 400,
    "pos_weight_cap": 5.0,
    "use_cosine_lr": false,
    "contrastive_weight": 0.0,
    "margin_loss_weight": 0.0,
    "alignment_loss_weight": 0.1,
    "alignment_start_epoch": 1,
    "alignment_ramp_epochs": 0
  }
}