{
  "seed": 42,
  "ablation": "full",
  "mimic_version": 3,
  "mimic4_full": false,
  "cohort_tag": "mimic3",
  "best_val_jaccard": 0.5367954969406128,
  "test_metrics": {
    "Jaccard": 0.5360894799232483,
    "F1": 0.6902364492416382,
    "PRAUC": 0.7782036719979196,
    "DDI Rate": 0.08278836833602585,
    "Avg Meds": 22.16915512084961,
    "Avg True Meds": 19.90132713317871,
    "Precision": 0.6634777784347534,
    "Recall": 0.745343804359436,
    "NHJ_new": 0.2825632205134944,
    "NHJ_dropped": 0.3737573121723376,
    "CVR": 0.0
  },
  "data_diagnostics": {
    "split_mode_requested": "hidr_vita",
    "require_cohort_split": false,
    "split_source": "hidr_vita_sequential",
    "split_seed_used": "n/a",
    "split_patient_counts": {
      "train": 4233,
      "val": 1059,
      "test": 1058
    },
    "split_example_counts": {
      "train": 6256,
      "val": 1220,
      "test": 1206
    },
    "ddi_density": 0.05261303581914269,
    "ddi_upper_pairs": 448,
    "ddi_total_pairs": 8515,
    "loaded_artifacts": {
      "records": "data/processed/records_final.pkl",
      "cohort": "data/processed/cohort_mimic3.pkl",
      "ddi": "data/processed/ddi_A_final.pkl",
      "ehr": "data/processed/ehr_adj_final.pkl",
      "embeddings": "data/embeddings/code_embeddings.pt",
      "labs": "data/processed/lab_vectors_200labs.pkl"
    }
  },
  "param_counts": {
    "visit_encoder": {
      "total": 4583681,
      "trainable": 1981697
    },
    "fusion": {
      "total": 423808,
      "trainable": 423808
    },
    "drug_gnn": {
      "total": 1974080,
      "trainable": 1974080
    },
    "predictor": {
      "total": 799046,
      "trainable": 799045
    },
    "model_total": {
      "total": 8043783,
      "trainable": 5441798
    }
  },
  "threshold_sweep": {
    "0.4": {
      "Jaccard": 0.531477,
      "Avg Meds": 24.061359,
      "Avg True Meds": 19.901327,
      "DDI Rate": 0.082068
    },
    "0.45": {
      "Jaccard": 0.534058,
      "Avg Meds": 23.097843,
      "Avg True Meds": 19.901327,
      "DDI Rate": 0.082667
    },
    "0.5": {
      "Jaccard": 0.536089,
      "Avg Meds": 22.169155,
      "Avg True Meds": 19.901327,
      "DDI Rate": 0.082788
    },
    "0.55": {
      "Jaccard": 0.537482,
      "Avg Meds": 21.268656,
      "Avg True Meds": 19.901327,
      "DDI Rate": 0.083101
    },
    "0.6": {
      "Jaccard": 0.537053,
      "Avg Meds": 20.403814,
      "Avg True Meds": 19.901327,
      "DDI Rate": 0.083391
    },
    "0.65": {
      "Jaccard": 0.536296,
      "Avg Meds": 19.57131,
      "Avg True Meds": 19.901327,
      "DDI Rate": 0.08369
    },
    "0.7": {
      "Jaccard": 0.53304,
      "Avg Meds": 18.703979,
      "Avg True Meds": 19.901327,
      "DDI Rate": 0.084177
    },
    "0.75": {
      "Jaccard": 0.527335,
      "Avg Meds": 17.813433,
      "Avg True Meds": 19.901327,
      "DDI Rate": 0.0839
    }
  },
  "calibrated_threshold": 0.65,
  "calibrated_metrics": {
    "Jaccard": 0.536296,
    "Avg Meds": 19.57131,
    "Avg True Meds": 19.901327,
    "DDI Rate": 0.08369
  },
  "config": {
    "hidden_dim": 256,
    "use_notes": false,
    "use_labs": true,
    "use_copy": false,
    "fusion_strategy": "film",
    "lab_dim": 400,
    "pos_weight_cap": 5.0,
    "use_cosine_lr": false,
    "contrastive_weight": 0.0,
    "margin_loss_weight": 0.0,
    "alignment_loss_weight": 0.1,
    "alignment_start_epoch": 1,
    "alignment_ramp_epochs": 0
  }
}