{
  "seed": 123,
  "ablation": "full",
  "mimic_version": 3,
  "mimic4_full": false,
  "cohort_tag": "mimic3",
  "best_val_jaccard": 0.5023453235626221,
  "test_metrics": {
    "Jaccard": 0.504724383354187,
    "F1": 0.6628453731536865,
    "PRAUC": 0.7549426074772705,
    "DDI Rate": 0.0831767113561375,
    "Avg Meds": 23.2039794921875,
    "Avg True Meds": 19.90132713317871,
    "Precision": 0.6335473656654358,
    "Recall": 0.7422624230384827,
    "NHJ_new": 0.23876515658278213,
    "NHJ_dropped": 0.29935979058868006,
    "CVR": 0.0
  },
  "data_diagnostics": {
    "split_mode_requested": "hidr_vita",
    "require_cohort_split": false,
    "split_source": "hidr_vita_sequential",
    "split_seed_used": "n/a",
    "split_patient_counts": {
      "train": 4233,
      "val": 1059,
      "test": 1058
    },
    "split_example_counts": {
      "train": 6256,
      "val": 1220,
      "test": 1206
    },
    "ddi_density": 0.05261303581914269,
    "ddi_upper_pairs": 448,
    "ddi_total_pairs": 8515,
    "loaded_artifacts": {
      "records": "data/processed/records_final.pkl",
      "cohort": "data/processed/cohort_mimic3.pkl",
      "ddi": "data/processed/ddi_A_final.pkl",
      "ehr": "data/processed/ehr_adj_final.pkl",
      "embeddings": "data/embeddings/code_embeddings.pt"
    }
  },
  "param_counts": {
    "visit_encoder": {
      "total": 4649474,
      "trainable": 2047490
    },
    "drug_gnn": {
      "total": 295936,
      "trainable": 295936
    },
    "predictor": {
      "total": 262406,
      "trainable": 262404
    },
    "model_total": {
      "total": 5470984,
      "trainable": 2868998
    }
  },
  "threshold_sweep": {
    "0.4": {
      "Jaccard": 0.500754,
      "Avg Meds": 25.543118,
      "Avg True Meds": 19.901327,
      "DDI Rate": 0.08075
    },
    "0.45": {
      "Jaccard": 0.503828,
      "Avg Meds": 24.334162,
      "Avg True Meds": 19.901327,
      "DDI Rate": 0.081629
    },
    "0.5": {
      "Jaccard": 0.504724,
      "Avg Meds": 23.203979,
      "Avg True Meds": 19.901327,
      "DDI Rate": 0.083177
    },
    "0.55": {
      "Jaccard": 0.505165,
      "Avg Meds": 22.106136,
      "Avg True Meds": 19.901327,
      "DDI Rate": 0.084972
    },
    "0.6": {
      "Jaccard": 0.505098,
      "Avg Meds": 21.026533,
      "Avg True Meds": 19.901327,
      "DDI Rate": 0.086426
    },
    "0.65": {
      "Jaccard": 0.504032,
      "Avg Meds": 20.01078,
      "Avg True Meds": 19.901327,
      "DDI Rate": 0.08755
    },
    "0.7": {
      "Jaccard": 0.501494,
      "Avg Meds": 18.910448,
      "Avg True Meds": 19.901327,
      "DDI Rate": 0.088847
    },
    "0.75": {
      "Jaccard": 0.496728,
      "Avg Meds": 17.809286,
      "Avg True Meds": 19.901327,
      "DDI Rate": 0.090577
    }
  },
  "calibrated_threshold": 0.65,
  "calibrated_metrics": {
    "Jaccard": 0.504032,
    "Avg Meds": 20.01078,
    "Avg True Meds": 19.901327,
    "DDI Rate": 0.08755
  },
  "config": {
    "hidden_dim": 256,
    "use_notes": false,
    "use_labs": false,
    "use_copy": false,
    "fusion_strategy": "film",
    "lab_dim": 0,
    "pos_weight_cap": 5.0,
    "use_cosine_lr": false,
    "contrastive_weight": 0.0,
    "margin_loss_weight": 0.0,
    "alignment_loss_weight": 0.1,
    "alignment_start_epoch": 1,
    "alignment_ramp_epochs": 0
  }
}