{
  "seed": 789,
  "ablation": "full",
  "mimic_version": 3,
  "mimic4_full": false,
  "cohort_tag": "mimic3",
  "best_val_jaccard": 0.5666714310646057,
  "test_metrics": {
    "Jaccard": 0.5671943426132202,
    "F1": 0.7160962820053101,
    "PRAUC": 0.796089279416075,
    "DDI Rate": 0.08058382674830289,
    "Avg Meds": 21.751243591308594,
    "Avg True Meds": 19.90132713317871,
    "Precision": 0.6913889646530151,
    "Recall": 0.7640630602836609,
    "NHJ_new": 0.2975258889951204,
    "NHJ_dropped": 0.3463622755125949,
    "CVR": 0.0
  },
  "data_diagnostics": {
    "split_mode_requested": "hidr_vita",
    "require_cohort_split": false,
    "split_source": "hidr_vita_sequential",
    "split_seed_used": "n/a",
    "split_patient_counts": {
      "train": 4233,
      "val": 1059,
      "test": 1058
    },
    "split_example_counts": {
      "train": 6256,
      "val": 1220,
      "test": 1206
    },
    "ddi_density": 0.05261303581914269,
    "ddi_upper_pairs": 448,
    "ddi_total_pairs": 8515,
    "loaded_artifacts": {
      "records": "data/processed/records_final.pkl",
      "cohort": "data/processed/cohort_mimic3.pkl",
      "ddi": "data/processed/ddi_A_final.pkl",
      "ehr": "data/processed/ehr_adj_final.pkl",
      "embeddings": "data/embeddings/code_embeddings.pt",
      "notes": "data/processed/note_embeddings_mimic3.pkl",
      "labs": "data/processed/lab_vectors_200labs.pkl"
    }
  },
  "param_counts": {
    "visit_encoder": {
      "total": 5108993,
      "trainable": 2507009
    },
    "fusion": {
      "total": 423808,
      "trainable": 423808
    },
    "drug_gnn": {
      "total": 395008,
      "trainable": 395008
    },
    "predictor": {
      "total": 1613513,
      "trainable": 1423943
    },
    "model_total": {
      "total": 7738186,
      "trainable": 4946632
    }
  },
  "threshold_sweep": {
    "0.4": {
      "Jaccard": 0.565708,
      "Avg Meds": 22.771973,
      "Avg True Meds": 19.901327,
      "DDI Rate": 0.080006
    },
    "0.45": {
      "Jaccard": 0.567405,
      "Avg Meds": 22.257877,
      "Avg True Meds": 19.901327,
      "DDI Rate": 0.080251
    },
    "0.5": {
      "Jaccard": 0.567194,
      "Avg Meds": 21.751244,
      "Avg True Meds": 19.901327,
      "DDI Rate": 0.080584
    },
    "0.55": {
      "Jaccard": 0.566899,
      "Avg Meds": 21.237148,
      "Avg True Meds": 19.901327,
      "DDI Rate": 0.080827
    },
    "0.6": {
      "Jaccard": 0.565771,
      "Avg Meds": 20.763681,
      "Avg True Meds": 19.901327,
      "DDI Rate": 0.081429
    },
    "0.65": {
      "Jaccard": 0.565085,
      "Avg Meds": 20.278606,
      "Avg True Meds": 19.901327,
      "DDI Rate": 0.08179
    },
    "0.7": {
      "Jaccard": 0.563786,
      "Avg Meds": 19.780266,
      "Avg True Meds": 19.901327,
      "DDI Rate": 0.082071
    },
    "0.75": {
      "Jaccard": 0.562093,
      "Avg Meds": 19.262852,
      "Avg True Meds": 19.901327,
      "DDI Rate": 0.082471
    }
  },
  "calibrated_threshold": 0.7,
  "calibrated_metrics": {
    "Jaccard": 0.563786,
    "Avg Meds": 19.780266,
    "Avg True Meds": 19.901327,
    "DDI Rate": 0.082071
  },
  "config": {
    "hidden_dim": 256,
    "use_notes": true,
    "use_labs": true,
    "use_copy": true,
    "fusion_strategy": "film",
    "lab_dim": 400,
    "pos_weight_cap": 5.0,
    "use_cosine_lr": false,
    "contrastive_weight": 0.0,
    "margin_loss_weight": 0.0,
    "alignment_loss_weight": 0.1,
    "alignment_start_epoch": 1,
    "alignment_ramp_epochs": 0
  }
}