{
  "seed": 456,
  "ablation": "full",
  "mimic_version": 3,
  "mimic4_full": false,
  "cohort_tag": "mimic3",
  "best_val_jaccard": 0.4899151027202606,
  "test_metrics": {
    "Jaccard": 0.48983654379844666,
    "F1": 0.650050699710846,
    "PRAUC": 0.7466066689863351,
    "DDI Rate": 0.08568347770709855,
    "Avg Meds": 21.336650848388672,
    "Avg True Meds": 19.90132713317871,
    "Precision": 0.6412554979324341,
    "Recall": 0.7014933228492737,
    "NHJ_new": 0.23152547055169156,
    "NHJ_dropped": 0.3433977961540222,
    "CVR": 0.0
  },
  "data_diagnostics": {
    "split_mode_requested": "hidr_vita",
    "require_cohort_split": false,
    "split_source": "hidr_vita_sequential",
    "split_seed_used": "n/a",
    "split_patient_counts": {
      "train": 4233,
      "val": 1059,
      "test": 1058
    },
    "split_example_counts": {
      "train": 6256,
      "val": 1220,
      "test": 1206
    },
    "ddi_density": 0.05261303581914269,
    "ddi_upper_pairs": 448,
    "ddi_total_pairs": 8515,
    "loaded_artifacts": {
      "records": "data/processed/records_final.pkl",
      "cohort": "data/processed/cohort_mimic3.pkl",
      "ddi": "data/processed/ddi_A_final.pkl",
      "ehr": "data/processed/ehr_adj_final.pkl",
      "embeddings": "data/embeddings/code_embeddings.pt"
    }
  },
  "param_counts": {
    "visit_encoder": {
      "total": 3990529,
      "trainable": 1388545
    },
    "drug_gnn": {
      "total": 1974080,
      "trainable": 1974080
    },
    "predictor": {
      "total": 262406,
      "trainable": 262404
    },
    "model_total": {
      "total": 6490183,
      "trainable": 3888197
    }
  },
  "threshold_sweep": {
    "0.4": {
      "Jaccard": 0.488034,
      "Avg Meds": 24.035656,
      "Avg True Meds": 19.901327,
      "DDI Rate": 0.082691
    },
    "0.45": {
      "Jaccard": 0.489757,
      "Avg Meds": 22.64345,
      "Avg True Meds": 19.901327,
      "DDI Rate": 0.08436
    },
    "0.5": {
      "Jaccard": 0.489837,
      "Avg Meds": 21.336651,
      "Avg True Meds": 19.901327,
      "DDI Rate": 0.085683
    },
    "0.55": {
      "Jaccard": 0.488467,
      "Avg Meds": 20.065506,
      "Avg True Meds": 19.901327,
      "DDI Rate": 0.086994
    },
    "0.6": {
      "Jaccard": 0.484745,
      "Avg Meds": 18.906301,
      "Avg True Meds": 19.901327,
      "DDI Rate": 0.088398
    },
    "0.65": {
      "Jaccard": 0.48047,
      "Avg Meds": 17.820896,
      "Avg True Meds": 19.901327,
      "DDI Rate": 0.089183
    },
    "0.7": {
      "Jaccard": 0.474809,
      "Avg Meds": 16.648424,
      "Avg True Meds": 19.901327,
      "DDI Rate": 0.089968
    },
    "0.75": {
      "Jaccard": 0.468174,
      "Avg Meds": 15.514925,
      "Avg True Meds": 19.901327,
      "DDI Rate": 0.09077
    }
  },
  "calibrated_threshold": 0.55,
  "calibrated_metrics": {
    "Jaccard": 0.488467,
    "Avg Meds": 20.065506,
    "Avg True Meds": 19.901327,
    "DDI Rate": 0.086994
  },
  "config": {
    "hidden_dim": 256,
    "use_notes": false,
    "use_labs": false,
    "use_copy": false,
    "fusion_strategy": "film",
    "lab_dim": 0,
    "pos_weight_cap": 5.0,
    "use_cosine_lr": false,
    "contrastive_weight": 0.0,
    "margin_loss_weight": 0.0,
    "alignment_loss_weight": 0.1,
    "alignment_start_epoch": 1,
    "alignment_ramp_epochs": 0
  }
}