{
  "seed": 456,
  "ablation": "full",
  "mimic_version": 3,
  "mimic4_full": false,
  "cohort_tag": "mimic3",
  "best_val_jaccard": 0.5439212918281555,
  "test_metrics": {
    "Jaccard": 0.5439348816871643,
    "F1": 0.6968078017234802,
    "PRAUC": 0.7884377653437761,
    "DDI Rate": 0.0797367833133619,
    "Avg Meds": 23.41625213623047,
    "Avg True Meds": 19.90132713317871,
    "Precision": 0.6524065136909485,
    "Recall": 0.7739381194114685,
    "NHJ_new": 0.3026616000815442,
    "NHJ_dropped": 0.3625798899876444,
    "CVR": 0.0
  },
  "data_diagnostics": {
    "split_mode_requested": "hidr_vita",
    "require_cohort_split": false,
    "split_source": "hidr_vita_sequential",
    "split_seed_used": "n/a",
    "split_patient_counts": {
      "train": 4233,
      "val": 1059,
      "test": 1058
    },
    "split_example_counts": {
      "train": 6256,
      "val": 1220,
      "test": 1206
    },
    "ddi_density": 0.05261303581914269,
    "ddi_upper_pairs": 448,
    "ddi_total_pairs": 8515,
    "loaded_artifacts": {
      "records": "data/processed/records_final.pkl",
      "cohort": "data/processed/cohort_mimic3.pkl",
      "ddi": "data/processed/ddi_A_final.pkl",
      "ehr": "data/processed/ehr_adj_final.pkl",
      "embeddings": "data/embeddings/code_embeddings.pt",
      "notes": "data/processed/note_embeddings_mimic3.pkl"
    }
  },
  "param_counts": {
    "visit_encoder": {
      "total": 4583681,
      "trainable": 1981697
    },
    "fusion": {
      "total": 400512,
      "trainable": 400512
    },
    "drug_gnn": {
      "total": 1974080,
      "trainable": 1974080
    },
    "predictor": {
      "total": 327942,
      "trainable": 327941
    },
    "model_total": {
      "total": 7549383,
      "trainable": 4947398
    }
  },
  "threshold_sweep": {
    "0.4": {
      "Jaccard": 0.535489,
      "Avg Meds": 25.446102,
      "Avg True Meds": 19.901327,
      "DDI Rate": 0.078809
    },
    "0.45": {
      "Jaccard": 0.540366,
      "Avg Meds": 24.41791,
      "Avg True Meds": 19.901327,
      "DDI Rate": 0.079431
    },
    "0.5": {
      "Jaccard": 0.543935,
      "Avg Meds": 23.416252,
      "Avg True Meds": 19.901327,
      "DDI Rate": 0.079737
    },
    "0.55": {
      "Jaccard": 0.545175,
      "Avg Meds": 22.491709,
      "Avg True Meds": 19.901327,
      "DDI Rate": 0.080098
    },
    "0.6": {
      "Jaccard": 0.546233,
      "Avg Meds": 21.57048,
      "Avg True Meds": 19.901327,
      "DDI Rate": 0.079951
    },
    "0.65": {
      "Jaccard": 0.546284,
      "Avg Meds": 20.599503,
      "Avg True Meds": 19.901327,
      "DDI Rate": 0.080469
    },
    "0.7": {
      "Jaccard": 0.544564,
      "Avg Meds": 19.620232,
      "Avg True Meds": 19.901327,
      "DDI Rate": 0.080069
    },
    "0.75": {
      "Jaccard": 0.540806,
      "Avg Meds": 18.645107,
      "Avg True Meds": 19.901327,
      "DDI Rate": 0.081004
    }
  },
  "calibrated_threshold": 0.7,
  "calibrated_metrics": {
    "Jaccard": 0.544564,
    "Avg Meds": 19.620232,
    "Avg True Meds": 19.901327,
    "DDI Rate": 0.080069
  },
  "config": {
    "hidden_dim": 256,
    "use_notes": true,
    "use_labs": false,
    "use_copy": false,
    "fusion_strategy": "film",
    "lab_dim": 0,
    "pos_weight_cap": 5.0,
    "use_cosine_lr": false,
    "contrastive_weight": 0.0,
    "margin_loss_weight": 0.0,
    "alignment_loss_weight": 0.1,
    "alignment_start_epoch": 1,
    "alignment_ramp_epochs": 0
  }
}