{
  "seed": 42,
  "ablation": "full",
  "mimic_version": 3,
  "mimic4_full": false,
  "cohort_tag": "mimic3",
  "best_val_jaccard": 0.542137861251831,
  "test_metrics": {
    "Jaccard": 0.5388721227645874,
    "F1": 0.6927788853645325,
    "PRAUC": 0.783167346188136,
    "DDI Rate": 0.07992301746304681,
    "Avg Meds": 22.264511108398438,
    "Avg True Meds": 19.90132713317871,
    "Precision": 0.6665099263191223,
    "Recall": 0.7485962510108948,
    "NHJ_new": 0.2833434688417535,
    "NHJ_dropped": 0.366322785615921,
    "CVR": 0.0
  },
  "data_diagnostics": {
    "split_mode_requested": "hidr_vita",
    "require_cohort_split": false,
    "split_source": "hidr_vita_sequential",
    "split_seed_used": "n/a",
    "split_patient_counts": {
      "train": 4233,
      "val": 1059,
      "test": 1058
    },
    "split_example_counts": {
      "train": 6256,
      "val": 1220,
      "test": 1206
    },
    "ddi_density": 0.05261303581914269,
    "ddi_upper_pairs": 448,
    "ddi_total_pairs": 8515,
    "loaded_artifacts": {
      "records": "data/processed/records_final.pkl",
      "cohort": "data/processed/cohort_mimic3.pkl",
      "ddi": "data/processed/ddi_A_final.pkl",
      "ehr": "data/processed/ehr_adj_final.pkl",
      "embeddings": "data/embeddings/code_embeddings.pt",
      "labs": "data/processed/lab_vectors_200labs.pkl"
    }
  },
  "param_counts": {
    "visit_encoder": {
      "total": 4583681,
      "trainable": 1981697
    },
    "fusion": {
      "total": 423808,
      "trainable": 423808
    },
    "drug_gnn": {
      "total": 395008,
      "trainable": 395008
    },
    "predictor": {
      "total": 304454,
      "trainable": 304453
    },
    "model_total": {
      "total": 5970119,
      "trainable": 3368134
    }
  },
  "threshold_sweep": {
    "0.4": {
      "Jaccard": 0.535249,
      "Avg Meds": 24.048922,
      "Avg True Meds": 19.901327,
      "DDI Rate": 0.079748
    },
    "0.45": {
      "Jaccard": 0.537753,
      "Avg Meds": 23.152571,
      "Avg True Meds": 19.901327,
      "DDI Rate": 0.080133
    },
    "0.5": {
      "Jaccard": 0.538872,
      "Avg Meds": 22.264511,
      "Avg True Meds": 19.901327,
      "DDI Rate": 0.079923
    },
    "0.55": {
      "Jaccard": 0.539001,
      "Avg Meds": 21.393034,
      "Avg True Meds": 19.901327,
      "DDI Rate": 0.080721
    },
    "0.6": {
      "Jaccard": 0.538263,
      "Avg Meds": 20.605307,
      "Avg True Meds": 19.901327,
      "DDI Rate": 0.0811
    },
    "0.65": {
      "Jaccard": 0.537359,
      "Avg Meds": 19.781094,
      "Avg True Meds": 19.901327,
      "DDI Rate": 0.081758
    },
    "0.7": {
      "Jaccard": 0.534593,
      "Avg Meds": 18.926203,
      "Avg True Meds": 19.901327,
      "DDI Rate": 0.081971
    },
    "0.75": {
      "Jaccard": 0.531444,
      "Avg Meds": 18.062189,
      "Avg True Meds": 19.901327,
      "DDI Rate": 0.082175
    }
  },
  "calibrated_threshold": 0.65,
  "calibrated_metrics": {
    "Jaccard": 0.537359,
    "Avg Meds": 19.781094,
    "Avg True Meds": 19.901327,
    "DDI Rate": 0.081758
  },
  "config": {
    "hidden_dim": 256,
    "use_notes": false,
    "use_labs": true,
    "use_copy": false,
    "fusion_strategy": "film",
    "lab_dim": 400,
    "pos_weight_cap": 5.0,
    "use_cosine_lr": false,
    "contrastive_weight": 0.0,
    "margin_loss_weight": 0.0,
    "alignment_loss_weight": 0.1,
    "alignment_start_epoch": 1,
    "alignment_ramp_epochs": 0
  }
}