{
  "seed": 42,
  "ablation": "full",
  "mimic_version": 3,
  "mimic4_full": false,
  "cohort_tag": "mimic3",
  "best_val_jaccard": 0.5107971429824829,
  "test_metrics": {
    "Jaccard": 0.5084922313690186,
    "F1": 0.6660563945770264,
    "PRAUC": 0.7578856121375571,
    "DDI Rate": 0.08634324834749764,
    "Avg Meds": 21.619403839111328,
    "Avg True Meds": 19.90132713317871,
    "Precision": 0.6551324129104614,
    "Recall": 0.7219526767730713,
    "NHJ_new": 0.21547437733725497,
    "NHJ_dropped": 0.29026143958694056,
    "CVR": 0.0
  },
  "data_diagnostics": {
    "split_mode_requested": "hidr_vita",
    "require_cohort_split": false,
    "split_source": "hidr_vita_sequential",
    "split_seed_used": "n/a",
    "split_patient_counts": {
      "train": 4233,
      "val": 1059,
      "test": 1058
    },
    "split_example_counts": {
      "train": 6256,
      "val": 1220,
      "test": 1206
    },
    "ddi_density": 0.05261303581914269,
    "ddi_upper_pairs": 448,
    "ddi_total_pairs": 8515,
    "loaded_artifacts": {
      "records": "data/processed/records_final.pkl",
      "cohort": "data/processed/cohort_mimic3.pkl",
      "ddi": "data/processed/ddi_A_final.pkl",
      "ehr": "data/processed/ehr_adj_final.pkl",
      "embeddings": "data/embeddings/code_embeddings.pt"
    }
  },
  "param_counts": {
    "visit_encoder": {
      "total": 5762817,
      "trainable": 3160833
    },
    "drug_gnn": {
      "total": 1974080,
      "trainable": 1974080
    },
    "predictor": {
      "total": 262406,
      "trainable": 262404
    },
    "model_total": {
      "total": 8262471,
      "trainable": 5660485
    }
  },
  "threshold_sweep": {
    "0.4": {
      "Jaccard": 0.505146,
      "Avg Meds": 24.24461,
      "Avg True Meds": 19.901327,
      "DDI Rate": 0.081401
    },
    "0.45": {
      "Jaccard": 0.506447,
      "Avg Meds": 22.884743,
      "Avg True Meds": 19.901327,
      "DDI Rate": 0.084224
    },
    "0.5": {
      "Jaccard": 0.508492,
      "Avg Meds": 21.619404,
      "Avg True Meds": 19.901327,
      "DDI Rate": 0.086343
    },
    "0.55": {
      "Jaccard": 0.50604,
      "Avg Meds": 20.439468,
      "Avg True Meds": 19.901327,
      "DDI Rate": 0.088401
    },
    "0.6": {
      "Jaccard": 0.505092,
      "Avg Meds": 19.308458,
      "Avg True Meds": 19.901327,
      "DDI Rate": 0.090989
    },
    "0.65": {
      "Jaccard": 0.499938,
      "Avg Meds": 18.190714,
      "Avg True Meds": 19.901327,
      "DDI Rate": 0.093896
    },
    "0.7": {
      "Jaccard": 0.49381,
      "Avg Meds": 17.04146,
      "Avg True Meds": 19.901327,
      "DDI Rate": 0.095232
    },
    "0.75": {
      "Jaccard": 0.482987,
      "Avg Meds": 15.868159,
      "Avg True Meds": 19.901327,
      "DDI Rate": 0.096212
    }
  },
  "calibrated_threshold": 0.55,
  "calibrated_metrics": {
    "Jaccard": 0.50604,
    "Avg Meds": 20.439468,
    "Avg True Meds": 19.901327,
    "DDI Rate": 0.088401
  },
  "config": {
    "hidden_dim": 256,
    "use_notes": false,
    "use_labs": false,
    "use_copy": false,
    "fusion_strategy": "film",
    "lab_dim": 0,
    "pos_weight_cap": 5.0,
    "use_cosine_lr": false,
    "contrastive_weight": 0.0,
    "margin_loss_weight": 0.0,
    "alignment_loss_weight": 0.1,
    "alignment_start_epoch": 1,
    "alignment_ramp_epochs": 0
  }
}