{
  "seed": 42,
  "ablation": "full",
  "mimic_version": 3,
  "mimic4_full": false,
  "cohort_tag": "mimic3",
  "best_val_jaccard": 0.4994100034236908,
  "test_metrics": {
    "Jaccard": 0.5017457008361816,
    "F1": 0.6601771116256714,
    "PRAUC": 0.7543974546094053,
    "DDI Rate": 0.07858001688425756,
    "Avg Meds": 23.951906204223633,
    "Avg True Meds": 19.90132713317871,
    "Precision": 0.6189106702804565,
    "Recall": 0.7534946799278259,
    "NHJ_new": 0.24559082875126287,
    "NHJ_dropped": 0.2830620337473719,
    "CVR": 0.0
  },
  "data_diagnostics": {
    "split_mode_requested": "hidr_vita",
    "require_cohort_split": false,
    "split_source": "hidr_vita_sequential",
    "split_seed_used": "n/a",
    "split_patient_counts": {
      "train": 4233,
      "val": 1059,
      "test": 1058
    },
    "split_example_counts": {
      "train": 6256,
      "val": 1220,
      "test": 1206
    },
    "ddi_density": 0.05261303581914269,
    "ddi_upper_pairs": 448,
    "ddi_total_pairs": 8515,
    "loaded_artifacts": {
      "records": "data/processed/records_final.pkl",
      "cohort": "data/processed/cohort_mimic3.pkl",
      "ddi": "data/processed/ddi_A_final.pkl",
      "ehr": "data/processed/ehr_adj_final.pkl",
      "embeddings": "data/embeddings/code_embeddings.pt"
    }
  },
  "param_counts": {
    "visit_encoder": {
      "total": 4583681,
      "trainable": 1981697
    },
    "drug_gnn": {
      "total": 2007616,
      "trainable": 2007616
    },
    "predictor": {
      "total": 262406,
      "trainable": 262404
    },
    "model_total": {
      "total": 7116871,
      "trainable": 4514885
    }
  },
  "threshold_sweep": {
    "0.4": {
      "Jaccard": 0.494575,
      "Avg Meds": 26.553068,
      "Avg True Meds": 19.901327,
      "DDI Rate": 0.076525
    },
    "0.45": {
      "Jaccard": 0.498596,
      "Avg Meds": 25.223881,
      "Avg True Meds": 19.901327,
      "DDI Rate": 0.077421
    },
    "0.5": {
      "Jaccard": 0.501746,
      "Avg Meds": 23.951906,
      "Avg True Meds": 19.901327,
      "DDI Rate": 0.07858
    },
    "0.55": {
      "Jaccard": 0.502961,
      "Avg Meds": 22.707296,
      "Avg True Meds": 19.901327,
      "DDI Rate": 0.080129
    },
    "0.6": {
      "Jaccard": 0.503883,
      "Avg Meds": 21.505804,
      "Avg True Meds": 19.901327,
      "DDI Rate": 0.081539
    },
    "0.65": {
      "Jaccard": 0.502568,
      "Avg Meds": 20.303482,
      "Avg True Meds": 19.901327,
      "DDI Rate": 0.082788
    },
    "0.7": {
      "Jaccard": 0.498837,
      "Avg Meds": 19.111111,
      "Avg True Meds": 19.901327,
      "DDI Rate": 0.083864
    },
    "0.75": {
      "Jaccard": 0.494307,
      "Avg Meds": 17.838308,
      "Avg True Meds": 19.901327,
      "DDI Rate": 0.084437
    }
  },
  "calibrated_threshold": 0.65,
  "calibrated_metrics": {
    "Jaccard": 0.502568,
    "Avg Meds": 20.303482,
    "Avg True Meds": 19.901327,
    "DDI Rate": 0.082788
  },
  "config": {
    "hidden_dim": 256,
    "use_notes": false,
    "use_labs": false,
    "use_copy": false,
    "fusion_strategy": "film",
    "lab_dim": 0,
    "pos_weight_cap": 5.0,
    "use_cosine_lr": false,
    "contrastive_weight": 0.0,
    "margin_loss_weight": 0.0,
    "alignment_loss_weight": 0.1,
    "alignment_start_epoch": 1,
    "alignment_ramp_epochs": 0
  }
}