{
  "seed": 456,
  "ablation": "full",
  "mimic_version": 3,
  "mimic4_full": false,
  "cohort_tag": "mimic3",
  "best_val_jaccard": 0.5436673760414124,
  "test_metrics": {
    "Jaccard": 0.5436056852340698,
    "F1": 0.6967357397079468,
    "PRAUC": 0.7867067111814571,
    "DDI Rate": 0.0819044800101482,
    "Avg Meds": 22.977611541748047,
    "Avg True Meds": 19.90132713317871,
    "Precision": 0.6577319502830505,
    "Recall": 0.7671937346458435,
    "NHJ_new": 0.29596613033821706,
    "NHJ_dropped": 0.3516575882309361,
    "CVR": 0.0
  },
  "data_diagnostics": {
    "split_mode_requested": "hidr_vita",
    "require_cohort_split": false,
    "split_source": "hidr_vita_sequential",
    "split_seed_used": "n/a",
    "split_patient_counts": {
      "train": 4233,
      "val": 1059,
      "test": 1058
    },
    "split_example_counts": {
      "train": 6256,
      "val": 1220,
      "test": 1206
    },
    "ddi_density": 0.05261303581914269,
    "ddi_upper_pairs": 448,
    "ddi_total_pairs": 8515,
    "loaded_artifacts": {
      "records": "data/processed/records_final.pkl",
      "cohort": "data/processed/cohort_mimic3.pkl",
      "ddi": "data/processed/ddi_A_final.pkl",
      "ehr": "data/processed/ehr_adj_final.pkl",
      "embeddings": "data/embeddings/code_embeddings.pt",
      "notes": "data/processed/note_embeddings_mimic3.pkl"
    }
  },
  "param_counts": {
    "visit_encoder": {
      "total": 4649474,
      "trainable": 2047490
    },
    "fusion": {
      "total": 400512,
      "trainable": 400512
    },
    "drug_gnn": {
      "total": 1151776,
      "trainable": 1151776
    },
    "predictor": {
      "total": 327942,
      "trainable": 327941
    },
    "model_total": {
      "total": 6792872,
      "trainable": 4190887
    }
  },
  "threshold_sweep": {
    "0.4": {
      "Jaccard": 0.539237,
      "Avg Meds": 24.772802,
      "Avg True Meds": 19.901327,
      "DDI Rate": 0.080293
    },
    "0.45": {
      "Jaccard": 0.541281,
      "Avg Meds": 23.818407,
      "Avg True Meds": 19.901327,
      "DDI Rate": 0.081071
    },
    "0.5": {
      "Jaccard": 0.543606,
      "Avg Meds": 22.977612,
      "Avg True Meds": 19.901327,
      "DDI Rate": 0.081904
    },
    "0.55": {
      "Jaccard": 0.54396,
      "Avg Meds": 22.135986,
      "Avg True Meds": 19.901327,
      "DDI Rate": 0.082294
    },
    "0.6": {
      "Jaccard": 0.544502,
      "Avg Meds": 21.278606,
      "Avg True Meds": 19.901327,
      "DDI Rate": 0.082294
    },
    "0.65": {
      "Jaccard": 0.544534,
      "Avg Meds": 20.467661,
      "Avg True Meds": 19.901327,
      "DDI Rate": 0.082954
    },
    "0.7": {
      "Jaccard": 0.541102,
      "Avg Meds": 19.64179,
      "Avg True Meds": 19.901327,
      "DDI Rate": 0.083395
    },
    "0.75": {
      "Jaccard": 0.537182,
      "Avg Meds": 18.704809,
      "Avg True Meds": 19.901327,
      "DDI Rate": 0.083852
    }
  },
  "calibrated_threshold": 0.7,
  "calibrated_metrics": {
    "Jaccard": 0.541102,
    "Avg Meds": 19.64179,
    "Avg True Meds": 19.901327,
    "DDI Rate": 0.083395
  },
  "config": {
    "hidden_dim": 256,
    "use_notes": true,
    "use_labs": false,
    "use_copy": false,
    "fusion_strategy": "film",
    "lab_dim": 0,
    "pos_weight_cap": 5.0,
    "use_cosine_lr": false,
    "contrastive_weight": 0.0,
    "margin_loss_weight": 0.0,
    "alignment_loss_weight": 0.1,
    "alignment_start_epoch": 1,
    "alignment_ramp_epochs": 0
  }
}