{
  "seed": 456,
  "ablation": "full",
  "mimic_version": 3,
  "mimic4_full": false,
  "cohort_tag": "mimic3",
  "best_val_jaccard": 0.5342929363250732,
  "test_metrics": {
    "Jaccard": 0.536452054977417,
    "F1": 0.6906113624572754,
    "PRAUC": 0.7783023719343133,
    "DDI Rate": 0.08216440777306394,
    "Avg Meds": 22.51575469970703,
    "Avg True Meds": 19.90132713317871,
    "Precision": 0.6628058552742004,
    "Recall": 0.7484399676322937,
    "NHJ_new": 0.2818621373490283,
    "NHJ_dropped": 0.3762270604309283,
    "CVR": 0.0
  },
  "data_diagnostics": {
    "split_mode_requested": "hidr_vita",
    "require_cohort_split": false,
    "split_source": "hidr_vita_sequential",
    "split_seed_used": "n/a",
    "split_patient_counts": {
      "train": 4233,
      "val": 1059,
      "test": 1058
    },
    "split_example_counts": {
      "train": 6256,
      "val": 1220,
      "test": 1206
    },
    "ddi_density": 0.05261303581914269,
    "ddi_upper_pairs": 448,
    "ddi_total_pairs": 8515,
    "loaded_artifacts": {
      "records": "data/processed/records_final.pkl",
      "cohort": "data/processed/cohort_mimic3.pkl",
      "ddi": "data/processed/ddi_A_final.pkl",
      "ehr": "data/processed/ehr_adj_final.pkl",
      "embeddings": "data/embeddings/code_embeddings.pt",
      "labs": "data/processed/lab_vectors_200labs.pkl"
    }
  },
  "param_counts": {
    "visit_encoder": {
      "total": 6292225,
      "trainable": 3690241
    },
    "fusion": {
      "total": 423808,
      "trainable": 423808
    },
    "drug_gnn": {
      "total": 1974080,
      "trainable": 1974080
    },
    "predictor": {
      "total": 304454,
      "trainable": 304453
    },
    "model_total": {
      "total": 9257735,
      "trainable": 6655750
    }
  },
  "threshold_sweep": {
    "0.4": {
      "Jaccard": 0.53107,
      "Avg Meds": 24.728027,
      "Avg True Meds": 19.901327,
      "DDI Rate": 0.081869
    },
    "0.45": {
      "Jaccard": 0.534575,
      "Avg Meds": 23.576284,
      "Avg True Meds": 19.901327,
      "DDI Rate": 0.081909
    },
    "0.5": {
      "Jaccard": 0.536452,
      "Avg Meds": 22.515755,
      "Avg True Meds": 19.901327,
      "DDI Rate": 0.082164
    },
    "0.55": {
      "Jaccard": 0.535536,
      "Avg Meds": 21.461029,
      "Avg True Meds": 19.901327,
      "DDI Rate": 0.082321
    },
    "0.6": {
      "Jaccard": 0.53556,
      "Avg Meds": 20.532339,
      "Avg True Meds": 19.901327,
      "DDI Rate": 0.082323
    },
    "0.65": {
      "Jaccard": 0.533496,
      "Avg Meds": 19.54063,
      "Avg True Meds": 19.901327,
      "DDI Rate": 0.082343
    },
    "0.7": {
      "Jaccard": 0.531299,
      "Avg Meds": 18.539801,
      "Avg True Meds": 19.901327,
      "DDI Rate": 0.082682
    },
    "0.75": {
      "Jaccard": 0.524691,
      "Avg Meds": 17.543118,
      "Avg True Meds": 19.901327,
      "DDI Rate": 0.082505
    }
  },
  "calibrated_threshold": 0.65,
  "calibrated_metrics": {
    "Jaccard": 0.533496,
    "Avg Meds": 19.54063,
    "Avg True Meds": 19.901327,
    "DDI Rate": 0.082343
  },
  "config": {
    "hidden_dim": 256,
    "use_notes": false,
    "use_labs": true,
    "use_copy": false,
    "fusion_strategy": "film",
    "lab_dim": 400,
    "pos_weight_cap": 5.0,
    "use_cosine_lr": false,
    "contrastive_weight": 0.0,
    "margin_loss_weight": 0.0,
    "alignment_loss_weight": 0.1,
    "alignment_start_epoch": 1,
    "alignment_ramp_epochs": 0
  }
}