{
  "seed": 42,
  "ablation": "full",
  "mimic_version": 3,
  "mimic4_full": false,
  "cohort_tag": "mimic3",
  "best_val_jaccard": 0.5023788213729858,
  "test_metrics": {
    "Jaccard": 0.5059019923210144,
    "F1": 0.6639952063560486,
    "PRAUC": 0.758729647210828,
    "DDI Rate": 0.08273395480620178,
    "Avg Meds": 23.10198974609375,
    "Avg True Meds": 19.90132713317871,
    "Precision": 0.6342476606369019,
    "Recall": 0.7425636053085327,
    "NHJ_new": 0.2441799405374025,
    "NHJ_dropped": 0.300752529972478,
    "CVR": 0.0
  },
  "data_diagnostics": {
    "split_mode_requested": "hidr_vita",
    "require_cohort_split": false,
    "split_source": "hidr_vita_sequential",
    "split_seed_used": "n/a",
    "split_patient_counts": {
      "train": 4233,
      "val": 1059,
      "test": 1058
    },
    "split_example_counts": {
      "train": 6256,
      "val": 1220,
      "test": 1206
    },
    "ddi_density": 0.05261303581914269,
    "ddi_upper_pairs": 448,
    "ddi_total_pairs": 8515,
    "loaded_artifacts": {
      "records": "data/processed/records_final.pkl",
      "cohort": "data/processed/cohort_mimic3.pkl",
      "ddi": "data/processed/ddi_A_final.pkl",
      "ehr": "data/processed/ehr_adj_final.pkl",
      "embeddings": "data/embeddings/code_embeddings.pt"
    }
  },
  "param_counts": {
    "visit_encoder": {
      "total": 4583681,
      "trainable": 1981697
    },
    "drug_gnn": {
      "total": 1316608,
      "trainable": 1316608
    },
    "predictor": {
      "total": 262406,
      "trainable": 262404
    },
    "model_total": {
      "total": 6425863,
      "trainable": 3823877
    }
  },
  "threshold_sweep": {
    "0.4": {
      "Jaccard": 0.502366,
      "Avg Meds": 25.589552,
      "Avg True Meds": 19.901327,
      "DDI Rate": 0.079038
    },
    "0.45": {
      "Jaccard": 0.505,
      "Avg Meds": 24.313433,
      "Avg True Meds": 19.901327,
      "DDI Rate": 0.080616
    },
    "0.5": {
      "Jaccard": 0.505902,
      "Avg Meds": 23.10199,
      "Avg True Meds": 19.901327,
      "DDI Rate": 0.082734
    },
    "0.55": {
      "Jaccard": 0.505861,
      "Avg Meds": 21.942785,
      "Avg True Meds": 19.901327,
      "DDI Rate": 0.08424
    },
    "0.6": {
      "Jaccard": 0.504633,
      "Avg Meds": 20.781923,
      "Avg True Meds": 19.901327,
      "DDI Rate": 0.086315
    },
    "0.65": {
      "Jaccard": 0.503742,
      "Avg Meds": 19.632669,
      "Avg True Meds": 19.901327,
      "DDI Rate": 0.087898
    },
    "0.7": {
      "Jaccard": 0.499299,
      "Avg Meds": 18.448591,
      "Avg True Meds": 19.901327,
      "DDI Rate": 0.089758
    },
    "0.75": {
      "Jaccard": 0.493144,
      "Avg Meds": 17.21476,
      "Avg True Meds": 19.901327,
      "DDI Rate": 0.091522
    }
  },
  "calibrated_threshold": 0.65,
  "calibrated_metrics": {
    "Jaccard": 0.503742,
    "Avg Meds": 19.632669,
    "Avg True Meds": 19.901327,
    "DDI Rate": 0.087898
  },
  "config": {
    "hidden_dim": 256,
    "use_notes": false,
    "use_labs": false,
    "use_copy": false,
    "fusion_strategy": "film",
    "lab_dim": 0,
    "pos_weight_cap": 5.0,
    "use_cosine_lr": false,
    "contrastive_weight": 0.0,
    "margin_loss_weight": 0.0,
    "alignment_loss_weight": 0.1,
    "alignment_start_epoch": 1,
    "alignment_ramp_epochs": 0
  }
}