{
  "seed": 456,
  "ablation": "full",
  "mimic_version": 3,
  "mimic4_full": false,
  "cohort_tag": "mimic3",
  "best_val_jaccard": 0.5511207580566406,
  "test_metrics": {
    "Jaccard": 0.5541125535964966,
    "F1": 0.7054226994514465,
    "PRAUC": 0.7828160052734319,
    "DDI Rate": 0.083642732783756,
    "Avg Meds": 21.359867095947266,
    "Avg True Meds": 19.90132713317871,
    "Precision": 0.6882736086845398,
    "Recall": 0.7490105032920837,
    "NHJ_new": 0.2655215247681266,
    "NHJ_dropped": 0.31346125508609574,
    "CVR": 0.0
  },
  "data_diagnostics": {
    "split_mode_requested": "hidr_vita",
    "require_cohort_split": false,
    "split_source": "hidr_vita_sequential",
    "split_seed_used": "n/a",
    "split_patient_counts": {
      "train": 4233,
      "val": 1059,
      "test": 1058
    },
    "split_example_counts": {
      "train": 6256,
      "val": 1220,
      "test": 1206
    },
    "ddi_density": 0.05261303581914269,
    "ddi_upper_pairs": 448,
    "ddi_total_pairs": 8515,
    "loaded_artifacts": {
      "records": "data/processed/records_final.pkl",
      "cohort": "data/processed/cohort_mimic3.pkl",
      "ddi": "data/processed/ddi_A_final.pkl",
      "ehr": "data/processed/ehr_adj_final.pkl",
      "embeddings": "data/embeddings/code_embeddings.pt",
      "labs": "data/processed/lab_vectors_200labs.pkl"
    }
  },
  "param_counts": {
    "visit_encoder": {
      "total": 5108993,
      "trainable": 2507009
    },
    "fusion": {
      "total": 423808,
      "trainable": 423808
    },
    "drug_gnn": {
      "total": 395008,
      "trainable": 395008
    },
    "predictor": {
      "total": 1358407,
      "trainable": 1358406
    },
    "model_total": {
      "total": 7549384,
      "trainable": 4947399
    }
  },
  "threshold_sweep": {
    "0.4": {
      "Jaccard": 0.554765,
      "Avg Meds": 22.337479,
      "Avg True Meds": 19.901327,
      "DDI Rate": 0.082178
    },
    "0.45": {
      "Jaccard": 0.554443,
      "Avg Meds": 21.860697,
      "Avg True Meds": 19.901327,
      "DDI Rate": 0.082915
    },
    "0.5": {
      "Jaccard": 0.554113,
      "Avg Meds": 21.359867,
      "Avg True Meds": 19.901327,
      "DDI Rate": 0.083643
    },
    "0.55": {
      "Jaccard": 0.55425,
      "Avg Meds": 20.889719,
      "Avg True Meds": 19.901327,
      "DDI Rate": 0.084436
    },
    "0.6": {
      "Jaccard": 0.553581,
      "Avg Meds": 20.444445,
      "Avg True Meds": 19.901327,
      "DDI Rate": 0.084952
    },
    "0.65": {
      "Jaccard": 0.552152,
      "Avg Meds": 19.95937,
      "Avg True Meds": 19.901327,
      "DDI Rate": 0.085812
    },
    "0.7": {
      "Jaccard": 0.549553,
      "Avg Meds": 19.421227,
      "Avg True Meds": 19.901327,
      "DDI Rate": 0.086571
    },
    "0.75": {
      "Jaccard": 0.54725,
      "Avg Meds": 18.869818,
      "Avg True Meds": 19.901327,
      "DDI Rate": 0.087217
    }
  },
  "calibrated_threshold": 0.65,
  "calibrated_metrics": {
    "Jaccard": 0.552152,
    "Avg Meds": 19.95937,
    "Avg True Meds": 19.901327,
    "DDI Rate": 0.085812
  },
  "config": {
    "hidden_dim": 256,
    "use_notes": false,
    "use_labs": true,
    "use_copy": false,
    "fusion_strategy": "film",
    "lab_dim": 400,
    "pos_weight_cap": 5.0,
    "use_cosine_lr": false,
    "contrastive_weight": 0.0,
    "margin_loss_weight": 0.0,
    "alignment_loss_weight": 0.1,
    "alignment_start_epoch": 1,
    "alignment_ramp_epochs": 0
  }
}