{
  "seed": 456,
  "ablation": "full",
  "mimic_version": 3,
  "mimic4_full": false,
  "cohort_tag": "mimic3",
  "best_val_jaccard": 0.5002396106719971,
  "test_metrics": {
    "Jaccard": 0.5027322173118591,
    "F1": 0.6612828373908997,
    "PRAUC": 0.7528361059757374,
    "DDI Rate": 0.08534328091638997,
    "Avg Meds": 20.056385040283203,
    "Avg True Meds": 19.90132713317871,
    "Precision": 0.6737018823623657,
    "Recall": 0.6905409097671509,
    "NHJ_new": 0.2208809915341829,
    "NHJ_dropped": 0.34275891749482407,
    "CVR": 0.0
  },
  "data_diagnostics": {
    "split_mode_requested": "hidr_vita",
    "require_cohort_split": false,
    "split_source": "hidr_vita_sequential",
    "split_seed_used": "n/a",
    "split_patient_counts": {
      "train": 4233,
      "val": 1059,
      "test": 1058
    },
    "split_example_counts": {
      "train": 6256,
      "val": 1220,
      "test": 1206
    },
    "ddi_density": 0.05261303581914269,
    "ddi_upper_pairs": 448,
    "ddi_total_pairs": 8515,
    "loaded_artifacts": {
      "records": "data/processed/records_final.pkl",
      "cohort": "data/processed/cohort_mimic3.pkl",
      "ddi": "data/processed/ddi_A_final.pkl",
      "ehr": "data/processed/ehr_adj_final.pkl",
      "embeddings": "data/embeddings/code_embeddings.pt"
    }
  },
  "param_counts": {
    "visit_encoder": {
      "total": 6292225,
      "trainable": 3690241
    },
    "drug_gnn": {
      "total": 1974080,
      "trainable": 1974080
    },
    "predictor": {
      "total": 262406,
      "trainable": 262404
    },
    "model_total": {
      "total": 8791879,
      "trainable": 6189893
    }
  },
  "threshold_sweep": {
    "0.4": {
      "Jaccard": 0.503796,
      "Avg Meds": 22.686567,
      "Avg True Meds": 19.901327,
      "DDI Rate": 0.081137
    },
    "0.45": {
      "Jaccard": 0.503829,
      "Avg Meds": 21.279436,
      "Avg True Meds": 19.901327,
      "DDI Rate": 0.083235
    },
    "0.5": {
      "Jaccard": 0.502732,
      "Avg Meds": 20.056385,
      "Avg True Meds": 19.901327,
      "DDI Rate": 0.085343
    },
    "0.55": {
      "Jaccard": 0.499883,
      "Avg Meds": 18.940298,
      "Avg True Meds": 19.901327,
      "DDI Rate": 0.08698
    },
    "0.6": {
      "Jaccard": 0.495168,
      "Avg Meds": 17.811775,
      "Avg True Meds": 19.901327,
      "DDI Rate": 0.08872
    },
    "0.65": {
      "Jaccard": 0.487055,
      "Avg Meds": 16.701492,
      "Avg True Meds": 19.901327,
      "DDI Rate": 0.090583
    },
    "0.7": {
      "Jaccard": 0.478554,
      "Avg Meds": 15.587065,
      "Avg True Meds": 19.901327,
      "DDI Rate": 0.091839
    },
    "0.75": {
      "Jaccard": 0.466641,
      "Avg Meds": 14.42869,
      "Avg True Meds": 19.901327,
      "DDI Rate": 0.092507
    }
  },
  "calibrated_threshold": 0.5,
  "calibrated_metrics": {
    "Jaccard": 0.502732,
    "Avg Meds": 20.056385,
    "Avg True Meds": 19.901327,
    "DDI Rate": 0.085343
  },
  "config": {
    "hidden_dim": 256,
    "use_notes": false,
    "use_labs": false,
    "use_copy": false,
    "fusion_strategy": "film",
    "lab_dim": 0,
    "pos_weight_cap": 5.0,
    "use_cosine_lr": false,
    "contrastive_weight": 0.0,
    "margin_loss_weight": 0.0,
    "alignment_loss_weight": 0.1,
    "alignment_start_epoch": 1,
    "alignment_ramp_epochs": 0
  }
}