{
  "seed": 123,
  "ablation": "full",
  "mimic_version": 3,
  "mimic4_full": false,
  "cohort_tag": "mimic3",
  "best_val_jaccard": 0.5023676753044128,
  "test_metrics": {
    "Jaccard": 0.5042791962623596,
    "F1": 0.662737250328064,
    "PRAUC": 0.7533867462089457,
    "DDI Rate": 0.08194900130525047,
    "Avg Meds": 22.42620277404785,
    "Avg True Meds": 19.90132713317871,
    "Precision": 0.6397871971130371,
    "Recall": 0.7320103645324707,
    "NHJ_new": 0.22967245155259183,
    "NHJ_dropped": 0.2992216301591773,
    "CVR": 0.0
  },
  "data_diagnostics": {
    "split_mode_requested": "hidr_vita",
    "require_cohort_split": false,
    "split_source": "hidr_vita_sequential",
    "split_seed_used": "n/a",
    "split_patient_counts": {
      "train": 4233,
      "val": 1059,
      "test": 1058
    },
    "split_example_counts": {
      "train": 6256,
      "val": 1220,
      "test": 1206
    },
    "ddi_density": 0.05261303581914269,
    "ddi_upper_pairs": 448,
    "ddi_total_pairs": 8515,
    "loaded_artifacts": {
      "records": "data/processed/records_final.pkl",
      "cohort": "data/processed/cohort_mimic3.pkl",
      "ddi": "data/processed/ddi_A_final.pkl",
      "ehr": "data/processed/ehr_adj_final.pkl",
      "embeddings": "data/embeddings/code_embeddings.pt"
    }
  },
  "param_counts": {
    "visit_encoder": {
      "total": 4583681,
      "trainable": 1981697
    },
    "drug_gnn": {
      "total": 395008,
      "trainable": 395008
    },
    "predictor": {
      "total": 262406,
      "trainable": 262404
    },
    "model_total": {
      "total": 5504263,
      "trainable": 2902277
    }
  },
  "threshold_sweep": {
    "0.4": {
      "Jaccard": 0.503153,
      "Avg Meds": 24.431177,
      "Avg True Meds": 19.901327,
      "DDI Rate": 0.079812
    },
    "0.45": {
      "Jaccard": 0.503657,
      "Avg Meds": 23.433664,
      "Avg True Meds": 19.901327,
      "DDI Rate": 0.080899
    },
    "0.5": {
      "Jaccard": 0.504279,
      "Avg Meds": 22.426203,
      "Avg True Meds": 19.901327,
      "DDI Rate": 0.081949
    },
    "0.55": {
      "Jaccard": 0.504837,
      "Avg Meds": 21.446932,
      "Avg True Meds": 19.901327,
      "DDI Rate": 0.083305
    },
    "0.6": {
      "Jaccard": 0.504201,
      "Avg Meds": 20.534826,
      "Avg True Meds": 19.901327,
      "DDI Rate": 0.084884
    },
    "0.65": {
      "Jaccard": 0.503898,
      "Avg Meds": 19.617744,
      "Avg True Meds": 19.901327,
      "DDI Rate": 0.086376
    },
    "0.7": {
      "Jaccard": 0.500374,
      "Avg Meds": 18.688225,
      "Avg True Meds": 19.901327,
      "DDI Rate": 0.08683
    },
    "0.75": {
      "Jaccard": 0.49621,
      "Avg Meds": 17.706469,
      "Avg True Meds": 19.901327,
      "DDI Rate": 0.088102
    }
  },
  "calibrated_threshold": 0.65,
  "calibrated_metrics": {
    "Jaccard": 0.503898,
    "Avg Meds": 19.617744,
    "Avg True Meds": 19.901327,
    "DDI Rate": 0.086376
  },
  "config": {
    "hidden_dim": 256,
    "use_notes": false,
    "use_labs": false,
    "use_copy": false,
    "fusion_strategy": "film",
    "lab_dim": 0,
    "pos_weight_cap": 5.0,
    "use_cosine_lr": false,
    "contrastive_weight": 0.0,
    "margin_loss_weight": 0.0,
    "alignment_loss_weight": 0.1,
    "alignment_start_epoch": 1,
    "alignment_ramp_epochs": 0
  }
}