{
  "seed": 123,
  "ablation": "full",
  "mimic_version": 3,
  "mimic4_full": false,
  "cohort_tag": "mimic3",
  "best_val_jaccard": 0.5519461035728455,
  "test_metrics": {
    "Jaccard": 0.5492462515830994,
    "F1": 0.7018259763717651,
    "PRAUC": 0.7900310653822782,
    "DDI Rate": 0.08052361308270534,
    "Avg Meds": 22.26202392578125,
    "Avg True Meds": 19.90132713317871,
    "Precision": 0.6726346611976624,
    "Recall": 0.756342887878418,
    "NHJ_new": 0.30587569977107804,
    "NHJ_dropped": 0.3839546865538547,
    "CVR": 0.0
  },
  "data_diagnostics": {
    "split_mode_requested": "hidr_vita",
    "require_cohort_split": false,
    "split_source": "hidr_vita_sequential",
    "split_seed_used": "n/a",
    "split_patient_counts": {
      "train": 4233,
      "val": 1059,
      "test": 1058
    },
    "split_example_counts": {
      "train": 6256,
      "val": 1220,
      "test": 1206
    },
    "ddi_density": 0.05261303581914269,
    "ddi_upper_pairs": 448,
    "ddi_total_pairs": 8515,
    "loaded_artifacts": {
      "records": "data/processed/records_final.pkl",
      "cohort": "data/processed/cohort_mimic3.pkl",
      "ddi": "data/processed/ddi_A_final.pkl",
      "ehr": "data/processed/ehr_adj_final.pkl",
      "embeddings": "data/embeddings/code_embeddings.pt",
      "notes": "data/processed/note_embeddings_mimic3.pkl",
      "labs": "data/processed/lab_vectors_200labs.pkl"
    }
  },
  "param_counts": {
    "visit_encoder": {
      "total": 4583681,
      "trainable": 1981697
    },
    "fusion": {
      "total": 423808,
      "trainable": 423808
    },
    "drug_gnn": {
      "total": 1974080,
      "trainable": 1974080
    },
    "predictor": {
      "total": 765254,
      "trainable": 765254
    },
    "model_total": {
      "total": 8009991,
      "trainable": 5408007
    }
  },
  "threshold_sweep": {
    "0.4": {
      "Jaccard": 0.544592,
      "Avg Meds": 23.854063,
      "Avg True Meds": 19.901327,
      "DDI Rate": 0.080585
    },
    "0.45": {
      "Jaccard": 0.547281,
      "Avg Meds": 23.047264,
      "Avg True Meds": 19.901327,
      "DDI Rate": 0.080542
    },
    "0.5": {
      "Jaccard": 0.549246,
      "Avg Meds": 22.262024,
      "Avg True Meds": 19.901327,
      "DDI Rate": 0.080524
    },
    "0.55": {
      "Jaccard": 0.550026,
      "Avg Meds": 21.532339,
      "Avg True Meds": 19.901327,
      "DDI Rate": 0.081222
    },
    "0.6": {
      "Jaccard": 0.549064,
      "Avg Meds": 20.809286,
      "Avg True Meds": 19.901327,
      "DDI Rate": 0.081827
    },
    "0.65": {
      "Jaccard": 0.548188,
      "Avg Meds": 20.10116,
      "Avg True Meds": 19.901327,
      "DDI Rate": 0.081839
    },
    "0.7": {
      "Jaccard": 0.546898,
      "Avg Meds": 19.334991,
      "Avg True Meds": 19.901327,
      "DDI Rate": 0.082355
    },
    "0.75": {
      "Jaccard": 0.544614,
      "Avg Meds": 18.505804,
      "Avg True Meds": 19.901327,
      "DDI Rate": 0.082952
    }
  },
  "calibrated_threshold": 0.65,
  "calibrated_metrics": {
    "Jaccard": 0.548188,
    "Avg Meds": 20.10116,
    "Avg True Meds": 19.901327,
    "DDI Rate": 0.081839
  },
  "config": {
    "hidden_dim": 256,
    "use_notes": true,
    "use_labs": true,
    "use_copy": false,
    "fusion_strategy": "film",
    "lab_dim": 400,
    "pos_weight_cap": 5.0,
    "use_cosine_lr": false,
    "contrastive_weight": 0.0,
    "margin_loss_weight": 0.0,
    "alignment_loss_weight": 0.1,
    "alignment_start_epoch": 1,
    "alignment_ramp_epochs": 0
  }
}