{
  "seed": 123,
  "ablation": "full",
  "mimic_version": 3,
  "mimic4_full": false,
  "cohort_tag": "mimic3",
  "best_val_jaccard": 0.5123257040977478,
  "test_metrics": {
    "Jaccard": 0.510193943977356,
    "F1": 0.6679197549819946,
    "PRAUC": 0.7650716407666643,
    "DDI Rate": 0.08380199087444185,
    "Avg Meds": 23.504974365234375,
    "Avg True Meds": 19.90132713317871,
    "Precision": 0.6330664753913879,
    "Recall": 0.7485339045524597,
    "NHJ_new": 0.24888243957569725,
    "NHJ_dropped": 0.30296242393945394,
    "CVR": 0.0
  },
  "data_diagnostics": {
    "split_mode_requested": "hidr_vita",
    "require_cohort_split": false,
    "split_source": "hidr_vita_sequential",
    "split_seed_used": "n/a",
    "split_patient_counts": {
      "train": 4233,
      "val": 1059,
      "test": 1058
    },
    "split_example_counts": {
      "train": 6256,
      "val": 1220,
      "test": 1206
    },
    "ddi_density": 0.05261303581914269,
    "ddi_upper_pairs": 448,
    "ddi_total_pairs": 8515,
    "loaded_artifacts": {
      "records": "data/processed/records_final.pkl",
      "cohort": "data/processed/cohort_mimic3.pkl",
      "ddi": "data/processed/ddi_A_final.pkl",
      "ehr": "data/processed/ehr_adj_final.pkl",
      "embeddings": "data/embeddings/code_embeddings.pt",
      "labs": "data/processed/lab_vectors_20labs.pkl"
    }
  },
  "param_counts": {
    "visit_encoder": {
      "total": 4649474,
      "trainable": 2047490
    },
    "fusion": {
      "total": 400768,
      "trainable": 400768
    },
    "drug_gnn": {
      "total": 1151776,
      "trainable": 1151776
    },
    "predictor": {
      "total": 281414,
      "trainable": 281413
    },
    "model_total": {
      "total": 6746600,
      "trainable": 4144615
    }
  },
  "threshold_sweep": {
    "0.4": {
      "Jaccard": 0.505639,
      "Avg Meds": 25.631012,
      "Avg True Meds": 19.901327,
      "DDI Rate": 0.081893
    },
    "0.45": {
      "Jaccard": 0.507933,
      "Avg Meds": 24.520729,
      "Avg True Meds": 19.901327,
      "DDI Rate": 0.08298
    },
    "0.5": {
      "Jaccard": 0.510194,
      "Avg Meds": 23.504974,
      "Avg True Meds": 19.901327,
      "DDI Rate": 0.083802
    },
    "0.55": {
      "Jaccard": 0.510682,
      "Avg Meds": 22.522388,
      "Avg True Meds": 19.901327,
      "DDI Rate": 0.084651
    },
    "0.6": {
      "Jaccard": 0.511052,
      "Avg Meds": 21.449419,
      "Avg True Meds": 19.901327,
      "DDI Rate": 0.085325
    },
    "0.65": {
      "Jaccard": 0.510142,
      "Avg Meds": 20.446932,
      "Avg True Meds": 19.901327,
      "DDI Rate": 0.086248
    },
    "0.7": {
      "Jaccard": 0.510598,
      "Avg Meds": 19.401327,
      "Avg True Meds": 19.901327,
      "DDI Rate": 0.087492
    },
    "0.75": {
      "Jaccard": 0.508132,
      "Avg Meds": 18.334991,
      "Avg True Meds": 19.901327,
      "DDI Rate": 0.088386
    }
  },
  "calibrated_threshold": 0.7,
  "calibrated_metrics": {
    "Jaccard": 0.510598,
    "Avg Meds": 19.401327,
    "Avg True Meds": 19.901327,
    "DDI Rate": 0.087492
  },
  "config": {
    "hidden_dim": 256,
    "use_notes": false,
    "use_labs": true,
    "use_copy": false,
    "fusion_strategy": "film",
    "lab_dim": 40,
    "pos_weight_cap": 5.0,
    "use_cosine_lr": false,
    "contrastive_weight": 0.0,
    "margin_loss_weight": 0.0,
    "alignment_loss_weight": 0.1,
    "alignment_start_epoch": 1,
    "alignment_ramp_epochs": 0
  }
}