{
  "seed": 123,
  "ablation": "full",
  "mimic_version": 3,
  "mimic4_full": false,
  "cohort_tag": "mimic3",
  "best_val_jaccard": 0.501868724822998,
  "test_metrics": {
    "Jaccard": 0.5014657974243164,
    "F1": 0.6601050496101379,
    "PRAUC": 0.7559992312605761,
    "DDI Rate": 0.08428872787306246,
    "Avg Meds": 23.094528198242188,
    "Avg True Meds": 19.90132713317871,
    "Precision": 0.6292159557342529,
    "Recall": 0.7389117479324341,
    "NHJ_new": 0.24012811481952667,
    "NHJ_dropped": 0.30384477972984314,
    "CVR": 0.0
  },
  "data_diagnostics": {
    "split_mode_requested": "hidr_vita",
    "require_cohort_split": false,
    "split_source": "hidr_vita_sequential",
    "split_seed_used": "n/a",
    "split_patient_counts": {
      "train": 4233,
      "val": 1059,
      "test": 1058
    },
    "split_example_counts": {
      "train": 6256,
      "val": 1220,
      "test": 1206
    },
    "ddi_density": 0.05261303581914269,
    "ddi_upper_pairs": 448,
    "ddi_total_pairs": 8515,
    "loaded_artifacts": {
      "records": "data/processed/records_final.pkl",
      "cohort": "data/processed/cohort_mimic3.pkl",
      "ddi": "data/processed/ddi_A_final.pkl",
      "ehr": "data/processed/ehr_adj_final.pkl",
      "embeddings": "data/embeddings/code_embeddings.pt"
    }
  },
  "param_counts": {
    "visit_encoder": {
      "total": 4649474,
      "trainable": 2047490
    },
    "drug_gnn": {
      "total": 1151776,
      "trainable": 1151776
    },
    "predictor": {
      "total": 262406,
      "trainable": 262404
    },
    "model_total": {
      "total": 6326824,
      "trainable": 3724838
    }
  },
  "threshold_sweep": {
    "0.4": {
      "Jaccard": 0.494544,
      "Avg Meds": 25.645107,
      "Avg True Meds": 19.901327,
      "DDI Rate": 0.081257
    },
    "0.45": {
      "Jaccard": 0.498922,
      "Avg Meds": 24.362354,
      "Avg True Meds": 19.901327,
      "DDI Rate": 0.082803
    },
    "0.5": {
      "Jaccard": 0.501466,
      "Avg Meds": 23.094528,
      "Avg True Meds": 19.901327,
      "DDI Rate": 0.084289
    },
    "0.55": {
      "Jaccard": 0.502163,
      "Avg Meds": 21.902985,
      "Avg True Meds": 19.901327,
      "DDI Rate": 0.085853
    },
    "0.6": {
      "Jaccard": 0.49957,
      "Avg Meds": 20.742123,
      "Avg True Meds": 19.901327,
      "DDI Rate": 0.087602
    },
    "0.65": {
      "Jaccard": 0.498315,
      "Avg Meds": 19.599503,
      "Avg True Meds": 19.901327,
      "DDI Rate": 0.089573
    },
    "0.7": {
      "Jaccard": 0.495601,
      "Avg Meds": 18.492537,
      "Avg True Meds": 19.901327,
      "DDI Rate": 0.09015
    },
    "0.75": {
      "Jaccard": 0.48962,
      "Avg Meds": 17.290216,
      "Avg True Meds": 19.901327,
      "DDI Rate": 0.090438
    }
  },
  "calibrated_threshold": 0.65,
  "calibrated_metrics": {
    "Jaccard": 0.498315,
    "Avg Meds": 19.599503,
    "Avg True Meds": 19.901327,
    "DDI Rate": 0.089573
  },
  "config": {
    "hidden_dim": 256,
    "use_notes": false,
    "use_labs": false,
    "use_copy": false,
    "fusion_strategy": "film",
    "lab_dim": 0,
    "pos_weight_cap": 5.0,
    "use_cosine_lr": false,
    "contrastive_weight": 0.0,
    "margin_loss_weight": 0.0,
    "alignment_loss_weight": 0.1,
    "alignment_start_epoch": 1,
    "alignment_ramp_epochs": 0
  }
}