{
  "seed": 123,
  "ablation": "full",
  "mimic_version": 3,
  "mimic4_full": false,
  "cohort_tag": "mimic3",
  "best_val_jaccard": 0.5406234860420227,
  "test_metrics": {
    "Jaccard": 0.5435364842414856,
    "F1": 0.6967517137527466,
    "PRAUC": 0.7830740733304303,
    "DDI Rate": 0.08187674805945759,
    "Avg Meds": 22.383913040161133,
    "Avg True Meds": 19.90132713317871,
    "Precision": 0.6670898795127869,
    "Recall": 0.7558729648590088,
    "NHJ_new": 0.28391265477004807,
    "NHJ_dropped": 0.35056811727975545,
    "CVR": 0.0
  },
  "data_diagnostics": {
    "split_mode_requested": "hidr_vita",
    "require_cohort_split": false,
    "split_source": "hidr_vita_sequential",
    "split_seed_used": "n/a",
    "split_patient_counts": {
      "train": 4233,
      "val": 1059,
      "test": 1058
    },
    "split_example_counts": {
      "train": 6256,
      "val": 1220,
      "test": 1206
    },
    "ddi_density": 0.05261303581914269,
    "ddi_upper_pairs": 448,
    "ddi_total_pairs": 8515,
    "loaded_artifacts": {
      "records": "data/processed/records_final.pkl",
      "cohort": "data/processed/cohort_mimic3.pkl",
      "ddi": "data/processed/ddi_A_final.pkl",
      "ehr": "data/processed/ehr_adj_final.pkl",
      "embeddings": "data/embeddings/code_embeddings.pt",
      "labs": "data/processed/lab_vectors_200labs.pkl"
    }
  },
  "param_counts": {
    "visit_encoder": {
      "total": 3534609,
      "trainable": 932625
    },
    "fusion": {
      "total": 423808,
      "trainable": 423808
    },
    "drug_gnn": {
      "total": 1974080,
      "trainable": 1974080
    },
    "predictor": {
      "total": 304454,
      "trainable": 304453
    },
    "model_total": {
      "total": 6500119,
      "trainable": 3898134
    }
  },
  "threshold_sweep": {
    "0.4": {
      "Jaccard": 0.539678,
      "Avg Meds": 24.092039,
      "Avg True Meds": 19.901327,
      "DDI Rate": 0.081406
    },
    "0.45": {
      "Jaccard": 0.54199,
      "Avg Meds": 23.229685,
      "Avg True Meds": 19.901327,
      "DDI Rate": 0.081637
    },
    "0.5": {
      "Jaccard": 0.543536,
      "Avg Meds": 22.383913,
      "Avg True Meds": 19.901327,
      "DDI Rate": 0.081877
    },
    "0.55": {
      "Jaccard": 0.544406,
      "Avg Meds": 21.573797,
      "Avg True Meds": 19.901327,
      "DDI Rate": 0.082486
    },
    "0.6": {
      "Jaccard": 0.543269,
      "Avg Meds": 20.800165,
      "Avg True Meds": 19.901327,
      "DDI Rate": 0.08255
    },
    "0.65": {
      "Jaccard": 0.542587,
      "Avg Meds": 20.046434,
      "Avg True Meds": 19.901327,
      "DDI Rate": 0.083174
    },
    "0.7": {
      "Jaccard": 0.540737,
      "Avg Meds": 19.271973,
      "Avg True Meds": 19.901327,
      "DDI Rate": 0.083501
    },
    "0.75": {
      "Jaccard": 0.537359,
      "Avg Meds": 18.436153,
      "Avg True Meds": 19.901327,
      "DDI Rate": 0.083804
    }
  },
  "calibrated_threshold": 0.65,
  "calibrated_metrics": {
    "Jaccard": 0.542587,
    "Avg Meds": 20.046434,
    "Avg True Meds": 19.901327,
    "DDI Rate": 0.083174
  },
  "config": {
    "hidden_dim": 256,
    "use_notes": false,
    "use_labs": true,
    "use_copy": false,
    "fusion_strategy": "film",
    "lab_dim": 400,
    "pos_weight_cap": 5.0,
    "use_cosine_lr": false,
    "contrastive_weight": 0.0,
    "margin_loss_weight": 0.0,
    "alignment_loss_weight": 0.1,
    "alignment_start_epoch": 1,
    "alignment_ramp_epochs": 0
  }
}