{
  "seed": 123,
  "ablation": "full",
  "mimic_version": 3,
  "mimic4_full": false,
  "cohort_tag": "mimic3",
  "best_val_jaccard": 0.5425315499305725,
  "test_metrics": {
    "Jaccard": 0.5391509532928467,
    "F1": 0.6928492188453674,
    "PRAUC": 0.7842542892199701,
    "DDI Rate": 0.08470970154125544,
    "Avg Meds": 23.119403839111328,
    "Avg True Meds": 19.90132713317871,
    "Precision": 0.6541872620582581,
    "Recall": 0.7645731568336487,
    "NHJ_new": 0.2907514650570719,
    "NHJ_dropped": 0.35787652668200043,
    "CVR": 0.0
  },
  "data_diagnostics": {
    "split_mode_requested": "hidr_vita",
    "require_cohort_split": false,
    "split_source": "hidr_vita_sequential",
    "split_seed_used": "n/a",
    "split_patient_counts": {
      "train": 4233,
      "val": 1059,
      "test": 1058
    },
    "split_example_counts": {
      "train": 6256,
      "val": 1220,
      "test": 1206
    },
    "ddi_density": 0.05261303581914269,
    "ddi_upper_pairs": 448,
    "ddi_total_pairs": 8515,
    "loaded_artifacts": {
      "records": "data/processed/records_final.pkl",
      "cohort": "data/processed/cohort_mimic3.pkl",
      "ddi": "data/processed/ddi_A_final.pkl",
      "ehr": "data/processed/ehr_adj_final.pkl",
      "embeddings": "data/embeddings/code_embeddings.pt",
      "notes": "data/processed/note_embeddings_mimic3.pkl"
    }
  },
  "param_counts": {
    "visit_encoder": {
      "total": 4649474,
      "trainable": 2047490
    },
    "fusion": {
      "total": 289792,
      "trainable": 289792
    },
    "drug_gnn": {
      "total": 1151776,
      "trainable": 1151776
    },
    "predictor": {
      "total": 327942,
      "trainable": 327941
    },
    "model_total": {
      "total": 6682152,
      "trainable": 4080167
    }
  },
  "threshold_sweep": {
    "0.4": {
      "Jaccard": 0.535251,
      "Avg Meds": 25.117744,
      "Avg True Meds": 19.901327,
      "DDI Rate": 0.083122
    },
    "0.45": {
      "Jaccard": 0.537591,
      "Avg Meds": 24.066336,
      "Avg True Meds": 19.901327,
      "DDI Rate": 0.083988
    },
    "0.5": {
      "Jaccard": 0.539151,
      "Avg Meds": 23.119404,
      "Avg True Meds": 19.901327,
      "DDI Rate": 0.08471
    },
    "0.55": {
      "Jaccard": 0.541306,
      "Avg Meds": 22.165838,
      "Avg True Meds": 19.901327,
      "DDI Rate": 0.085302
    },
    "0.6": {
      "Jaccard": 0.542001,
      "Avg Meds": 21.193201,
      "Avg True Meds": 19.901327,
      "DDI Rate": 0.085885
    },
    "0.65": {
      "Jaccard": 0.540052,
      "Avg Meds": 20.247097,
      "Avg True Meds": 19.901327,
      "DDI Rate": 0.087088
    },
    "0.7": {
      "Jaccard": 0.539129,
      "Avg Meds": 19.310116,
      "Avg True Meds": 19.901327,
      "DDI Rate": 0.087914
    },
    "0.75": {
      "Jaccard": 0.534865,
      "Avg Meds": 18.35821,
      "Avg True Meds": 19.901327,
      "DDI Rate": 0.088415
    }
  },
  "calibrated_threshold": 0.65,
  "calibrated_metrics": {
    "Jaccard": 0.540052,
    "Avg Meds": 20.247097,
    "Avg True Meds": 19.901327,
    "DDI Rate": 0.087088
  },
  "config": {
    "hidden_dim": 256,
    "use_notes": true,
    "use_labs": false,
    "use_copy": false,
    "fusion_strategy": "film",
    "lab_dim": 0,
    "pos_weight_cap": 5.0,
    "use_cosine_lr": false,
    "contrastive_weight": 0.0,
    "margin_loss_weight": 0.0,
    "alignment_loss_weight": 0.1,
    "alignment_start_epoch": 1,
    "alignment_ramp_epochs": 0
  }
}