{
  "seed": 42,
  "ablation": "full",
  "mimic_version": 3,
  "mimic4_full": false,
  "cohort_tag": "mimic3",
  "best_val_jaccard": 0.5431407690048218,
  "test_metrics": {
    "Jaccard": 0.5426011681556702,
    "F1": 0.6955474019050598,
    "PRAUC": 0.7839438257995419,
    "DDI Rate": 0.0805648161641155,
    "Avg Meds": 22.94776153564453,
    "Avg True Meds": 19.90132713317871,
    "Precision": 0.6605344414710999,
    "Recall": 0.762681245803833,
    "NHJ_new": 0.29593908865200846,
    "NHJ_dropped": 0.36151705603850515,
    "CVR": 0.0
  },
  "data_diagnostics": {
    "split_mode_requested": "hidr_vita",
    "require_cohort_split": false,
    "split_source": "hidr_vita_sequential",
    "split_seed_used": "n/a",
    "split_patient_counts": {
      "train": 4233,
      "val": 1059,
      "test": 1058
    },
    "split_example_counts": {
      "train": 6256,
      "val": 1220,
      "test": 1206
    },
    "ddi_density": 0.05261303581914269,
    "ddi_upper_pairs": 448,
    "ddi_total_pairs": 8515,
    "loaded_artifacts": {
      "records": "data/processed/records_final.pkl",
      "cohort": "data/processed/cohort_mimic3.pkl",
      "ddi": "data/processed/ddi_A_final.pkl",
      "ehr": "data/processed/ehr_adj_final.pkl",
      "embeddings": "data/embeddings/code_embeddings.pt",
      "notes": "data/processed/note_embeddings_mimic3.pkl"
    }
  },
  "param_counts": {
    "visit_encoder": {
      "total": 4616835,
      "trainable": 2014851
    },
    "fusion": {
      "total": 400512,
      "trainable": 400512
    },
    "drug_gnn": {
      "total": 1974080,
      "trainable": 1974080
    },
    "predictor": {
      "total": 327942,
      "trainable": 327941
    },
    "model_total": {
      "total": 7582537,
      "trainable": 4980552
    }
  },
  "threshold_sweep": {
    "0.4": {
      "Jaccard": 0.53565,
      "Avg Meds": 25.038143,
      "Avg True Meds": 19.901327,
      "DDI Rate": 0.080066
    },
    "0.45": {
      "Jaccard": 0.538539,
      "Avg Meds": 23.975124,
      "Avg True Meds": 19.901327,
      "DDI Rate": 0.080255
    },
    "0.5": {
      "Jaccard": 0.542601,
      "Avg Meds": 22.947762,
      "Avg True Meds": 19.901327,
      "DDI Rate": 0.080565
    },
    "0.55": {
      "Jaccard": 0.542822,
      "Avg Meds": 21.995026,
      "Avg True Meds": 19.901327,
      "DDI Rate": 0.081183
    },
    "0.6": {
      "Jaccard": 0.541835,
      "Avg Meds": 21.053068,
      "Avg True Meds": 19.901327,
      "DDI Rate": 0.081657
    },
    "0.65": {
      "Jaccard": 0.540719,
      "Avg Meds": 20.097843,
      "Avg True Meds": 19.901327,
      "DDI Rate": 0.082369
    },
    "0.7": {
      "Jaccard": 0.538194,
      "Avg Meds": 19.10116,
      "Avg True Meds": 19.901327,
      "DDI Rate": 0.083128
    },
    "0.75": {
      "Jaccard": 0.534091,
      "Avg Meds": 18.090382,
      "Avg True Meds": 19.901327,
      "DDI Rate": 0.083919
    }
  },
  "calibrated_threshold": 0.65,
  "calibrated_metrics": {
    "Jaccard": 0.540719,
    "Avg Meds": 20.097843,
    "Avg True Meds": 19.901327,
    "DDI Rate": 0.082369
  },
  "config": {
    "hidden_dim": 256,
    "use_notes": true,
    "use_labs": false,
    "use_copy": false,
    "fusion_strategy": "film",
    "lab_dim": 0,
    "pos_weight_cap": 5.0,
    "use_cosine_lr": false,
    "contrastive_weight": 0.0,
    "margin_loss_weight": 0.0,
    "alignment_loss_weight": 0.1,
    "alignment_start_epoch": 1,
    "alignment_ramp_epochs": 0
  }
}