{
  "seed": 123,
  "ablation": "full",
  "mimic_version": 3,
  "mimic4_full": false,
  "cohort_tag": "mimic3",
  "best_val_jaccard": 0.5394339561462402,
  "test_metrics": {
    "Jaccard": 0.5379973649978638,
    "F1": 0.6916701197624207,
    "PRAUC": 0.7795853587378654,
    "DDI Rate": 0.07956653380902755,
    "Avg Meds": 23.278606414794922,
    "Avg True Meds": 19.90132713317871,
    "Precision": 0.6517664790153503,
    "Recall": 0.7654894590377808,
    "NHJ_new": 0.2801436711298792,
    "NHJ_dropped": 0.3358710925830038,
    "CVR": 0.0
  },
  "data_diagnostics": {
    "split_mode_requested": "hidr_vita",
    "require_cohort_split": false,
    "split_source": "hidr_vita_sequential",
    "split_seed_used": "n/a",
    "split_patient_counts": {
      "train": 4233,
      "val": 1059,
      "test": 1058
    },
    "split_example_counts": {
      "train": 6256,
      "val": 1220,
      "test": 1206
    },
    "ddi_density": 0.05261303581914269,
    "ddi_upper_pairs": 448,
    "ddi_total_pairs": 8515,
    "loaded_artifacts": {
      "records": "data/processed/records_final.pkl",
      "cohort": "data/processed/cohort_mimic3.pkl",
      "ddi": "data/processed/ddi_A_final.pkl",
      "ehr": "data/processed/ehr_adj_final.pkl",
      "embeddings": "data/embeddings/code_embeddings.pt",
      "labs": "data/processed/lab_vectors_200labs.pkl"
    }
  },
  "param_counts": {
    "visit_encoder": {
      "total": 4649474,
      "trainable": 2047490
    },
    "fusion": {
      "total": 423808,
      "trainable": 423808
    },
    "drug_gnn": {
      "total": 1151776,
      "trainable": 1151776
    },
    "predictor": {
      "total": 304454,
      "trainable": 304453
    },
    "model_total": {
      "total": 6792680,
      "trainable": 4190695
    }
  },
  "threshold_sweep": {
    "0.4": {
      "Jaccard": 0.531298,
      "Avg Meds": 25.097015,
      "Avg True Meds": 19.901327,
      "DDI Rate": 0.07947
    },
    "0.45": {
      "Jaccard": 0.535214,
      "Avg Meds": 24.14179,
      "Avg True Meds": 19.901327,
      "DDI Rate": 0.079682
    },
    "0.5": {
      "Jaccard": 0.537997,
      "Avg Meds": 23.278606,
      "Avg True Meds": 19.901327,
      "DDI Rate": 0.079567
    },
    "0.55": {
      "Jaccard": 0.540197,
      "Avg Meds": 22.438641,
      "Avg True Meds": 19.901327,
      "DDI Rate": 0.079781
    },
    "0.6": {
      "Jaccard": 0.539697,
      "Avg Meds": 21.598673,
      "Avg True Meds": 19.901327,
      "DDI Rate": 0.080012
    },
    "0.65": {
      "Jaccard": 0.538401,
      "Avg Meds": 20.738806,
      "Avg True Meds": 19.901327,
      "DDI Rate": 0.080459
    },
    "0.7": {
      "Jaccard": 0.536005,
      "Avg Meds": 19.840796,
      "Avg True Meds": 19.901327,
      "DDI Rate": 0.080804
    },
    "0.75": {
      "Jaccard": 0.533084,
      "Avg Meds": 18.943615,
      "Avg True Meds": 19.901327,
      "DDI Rate": 0.081376
    }
  },
  "calibrated_threshold": 0.7,
  "calibrated_metrics": {
    "Jaccard": 0.536005,
    "Avg Meds": 19.840796,
    "Avg True Meds": 19.901327,
    "DDI Rate": 0.080804
  },
  "config": {
    "hidden_dim": 256,
    "use_notes": false,
    "use_labs": true,
    "use_copy": false,
    "fusion_strategy": "film",
    "lab_dim": 400,
    "pos_weight_cap": 5.0,
    "use_cosine_lr": false,
    "contrastive_weight": 0.0,
    "margin_loss_weight": 0.0,
    "alignment_loss_weight": 0.1,
    "alignment_start_epoch": 1,
    "alignment_ramp_epochs": 0
  }
}