{
  "seed": 123,
  "ablation": "full",
  "mimic_version": 3,
  "mimic4_full": false,
  "cohort_tag": "mimic3",
  "best_val_jaccard": 0.5550857186317444,
  "test_metrics": {
    "Jaccard": 0.5524991154670715,
    "F1": 0.7039861679077148,
    "PRAUC": 0.7922938691206894,
    "DDI Rate": 0.07923159061694472,
    "Avg Meds": 21.28689956665039,
    "Avg True Meds": 19.90132713317871,
    "Precision": 0.6940536499023438,
    "Recall": 0.7407771944999695,
    "NHJ_new": 0.24608277176555834,
    "NHJ_dropped": 0.2943873436827409,
    "CVR": 0.0
  },
  "data_diagnostics": {
    "split_mode_requested": "hidr_vita",
    "require_cohort_split": false,
    "split_source": "hidr_vita_sequential",
    "split_seed_used": "n/a",
    "split_patient_counts": {
      "train": 4233,
      "val": 1059,
      "test": 1058
    },
    "split_example_counts": {
      "train": 6256,
      "val": 1220,
      "test": 1206
    },
    "ddi_density": 0.05261303581914269,
    "ddi_upper_pairs": 448,
    "ddi_total_pairs": 8515,
    "loaded_artifacts": {
      "records": "data/processed/records_final.pkl",
      "cohort": "data/processed/cohort_mimic3.pkl",
      "ddi": "data/processed/ddi_A_final.pkl",
      "ehr": "data/processed/ehr_adj_final.pkl",
      "embeddings": "data/embeddings/code_embeddings.pt",
      "labs": "data/processed/lab_vectors_200labs.pkl"
    }
  },
  "param_counts": {
    "visit_encoder": {
      "total": 4649474,
      "trainable": 2047490
    },
    "fusion": {
      "total": 423808,
      "trainable": 423808
    },
    "drug_gnn": {
      "total": 1151776,
      "trainable": 1151776
    },
    "predictor": {
      "total": 494024,
      "trainable": 494023
    },
    "model_total": {
      "total": 6982250,
      "trainable": 4380265
    }
  },
  "threshold_sweep": {
    "0.4": {
      "Jaccard": 0.551275,
      "Avg Meds": 22.878939,
      "Avg True Meds": 19.901327,
      "DDI Rate": 0.079877
    },
    "0.45": {
      "Jaccard": 0.551828,
      "Avg Meds": 22.047264,
      "Avg True Meds": 19.901327,
      "DDI Rate": 0.079723
    },
    "0.5": {
      "Jaccard": 0.552499,
      "Avg Meds": 21.2869,
      "Avg True Meds": 19.901327,
      "DDI Rate": 0.079232
    },
    "0.55": {
      "Jaccard": 0.550507,
      "Avg Meds": 20.524046,
      "Avg True Meds": 19.901327,
      "DDI Rate": 0.079116
    },
    "0.6": {
      "Jaccard": 0.548318,
      "Avg Meds": 19.800995,
      "Avg True Meds": 19.901327,
      "DDI Rate": 0.078945
    },
    "0.65": {
      "Jaccard": 0.546178,
      "Avg Meds": 19.032339,
      "Avg True Meds": 19.901327,
      "DDI Rate": 0.078896
    },
    "0.7": {
      "Jaccard": 0.541663,
      "Avg Meds": 18.195688,
      "Avg True Meds": 19.901327,
      "DDI Rate": 0.079411
    },
    "0.75": {
      "Jaccard": 0.534714,
      "Avg Meds": 17.331675,
      "Avg True Meds": 19.901327,
      "DDI Rate": 0.079193
    }
  },
  "calibrated_threshold": 0.6,
  "calibrated_metrics": {
    "Jaccard": 0.548318,
    "Avg Meds": 19.800995,
    "Avg True Meds": 19.901327,
    "DDI Rate": 0.078945
  },
  "config": {
    "hidden_dim": 256,
    "use_notes": false,
    "use_labs": true,
    "use_copy": true,
    "fusion_strategy": "film",
    "lab_dim": 400,
    "pos_weight_cap": 5.0,
    "use_cosine_lr": false,
    "contrastive_weight": 0.0,
    "margin_loss_weight": 0.0,
    "alignment_loss_weight": 0.1,
    "alignment_start_epoch": 1,
    "alignment_ramp_epochs": 0
  }
}