{
  "seed": 42,
  "ablation": "full",
  "mimic_version": 3,
  "mimic4_full": false,
  "cohort_tag": "mimic3",
  "best_val_jaccard": 0.5014484524726868,
  "test_metrics": {
    "Jaccard": 0.505014181137085,
    "F1": 0.6631069183349609,
    "PRAUC": 0.7578907768215907,
    "DDI Rate": 0.08500745191392674,
    "Avg Meds": 23.42288589477539,
    "Avg True Meds": 19.90132713317871,
    "Precision": 0.631492555141449,
    "Recall": 0.7465020418167114,
    "NHJ_new": 0.2430698746129086,
    "NHJ_dropped": 0.29710950349506576,
    "CVR": 0.0
  },
  "data_diagnostics": {
    "split_mode_requested": "hidr_vita",
    "require_cohort_split": false,
    "split_source": "hidr_vita_sequential",
    "split_seed_used": "n/a",
    "split_patient_counts": {
      "train": 4233,
      "val": 1059,
      "test": 1058
    },
    "split_example_counts": {
      "train": 6256,
      "val": 1220,
      "test": 1206
    },
    "ddi_density": 0.05261303581914269,
    "ddi_upper_pairs": 448,
    "ddi_total_pairs": 8515,
    "loaded_artifacts": {
      "records": "data/processed/records_final.pkl",
      "cohort": "data/processed/cohort_mimic3.pkl",
      "ddi": "data/processed/ddi_A_final.pkl",
      "ehr": "data/processed/ehr_adj_final.pkl",
      "embeddings": "data/embeddings/code_embeddings.pt"
    }
  },
  "param_counts": {
    "visit_encoder": {
      "total": 4583681,
      "trainable": 1981697
    },
    "drug_gnn": {
      "total": 395008,
      "trainable": 395008
    },
    "predictor": {
      "total": 262406,
      "trainable": 262404
    },
    "model_total": {
      "total": 5504263,
      "trainable": 2902277
    }
  },
  "threshold_sweep": {
    "0.4": {
      "Jaccard": 0.49943,
      "Avg Meds": 25.799337,
      "Avg True Meds": 19.901327,
      "DDI Rate": 0.082038
    },
    "0.45": {
      "Jaccard": 0.503413,
      "Avg Meds": 24.613598,
      "Avg True Meds": 19.901327,
      "DDI Rate": 0.083228
    },
    "0.5": {
      "Jaccard": 0.505014,
      "Avg Meds": 23.422886,
      "Avg True Meds": 19.901327,
      "DDI Rate": 0.085007
    },
    "0.55": {
      "Jaccard": 0.504696,
      "Avg Meds": 22.271973,
      "Avg True Meds": 19.901327,
      "DDI Rate": 0.087044
    },
    "0.6": {
      "Jaccard": 0.504051,
      "Avg Meds": 21.150084,
      "Avg True Meds": 19.901327,
      "DDI Rate": 0.088823
    },
    "0.65": {
      "Jaccard": 0.502032,
      "Avg Meds": 20.074627,
      "Avg True Meds": 19.901327,
      "DDI Rate": 0.090296
    },
    "0.7": {
      "Jaccard": 0.498873,
      "Avg Meds": 18.924543,
      "Avg True Meds": 19.901327,
      "DDI Rate": 0.091814
    },
    "0.75": {
      "Jaccard": 0.494034,
      "Avg Meds": 17.768656,
      "Avg True Meds": 19.901327,
      "DDI Rate": 0.09302
    }
  },
  "calibrated_threshold": 0.65,
  "calibrated_metrics": {
    "Jaccard": 0.502032,
    "Avg Meds": 20.074627,
    "Avg True Meds": 19.901327,
    "DDI Rate": 0.090296
  },
  "config": {
    "hidden_dim": 256,
    "use_notes": false,
    "use_labs": false,
    "use_copy": false,
    "fusion_strategy": "film",
    "lab_dim": 0,
    "pos_weight_cap": 5.0,
    "use_cosine_lr": false,
    "contrastive_weight": 0.0,
    "margin_loss_weight": 0.0,
    "alignment_loss_weight": 0.1,
    "alignment_start_epoch": 1,
    "alignment_ramp_epochs": 0
  }
}