{
  "seed": 1024,
  "ablation": "full",
  "mimic_version": 3,
  "mimic4_full": false,
  "cohort_tag": "mimic3",
  "best_val_jaccard": 0.5528417229652405,
  "test_metrics": {
    "Jaccard": 0.5516953468322754,
    "F1": 0.7034934759140015,
    "PRAUC": 0.7844872542654513,
    "DDI Rate": 0.08009102219197602,
    "Avg Meds": 21.29353141784668,
    "Avg True Meds": 19.90132713317871,
    "Precision": 0.6873494982719421,
    "Recall": 0.7473089098930359,
    "NHJ_new": 0.26344402997117294,
    "NHJ_dropped": 0.31686780954662125,
    "CVR": 0.0
  },
  "data_diagnostics": {
    "split_mode_requested": "hidr_vita",
    "require_cohort_split": false,
    "split_source": "hidr_vita_sequential",
    "split_seed_used": "n/a",
    "split_patient_counts": {
      "train": 4233,
      "val": 1059,
      "test": 1058
    },
    "split_example_counts": {
      "train": 6256,
      "val": 1220,
      "test": 1206
    },
    "ddi_density": 0.05261303581914269,
    "ddi_upper_pairs": 448,
    "ddi_total_pairs": 8515,
    "loaded_artifacts": {
      "records": "data/processed/records_final.pkl",
      "cohort": "data/processed/cohort_mimic3.pkl",
      "ddi": "data/processed/ddi_A_final.pkl",
      "ehr": "data/processed/ehr_adj_final.pkl",
      "embeddings": "data/embeddings/code_embeddings.pt",
      "labs": "data/processed/lab_vectors_200labs.pkl"
    }
  },
  "param_counts": {
    "visit_encoder": {
      "total": 5108993,
      "trainable": 2507009
    },
    "fusion": {
      "total": 423808,
      "trainable": 423808
    },
    "drug_gnn": {
      "total": 395008,
      "trainable": 395008
    },
    "predictor": {
      "total": 1358407,
      "trainable": 1358406
    },
    "model_total": {
      "total": 7549384,
      "trainable": 4947399
    }
  },
  "threshold_sweep": {
    "0.4": {
      "Jaccard": 0.55233,
      "Avg Meds": 22.188225,
      "Avg True Meds": 19.901327,
      "DDI Rate": 0.079468
    },
    "0.45": {
      "Jaccard": 0.552244,
      "Avg Meds": 21.71476,
      "Avg True Meds": 19.901327,
      "DDI Rate": 0.079679
    },
    "0.5": {
      "Jaccard": 0.551695,
      "Avg Meds": 21.293531,
      "Avg True Meds": 19.901327,
      "DDI Rate": 0.080091
    },
    "0.55": {
      "Jaccard": 0.55254,
      "Avg Meds": 20.818407,
      "Avg True Meds": 19.901327,
      "DDI Rate": 0.080689
    },
    "0.6": {
      "Jaccard": 0.55156,
      "Avg Meds": 20.401327,
      "Avg True Meds": 19.901327,
      "DDI Rate": 0.081122
    },
    "0.65": {
      "Jaccard": 0.549705,
      "Avg Meds": 19.961857,
      "Avg True Meds": 19.901327,
      "DDI Rate": 0.081581
    },
    "0.7": {
      "Jaccard": 0.547743,
      "Avg Meds": 19.514925,
      "Avg True Meds": 19.901327,
      "DDI Rate": 0.08194
    },
    "0.75": {
      "Jaccard": 0.545176,
      "Avg Meds": 19.016584,
      "Avg True Meds": 19.901327,
      "DDI Rate": 0.082262
    }
  },
  "calibrated_threshold": 0.65,
  "calibrated_metrics": {
    "Jaccard": 0.549705,
    "Avg Meds": 19.961857,
    "Avg True Meds": 19.901327,
    "DDI Rate": 0.081581
  },
  "config": {
    "hidden_dim": 256,
    "use_notes": false,
    "use_labs": true,
    "use_copy": false,
    "fusion_strategy": "film",
    "lab_dim": 400,
    "pos_weight_cap": 5.0,
    "use_cosine_lr": false,
    "contrastive_weight": 0.0,
    "margin_loss_weight": 0.0,
    "alignment_loss_weight": 0.1,
    "alignment_start_epoch": 1,
    "alignment_ramp_epochs": 0
  }
}