{
  "seed": 42,
  "ablation": "full",
  "mimic_version": 3,
  "mimic4_full": false,
  "cohort_tag": "mimic3",
  "best_val_jaccard": 0.5413112640380859,
  "test_metrics": {
    "Jaccard": 0.5397464632987976,
    "F1": 0.6935220956802368,
    "PRAUC": 0.7843674718055018,
    "DDI Rate": 0.07989089552899233,
    "Avg Meds": 22.155887603759766,
    "Avg True Meds": 19.90132713317871,
    "Precision": 0.6704662442207336,
    "Recall": 0.746158242225647,
    "NHJ_new": 0.2816109900411807,
    "NHJ_dropped": 0.36557240392032425,
    "CVR": 0.0
  },
  "data_diagnostics": {
    "split_mode_requested": "hidr_vita",
    "require_cohort_split": false,
    "split_source": "hidr_vita_sequential",
    "split_seed_used": "n/a",
    "split_patient_counts": {
      "train": 4233,
      "val": 1059,
      "test": 1058
    },
    "split_example_counts": {
      "train": 6256,
      "val": 1220,
      "test": 1206
    },
    "ddi_density": 0.05261303581914269,
    "ddi_upper_pairs": 448,
    "ddi_total_pairs": 8515,
    "loaded_artifacts": {
      "records": "data/processed/records_final.pkl",
      "cohort": "data/processed/cohort_mimic3.pkl",
      "ddi": "data/processed/ddi_A_final.pkl",
      "ehr": "data/processed/ehr_adj_final.pkl",
      "embeddings": "data/embeddings/code_embeddings.pt",
      "labs": "data/processed/lab_vectors_446_MAXlabs.pkl"
    }
  },
  "param_counts": {
    "visit_encoder": {
      "total": 4649474,
      "trainable": 2047490
    },
    "fusion": {
      "total": 455296,
      "trainable": 455296
    },
    "drug_gnn": {
      "total": 1151776,
      "trainable": 1151776
    },
    "predictor": {
      "total": 335942,
      "trainable": 335941
    },
    "model_total": {
      "total": 6855656,
      "trainable": 4253671
    }
  },
  "threshold_sweep": {
    "0.4": {
      "Jaccard": 0.535388,
      "Avg Meds": 23.906301,
      "Avg True Meds": 19.901327,
      "DDI Rate": 0.079287
    },
    "0.45": {
      "Jaccard": 0.538555,
      "Avg Meds": 23.008291,
      "Avg True Meds": 19.901327,
      "DDI Rate": 0.079489
    },
    "0.5": {
      "Jaccard": 0.539746,
      "Avg Meds": 22.155888,
      "Avg True Meds": 19.901327,
      "DDI Rate": 0.079891
    },
    "0.55": {
      "Jaccard": 0.539205,
      "Avg Meds": 21.355721,
      "Avg True Meds": 19.901327,
      "DDI Rate": 0.080084
    },
    "0.6": {
      "Jaccard": 0.539109,
      "Avg Meds": 20.602819,
      "Avg True Meds": 19.901327,
      "DDI Rate": 0.080393
    },
    "0.65": {
      "Jaccard": 0.53787,
      "Avg Meds": 19.796848,
      "Avg True Meds": 19.901327,
      "DDI Rate": 0.081131
    },
    "0.7": {
      "Jaccard": 0.535755,
      "Avg Meds": 18.968491,
      "Avg True Meds": 19.901327,
      "DDI Rate": 0.081816
    },
    "0.75": {
      "Jaccard": 0.532966,
      "Avg Meds": 18.084578,
      "Avg True Meds": 19.901327,
      "DDI Rate": 0.082546
    }
  },
  "calibrated_threshold": 0.65,
  "calibrated_metrics": {
    "Jaccard": 0.53787,
    "Avg Meds": 19.796848,
    "Avg True Meds": 19.901327,
    "DDI Rate": 0.081131
  },
  "config": {
    "hidden_dim": 256,
    "use_notes": false,
    "use_labs": true,
    "use_copy": false,
    "fusion_strategy": "film",
    "lab_dim": 892,
    "pos_weight_cap": 5.0,
    "use_cosine_lr": false,
    "contrastive_weight": 0.0,
    "margin_loss_weight": 0.0,
    "alignment_loss_weight": 0.1,
    "alignment_start_epoch": 1,
    "alignment_ramp_epochs": 0
  }
}