{
  "seed": 123,
  "ablation": "full",
  "mimic_version": 3,
  "mimic4_full": false,
  "cohort_tag": "mimic3",
  "best_val_jaccard": 0.5403441190719604,
  "test_metrics": {
    "Jaccard": 0.5412139296531677,
    "F1": 0.6943970322608948,
    "PRAUC": 0.7834281708414458,
    "DDI Rate": 0.07766203636236454,
    "Avg Meds": 23.19485855102539,
    "Avg True Meds": 19.90132713317871,
    "Precision": 0.6550291180610657,
    "Recall": 0.765121340751648,
    "NHJ_new": 0.2879046703639783,
    "NHJ_dropped": 0.3483995889362536,
    "CVR": 0.0
  },
  "data_diagnostics": {
    "split_mode_requested": "hidr_vita",
    "require_cohort_split": false,
    "split_source": "hidr_vita_sequential",
    "split_seed_used": "n/a",
    "split_patient_counts": {
      "train": 4233,
      "val": 1059,
      "test": 1058
    },
    "split_example_counts": {
      "train": 6256,
      "val": 1220,
      "test": 1206
    },
    "ddi_density": 0.05261303581914269,
    "ddi_upper_pairs": 448,
    "ddi_total_pairs": 8515,
    "loaded_artifacts": {
      "records": "data/processed/records_final.pkl",
      "cohort": "data/processed/cohort_mimic3.pkl",
      "ddi": "data/processed/ddi_A_final.pkl",
      "ehr": "data/processed/ehr_adj_final.pkl",
      "embeddings": "data/embeddings/code_embeddings.pt",
      "labs": "data/processed/lab_vectors_200labs.pkl"
    }
  },
  "param_counts": {
    "visit_encoder": {
      "total": 4649474,
      "trainable": 2047490
    },
    "fusion": {
      "total": 423808,
      "trainable": 423808
    },
    "drug_gnn": {
      "total": 1151776,
      "trainable": 1151776
    },
    "predictor": {
      "total": 594438,
      "trainable": 594437
    },
    "model_total": {
      "total": 7082664,
      "trainable": 4480679
    }
  },
  "threshold_sweep": {
    "0.4": {
      "Jaccard": 0.534038,
      "Avg Meds": 25.115257,
      "Avg True Meds": 19.901327,
      "DDI Rate": 0.077629
    },
    "0.45": {
      "Jaccard": 0.539337,
      "Avg Meds": 24.109453,
      "Avg True Meds": 19.901327,
      "DDI Rate": 0.078004
    },
    "0.5": {
      "Jaccard": 0.541214,
      "Avg Meds": 23.194859,
      "Avg True Meds": 19.901327,
      "DDI Rate": 0.077662
    },
    "0.55": {
      "Jaccard": 0.542452,
      "Avg Meds": 22.281923,
      "Avg True Meds": 19.901327,
      "DDI Rate": 0.077949
    },
    "0.6": {
      "Jaccard": 0.542976,
      "Avg Meds": 21.403814,
      "Avg True Meds": 19.901327,
      "DDI Rate": 0.078176
    },
    "0.65": {
      "Jaccard": 0.541969,
      "Avg Meds": 20.547264,
      "Avg True Meds": 19.901327,
      "DDI Rate": 0.078528
    },
    "0.7": {
      "Jaccard": 0.53944,
      "Avg Meds": 19.645107,
      "Avg True Meds": 19.901327,
      "DDI Rate": 0.07803
    },
    "0.75": {
      "Jaccard": 0.536183,
      "Avg Meds": 18.685738,
      "Avg True Meds": 19.901327,
      "DDI Rate": 0.077773
    }
  },
  "calibrated_threshold": 0.7,
  "calibrated_metrics": {
    "Jaccard": 0.53944,
    "Avg Meds": 19.645107,
    "Avg True Meds": 19.901327,
    "DDI Rate": 0.07803
  },
  "config": {
    "hidden_dim": 256,
    "use_notes": false,
    "use_labs": true,
    "use_copy": false,
    "fusion_strategy": "film",
    "lab_dim": 400,
    "pos_weight_cap": 5.0,
    "use_cosine_lr": false,
    "contrastive_weight": 0.0,
    "margin_loss_weight": 0.0,
    "alignment_loss_weight": 0.1,
    "alignment_start_epoch": 1,
    "alignment_ramp_epochs": 0
  }
}