{
  "seed": 42,
  "ablation": "full",
  "mimic_version": 3,
  "mimic4_full": false,
  "cohort_tag": "mimic3",
  "best_val_jaccard": 0.5093149542808533,
  "test_metrics": {
    "Jaccard": 0.5080316662788391,
    "F1": 0.6657536029815674,
    "PRAUC": 0.7626882277422973,
    "DDI Rate": 0.08596506935804063,
    "Avg Meds": 22.80845832824707,
    "Avg True Meds": 19.90132713317871,
    "Precision": 0.6388794779777527,
    "Recall": 0.7371777296066284,
    "NHJ_new": 0.24259668902346962,
    "NHJ_dropped": 0.31336836281575653,
    "CVR": 0.0
  },
  "data_diagnostics": {
    "split_mode_requested": "hidr_vita",
    "require_cohort_split": false,
    "split_source": "hidr_vita_sequential",
    "split_seed_used": "n/a",
    "split_patient_counts": {
      "train": 4233,
      "val": 1059,
      "test": 1058
    },
    "split_example_counts": {
      "train": 6256,
      "val": 1220,
      "test": 1206
    },
    "ddi_density": 0.05261303581914269,
    "ddi_upper_pairs": 448,
    "ddi_total_pairs": 8515,
    "loaded_artifacts": {
      "records": "data/processed/records_final.pkl",
      "cohort": "data/processed/cohort_mimic3.pkl",
      "ddi": "data/processed/ddi_A_final.pkl",
      "ehr": "data/processed/ehr_adj_final.pkl",
      "embeddings": "data/embeddings/code_embeddings.pt",
      "labs": "data/processed/lab_vectors_10labs.pkl"
    }
  },
  "param_counts": {
    "visit_encoder": {
      "total": 4649474,
      "trainable": 2047490
    },
    "fusion": {
      "total": 399488,
      "trainable": 399488
    },
    "drug_gnn": {
      "total": 1151776,
      "trainable": 1151776
    },
    "predictor": {
      "total": 280134,
      "trainable": 280133
    },
    "model_total": {
      "total": 6744040,
      "trainable": 4142055
    }
  },
  "threshold_sweep": {
    "0.4": {
      "Jaccard": 0.502941,
      "Avg Meds": 25.204809,
      "Avg True Meds": 19.901327,
      "DDI Rate": 0.083477
    },
    "0.45": {
      "Jaccard": 0.506683,
      "Avg Meds": 23.980928,
      "Avg True Meds": 19.901327,
      "DDI Rate": 0.08434
    },
    "0.5": {
      "Jaccard": 0.508032,
      "Avg Meds": 22.808458,
      "Avg True Meds": 19.901327,
      "DDI Rate": 0.085965
    },
    "0.55": {
      "Jaccard": 0.508309,
      "Avg Meds": 21.729685,
      "Avg True Meds": 19.901327,
      "DDI Rate": 0.087186
    },
    "0.6": {
      "Jaccard": 0.508486,
      "Avg Meds": 20.7131,
      "Avg True Meds": 19.901327,
      "DDI Rate": 0.088235
    },
    "0.65": {
      "Jaccard": 0.505804,
      "Avg Meds": 19.6534,
      "Avg True Meds": 19.901327,
      "DDI Rate": 0.089042
    },
    "0.7": {
      "Jaccard": 0.503615,
      "Avg Meds": 18.60199,
      "Avg True Meds": 19.901327,
      "DDI Rate": 0.090318
    },
    "0.75": {
      "Jaccard": 0.499458,
      "Avg Meds": 17.536484,
      "Avg True Meds": 19.901327,
      "DDI Rate": 0.091535
    }
  },
  "calibrated_threshold": 0.65,
  "calibrated_metrics": {
    "Jaccard": 0.505804,
    "Avg Meds": 19.6534,
    "Avg True Meds": 19.901327,
    "DDI Rate": 0.089042
  },
  "config": {
    "hidden_dim": 256,
    "use_notes": false,
    "use_labs": true,
    "use_copy": false,
    "fusion_strategy": "film",
    "lab_dim": 20,
    "pos_weight_cap": 5.0,
    "use_cosine_lr": false,
    "contrastive_weight": 0.0,
    "margin_loss_weight": 0.0,
    "alignment_loss_weight": 0.1,
    "alignment_start_epoch": 1,
    "alignment_ramp_epochs": 0
  }
}