{
  "seed": 456,
  "ablation": "full",
  "mimic_version": 3,
  "mimic4_full": false,
  "cohort_tag": "mimic3",
  "best_val_jaccard": 0.5401020050048828,
  "test_metrics": {
    "Jaccard": 0.535768449306488,
    "F1": 0.6899868249893188,
    "PRAUC": 0.7794393763557702,
    "DDI Rate": 0.07819392595988107,
    "Avg Meds": 22.162521362304688,
    "Avg True Meds": 19.90132713317871,
    "Precision": 0.6675472855567932,
    "Recall": 0.7410588264465332,
    "NHJ_new": 0.28456428725468486,
    "NHJ_dropped": 0.371131663259707,
    "CVR": 0.0
  },
  "data_diagnostics": {
    "split_mode_requested": "hidr_vita",
    "require_cohort_split": false,
    "split_source": "hidr_vita_sequential",
    "split_seed_used": "n/a",
    "split_patient_counts": {
      "train": 4233,
      "val": 1059,
      "test": 1058
    },
    "split_example_counts": {
      "train": 6256,
      "val": 1220,
      "test": 1206
    },
    "ddi_density": 0.05261303581914269,
    "ddi_upper_pairs": 448,
    "ddi_total_pairs": 8515,
    "loaded_artifacts": {
      "records": "data/processed/records_final.pkl",
      "cohort": "data/processed/cohort_mimic3.pkl",
      "ddi": "data/processed/ddi_A_final.pkl",
      "ehr": "data/processed/ehr_adj_final.pkl",
      "embeddings": "data/embeddings/code_embeddings.pt",
      "labs": "data/processed/lab_vectors_200labs.pkl"
    }
  },
  "param_counts": {
    "visit_encoder": {
      "total": 4649474,
      "trainable": 2047490
    },
    "fusion": {
      "total": 423808,
      "trainable": 423808
    },
    "drug_gnn": {
      "total": 1151776,
      "trainable": 1151776
    },
    "predictor": {
      "total": 1171974,
      "trainable": 1171973
    },
    "model_total": {
      "total": 7660200,
      "trainable": 5058215
    }
  },
  "threshold_sweep": {
    "0.4": {
      "Jaccard": 0.534454,
      "Avg Meds": 23.980099,
      "Avg True Meds": 19.901327,
      "DDI Rate": 0.078333
    },
    "0.45": {
      "Jaccard": 0.535484,
      "Avg Meds": 23.052238,
      "Avg True Meds": 19.901327,
      "DDI Rate": 0.078145
    },
    "0.5": {
      "Jaccard": 0.535768,
      "Avg Meds": 22.162521,
      "Avg True Meds": 19.901327,
      "DDI Rate": 0.078194
    },
    "0.55": {
      "Jaccard": 0.536713,
      "Avg Meds": 21.330017,
      "Avg True Meds": 19.901327,
      "DDI Rate": 0.078095
    },
    "0.6": {
      "Jaccard": 0.536917,
      "Avg Meds": 20.49917,
      "Avg True Meds": 19.901327,
      "DDI Rate": 0.078082
    },
    "0.65": {
      "Jaccard": 0.533703,
      "Avg Meds": 19.668325,
      "Avg True Meds": 19.901327,
      "DDI Rate": 0.078741
    },
    "0.7": {
      "Jaccard": 0.530529,
      "Avg Meds": 18.830017,
      "Avg True Meds": 19.901327,
      "DDI Rate": 0.078279
    },
    "0.75": {
      "Jaccard": 0.526479,
      "Avg Meds": 17.965174,
      "Avg True Meds": 19.901327,
      "DDI Rate": 0.078691
    }
  },
  "calibrated_threshold": 0.65,
  "calibrated_metrics": {
    "Jaccard": 0.533703,
    "Avg Meds": 19.668325,
    "Avg True Meds": 19.901327,
    "DDI Rate": 0.078741
  },
  "config": {
    "hidden_dim": 256,
    "use_notes": false,
    "use_labs": true,
    "use_copy": false,
    "fusion_strategy": "film",
    "lab_dim": 400,
    "pos_weight_cap": 5.0,
    "use_cosine_lr": false,
    "contrastive_weight": 0.0,
    "margin_loss_weight": 0.0,
    "alignment_loss_weight": 0.1,
    "alignment_start_epoch": 1,
    "alignment_ramp_epochs": 0
  }
}