{
  "seed": 123,
  "ablation": "full",
  "mimic_version": 3,
  "mimic4_full": false,
  "cohort_tag": "mimic3",
  "best_val_jaccard": 0.543819785118103,
  "test_metrics": {
    "Jaccard": 0.5404282212257385,
    "F1": 0.6940979957580566,
    "PRAUC": 0.7854560230881129,
    "DDI Rate": 0.08111913025490151,
    "Avg Meds": 23.490049362182617,
    "Avg True Meds": 19.90132713317871,
    "Precision": 0.6501502990722656,
    "Recall": 0.7727169990539551,
    "NHJ_new": 0.2945588905560343,
    "NHJ_dropped": 0.34136848857528285,
    "CVR": 0.0
  },
  "data_diagnostics": {
    "split_mode_requested": "hidr_vita",
    "require_cohort_split": false,
    "split_source": "hidr_vita_sequential",
    "split_seed_used": "n/a",
    "split_patient_counts": {
      "train": 4233,
      "val": 1059,
      "test": 1058
    },
    "split_example_counts": {
      "train": 6256,
      "val": 1220,
      "test": 1206
    },
    "ddi_density": 0.05261303581914269,
    "ddi_upper_pairs": 448,
    "ddi_total_pairs": 8515,
    "loaded_artifacts": {
      "records": "data/processed/records_final.pkl",
      "cohort": "data/processed/cohort_mimic3.pkl",
      "ddi": "data/processed/ddi_A_final.pkl",
      "ehr": "data/processed/ehr_adj_final.pkl",
      "embeddings": "data/embeddings/code_embeddings.pt",
      "notes": "data/processed/note_embeddings_mimic3.pkl"
    }
  },
  "param_counts": {
    "visit_encoder": {
      "total": 4649474,
      "trainable": 2047490
    },
    "fusion": {
      "total": 400512,
      "trainable": 400512
    },
    "drug_gnn": {
      "total": 1151776,
      "trainable": 1151776
    },
    "predictor": {
      "total": 327942,
      "trainable": 327941
    },
    "model_total": {
      "total": 6792872,
      "trainable": 4190887
    }
  },
  "threshold_sweep": {
    "0.4": {
      "Jaccard": 0.533952,
      "Avg Meds": 25.140133,
      "Avg True Meds": 19.901327,
      "DDI Rate": 0.079953
    },
    "0.45": {
      "Jaccard": 0.537754,
      "Avg Meds": 24.339138,
      "Avg True Meds": 19.901327,
      "DDI Rate": 0.08049
    },
    "0.5": {
      "Jaccard": 0.540428,
      "Avg Meds": 23.490049,
      "Avg True Meds": 19.901327,
      "DDI Rate": 0.081119
    },
    "0.55": {
      "Jaccard": 0.542182,
      "Avg Meds": 22.660032,
      "Avg True Meds": 19.901327,
      "DDI Rate": 0.081583
    },
    "0.6": {
      "Jaccard": 0.543204,
      "Avg Meds": 21.833334,
      "Avg True Meds": 19.901327,
      "DDI Rate": 0.08184
    },
    "0.65": {
      "Jaccard": 0.543385,
      "Avg Meds": 20.982588,
      "Avg True Meds": 19.901327,
      "DDI Rate": 0.082556
    },
    "0.7": {
      "Jaccard": 0.542392,
      "Avg Meds": 20.160032,
      "Avg True Meds": 19.901327,
      "DDI Rate": 0.083024
    },
    "0.75": {
      "Jaccard": 0.540056,
      "Avg Meds": 19.291874,
      "Avg True Meds": 19.901327,
      "DDI Rate": 0.084034
    }
  },
  "calibrated_threshold": 0.7,
  "calibrated_metrics": {
    "Jaccard": 0.542392,
    "Avg Meds": 20.160032,
    "Avg True Meds": 19.901327,
    "DDI Rate": 0.083024
  },
  "config": {
    "hidden_dim": 256,
    "use_notes": true,
    "use_labs": false,
    "use_copy": false,
    "fusion_strategy": "film",
    "lab_dim": 0,
    "pos_weight_cap": 5.0,
    "use_cosine_lr": false,
    "contrastive_weight": 0.0,
    "margin_loss_weight": 0.0,
    "alignment_loss_weight": 0.1,
    "alignment_start_epoch": 1,
    "alignment_ramp_epochs": 0
  }
}