{
  "seed": 123,
  "ablation": "full",
  "mimic_version": 3,
  "mimic4_full": false,
  "cohort_tag": "mimic3",
  "best_val_jaccard": 0.48920848965644836,
  "test_metrics": {
    "Jaccard": 0.49187442660331726,
    "F1": 0.6515520215034485,
    "PRAUC": 0.7491908237331806,
    "DDI Rate": 0.08585036049756588,
    "Avg Meds": 23.563846588134766,
    "Avg True Meds": 19.90132713317871,
    "Precision": 0.61595219373703,
    "Recall": 0.7389318943023682,
    "NHJ_new": 0.24178298209842883,
    "NHJ_dropped": 0.3129453596315886,
    "CVR": 0.0
  },
  "data_diagnostics": {
    "split_mode_requested": "hidr_vita",
    "require_cohort_split": false,
    "split_source": "hidr_vita_sequential",
    "split_seed_used": "n/a",
    "split_patient_counts": {
      "train": 4233,
      "val": 1059,
      "test": 1058
    },
    "split_example_counts": {
      "train": 6256,
      "val": 1220,
      "test": 1206
    },
    "ddi_density": 0.05261303581914269,
    "ddi_upper_pairs": 448,
    "ddi_total_pairs": 8515,
    "loaded_artifacts": {
      "records": "data/processed/records_final.pkl",
      "cohort": "data/processed/cohort_mimic3.pkl",
      "ddi": "data/processed/ddi_A_final.pkl",
      "ehr": "data/processed/ehr_adj_final.pkl",
      "embeddings": "data/embeddings/code_embeddings.pt"
    }
  },
  "param_counts": {
    "visit_encoder": {
      "total": 3990529,
      "trainable": 1388545
    },
    "drug_gnn": {
      "total": 1974080,
      "trainable": 1974080
    },
    "predictor": {
      "total": 262406,
      "trainable": 262404
    },
    "model_total": {
      "total": 6490183,
      "trainable": 3888197
    }
  },
  "threshold_sweep": {
    "0.4": {
      "Jaccard": 0.4874,
      "Avg Meds": 26.174959,
      "Avg True Meds": 19.901327,
      "DDI Rate": 0.082142
    },
    "0.45": {
      "Jaccard": 0.490299,
      "Avg Meds": 24.868158,
      "Avg True Meds": 19.901327,
      "DDI Rate": 0.083541
    },
    "0.5": {
      "Jaccard": 0.491874,
      "Avg Meds": 23.563847,
      "Avg True Meds": 19.901327,
      "DDI Rate": 0.08585
    },
    "0.55": {
      "Jaccard": 0.491481,
      "Avg Meds": 22.336651,
      "Avg True Meds": 19.901327,
      "DDI Rate": 0.087314
    },
    "0.6": {
      "Jaccard": 0.491672,
      "Avg Meds": 21.094528,
      "Avg True Meds": 19.901327,
      "DDI Rate": 0.089068
    },
    "0.65": {
      "Jaccard": 0.488733,
      "Avg Meds": 19.937811,
      "Avg True Meds": 19.901327,
      "DDI Rate": 0.090744
    },
    "0.7": {
      "Jaccard": 0.485584,
      "Avg Meds": 18.71476,
      "Avg True Meds": 19.901327,
      "DDI Rate": 0.092471
    },
    "0.75": {
      "Jaccard": 0.481925,
      "Avg Meds": 17.484245,
      "Avg True Meds": 19.901327,
      "DDI Rate": 0.094338
    }
  },
  "calibrated_threshold": 0.65,
  "calibrated_metrics": {
    "Jaccard": 0.488733,
    "Avg Meds": 19.937811,
    "Avg True Meds": 19.901327,
    "DDI Rate": 0.090744
  },
  "config": {
    "hidden_dim": 256,
    "use_notes": false,
    "use_labs": false,
    "use_copy": false,
    "fusion_strategy": "film",
    "lab_dim": 0,
    "pos_weight_cap": 5.0,
    "use_cosine_lr": false,
    "contrastive_weight": 0.0,
    "margin_loss_weight": 0.0,
    "alignment_loss_weight": 0.1,
    "alignment_start_epoch": 1,
    "alignment_ramp_epochs": 0
  }
}