{
  "seed": 42,
  "ablation": "full",
  "mimic_version": 3,
  "mimic4_full": false,
  "cohort_tag": "mimic3",
  "best_val_jaccard": 0.562623143196106,
  "test_metrics": {
    "Jaccard": 0.5581772923469543,
    "F1": 0.7087550163269043,
    "PRAUC": 0.7939694975741498,
    "DDI Rate": 0.07697141263332703,
    "Avg Meds": 21.898839950561523,
    "Avg True Meds": 19.90132713317871,
    "Precision": 0.6878225803375244,
    "Recall": 0.7549644708633423,
    "NHJ_new": 0.2702202271474035,
    "NHJ_dropped": 0.2791250285349394,
    "CVR": 0.0
  },
  "data_diagnostics": {
    "split_mode_requested": "hidr_vita",
    "require_cohort_split": false,
    "split_source": "hidr_vita_sequential",
    "split_seed_used": "n/a",
    "split_patient_counts": {
      "train": 4233,
      "val": 1059,
      "test": 1058
    },
    "split_example_counts": {
      "train": 6256,
      "val": 1220,
      "test": 1206
    },
    "ddi_density": 0.05261303581914269,
    "ddi_upper_pairs": 448,
    "ddi_total_pairs": 8515,
    "loaded_artifacts": {
      "records": "data/processed/records_final.pkl",
      "cohort": "data/processed/cohort_mimic3.pkl",
      "ddi": "data/processed/ddi_A_final.pkl",
      "ehr": "data/processed/ehr_adj_final.pkl",
      "embeddings": "data/embeddings/code_embeddings.pt",
      "notes": "data/processed/note_embeddings_mimic3.pkl",
      "labs": "data/processed/lab_vectors_200labs.pkl"
    }
  },
  "param_counts": {
    "visit_encoder": {
      "total": 3534609,
      "trainable": 932625
    },
    "fusion": {
      "total": 423808,
      "trainable": 423808
    },
    "drug_gnn": {
      "total": 1974080,
      "trainable": 1974080
    },
    "predictor": {
      "total": 559560,
      "trainable": 559560
    },
    "model_total": {
      "total": 6755225,
      "trainable": 4153241
    }
  },
  "threshold_sweep": {
    "0.4": {
      "Jaccard": 0.5563,
      "Avg Meds": 23.503317,
      "Avg True Meds": 19.901327,
      "DDI Rate": 0.077084
    },
    "0.45": {
      "Jaccard": 0.557358,
      "Avg Meds": 22.68325,
      "Avg True Meds": 19.901327,
      "DDI Rate": 0.076713
    },
    "0.5": {
      "Jaccard": 0.558177,
      "Avg Meds": 21.89884,
      "Avg True Meds": 19.901327,
      "DDI Rate": 0.076971
    },
    "0.55": {
      "Jaccard": 0.558032,
      "Avg Meds": 21.121891,
      "Avg True Meds": 19.901327,
      "DDI Rate": 0.076691
    },
    "0.6": {
      "Jaccard": 0.556133,
      "Avg Meds": 20.311775,
      "Avg True Meds": 19.901327,
      "DDI Rate": 0.076331
    },
    "0.65": {
      "Jaccard": 0.552733,
      "Avg Meds": 19.492537,
      "Avg True Meds": 19.901327,
      "DDI Rate": 0.075618
    },
    "0.7": {
      "Jaccard": 0.548886,
      "Avg Meds": 18.696518,
      "Avg True Meds": 19.901327,
      "DDI Rate": 0.07545
    },
    "0.75": {
      "Jaccard": 0.544261,
      "Avg Meds": 17.782753,
      "Avg True Meds": 19.901327,
      "DDI Rate": 0.074674
    }
  },
  "calibrated_threshold": 0.65,
  "calibrated_metrics": {
    "Jaccard": 0.552733,
    "Avg Meds": 19.492537,
    "Avg True Meds": 19.901327,
    "DDI Rate": 0.075618
  },
  "config": {
    "hidden_dim": 256,
    "use_notes": true,
    "use_labs": true,
    "use_copy": true,
    "fusion_strategy": "film",
    "lab_dim": 400,
    "pos_weight_cap": 5.0,
    "use_cosine_lr": false,
    "contrastive_weight": 0.0,
    "margin_loss_weight": 0.0,
    "alignment_loss_weight": 0.1,
    "alignment_start_epoch": 1,
    "alignment_ramp_epochs": 0
  }
}