{
  "seed": 123,
  "ablation": "full",
  "mimic_version": 3,
  "mimic4_full": false,
  "cohort_tag": "mimic3",
  "best_val_jaccard": 0.5397486686706543,
  "test_metrics": {
    "Jaccard": 0.5386750102043152,
    "F1": 0.6925106644630432,
    "PRAUC": 0.7754777817571569,
    "DDI Rate": 0.08036837475605103,
    "Avg Meds": 22.242952346801758,
    "Avg True Meds": 19.90132713317871,
    "Precision": 0.6665763854980469,
    "Recall": 0.7470073699951172,
    "NHJ_new": 0.2818854051200967,
    "NHJ_dropped": 0.37408244766687093,
    "CVR": 0.0
  },
  "data_diagnostics": {
    "split_mode_requested": "hidr_vita",
    "require_cohort_split": false,
    "split_source": "hidr_vita_sequential",
    "split_seed_used": "n/a",
    "split_patient_counts": {
      "train": 4233,
      "val": 1059,
      "test": 1058
    },
    "split_example_counts": {
      "train": 6256,
      "val": 1220,
      "test": 1206
    },
    "ddi_density": 0.05261303581914269,
    "ddi_upper_pairs": 448,
    "ddi_total_pairs": 8515,
    "loaded_artifacts": {
      "records": "data/processed/records_final.pkl",
      "cohort": "data/processed/cohort_mimic3.pkl",
      "ddi": "data/processed/ddi_A_final.pkl",
      "ehr": "data/processed/ehr_adj_final.pkl",
      "embeddings": "data/embeddings/code_embeddings.pt",
      "labs": "data/processed/lab_vectors_200labs.pkl"
    }
  },
  "param_counts": {
    "visit_encoder": {
      "total": 4583681,
      "trainable": 1981697
    },
    "fusion": {
      "total": 423808,
      "trainable": 423808
    },
    "drug_gnn": {
      "total": 1974080,
      "trainable": 1974080
    },
    "predictor": {
      "total": 304454,
      "trainable": 304453
    },
    "model_total": {
      "total": 7549191,
      "trainable": 4947206
    }
  },
  "threshold_sweep": {
    "0.4": {
      "Jaccard": 0.535276,
      "Avg Meds": 24.078773,
      "Avg True Meds": 19.901327,
      "DDI Rate": 0.079883
    },
    "0.45": {
      "Jaccard": 0.53762,
      "Avg Meds": 23.145937,
      "Avg True Meds": 19.901327,
      "DDI Rate": 0.080326
    },
    "0.5": {
      "Jaccard": 0.538675,
      "Avg Meds": 22.242952,
      "Avg True Meds": 19.901327,
      "DDI Rate": 0.080368
    },
    "0.55": {
      "Jaccard": 0.540001,
      "Avg Meds": 21.425373,
      "Avg True Meds": 19.901327,
      "DDI Rate": 0.080882
    },
    "0.6": {
      "Jaccard": 0.539513,
      "Avg Meds": 20.54146,
      "Avg True Meds": 19.901327,
      "DDI Rate": 0.081445
    },
    "0.65": {
      "Jaccard": 0.538328,
      "Avg Meds": 19.719734,
      "Avg True Meds": 19.901327,
      "DDI Rate": 0.081916
    },
    "0.7": {
      "Jaccard": 0.535347,
      "Avg Meds": 18.910448,
      "Avg True Meds": 19.901327,
      "DDI Rate": 0.08163
    },
    "0.75": {
      "Jaccard": 0.529473,
      "Avg Meds": 18.003317,
      "Avg True Meds": 19.901327,
      "DDI Rate": 0.081615
    }
  },
  "calibrated_threshold": 0.65,
  "calibrated_metrics": {
    "Jaccard": 0.538328,
    "Avg Meds": 19.719734,
    "Avg True Meds": 19.901327,
    "DDI Rate": 0.081916
  },
  "config": {
    "hidden_dim": 256,
    "use_notes": false,
    "use_labs": true,
    "use_copy": false,
    "fusion_strategy": "film",
    "lab_dim": 400,
    "pos_weight_cap": 5.0,
    "use_cosine_lr": false,
    "contrastive_weight": 0.0,
    "margin_loss_weight": 0.0,
    "alignment_loss_weight": 0.1,
    "alignment_start_epoch": 1,
    "alignment_ramp_epochs": 0
  }
}