{
  "seed": 123,
  "ablation": "full",
  "mimic_version": 3,
  "mimic4_full": false,
  "cohort_tag": "mimic3",
  "best_val_jaccard": 0.5342620611190796,
  "test_metrics": {
    "Jaccard": 0.5330510139465332,
    "F1": 0.6879810094833374,
    "PRAUC": 0.7762866868916066,
    "DDI Rate": 0.0801239763840467,
    "Avg Meds": 20.543947219848633,
    "Avg True Meds": 19.90132713317871,
    "Precision": 0.6891721487045288,
    "Recall": 0.712740421295166,
    "NHJ_new": 0.2755133690018403,
    "NHJ_dropped": 0.3839671376504396,
    "CVR": 0.0
  },
  "data_diagnostics": {
    "split_mode_requested": "hidr_vita",
    "require_cohort_split": false,
    "split_source": "hidr_vita_sequential",
    "split_seed_used": "n/a",
    "split_patient_counts": {
      "train": 4233,
      "val": 1059,
      "test": 1058
    },
    "split_example_counts": {
      "train": 6256,
      "val": 1220,
      "test": 1206
    },
    "ddi_density": 0.05261303581914269,
    "ddi_upper_pairs": 448,
    "ddi_total_pairs": 8515,
    "loaded_artifacts": {
      "records": "data/processed/records_final.pkl",
      "cohort": "data/processed/cohort_mimic3.pkl",
      "ddi": "data/processed/ddi_A_final.pkl",
      "ehr": "data/processed/ehr_adj_final.pkl",
      "embeddings": "data/embeddings/code_embeddings.pt",
      "labs": "data/processed/lab_vectors_200labs.pkl"
    }
  },
  "param_counts": {
    "visit_encoder": {
      "total": 6292225,
      "trainable": 3690241
    },
    "fusion": {
      "total": 423808,
      "trainable": 423808
    },
    "drug_gnn": {
      "total": 1974080,
      "trainable": 1974080
    },
    "predictor": {
      "total": 304454,
      "trainable": 304453
    },
    "model_total": {
      "total": 9257735,
      "trainable": 6655750
    }
  },
  "threshold_sweep": {
    "0.4": {
      "Jaccard": 0.532114,
      "Avg Meds": 22.405472,
      "Avg True Meds": 19.901327,
      "DDI Rate": 0.080516
    },
    "0.45": {
      "Jaccard": 0.532656,
      "Avg Meds": 21.42869,
      "Avg True Meds": 19.901327,
      "DDI Rate": 0.080384
    },
    "0.5": {
      "Jaccard": 0.533051,
      "Avg Meds": 20.543947,
      "Avg True Meds": 19.901327,
      "DDI Rate": 0.080124
    },
    "0.55": {
      "Jaccard": 0.531922,
      "Avg Meds": 19.703979,
      "Avg True Meds": 19.901327,
      "DDI Rate": 0.079331
    },
    "0.6": {
      "Jaccard": 0.527803,
      "Avg Meds": 18.906301,
      "Avg True Meds": 19.901327,
      "DDI Rate": 0.078572
    },
    "0.65": {
      "Jaccard": 0.523341,
      "Avg Meds": 18.077114,
      "Avg True Meds": 19.901327,
      "DDI Rate": 0.078423
    },
    "0.7": {
      "Jaccard": 0.519758,
      "Avg Meds": 17.274462,
      "Avg True Meds": 19.901327,
      "DDI Rate": 0.077769
    },
    "0.75": {
      "Jaccard": 0.513312,
      "Avg Meds": 16.446102,
      "Avg True Meds": 19.901327,
      "DDI Rate": 0.07674
    }
  },
  "calibrated_threshold": 0.55,
  "calibrated_metrics": {
    "Jaccard": 0.531922,
    "Avg Meds": 19.703979,
    "Avg True Meds": 19.901327,
    "DDI Rate": 0.079331
  },
  "config": {
    "hidden_dim": 256,
    "use_notes": false,
    "use_labs": true,
    "use_copy": false,
    "fusion_strategy": "film",
    "lab_dim": 400,
    "pos_weight_cap": 5.0,
    "use_cosine_lr": false,
    "contrastive_weight": 0.0,
    "margin_loss_weight": 0.0,
    "alignment_loss_weight": 0.1,
    "alignment_start_epoch": 1,
    "alignment_ramp_epochs": 0
  }
}