{
  "seed": 123,
  "ablation": "full",
  "mimic_version": 3,
  "mimic4_full": false,
  "cohort_tag": "mimic3",
  "best_val_jaccard": 0.5413145422935486,
  "test_metrics": {
    "Jaccard": 0.5410313010215759,
    "F1": 0.6943617463111877,
    "PRAUC": 0.7802586086216038,
    "DDI Rate": 0.08187012884122127,
    "Avg Meds": 21.77528953552246,
    "Avg True Meds": 19.90132713317871,
    "Precision": 0.6743190288543701,
    "Recall": 0.7413908243179321,
    "NHJ_new": 0.2841756351684269,
    "NHJ_dropped": 0.3795201119623686,
    "CVR": 0.0
  },
  "data_diagnostics": {
    "split_mode_requested": "hidr_vita",
    "require_cohort_split": false,
    "split_source": "hidr_vita_sequential",
    "split_seed_used": "n/a",
    "split_patient_counts": {
      "train": 4233,
      "val": 1059,
      "test": 1058
    },
    "split_example_counts": {
      "train": 6256,
      "val": 1220,
      "test": 1206
    },
    "ddi_density": 0.05261303581914269,
    "ddi_upper_pairs": 448,
    "ddi_total_pairs": 8515,
    "loaded_artifacts": {
      "records": "data/processed/records_final.pkl",
      "cohort": "data/processed/cohort_mimic3.pkl",
      "ddi": "data/processed/ddi_A_final.pkl",
      "ehr": "data/processed/ehr_adj_final.pkl",
      "embeddings": "data/embeddings/code_embeddings.pt",
      "labs": "data/processed/lab_vectors_200labs.pkl"
    }
  },
  "param_counts": {
    "visit_encoder": {
      "total": 4583681,
      "trainable": 1981697
    },
    "fusion": {
      "total": 423808,
      "trainable": 423808
    },
    "drug_gnn": {
      "total": 395008,
      "trainable": 395008
    },
    "predictor": {
      "total": 304454,
      "trainable": 304453
    },
    "model_total": {
      "total": 5970119,
      "trainable": 3368134
    }
  },
  "threshold_sweep": {
    "0.4": {
      "Jaccard": 0.538388,
      "Avg Meds": 23.467661,
      "Avg True Meds": 19.901327,
      "DDI Rate": 0.08155
    },
    "0.45": {
      "Jaccard": 0.540183,
      "Avg Meds": 22.555555,
      "Avg True Meds": 19.901327,
      "DDI Rate": 0.081517
    },
    "0.5": {
      "Jaccard": 0.541031,
      "Avg Meds": 21.77529,
      "Avg True Meds": 19.901327,
      "DDI Rate": 0.08187
    },
    "0.55": {
      "Jaccard": 0.541633,
      "Avg Meds": 21.008291,
      "Avg True Meds": 19.901327,
      "DDI Rate": 0.082008
    },
    "0.6": {
      "Jaccard": 0.540993,
      "Avg Meds": 20.2131,
      "Avg True Meds": 19.901327,
      "DDI Rate": 0.082256
    },
    "0.65": {
      "Jaccard": 0.539795,
      "Avg Meds": 19.475954,
      "Avg True Meds": 19.901327,
      "DDI Rate": 0.08273
    },
    "0.7": {
      "Jaccard": 0.536652,
      "Avg Meds": 18.732172,
      "Avg True Meds": 19.901327,
      "DDI Rate": 0.082678
    },
    "0.75": {
      "Jaccard": 0.532161,
      "Avg Meds": 17.956882,
      "Avg True Meds": 19.901327,
      "DDI Rate": 0.082773
    }
  },
  "calibrated_threshold": 0.6,
  "calibrated_metrics": {
    "Jaccard": 0.540993,
    "Avg Meds": 20.2131,
    "Avg True Meds": 19.901327,
    "DDI Rate": 0.082256
  },
  "config": {
    "hidden_dim": 256,
    "use_notes": false,
    "use_labs": true,
    "use_copy": false,
    "fusion_strategy": "film",
    "lab_dim": 400,
    "pos_weight_cap": 5.0,
    "use_cosine_lr": false,
    "contrastive_weight": 0.0,
    "margin_loss_weight": 0.0,
    "alignment_loss_weight": 0.1,
    "alignment_start_epoch": 1,
    "alignment_ramp_epochs": 0
  }
}