{
  "seed": 42,
  "ablation": "full",
  "mimic_version": 3,
  "mimic4_full": false,
  "cohort_tag": "mimic3",
  "best_val_jaccard": 0.5421080589294434,
  "test_metrics": {
    "Jaccard": 0.5417943000793457,
    "F1": 0.695438802242279,
    "PRAUC": 0.7825260508384255,
    "DDI Rate": 0.07942101354234155,
    "Avg Meds": 22.057214736938477,
    "Avg True Meds": 19.90132713317871,
    "Precision": 0.6741825342178345,
    "Recall": 0.7453749179840088,
    "NHJ_new": 0.27541088901068034,
    "NHJ_dropped": 0.35690193270382126,
    "CVR": 0.0
  },
  "data_diagnostics": {
    "split_mode_requested": "hidr_vita",
    "require_cohort_split": false,
    "split_source": "hidr_vita_sequential",
    "split_seed_used": "n/a",
    "split_patient_counts": {
      "train": 4233,
      "val": 1059,
      "test": 1058
    },
    "split_example_counts": {
      "train": 6256,
      "val": 1220,
      "test": 1206
    },
    "ddi_density": 0.05261303581914269,
    "ddi_upper_pairs": 448,
    "ddi_total_pairs": 8515,
    "loaded_artifacts": {
      "records": "data/processed/records_final.pkl",
      "cohort": "data/processed/cohort_mimic3.pkl",
      "ddi": "data/processed/ddi_A_final.pkl",
      "ehr": "data/processed/ehr_adj_final.pkl",
      "embeddings": "data/embeddings/code_embeddings.pt",
      "labs": "data/processed/lab_vectors_200labs.pkl"
    }
  },
  "param_counts": {
    "visit_encoder": {
      "total": 3534609,
      "trainable": 932625
    },
    "fusion": {
      "total": 423808,
      "trainable": 423808
    },
    "drug_gnn": {
      "total": 1974080,
      "trainable": 1974080
    },
    "predictor": {
      "total": 304454,
      "trainable": 304453
    },
    "model_total": {
      "total": 6500119,
      "trainable": 3898134
    }
  },
  "threshold_sweep": {
    "0.4": {
      "Jaccard": 0.537404,
      "Avg Meds": 24.052238,
      "Avg True Meds": 19.901327,
      "DDI Rate": 0.07908
    },
    "0.45": {
      "Jaccard": 0.540072,
      "Avg Meds": 22.991709,
      "Avg True Meds": 19.901327,
      "DDI Rate": 0.079305
    },
    "0.5": {
      "Jaccard": 0.541794,
      "Avg Meds": 22.057215,
      "Avg True Meds": 19.901327,
      "DDI Rate": 0.079421
    },
    "0.55": {
      "Jaccard": 0.542066,
      "Avg Meds": 21.155888,
      "Avg True Meds": 19.901327,
      "DDI Rate": 0.079847
    },
    "0.6": {
      "Jaccard": 0.540154,
      "Avg Meds": 20.203152,
      "Avg True Meds": 19.901327,
      "DDI Rate": 0.079664
    },
    "0.65": {
      "Jaccard": 0.537227,
      "Avg Meds": 19.288557,
      "Avg True Meds": 19.901327,
      "DDI Rate": 0.079697
    },
    "0.7": {
      "Jaccard": 0.53296,
      "Avg Meds": 18.3466,
      "Avg True Meds": 19.901327,
      "DDI Rate": 0.079582
    },
    "0.75": {
      "Jaccard": 0.526906,
      "Avg Meds": 17.382256,
      "Avg True Meds": 19.901327,
      "DDI Rate": 0.078506
    }
  },
  "calibrated_threshold": 0.6,
  "calibrated_metrics": {
    "Jaccard": 0.540154,
    "Avg Meds": 20.203152,
    "Avg True Meds": 19.901327,
    "DDI Rate": 0.079664
  },
  "config": {
    "hidden_dim": 256,
    "use_notes": false,
    "use_labs": true,
    "use_copy": false,
    "fusion_strategy": "film",
    "lab_dim": 400,
    "pos_weight_cap": 5.0,
    "use_cosine_lr": false,
    "contrastive_weight": 0.0,
    "margin_loss_weight": 0.0,
    "alignment_loss_weight": 0.1,
    "alignment_start_epoch": 1,
    "alignment_ramp_epochs": 0
  }
}