{
  "seed": 456,
  "ablation": "full",
  "mimic_version": 3,
  "mimic4_full": false,
  "cohort_tag": "mimic3",
  "best_val_jaccard": 0.53859943151474,
  "test_metrics": {
    "Jaccard": 0.5355028510093689,
    "F1": 0.6900404095649719,
    "PRAUC": 0.7778530714859305,
    "DDI Rate": 0.07941475582286485,
    "Avg Meds": 23.25041389465332,
    "Avg True Meds": 19.90132713317871,
    "Precision": 0.6500237584114075,
    "Recall": 0.7635393738746643,
    "NHJ_new": 0.2827085687925941,
    "NHJ_dropped": 0.3462128011803878,
    "CVR": 0.0
  },
  "data_diagnostics": {
    "split_mode_requested": "hidr_vita",
    "require_cohort_split": false,
    "split_source": "hidr_vita_sequential",
    "split_seed_used": "n/a",
    "split_patient_counts": {
      "train": 4233,
      "val": 1059,
      "test": 1058
    },
    "split_example_counts": {
      "train": 6256,
      "val": 1220,
      "test": 1206
    },
    "ddi_density": 0.05261303581914269,
    "ddi_upper_pairs": 448,
    "ddi_total_pairs": 8515,
    "loaded_artifacts": {
      "records": "data/processed/records_final.pkl",
      "cohort": "data/processed/cohort_mimic3.pkl",
      "ddi": "data/processed/ddi_A_final.pkl",
      "ehr": "data/processed/ehr_adj_final.pkl",
      "embeddings": "data/embeddings/code_embeddings.pt",
      "labs": "data/processed/lab_vectors_200labs.pkl"
    }
  },
  "param_counts": {
    "visit_encoder": {
      "total": 4583681,
      "trainable": 1981697
    },
    "fusion": {
      "total": 423808,
      "trainable": 423808
    },
    "drug_gnn": {
      "total": 789792,
      "trainable": 789792
    },
    "predictor": {
      "total": 304454,
      "trainable": 304453
    },
    "model_total": {
      "total": 6364903,
      "trainable": 3762918
    }
  },
  "threshold_sweep": {
    "0.4": {
      "Jaccard": 0.530959,
      "Avg Meds": 24.883913,
      "Avg True Meds": 19.901327,
      "DDI Rate": 0.078745
    },
    "0.45": {
      "Jaccard": 0.533553,
      "Avg Meds": 24.026533,
      "Avg True Meds": 19.901327,
      "DDI Rate": 0.078968
    },
    "0.5": {
      "Jaccard": 0.535503,
      "Avg Meds": 23.250414,
      "Avg True Meds": 19.901327,
      "DDI Rate": 0.079415
    },
    "0.55": {
      "Jaccard": 0.537398,
      "Avg Meds": 22.483416,
      "Avg True Meds": 19.901327,
      "DDI Rate": 0.079334
    },
    "0.6": {
      "Jaccard": 0.539229,
      "Avg Meds": 21.711443,
      "Avg True Meds": 19.901327,
      "DDI Rate": 0.079374
    },
    "0.65": {
      "Jaccard": 0.538675,
      "Avg Meds": 20.903814,
      "Avg True Meds": 19.901327,
      "DDI Rate": 0.079742
    },
    "0.7": {
      "Jaccard": 0.536118,
      "Avg Meds": 20.11277,
      "Avg True Meds": 19.901327,
      "DDI Rate": 0.079879
    },
    "0.75": {
      "Jaccard": 0.535705,
      "Avg Meds": 19.212273,
      "Avg True Meds": 19.901327,
      "DDI Rate": 0.079984
    }
  },
  "calibrated_threshold": 0.7,
  "calibrated_metrics": {
    "Jaccard": 0.536118,
    "Avg Meds": 20.11277,
    "Avg True Meds": 19.901327,
    "DDI Rate": 0.079879
  },
  "config": {
    "hidden_dim": 256,
    "use_notes": false,
    "use_labs": true,
    "use_copy": false,
    "fusion_strategy": "film",
    "lab_dim": 400,
    "pos_weight_cap": 5.0,
    "use_cosine_lr": false,
    "contrastive_weight": 0.0,
    "margin_loss_weight": 0.0,
    "alignment_loss_weight": 0.1,
    "alignment_start_epoch": 1,
    "alignment_ramp_epochs": 0
  }
}