{
  "seed": 456,
  "ablation": "full",
  "mimic_version": 3,
  "mimic4_full": false,
  "cohort_tag": "mimic3",
  "best_val_jaccard": 0.5417188405990601,
  "test_metrics": {
    "Jaccard": 0.5404180288314819,
    "F1": 0.6939072012901306,
    "PRAUC": 0.7814832157869365,
    "DDI Rate": 0.07876637705355745,
    "Avg Meds": 22.48175811767578,
    "Avg True Meds": 19.90132713317871,
    "Precision": 0.6638564467430115,
    "Recall": 0.7504817843437195,
    "NHJ_new": 0.3048875269136931,
    "NHJ_dropped": 0.3949800619953557,
    "CVR": 0.0
  },
  "data_diagnostics": {
    "split_mode_requested": "hidr_vita",
    "require_cohort_split": false,
    "split_source": "hidr_vita_sequential",
    "split_seed_used": "n/a",
    "split_patient_counts": {
      "train": 4233,
      "val": 1059,
      "test": 1058
    },
    "split_example_counts": {
      "train": 6256,
      "val": 1220,
      "test": 1206
    },
    "ddi_density": 0.05261303581914269,
    "ddi_upper_pairs": 448,
    "ddi_total_pairs": 8515,
    "loaded_artifacts": {
      "records": "data/processed/records_final.pkl",
      "cohort": "data/processed/cohort_mimic3.pkl",
      "ddi": "data/processed/ddi_A_final.pkl",
      "ehr": "data/processed/ehr_adj_final.pkl",
      "embeddings": "data/embeddings/code_embeddings.pt",
      "notes": "data/processed/note_embeddings_mimic3.pkl",
      "labs": "data/processed/lab_vectors_200labs.pkl"
    }
  },
  "param_counts": {
    "visit_encoder": {
      "total": 3990529,
      "trainable": 1388545
    },
    "fusion": {
      "total": 423808,
      "trainable": 423808
    },
    "drug_gnn": {
      "total": 1974080,
      "trainable": 1974080
    },
    "predictor": {
      "total": 369990,
      "trainable": 369990
    },
    "model_total": {
      "total": 7021575,
      "trainable": 4419591
    }
  },
  "threshold_sweep": {
    "0.4": {
      "Jaccard": 0.534317,
      "Avg Meds": 24.402157,
      "Avg True Meds": 19.901327,
      "DDI Rate": 0.078633
    },
    "0.45": {
      "Jaccard": 0.538867,
      "Avg Meds": 23.420399,
      "Avg True Meds": 19.901327,
      "DDI Rate": 0.078493
    },
    "0.5": {
      "Jaccard": 0.540418,
      "Avg Meds": 22.481758,
      "Avg True Meds": 19.901327,
      "DDI Rate": 0.078766
    },
    "0.55": {
      "Jaccard": 0.540366,
      "Avg Meds": 21.626036,
      "Avg True Meds": 19.901327,
      "DDI Rate": 0.079186
    },
    "0.6": {
      "Jaccard": 0.54001,
      "Avg Meds": 20.720564,
      "Avg True Meds": 19.901327,
      "DDI Rate": 0.079094
    },
    "0.65": {
      "Jaccard": 0.538535,
      "Avg Meds": 19.859037,
      "Avg True Meds": 19.901327,
      "DDI Rate": 0.079253
    },
    "0.7": {
      "Jaccard": 0.535912,
      "Avg Meds": 18.976782,
      "Avg True Meds": 19.901327,
      "DDI Rate": 0.078635
    },
    "0.75": {
      "Jaccard": 0.533208,
      "Avg Meds": 18.056385,
      "Avg True Meds": 19.901327,
      "DDI Rate": 0.078583
    }
  },
  "calibrated_threshold": 0.65,
  "calibrated_metrics": {
    "Jaccard": 0.538535,
    "Avg Meds": 19.859037,
    "Avg True Meds": 19.901327,
    "DDI Rate": 0.079253
  },
  "config": {
    "hidden_dim": 256,
    "use_notes": true,
    "use_labs": true,
    "use_copy": false,
    "fusion_strategy": "film",
    "lab_dim": 400,
    "pos_weight_cap": 5.0,
    "use_cosine_lr": false,
    "contrastive_weight": 0.0,
    "margin_loss_weight": 0.0,
    "alignment_loss_weight": 0.1,
    "alignment_start_epoch": 1,
    "alignment_ramp_epochs": 0
  }
}