{
  "seed": 123,
  "ablation": "full",
  "mimic_version": 3,
  "mimic4_full": false,
  "cohort_tag": "mimic3",
  "best_val_jaccard": 0.49479320645332336,
  "test_metrics": {
    "Jaccard": 0.4939141869544983,
    "F1": 0.6528027057647705,
    "PRAUC": 0.7542866997689789,
    "DDI Rate": 0.08966095423412607,
    "Avg Meds": 25.06218910217285,
    "Avg True Meds": 19.90132713317871,
    "Precision": 0.5931903719902039,
    "Recall": 0.7572610378265381,
    "NHJ_new": 0.2773090051977258,
    "NHJ_dropped": 0.3706600744473307,
    "CVR": 0.0
  },
  "data_diagnostics": {
    "split_mode_requested": "hidr_vita",
    "require_cohort_split": false,
    "split_source": "hidr_vita_sequential",
    "split_seed_used": "n/a",
    "split_patient_counts": {
      "train": 4233,
      "val": 1059,
      "test": 1058
    },
    "split_example_counts": {
      "train": 6256,
      "val": 1220,
      "test": 1206
    },
    "ddi_density": 0.05261303581914269,
    "ddi_upper_pairs": 448,
    "ddi_total_pairs": 8515,
    "loaded_artifacts": {
      "records": "data/processed/records_final.pkl",
      "cohort": "data/processed/cohort_mimic3.pkl",
      "ddi": "data/processed/ddi_A_final.pkl",
      "ehr": "data/processed/ehr_adj_final.pkl",
      "embeddings": "data/embeddings/code_embeddings.pt",
      "notes": "data/processed/note_embeddings_mimic3.pkl"
    }
  },
  "param_counts": {
    "visit_encoder": {
      "total": 4583681,
      "trainable": 1981697
    },
    "fusion": {
      "total": 400512,
      "trainable": 400512
    },
    "drug_gnn": {
      "total": 1974080,
      "trainable": 1974080
    },
    "predictor": {
      "total": 627974,
      "trainable": 627972
    },
    "model_total": {
      "total": 7849415,
      "trainable": 5247429
    }
  },
  "threshold_sweep": {
    "0.4": {
      "Jaccard": 0.478464,
      "Avg Meds": 29.364843,
      "Avg True Meds": 19.901327,
      "DDI Rate": 0.088159
    },
    "0.45": {
      "Jaccard": 0.486668,
      "Avg Meds": 27.148424,
      "Avg True Meds": 19.901327,
      "DDI Rate": 0.089103
    },
    "0.5": {
      "Jaccard": 0.493914,
      "Avg Meds": 25.062189,
      "Avg True Meds": 19.901327,
      "DDI Rate": 0.089661
    },
    "0.55": {
      "Jaccard": 0.499389,
      "Avg Meds": 23.074627,
      "Avg True Meds": 19.901327,
      "DDI Rate": 0.090455
    },
    "0.6": {
      "Jaccard": 0.49984,
      "Avg Meds": 21.205639,
      "Avg True Meds": 19.901327,
      "DDI Rate": 0.090495
    },
    "0.65": {
      "Jaccard": 0.497151,
      "Avg Meds": 19.368988,
      "Avg True Meds": 19.901327,
      "DDI Rate": 0.090172
    },
    "0.7": {
      "Jaccard": 0.490924,
      "Avg Meds": 17.519072,
      "Avg True Meds": 19.901327,
      "DDI Rate": 0.089146
    },
    "0.75": {
      "Jaccard": 0.478285,
      "Avg Meds": 15.597015,
      "Avg True Meds": 19.901327,
      "DDI Rate": 0.086988
    }
  },
  "calibrated_threshold": 0.65,
  "calibrated_metrics": {
    "Jaccard": 0.497151,
    "Avg Meds": 19.368988,
    "Avg True Meds": 19.901327,
    "DDI Rate": 0.090172
  },
  "config": {
    "hidden_dim": 256,
    "use_notes": true,
    "use_labs": false,
    "use_copy": false,
    "fusion_strategy": "film",
    "lab_dim": 0,
    "pos_weight_cap": 5.0,
    "use_cosine_lr": false,
    "contrastive_weight": 0.0,
    "margin_loss_weight": 0.0,
    "alignment_loss_weight": 0.1,
    "alignment_start_epoch": 1,
    "alignment_ramp_epochs": 0
  }
}