{
  "seed": 42,
  "ablation": "full",
  "mimic_version": 3,
  "mimic4_full": false,
  "cohort_tag": "mimic3",
  "best_val_jaccard": 0.5648395419120789,
  "test_metrics": {
    "Jaccard": 0.5639314651489258,
    "F1": 0.7136369943618774,
    "PRAUC": 0.8006730351458438,
    "DDI Rate": 0.07867359813651033,
    "Avg Meds": 22.633499145507812,
    "Avg True Meds": 19.90132713317871,
    "Precision": 0.6799175143241882,
    "Recall": 0.7750996947288513,
    "NHJ_new": 0.2833086950214286,
    "NHJ_dropped": 0.2594244111525385,
    "CVR": 0.0
  },
  "data_diagnostics": {
    "split_mode_requested": "hidr_vita",
    "require_cohort_split": false,
    "split_source": "hidr_vita_sequential",
    "split_seed_used": "n/a",
    "split_patient_counts": {
      "train": 4233,
      "val": 1059,
      "test": 1058
    },
    "split_example_counts": {
      "train": 6256,
      "val": 1220,
      "test": 1206
    },
    "ddi_density": 0.05261303581914269,
    "ddi_upper_pairs": 448,
    "ddi_total_pairs": 8515,
    "loaded_artifacts": {
      "records": "data/processed/records_final.pkl",
      "cohort": "data/processed/cohort_mimic3.pkl",
      "ddi": "data/processed/ddi_A_final.pkl",
      "ehr": "data/processed/ehr_adj_final.pkl",
      "embeddings": "data/embeddings/code_embeddings.pt",
      "notes": "data/processed/note_embeddings_mimic3.pkl",
      "labs": "data/processed/lab_vectors_200labs.pkl"
    }
  },
  "param_counts": {
    "visit_encoder": {
      "total": 4583681,
      "trainable": 1981697
    },
    "fusion": {
      "total": 423808,
      "trainable": 423808
    },
    "drug_gnn": {
      "total": 1316608,
      "trainable": 1316608
    },
    "predictor": {
      "total": 559560,
      "trainable": 559560
    },
    "model_total": {
      "total": 7146825,
      "trainable": 4544841
    }
  },
  "threshold_sweep": {
    "0.4": {
      "Jaccard": 0.558645,
      "Avg Meds": 24.399668,
      "Avg True Meds": 19.901327,
      "DDI Rate": 0.079053
    },
    "0.45": {
      "Jaccard": 0.560932,
      "Avg Meds": 23.520729,
      "Avg True Meds": 19.901327,
      "DDI Rate": 0.079122
    },
    "0.5": {
      "Jaccard": 0.563931,
      "Avg Meds": 22.633499,
      "Avg True Meds": 19.901327,
      "DDI Rate": 0.078674
    },
    "0.55": {
      "Jaccard": 0.563637,
      "Avg Meds": 21.854893,
      "Avg True Meds": 19.901327,
      "DDI Rate": 0.078358
    },
    "0.6": {
      "Jaccard": 0.563874,
      "Avg Meds": 21.044777,
      "Avg True Meds": 19.901327,
      "DDI Rate": 0.078069
    },
    "0.65": {
      "Jaccard": 0.562976,
      "Avg Meds": 20.22471,
      "Avg True Meds": 19.901327,
      "DDI Rate": 0.07808
    },
    "0.7": {
      "Jaccard": 0.559463,
      "Avg Meds": 19.383085,
      "Avg True Meds": 19.901327,
      "DDI Rate": 0.077771
    },
    "0.75": {
      "Jaccard": 0.554826,
      "Avg Meds": 18.538143,
      "Avg True Meds": 19.901327,
      "DDI Rate": 0.07735
    }
  },
  "calibrated_threshold": 0.65,
  "calibrated_metrics": {
    "Jaccard": 0.562976,
    "Avg Meds": 20.22471,
    "Avg True Meds": 19.901327,
    "DDI Rate": 0.07808
  },
  "config": {
    "hidden_dim": 256,
    "use_notes": true,
    "use_labs": true,
    "use_copy": true,
    "fusion_strategy": "film",
    "lab_dim": 400,
    "pos_weight_cap": 5.0,
    "use_cosine_lr": false,
    "contrastive_weight": 0.0,
    "margin_loss_weight": 0.0,
    "alignment_loss_weight": 0.1,
    "alignment_start_epoch": 1,
    "alignment_ramp_epochs": 0
  }
}