{
  "seed": 456,
  "ablation": "full",
  "mimic_version": 3,
  "mimic4_full": false,
  "cohort_tag": "mimic3",
  "best_val_jaccard": 0.567387580871582,
  "test_metrics": {
    "Jaccard": 0.5638509392738342,
    "F1": 0.7137633562088013,
    "PRAUC": 0.8003173995288309,
    "DDI Rate": 0.07693673485693656,
    "Avg Meds": 22.9718074798584,
    "Avg True Meds": 19.90132713317871,
    "Precision": 0.6747008562088013,
    "Recall": 0.7815848588943481,
    "NHJ_new": 0.29424149033270386,
    "NHJ_dropped": 0.26600125745723124,
    "CVR": 0.0
  },
  "data_diagnostics": {
    "split_mode_requested": "hidr_vita",
    "require_cohort_split": false,
    "split_source": "hidr_vita_sequential",
    "split_seed_used": "n/a",
    "split_patient_counts": {
      "train": 4233,
      "val": 1059,
      "test": 1058
    },
    "split_example_counts": {
      "train": 6256,
      "val": 1220,
      "test": 1206
    },
    "ddi_density": 0.05261303581914269,
    "ddi_upper_pairs": 448,
    "ddi_total_pairs": 8515,
    "loaded_artifacts": {
      "records": "data/processed/records_final.pkl",
      "cohort": "data/processed/cohort_mimic3.pkl",
      "ddi": "data/processed/ddi_A_final.pkl",
      "ehr": "data/processed/ehr_adj_final.pkl",
      "embeddings": "data/embeddings/code_embeddings.pt",
      "notes": "data/processed/note_embeddings_mimic3.pkl",
      "labs": "data/processed/lab_vectors_200labs.pkl"
    }
  },
  "param_counts": {
    "visit_encoder": {
      "total": 4649474,
      "trainable": 2047490
    },
    "fusion": {
      "total": 423808,
      "trainable": 423808
    },
    "drug_gnn": {
      "total": 1151776,
      "trainable": 1151776
    },
    "predictor": {
      "total": 559560,
      "trainable": 559560
    },
    "model_total": {
      "total": 7047786,
      "trainable": 4445802
    }
  },
  "threshold_sweep": {
    "0.4": {
      "Jaccard": 0.559167,
      "Avg Meds": 24.524876,
      "Avg True Meds": 19.901327,
      "DDI Rate": 0.07744
    },
    "0.45": {
      "Jaccard": 0.561344,
      "Avg Meds": 23.759535,
      "Avg True Meds": 19.901327,
      "DDI Rate": 0.077184
    },
    "0.5": {
      "Jaccard": 0.563851,
      "Avg Meds": 22.971807,
      "Avg True Meds": 19.901327,
      "DDI Rate": 0.076937
    },
    "0.55": {
      "Jaccard": 0.565103,
      "Avg Meds": 22.25456,
      "Avg True Meds": 19.901327,
      "DDI Rate": 0.07678
    },
    "0.6": {
      "Jaccard": 0.564611,
      "Avg Meds": 21.557215,
      "Avg True Meds": 19.901327,
      "DDI Rate": 0.076389
    },
    "0.65": {
      "Jaccard": 0.563213,
      "Avg Meds": 20.791044,
      "Avg True Meds": 19.901327,
      "DDI Rate": 0.076397
    },
    "0.7": {
      "Jaccard": 0.56009,
      "Avg Meds": 20.053068,
      "Avg True Meds": 19.901327,
      "DDI Rate": 0.076338
    },
    "0.75": {
      "Jaccard": 0.558142,
      "Avg Meds": 19.216417,
      "Avg True Meds": 19.901327,
      "DDI Rate": 0.076408
    }
  },
  "calibrated_threshold": 0.7,
  "calibrated_metrics": {
    "Jaccard": 0.56009,
    "Avg Meds": 20.053068,
    "Avg True Meds": 19.901327,
    "DDI Rate": 0.076338
  },
  "config": {
    "hidden_dim": 256,
    "use_notes": true,
    "use_labs": true,
    "use_copy": true,
    "fusion_strategy": "film",
    "lab_dim": 400,
    "pos_weight_cap": 5.0,
    "use_cosine_lr": false,
    "contrastive_weight": 0.0,
    "margin_loss_weight": 0.0,
    "alignment_loss_weight": 0.1,
    "alignment_start_epoch": 1,
    "alignment_ramp_epochs": 0
  }
}