{
  "seed": 456,
  "ablation": "full",
  "mimic_version": 3,
  "mimic4_full": false,
  "cohort_tag": "mimic3",
  "best_val_jaccard": 0.5010946393013,
  "test_metrics": {
    "Jaccard": 0.5060142278671265,
    "F1": 0.6640185117721558,
    "PRAUC": 0.7567236322402857,
    "DDI Rate": 0.08273174510005628,
    "Avg Meds": 23.134328842163086,
    "Avg True Meds": 19.90132713317871,
    "Precision": 0.6333867907524109,
    "Recall": 0.7433403134346008,
    "NHJ_new": 0.24171658095560575,
    "NHJ_dropped": 0.29774987070184006,
    "CVR": 0.0
  },
  "data_diagnostics": {
    "split_mode_requested": "hidr_vita",
    "require_cohort_split": false,
    "split_source": "hidr_vita_sequential",
    "split_seed_used": "n/a",
    "split_patient_counts": {
      "train": 4233,
      "val": 1059,
      "test": 1058
    },
    "split_example_counts": {
      "train": 6256,
      "val": 1220,
      "test": 1206
    },
    "ddi_density": 0.05261303581914269,
    "ddi_upper_pairs": 448,
    "ddi_total_pairs": 8515,
    "loaded_artifacts": {
      "records": "data/processed/records_final.pkl",
      "cohort": "data/processed/cohort_mimic3.pkl",
      "ddi": "data/processed/ddi_A_final.pkl",
      "ehr": "data/processed/ehr_adj_final.pkl",
      "embeddings": "data/embeddings/code_embeddings.pt"
    }
  },
  "param_counts": {
    "visit_encoder": {
      "total": 4583681,
      "trainable": 1981697
    },
    "drug_gnn": {
      "total": 789792,
      "trainable": 789792
    },
    "predictor": {
      "total": 262406,
      "trainable": 262404
    },
    "model_total": {
      "total": 5899047,
      "trainable": 3297061
    }
  },
  "threshold_sweep": {
    "0.4": {
      "Jaccard": 0.502092,
      "Avg Meds": 25.522388,
      "Avg True Meds": 19.901327,
      "DDI Rate": 0.079545
    },
    "0.45": {
      "Jaccard": 0.504031,
      "Avg Meds": 24.267828,
      "Avg True Meds": 19.901327,
      "DDI Rate": 0.081029
    },
    "0.5": {
      "Jaccard": 0.506014,
      "Avg Meds": 23.134329,
      "Avg True Meds": 19.901327,
      "DDI Rate": 0.082732
    },
    "0.55": {
      "Jaccard": 0.506334,
      "Avg Meds": 22.004974,
      "Avg True Meds": 19.901327,
      "DDI Rate": 0.083741
    },
    "0.6": {
      "Jaccard": 0.505541,
      "Avg Meds": 20.943615,
      "Avg True Meds": 19.901327,
      "DDI Rate": 0.085249
    },
    "0.65": {
      "Jaccard": 0.502388,
      "Avg Meds": 19.885572,
      "Avg True Meds": 19.901327,
      "DDI Rate": 0.086497
    },
    "0.7": {
      "Jaccard": 0.500203,
      "Avg Meds": 18.82753,
      "Avg True Meds": 19.901327,
      "DDI Rate": 0.087372
    },
    "0.75": {
      "Jaccard": 0.495851,
      "Avg Meds": 17.670813,
      "Avg True Meds": 19.901327,
      "DDI Rate": 0.088324
    }
  },
  "calibrated_threshold": 0.65,
  "calibrated_metrics": {
    "Jaccard": 0.502388,
    "Avg Meds": 19.885572,
    "Avg True Meds": 19.901327,
    "DDI Rate": 0.086497
  },
  "config": {
    "hidden_dim": 256,
    "use_notes": false,
    "use_labs": false,
    "use_copy": false,
    "fusion_strategy": "film",
    "lab_dim": 0,
    "pos_weight_cap": 5.0,
    "use_cosine_lr": false,
    "contrastive_weight": 0.0,
    "margin_loss_weight": 0.0,
    "alignment_loss_weight": 0.1,
    "alignment_start_epoch": 1,
    "alignment_ramp_epochs": 0
  }
}