{
  "seed": 42,
  "ablation": "full",
  "mimic_version": 3,
  "mimic4_full": false,
  "cohort_tag": "mimic3",
  "best_val_jaccard": 0.5570472478866577,
  "test_metrics": {
    "Jaccard": 0.5601584315299988,
    "F1": 0.7104077339172363,
    "PRAUC": 0.7906959671629598,
    "DDI Rate": 0.0780284406535646,
    "Avg Meds": 21.977169036865234,
    "Avg True Meds": 19.807077407836914,
    "Precision": 0.681526243686676,
    "Recall": 0.7664313912391663,
    "NHJ_new": 0.29657910551343647,
    "NHJ_dropped": 0.3391652980021068,
    "CVR": 0.0
  },
  "data_diagnostics": {
    "split_mode_requested": "hidr_vita",
    "require_cohort_split": false,
    "split_source": "hidr_vita_sequential",
    "split_seed_used": "n/a",
    "split_patient_counts": {
      "train": 4233,
      "val": 1059,
      "test": 1058
    },
    "split_example_counts": {
      "train": 3707,
      "val": 859,
      "test": 876
    },
    "ddi_density": 0.05261303581914269,
    "ddi_upper_pairs": 448,
    "ddi_total_pairs": 8515,
    "loaded_artifacts": {
      "records": "data/processed/records_final.pkl",
      "cohort": "data/processed/cohort_mimic3.pkl",
      "ddi": "data/processed/ddi_A_final.pkl",
      "ehr": "data/processed/ehr_adj_final.pkl",
      "embeddings": "data/embeddings/code_embeddings.pt",
      "notes": "data/processed/note_embeddings_mimic3.pkl",
      "labs": "data/processed/lab_vectors_200labs.pkl"
    }
  },
  "param_counts": {
    "visit_encoder": {
      "total": 5108993,
      "trainable": 2507009
    },
    "fusion": {
      "total": 423808,
      "trainable": 423808
    },
    "drug_gnn": {
      "total": 395008,
      "trainable": 395008
    },
    "predictor": {
      "total": 1613513,
      "trainable": 1423943
    },
    "model_total": {
      "total": 7804490,
      "trainable": 5012936
    }
  },
  "threshold_sweep": {
    "0.4": {
      "Jaccard": 0.559717,
      "Avg Meds": 23.044521,
      "Avg True Meds": 19.807077,
      "DDI Rate": 0.077683
    },
    "0.45": {
      "Jaccard": 0.560792,
      "Avg Meds": 22.492008,
      "Avg True Meds": 19.807077,
      "DDI Rate": 0.078053
    },
    "0.5": {
      "Jaccard": 0.560158,
      "Avg Meds": 21.977169,
      "Avg True Meds": 19.807077,
      "DDI Rate": 0.078028
    },
    "0.55": {
      "Jaccard": 0.560008,
      "Avg Meds": 21.52968,
      "Avg True Meds": 19.807077,
      "DDI Rate": 0.078299
    },
    "0.6": {
      "Jaccard": 0.559683,
      "Avg Meds": 21.077625,
      "Avg True Meds": 19.807077,
      "DDI Rate": 0.078654
    },
    "0.65": {
      "Jaccard": 0.559043,
      "Avg Meds": 20.560503,
      "Avg True Meds": 19.807077,
      "DDI Rate": 0.078865
    },
    "0.7": {
      "Jaccard": 0.558811,
      "Avg Meds": 20.023973,
      "Avg True Meds": 19.807077,
      "DDI Rate": 0.079282
    },
    "0.75": {
      "Jaccard": 0.556801,
      "Avg Meds": 19.418949,
      "Avg True Meds": 19.807077,
      "DDI Rate": 0.079496
    }
  },
  "calibrated_threshold": 0.7,
  "calibrated_metrics": {
    "Jaccard": 0.558811,
    "Avg Meds": 20.023973,
    "Avg True Meds": 19.807077,
    "DDI Rate": 0.079282
  },
  "config": {
    "hidden_dim": 256,
    "use_notes": true,
    "use_labs": true,
    "use_copy": true,
    "fusion_strategy": "film",
    "lab_dim": 400,
    "pos_weight_cap": 5.0,
    "use_cosine_lr": true,
    "contrastive_weight": 0.0,
    "margin_loss_weight": 0.0,
    "alignment_loss_weight": 0.1,
    "alignment_start_epoch": 1,
    "alignment_ramp_epochs": 0
  }
}