{
  "seed": 123,
  "ablation": "full",
  "mimic_version": 3,
  "mimic4_full": false,
  "cohort_tag": "mimic3",
  "best_val_jaccard": 0.5446654558181763,
  "test_metrics": {
    "Jaccard": 0.5458043217658997,
    "F1": 0.6984429955482483,
    "PRAUC": 0.7822977694002332,
    "DDI Rate": 0.08959189435051287,
    "Avg Meds": 22.116914749145508,
    "Avg True Meds": 19.90132713317871,
    "Precision": 0.6758082509040833,
    "Recall": 0.7464436888694763,
    "NHJ_new": 0.2984140083978051,
    "NHJ_dropped": 0.4049729093124992,
    "CVR": 0.0
  },
  "data_diagnostics": {
    "split_mode_requested": "hidr_vita",
    "require_cohort_split": false,
    "split_source": "hidr_vita_sequential",
    "split_seed_used": "n/a",
    "split_patient_counts": {
      "train": 4233,
      "val": 1059,
      "test": 1058
    },
    "split_example_counts": {
      "train": 6256,
      "val": 1220,
      "test": 1206
    },
    "ddi_density": 0.05261303581914269,
    "ddi_upper_pairs": 448,
    "ddi_total_pairs": 8515,
    "loaded_artifacts": {
      "records": "data/processed/records_final.pkl",
      "cohort": "data/processed/cohort_mimic3.pkl",
      "ddi": "data/processed/ddi_A_final.pkl",
      "ehr": "data/processed/ehr_adj_final.pkl",
      "embeddings": "data/embeddings/code_embeddings.pt",
      "notes": "data/processed/note_embeddings_mimic3.pkl",
      "labs": "data/processed/lab_vectors_200labs.pkl"
    }
  },
  "param_counts": {
    "visit_encoder": {
      "total": 3731473,
      "trainable": 1129489
    },
    "fusion": {
      "total": 423808,
      "trainable": 423808
    },
    "drug_gnn": {
      "total": 1974080,
      "trainable": 1974080
    },
    "predictor": {
      "total": 369990,
      "trainable": 369990
    },
    "model_total": {
      "total": 6762519,
      "trainable": 4160535
    }
  },
  "threshold_sweep": {
    "0.4": {
      "Jaccard": 0.541614,
      "Avg Meds": 24.069653,
      "Avg True Meds": 19.901327,
      "DDI Rate": 0.088708
    },
    "0.45": {
      "Jaccard": 0.543641,
      "Avg Meds": 23.059702,
      "Avg True Meds": 19.901327,
      "DDI Rate": 0.089325
    },
    "0.5": {
      "Jaccard": 0.545804,
      "Avg Meds": 22.116915,
      "Avg True Meds": 19.901327,
      "DDI Rate": 0.089592
    },
    "0.55": {
      "Jaccard": 0.544673,
      "Avg Meds": 21.201492,
      "Avg True Meds": 19.901327,
      "DDI Rate": 0.090114
    },
    "0.6": {
      "Jaccard": 0.544472,
      "Avg Meds": 20.35821,
      "Avg True Meds": 19.901327,
      "DDI Rate": 0.090797
    },
    "0.65": {
      "Jaccard": 0.542324,
      "Avg Meds": 19.511608,
      "Avg True Meds": 19.901327,
      "DDI Rate": 0.091492
    },
    "0.7": {
      "Jaccard": 0.538437,
      "Avg Meds": 18.589552,
      "Avg True Meds": 19.901327,
      "DDI Rate": 0.092611
    },
    "0.75": {
      "Jaccard": 0.532224,
      "Avg Meds": 17.652571,
      "Avg True Meds": 19.901327,
      "DDI Rate": 0.093623
    }
  },
  "calibrated_threshold": 0.65,
  "calibrated_metrics": {
    "Jaccard": 0.542324,
    "Avg Meds": 19.511608,
    "Avg True Meds": 19.901327,
    "DDI Rate": 0.091492
  },
  "config": {
    "hidden_dim": 256,
    "use_notes": true,
    "use_labs": true,
    "use_copy": false,
    "fusion_strategy": "film",
    "lab_dim": 400,
    "pos_weight_cap": 5.0,
    "use_cosine_lr": false,
    "contrastive_weight": 0.0,
    "margin_loss_weight": 0.0,
    "alignment_loss_weight": 0.1,
    "alignment_start_epoch": 1,
    "alignment_ramp_epochs": 0
  }
}