{
  "seed": 42,
  "ablation": "full",
  "mimic_version": 3,
  "mimic4_full": false,
  "cohort_tag": "mimic3",
  "best_val_jaccard": 0.5533376932144165,
  "test_metrics": {
    "Jaccard": 0.5547135472297668,
    "F1": 0.7061980962753296,
    "PRAUC": 0.7919483626617769,
    "DDI Rate": 0.07706451225177288,
    "Avg Meds": 21.95356559753418,
    "Avg True Meds": 19.90132713317871,
    "Precision": 0.681150496006012,
    "Recall": 0.7557724714279175,
    "NHJ_new": 0.30228779425746516,
    "NHJ_dropped": 0.3754025964360488,
    "CVR": 0.0
  },
  "data_diagnostics": {
    "split_mode_requested": "hidr_vita",
    "require_cohort_split": false,
    "split_source": "hidr_vita_sequential",
    "split_seed_used": "n/a",
    "split_patient_counts": {
      "train": 4233,
      "val": 1059,
      "test": 1058
    },
    "split_example_counts": {
      "train": 6256,
      "val": 1220,
      "test": 1206
    },
    "ddi_density": 0.05261303581914269,
    "ddi_upper_pairs": 448,
    "ddi_total_pairs": 8515,
    "loaded_artifacts": {
      "records": "data/processed/records_final.pkl",
      "cohort": "data/processed/cohort_mimic3.pkl",
      "ddi": "data/processed/ddi_A_final.pkl",
      "ehr": "data/processed/ehr_adj_final.pkl",
      "embeddings": "data/embeddings/code_embeddings.pt",
      "notes": "data/processed/note_embeddings_mimic3.pkl",
      "labs": "data/processed/lab_vectors_200labs.pkl"
    }
  },
  "param_counts": {
    "visit_encoder": {
      "total": 3534609,
      "trainable": 932625
    },
    "fusion": {
      "total": 423808,
      "trainable": 423808
    },
    "drug_gnn": {
      "total": 1974080,
      "trainable": 1974080
    },
    "predictor": {
      "total": 369990,
      "trainable": 369990
    },
    "model_total": {
      "total": 6565655,
      "trainable": 3963671
    }
  },
  "threshold_sweep": {
    "0.4": {
      "Jaccard": 0.550819,
      "Avg Meds": 23.502487,
      "Avg True Meds": 19.901327,
      "DDI Rate": 0.076828
    },
    "0.45": {
      "Jaccard": 0.55346,
      "Avg Meds": 22.701492,
      "Avg True Meds": 19.901327,
      "DDI Rate": 0.077065
    },
    "0.5": {
      "Jaccard": 0.554714,
      "Avg Meds": 21.953566,
      "Avg True Meds": 19.901327,
      "DDI Rate": 0.077065
    },
    "0.55": {
      "Jaccard": 0.55435,
      "Avg Meds": 21.209784,
      "Avg True Meds": 19.901327,
      "DDI Rate": 0.077224
    },
    "0.6": {
      "Jaccard": 0.554233,
      "Avg Meds": 20.542288,
      "Avg True Meds": 19.901327,
      "DDI Rate": 0.077675
    },
    "0.65": {
      "Jaccard": 0.551439,
      "Avg Meds": 19.8267,
      "Avg True Meds": 19.901327,
      "DDI Rate": 0.077553
    },
    "0.7": {
      "Jaccard": 0.549652,
      "Avg Meds": 19.050581,
      "Avg True Meds": 19.901327,
      "DDI Rate": 0.077872
    },
    "0.75": {
      "Jaccard": 0.545087,
      "Avg Meds": 18.195688,
      "Avg True Meds": 19.901327,
      "DDI Rate": 0.078283
    }
  },
  "calibrated_threshold": 0.65,
  "calibrated_metrics": {
    "Jaccard": 0.551439,
    "Avg Meds": 19.8267,
    "Avg True Meds": 19.901327,
    "DDI Rate": 0.077553
  },
  "config": {
    "hidden_dim": 256,
    "use_notes": true,
    "use_labs": true,
    "use_copy": false,
    "fusion_strategy": "film",
    "lab_dim": 400,
    "pos_weight_cap": 5.0,
    "use_cosine_lr": false,
    "contrastive_weight": 0.0,
    "margin_loss_weight": 0.0,
    "alignment_loss_weight": 0.1,
    "alignment_start_epoch": 1,
    "alignment_ramp_epochs": 0
  }
}