{
  "seed": 123,
  "ablation": "full",
  "mimic_version": 3,
  "mimic4_full": false,
  "cohort_tag": "mimic3",
  "best_val_jaccard": 0.5540614724159241,
  "test_metrics": {
    "Jaccard": 0.5529590845108032,
    "F1": 0.7046850919723511,
    "PRAUC": 0.7927557185785045,
    "DDI Rate": 0.07987584472732988,
    "Avg Meds": 21.662521362304688,
    "Avg True Meds": 19.90132713317871,
    "Precision": 0.6874240040779114,
    "Recall": 0.7448670268058777,
    "NHJ_new": 0.3066369624514329,
    "NHJ_dropped": 0.40937109840543645,
    "CVR": 0.0
  },
  "data_diagnostics": {
    "split_mode_requested": "hidr_vita",
    "require_cohort_split": false,
    "split_source": "hidr_vita_sequential",
    "split_seed_used": "n/a",
    "split_patient_counts": {
      "train": 4233,
      "val": 1059,
      "test": 1058
    },
    "split_example_counts": {
      "train": 6256,
      "val": 1220,
      "test": 1206
    },
    "ddi_density": 0.05261303581914269,
    "ddi_upper_pairs": 448,
    "ddi_total_pairs": 8515,
    "loaded_artifacts": {
      "records": "data/processed/records_final.pkl",
      "cohort": "data/processed/cohort_mimic3.pkl",
      "ddi": "data/processed/ddi_A_final.pkl",
      "ehr": "data/processed/ehr_adj_final.pkl",
      "embeddings": "data/embeddings/code_embeddings.pt",
      "notes": "data/processed/note_embeddings_mimic3.pkl",
      "labs": "data/processed/lab_vectors_200labs.pkl"
    }
  },
  "param_counts": {
    "visit_encoder": {
      "total": 4583681,
      "trainable": 1981697
    },
    "fusion": {
      "total": 423808,
      "trainable": 423808
    },
    "drug_gnn": {
      "total": 1974080,
      "trainable": 1974080
    },
    "predictor": {
      "total": 369990,
      "trainable": 369990
    },
    "model_total": {
      "total": 7614727,
      "trainable": 5012743
    }
  },
  "threshold_sweep": {
    "0.4": {
      "Jaccard": 0.550575,
      "Avg Meds": 23.400497,
      "Avg True Meds": 19.901327,
      "DDI Rate": 0.078996
    },
    "0.45": {
      "Jaccard": 0.552967,
      "Avg Meds": 22.531509,
      "Avg True Meds": 19.901327,
      "DDI Rate": 0.079542
    },
    "0.5": {
      "Jaccard": 0.552959,
      "Avg Meds": 21.662521,
      "Avg True Meds": 19.901327,
      "DDI Rate": 0.079876
    },
    "0.55": {
      "Jaccard": 0.552429,
      "Avg Meds": 20.837479,
      "Avg True Meds": 19.901327,
      "DDI Rate": 0.08002
    },
    "0.6": {
      "Jaccard": 0.55041,
      "Avg Meds": 20.037313,
      "Avg True Meds": 19.901327,
      "DDI Rate": 0.080394
    },
    "0.65": {
      "Jaccard": 0.54749,
      "Avg Meds": 19.166666,
      "Avg True Meds": 19.901327,
      "DDI Rate": 0.080548
    },
    "0.7": {
      "Jaccard": 0.543501,
      "Avg Meds": 18.309286,
      "Avg True Meds": 19.901327,
      "DDI Rate": 0.080824
    },
    "0.75": {
      "Jaccard": 0.53784,
      "Avg Meds": 17.410448,
      "Avg True Meds": 19.901327,
      "DDI Rate": 0.081207
    }
  },
  "calibrated_threshold": 0.6,
  "calibrated_metrics": {
    "Jaccard": 0.55041,
    "Avg Meds": 20.037313,
    "Avg True Meds": 19.901327,
    "DDI Rate": 0.080394
  },
  "config": {
    "hidden_dim": 256,
    "use_notes": true,
    "use_labs": true,
    "use_copy": false,
    "fusion_strategy": "film",
    "lab_dim": 400,
    "pos_weight_cap": 5.0,
    "use_cosine_lr": false,
    "contrastive_weight": 0.0,
    "margin_loss_weight": 0.0,
    "alignment_loss_weight": 0.1,
    "alignment_start_epoch": 1,
    "alignment_ramp_epochs": 0
  }
}