{
  "seed": 123,
  "ablation": "full",
  "mimic_version": 3,
  "mimic4_full": false,
  "cohort_tag": "mimic3",
  "best_val_jaccard": 0.49341076612472534,
  "test_metrics": {
    "Jaccard": 0.4946036636829376,
    "F1": 0.6542933583259583,
    "PRAUC": 0.7501173005330237,
    "DDI Rate": 0.08378849721706864,
    "Avg Meds": 20.889719009399414,
    "Avg True Meds": 19.90132713317871,
    "Precision": 0.6554691195487976,
    "Recall": 0.6966281533241272,
    "NHJ_new": 0.22681325281921186,
    "NHJ_dropped": 0.3381713518970891,
    "CVR": 0.0
  },
  "data_diagnostics": {
    "split_mode_requested": "hidr_vita",
    "require_cohort_split": false,
    "split_source": "hidr_vita_sequential",
    "split_seed_used": "n/a",
    "split_patient_counts": {
      "train": 4233,
      "val": 1059,
      "test": 1058
    },
    "split_example_counts": {
      "train": 6256,
      "val": 1220,
      "test": 1206
    },
    "ddi_density": 0.05261303581914269,
    "ddi_upper_pairs": 448,
    "ddi_total_pairs": 8515,
    "loaded_artifacts": {
      "records": "data/processed/records_final.pkl",
      "cohort": "data/processed/cohort_mimic3.pkl",
      "ddi": "data/processed/ddi_A_final.pkl",
      "ehr": "data/processed/ehr_adj_final.pkl",
      "embeddings": "data/embeddings/code_embeddings.pt"
    }
  },
  "param_counts": {
    "visit_encoder": {
      "total": 3793665,
      "trainable": 1191681
    },
    "drug_gnn": {
      "total": 1974080,
      "trainable": 1974080
    },
    "predictor": {
      "total": 262406,
      "trainable": 262404
    },
    "model_total": {
      "total": 6293319,
      "trainable": 3691333
    }
  },
  "threshold_sweep": {
    "0.4": {
      "Jaccard": 0.492961,
      "Avg Meds": 23.637646,
      "Avg True Meds": 19.901327,
      "DDI Rate": 0.07985
    },
    "0.45": {
      "Jaccard": 0.495224,
      "Avg Meds": 22.185738,
      "Avg True Meds": 19.901327,
      "DDI Rate": 0.081755
    },
    "0.5": {
      "Jaccard": 0.494604,
      "Avg Meds": 20.889719,
      "Avg True Meds": 19.901327,
      "DDI Rate": 0.083788
    },
    "0.55": {
      "Jaccard": 0.492933,
      "Avg Meds": 19.610281,
      "Avg True Meds": 19.901327,
      "DDI Rate": 0.085342
    },
    "0.6": {
      "Jaccard": 0.487925,
      "Avg Meds": 18.338308,
      "Avg True Meds": 19.901327,
      "DDI Rate": 0.086943
    },
    "0.65": {
      "Jaccard": 0.482179,
      "Avg Meds": 17.090382,
      "Avg True Meds": 19.901327,
      "DDI Rate": 0.087648
    },
    "0.7": {
      "Jaccard": 0.473927,
      "Avg Meds": 15.864014,
      "Avg True Meds": 19.901327,
      "DDI Rate": 0.087632
    },
    "0.75": {
      "Jaccard": 0.463633,
      "Avg Meds": 14.62272,
      "Avg True Meds": 19.901327,
      "DDI Rate": 0.08755
    }
  },
  "calibrated_threshold": 0.55,
  "calibrated_metrics": {
    "Jaccard": 0.492933,
    "Avg Meds": 19.610281,
    "Avg True Meds": 19.901327,
    "DDI Rate": 0.085342
  },
  "config": {
    "hidden_dim": 256,
    "use_notes": false,
    "use_labs": false,
    "use_copy": false,
    "fusion_strategy": "film",
    "lab_dim": 0,
    "pos_weight_cap": 5.0,
    "use_cosine_lr": false,
    "contrastive_weight": 0.0,
    "margin_loss_weight": 0.0,
    "alignment_loss_weight": 0.1,
    "alignment_start_epoch": 1,
    "alignment_ramp_epochs": 0
  }
}