{
  "seed": 456,
  "ablation": "full",
  "mimic_version": 3,
  "mimic4_full": false,
  "cohort_tag": "mimic3",
  "best_val_jaccard": 0.5621277689933777,
  "test_metrics": {
    "Jaccard": 0.5592491030693054,
    "F1": 0.710016131401062,
    "PRAUC": 0.8008049730225718,
    "DDI Rate": 0.0802031743676306,
    "Avg Meds": 22.560531616210938,
    "Avg True Meds": 19.90132713317871,
    "Precision": 0.6753905415534973,
    "Recall": 0.7716080546379089,
    "NHJ_new": 0.29715357799279063,
    "NHJ_dropped": 0.34914164480410126,
    "CVR": 0.0
  },
  "data_diagnostics": {
    "split_mode_requested": "hidr_vita",
    "require_cohort_split": false,
    "split_source": "hidr_vita_sequential",
    "split_seed_used": "n/a",
    "split_patient_counts": {
      "train": 4233,
      "val": 1059,
      "test": 1058
    },
    "split_example_counts": {
      "train": 6256,
      "val": 1220,
      "test": 1206
    },
    "ddi_density": 0.05261303581914269,
    "ddi_upper_pairs": 448,
    "ddi_total_pairs": 8515,
    "loaded_artifacts": {
      "records": "data/processed/records_final.pkl",
      "cohort": "data/processed/cohort_mimic3.pkl",
      "ddi": "data/processed/ddi_A_final.pkl",
      "ehr": "data/processed/ehr_adj_final.pkl",
      "embeddings": "data/embeddings/code_embeddings.pt",
      "notes": "data/processed/note_embeddings_mimic3.pkl",
      "labs": "data/processed/lab_vectors_200labs.pkl"
    }
  },
  "param_counts": {
    "visit_encoder": {
      "total": 4583681,
      "trainable": 1981697
    },
    "fusion": {
      "total": 423808,
      "trainable": 423808
    },
    "drug_gnn": {
      "total": 1974080,
      "trainable": 1974080
    },
    "predictor": {
      "total": 1087433,
      "trainable": 897863
    },
    "model_total": {
      "total": 8332170,
      "trainable": 5540616
    }
  },
  "threshold_sweep": {
    "0.4": {
      "Jaccard": 0.556026,
      "Avg Meds": 24.01078,
      "Avg True Meds": 19.901327,
      "DDI Rate": 0.07908
    },
    "0.45": {
      "Jaccard": 0.558354,
      "Avg Meds": 23.282753,
      "Avg True Meds": 19.901327,
      "DDI Rate": 0.079553
    },
    "0.5": {
      "Jaccard": 0.559249,
      "Avg Meds": 22.560532,
      "Avg True Meds": 19.901327,
      "DDI Rate": 0.080203
    },
    "0.55": {
      "Jaccard": 0.561147,
      "Avg Meds": 21.834991,
      "Avg True Meds": 19.901327,
      "DDI Rate": 0.080573
    },
    "0.6": {
      "Jaccard": 0.561954,
      "Avg Meds": 21.150911,
      "Avg True Meds": 19.901327,
      "DDI Rate": 0.080831
    },
    "0.65": {
      "Jaccard": 0.561125,
      "Avg Meds": 20.495853,
      "Avg True Meds": 19.901327,
      "DDI Rate": 0.081644
    },
    "0.7": {
      "Jaccard": 0.561172,
      "Avg Meds": 19.779436,
      "Avg True Meds": 19.901327,
      "DDI Rate": 0.082254
    },
    "0.75": {
      "Jaccard": 0.560082,
      "Avg Meds": 18.987562,
      "Avg True Meds": 19.901327,
      "DDI Rate": 0.082945
    }
  },
  "calibrated_threshold": 0.7,
  "calibrated_metrics": {
    "Jaccard": 0.561172,
    "Avg Meds": 19.779436,
    "Avg True Meds": 19.901327,
    "DDI Rate": 0.082254
  },
  "config": {
    "hidden_dim": 256,
    "use_notes": true,
    "use_labs": true,
    "use_copy": true,
    "fusion_strategy": "film",
    "lab_dim": 400,
    "pos_weight_cap": 5.0,
    "use_cosine_lr": false,
    "contrastive_weight": 0.0,
    "margin_loss_weight": 0.0,
    "alignment_loss_weight": 0.1,
    "alignment_start_epoch": 1,
    "alignment_ramp_epochs": 0
  }
}