{
  "seed": 123,
  "ablation": "full",
  "mimic_version": 3,
  "mimic4_full": false,
  "cohort_tag": "mimic3",
  "best_val_jaccard": 0.5525676012039185,
  "test_metrics": {
    "Jaccard": 0.5490861535072327,
    "F1": 0.7013782858848572,
    "PRAUC": 0.7882031533891974,
    "DDI Rate": 0.08031177057959309,
    "Avg Meds": 22.121061325073242,
    "Avg True Meds": 19.90132713317871,
    "Precision": 0.6745164394378662,
    "Recall": 0.7524380683898926,
    "NHJ_new": 0.30398841829676376,
    "NHJ_dropped": 0.4033666692282024,
    "CVR": 0.0
  },
  "data_diagnostics": {
    "split_mode_requested": "hidr_vita",
    "require_cohort_split": false,
    "split_source": "hidr_vita_sequential",
    "split_seed_used": "n/a",
    "split_patient_counts": {
      "train": 4233,
      "val": 1059,
      "test": 1058
    },
    "split_example_counts": {
      "train": 6256,
      "val": 1220,
      "test": 1206
    },
    "ddi_density": 0.05261303581914269,
    "ddi_upper_pairs": 448,
    "ddi_total_pairs": 8515,
    "loaded_artifacts": {
      "records": "data/processed/records_final.pkl",
      "cohort": "data/processed/cohort_mimic3.pkl",
      "ddi": "data/processed/ddi_A_final.pkl",
      "ehr": "data/processed/ehr_adj_final.pkl",
      "embeddings": "data/embeddings/code_embeddings.pt",
      "notes": "data/processed/note_embeddings_mimic3.pkl",
      "labs": "data/processed/lab_vectors_200labs.pkl"
    }
  },
  "param_counts": {
    "visit_encoder": {
      "total": 4583681,
      "trainable": 1981697
    },
    "fusion": {
      "total": 423808,
      "trainable": 423808
    },
    "drug_gnn": {
      "total": 395008,
      "trainable": 395008
    },
    "predictor": {
      "total": 369990,
      "trainable": 369990
    },
    "model_total": {
      "total": 6035655,
      "trainable": 3433671
    }
  },
  "threshold_sweep": {
    "0.4": {
      "Jaccard": 0.545883,
      "Avg Meds": 23.758707,
      "Avg True Meds": 19.901327,
      "DDI Rate": 0.080209
    },
    "0.45": {
      "Jaccard": 0.548479,
      "Avg Meds": 22.936981,
      "Avg True Meds": 19.901327,
      "DDI Rate": 0.080283
    },
    "0.5": {
      "Jaccard": 0.549086,
      "Avg Meds": 22.121061,
      "Avg True Meds": 19.901327,
      "DDI Rate": 0.080312
    },
    "0.55": {
      "Jaccard": 0.549342,
      "Avg Meds": 21.330845,
      "Avg True Meds": 19.901327,
      "DDI Rate": 0.081056
    },
    "0.6": {
      "Jaccard": 0.54847,
      "Avg Meds": 20.577944,
      "Avg True Meds": 19.901327,
      "DDI Rate": 0.081429
    },
    "0.65": {
      "Jaccard": 0.546984,
      "Avg Meds": 19.822554,
      "Avg True Meds": 19.901327,
      "DDI Rate": 0.081775
    },
    "0.7": {
      "Jaccard": 0.544387,
      "Avg Meds": 19.004974,
      "Avg True Meds": 19.901327,
      "DDI Rate": 0.082427
    },
    "0.75": {
      "Jaccard": 0.540693,
      "Avg Meds": 18.174129,
      "Avg True Meds": 19.901327,
      "DDI Rate": 0.082486
    }
  },
  "calibrated_threshold": 0.65,
  "calibrated_metrics": {
    "Jaccard": 0.546984,
    "Avg Meds": 19.822554,
    "Avg True Meds": 19.901327,
    "DDI Rate": 0.081775
  },
  "config": {
    "hidden_dim": 256,
    "use_notes": true,
    "use_labs": true,
    "use_copy": false,
    "fusion_strategy": "film",
    "lab_dim": 400,
    "pos_weight_cap": 5.0,
    "use_cosine_lr": false,
    "contrastive_weight": 0.0,
    "margin_loss_weight": 0.0,
    "alignment_loss_weight": 0.1,
    "alignment_start_epoch": 1,
    "alignment_ramp_epochs": 0
  }
}