{
  "seed": 42,
  "ablation": "full",
  "mimic_version": 3,
  "mimic4_full": false,
  "cohort_tag": "mimic3",
  "best_val_jaccard": 0.5610167384147644,
  "test_metrics": {
    "Jaccard": 0.5552384257316589,
    "F1": 0.7064462900161743,
    "PRAUC": 0.7928254968361841,
    "DDI Rate": 0.07799989979457889,
    "Avg Meds": 21.687397003173828,
    "Avg True Meds": 19.90132713317871,
    "Precision": 0.6859245300292969,
    "Recall": 0.7526124715805054,
    "NHJ_new": 0.27119814722161545,
    "NHJ_dropped": 0.2980275012944874,
    "CVR": 0.0
  },
  "data_diagnostics": {
    "split_mode_requested": "hidr_vita",
    "require_cohort_split": false,
    "split_source": "hidr_vita_sequential",
    "split_seed_used": "n/a",
    "split_patient_counts": {
      "train": 4233,
      "val": 1059,
      "test": 1058
    },
    "split_example_counts": {
      "train": 6256,
      "val": 1220,
      "test": 1206
    },
    "ddi_density": 0.05261303581914269,
    "ddi_upper_pairs": 448,
    "ddi_total_pairs": 8515,
    "loaded_artifacts": {
      "records": "data/processed/records_final.pkl",
      "cohort": "data/processed/cohort_mimic3.pkl",
      "ddi": "data/processed/ddi_A_final.pkl",
      "ehr": "data/processed/ehr_adj_final.pkl",
      "embeddings": "data/embeddings/code_embeddings.pt",
      "notes": "data/processed/note_embeddings_mimic3.pkl",
      "labs": "data/processed/lab_vectors_200labs.pkl"
    }
  },
  "param_counts": {
    "visit_encoder": {
      "total": 3990529,
      "trainable": 1388545
    },
    "fusion": {
      "total": 423808,
      "trainable": 423808
    },
    "drug_gnn": {
      "total": 1974080,
      "trainable": 1974080
    },
    "predictor": {
      "total": 559560,
      "trainable": 559560
    },
    "model_total": {
      "total": 7211145,
      "trainable": 4609161
    }
  },
  "threshold_sweep": {
    "0.4": {
      "Jaccard": 0.554306,
      "Avg Meds": 23.118574,
      "Avg True Meds": 19.901327,
      "DDI Rate": 0.078371
    },
    "0.45": {
      "Jaccard": 0.555883,
      "Avg Meds": 22.364014,
      "Avg True Meds": 19.901327,
      "DDI Rate": 0.077888
    },
    "0.5": {
      "Jaccard": 0.555238,
      "Avg Meds": 21.687397,
      "Avg True Meds": 19.901327,
      "DDI Rate": 0.078
    },
    "0.55": {
      "Jaccard": 0.555164,
      "Avg Meds": 21.035656,
      "Avg True Meds": 19.901327,
      "DDI Rate": 0.077692
    },
    "0.6": {
      "Jaccard": 0.554641,
      "Avg Meds": 20.343283,
      "Avg True Meds": 19.901327,
      "DDI Rate": 0.077674
    },
    "0.65": {
      "Jaccard": 0.552544,
      "Avg Meds": 19.660862,
      "Avg True Meds": 19.901327,
      "DDI Rate": 0.078105
    },
    "0.7": {
      "Jaccard": 0.548591,
      "Avg Meds": 18.935324,
      "Avg True Meds": 19.901327,
      "DDI Rate": 0.07779
    },
    "0.75": {
      "Jaccard": 0.54495,
      "Avg Meds": 18.169155,
      "Avg True Meds": 19.901327,
      "DDI Rate": 0.076801
    }
  },
  "calibrated_threshold": 0.65,
  "calibrated_metrics": {
    "Jaccard": 0.552544,
    "Avg Meds": 19.660862,
    "Avg True Meds": 19.901327,
    "DDI Rate": 0.078105
  },
  "config": {
    "hidden_dim": 256,
    "use_notes": true,
    "use_labs": true,
    "use_copy": true,
    "fusion_strategy": "film",
    "lab_dim": 400,
    "pos_weight_cap": 5.0,
    "use_cosine_lr": false,
    "contrastive_weight": 0.0,
    "margin_loss_weight": 0.0,
    "alignment_loss_weight": 0.1,
    "alignment_start_epoch": 1,
    "alignment_ramp_epochs": 0
  }
}