{
  "seed": 42,
  "ablation": "full",
  "mimic_version": 3,
  "mimic4_full": false,
  "cohort_tag": "mimic3",
  "best_val_jaccard": 0.505343496799469,
  "test_metrics": {
    "Jaccard": 0.5033072233200073,
    "F1": 0.6577206254005432,
    "PRAUC": 0.7075580691308423,
    "DDI Rate": 0.07917968253335095,
    "Avg Meds": 24.050580978393555,
    "Avg True Meds": 19.90132713317871,
    "Precision": 0.6225624084472656,
    "Recall": 0.7314935922622681,
    "NHJ_new": 0.21139807999134064,
    "NHJ_dropped": 0.18900002382303538,
    "CVR": 0.0
  },
  "data_diagnostics": {
    "split_mode_requested": "hidr_vita",
    "require_cohort_split": false,
    "split_source": "hidr_vita_sequential",
    "split_seed_used": "n/a",
    "split_patient_counts": {
      "train": 4233,
      "val": 1059,
      "test": 1058
    },
    "split_example_counts": {
      "train": 6256,
      "val": 1220,
      "test": 1206
    },
    "ddi_density": 0.05261303581914269,
    "ddi_upper_pairs": 448,
    "ddi_total_pairs": 8515,
    "loaded_artifacts": {
      "records": "data/processed/records_final.pkl",
      "cohort": "data/processed/cohort_mimic3.pkl",
      "ddi": "data/processed/ddi_A_final.pkl",
      "ehr": "data/processed/ehr_adj_final.pkl",
      "embeddings": "data/embeddings/code_embeddings.pt",
      "notes": "data/processed/note_embeddings_mimic3.pkl",
      "labs": "data/processed/lab_vectors_200labs.pkl"
    }
  },
  "param_counts": {
    "visit_encoder": {
      "total": 4583681,
      "trainable": 1981697
    },
    "fusion": {
      "total": 423808,
      "trainable": 423808
    },
    "drug_gnn": {
      "total": 1974080,
      "trainable": 1974080
    },
    "predictor": {
      "total": 559560,
      "trainable": 559560
    },
    "model_total": {
      "total": 7804297,
      "trainable": 5202313
    }
  },
  "threshold_sweep": {
    "0.4": {
      "Jaccard": 0.493308,
      "Avg Meds": 28.930347,
      "Avg True Meds": 19.901327,
      "DDI Rate": 0.079769
    },
    "0.45": {
      "Jaccard": 0.500321,
      "Avg Meds": 26.369818,
      "Avg True Meds": 19.901327,
      "DDI Rate": 0.079196
    },
    "0.5": {
      "Jaccard": 0.503307,
      "Avg Meds": 24.050581,
      "Avg True Meds": 19.901327,
      "DDI Rate": 0.07918
    },
    "0.55": {
      "Jaccard": 0.496875,
      "Avg Meds": 21.85821,
      "Avg True Meds": 19.901327,
      "DDI Rate": 0.079981
    },
    "0.6": {
      "Jaccard": 0.482777,
      "Avg Meds": 19.747927,
      "Avg True Meds": 19.901327,
      "DDI Rate": 0.081129
    },
    "0.65": {
      "Jaccard": 0.461425,
      "Avg Meds": 17.679934,
      "Avg True Meds": 19.901327,
      "DDI Rate": 0.081819
    },
    "0.7": {
      "Jaccard": 0.427789,
      "Avg Meds": 15.486733,
      "Avg True Meds": 19.901327,
      "DDI Rate": 0.082788
    },
    "0.75": {
      "Jaccard": 0.384946,
      "Avg Meds": 13.192371,
      "Avg True Meds": 19.901327,
      "DDI Rate": 0.082147
    }
  },
  "calibrated_threshold": 0.6,
  "calibrated_metrics": {
    "Jaccard": 0.482777,
    "Avg Meds": 19.747927,
    "Avg True Meds": 19.901327,
    "DDI Rate": 0.081129
  },
  "config": {
    "hidden_dim": 256,
    "use_notes": true,
    "use_labs": true,
    "use_copy": true,
    "fusion_strategy": "film",
    "lab_dim": 400,
    "pos_weight_cap": 5.0,
    "use_cosine_lr": false,
    "contrastive_weight": 0.0,
    "margin_loss_weight": 0.0,
    "alignment_loss_weight": 0.1,
    "alignment_start_epoch": 1,
    "alignment_ramp_epochs": 0
  }
}