{
  "seed": 123,
  "ablation": "full",
  "mimic_version": 3,
  "mimic4_full": false,
  "cohort_tag": "mimic3",
  "best_val_jaccard": 0.5536686778068542,
  "test_metrics": {
    "Jaccard": 0.5486831068992615,
    "F1": 0.7010190486907959,
    "PRAUC": 0.7864139466798895,
    "DDI Rate": 0.07972968484369009,
    "Avg Meds": 22.67329978942871,
    "Avg True Meds": 19.90132713317871,
    "Precision": 0.667553722858429,
    "Recall": 0.7612290382385254,
    "NHJ_new": 0.30433191986460434,
    "NHJ_dropped": 0.3853586567075629,
    "CVR": 0.0
  },
  "data_diagnostics": {
    "split_mode_requested": "hidr_vita",
    "require_cohort_split": false,
    "split_source": "hidr_vita_sequential",
    "split_seed_used": "n/a",
    "split_patient_counts": {
      "train": 4233,
      "val": 1059,
      "test": 1058
    },
    "split_example_counts": {
      "train": 6256,
      "val": 1220,
      "test": 1206
    },
    "ddi_density": 0.05261303581914269,
    "ddi_upper_pairs": 448,
    "ddi_total_pairs": 8515,
    "loaded_artifacts": {
      "records": "data/processed/records_final.pkl",
      "cohort": "data/processed/cohort_mimic3.pkl",
      "ddi": "data/processed/ddi_A_final.pkl",
      "ehr": "data/processed/ehr_adj_final.pkl",
      "embeddings": "data/embeddings/code_embeddings.pt",
      "notes": "data/processed/note_embeddings_mimic3.pkl",
      "labs": "data/processed/lab_vectors_200labs.pkl"
    }
  },
  "param_counts": {
    "visit_encoder": {
      "total": 4583681,
      "trainable": 1981697
    },
    "fusion": {
      "total": 423808,
      "trainable": 423808
    },
    "drug_gnn": {
      "total": 1316608,
      "trainable": 1316608
    },
    "predictor": {
      "total": 369990,
      "trainable": 369990
    },
    "model_total": {
      "total": 6957255,
      "trainable": 4355271
    }
  },
  "threshold_sweep": {
    "0.4": {
      "Jaccard": 0.542983,
      "Avg Meds": 24.344112,
      "Avg True Meds": 19.901327,
      "DDI Rate": 0.079991
    },
    "0.45": {
      "Jaccard": 0.545852,
      "Avg Meds": 23.514925,
      "Avg True Meds": 19.901327,
      "DDI Rate": 0.079948
    },
    "0.5": {
      "Jaccard": 0.548683,
      "Avg Meds": 22.6733,
      "Avg True Meds": 19.901327,
      "DDI Rate": 0.07973
    },
    "0.55": {
      "Jaccard": 0.550557,
      "Avg Meds": 21.876451,
      "Avg True Meds": 19.901327,
      "DDI Rate": 0.079213
    },
    "0.6": {
      "Jaccard": 0.550452,
      "Avg Meds": 21.123549,
      "Avg True Meds": 19.901327,
      "DDI Rate": 0.079236
    },
    "0.65": {
      "Jaccard": 0.549554,
      "Avg Meds": 20.309286,
      "Avg True Meds": 19.901327,
      "DDI Rate": 0.07924
    },
    "0.7": {
      "Jaccard": 0.546387,
      "Avg Meds": 19.523218,
      "Avg True Meds": 19.901327,
      "DDI Rate": 0.079027
    },
    "0.75": {
      "Jaccard": 0.54281,
      "Avg Meds": 18.669983,
      "Avg True Meds": 19.901327,
      "DDI Rate": 0.079316
    }
  },
  "calibrated_threshold": 0.7,
  "calibrated_metrics": {
    "Jaccard": 0.546387,
    "Avg Meds": 19.523218,
    "Avg True Meds": 19.901327,
    "DDI Rate": 0.079027
  },
  "config": {
    "hidden_dim": 256,
    "use_notes": true,
    "use_labs": true,
    "use_copy": false,
    "fusion_strategy": "film",
    "lab_dim": 400,
    "pos_weight_cap": 5.0,
    "use_cosine_lr": false,
    "contrastive_weight": 0.0,
    "margin_loss_weight": 0.0,
    "alignment_loss_weight": 0.1,
    "alignment_start_epoch": 1,
    "alignment_ramp_epochs": 0
  }
}