{
  "seed": 42,
  "ablation": "full",
  "mimic_version": 3,
  "mimic4_full": false,
  "cohort_tag": "mimic3",
  "best_val_jaccard": 0.5666971206665039,
  "test_metrics": {
    "Jaccard": 0.5683273077011108,
    "F1": 0.7172838449478149,
    "PRAUC": 0.7933703104292626,
    "DDI Rate": 0.0805960133390853,
    "Avg Meds": 21.627695083618164,
    "Avg True Meds": 19.90132713317871,
    "Precision": 0.6935746669769287,
    "Recall": 0.765131950378418,
    "NHJ_new": 0.29867451990905564,
    "NHJ_dropped": 0.35635462089588765,
    "CVR": 0.0
  },
  "data_diagnostics": {
    "split_mode_requested": "hidr_vita",
    "require_cohort_split": false,
    "split_source": "hidr_vita_sequential",
    "split_seed_used": "n/a",
    "split_patient_counts": {
      "train": 4233,
      "val": 1059,
      "test": 1058
    },
    "split_example_counts": {
      "train": 6256,
      "val": 1220,
      "test": 1206
    },
    "ddi_density": 0.05261303581914269,
    "ddi_upper_pairs": 448,
    "ddi_total_pairs": 8515,
    "loaded_artifacts": {
      "records": "data/processed/records_final.pkl",
      "cohort": "data/processed/cohort_mimic3.pkl",
      "ddi": "data/processed/ddi_A_final.pkl",
      "ehr": "data/processed/ehr_adj_final.pkl",
      "embeddings": "data/embeddings/code_embeddings.pt",
      "notes": "data/processed/note_embeddings_mimic3.pkl",
      "labs": "data/processed/lab_vectors_200labs.pkl"
    }
  },
  "param_counts": {
    "visit_encoder": {
      "total": 5108993,
      "trainable": 2507009
    },
    "fusion": {
      "total": 423808,
      "trainable": 423808
    },
    "drug_gnn": {
      "total": 395008,
      "trainable": 395008
    },
    "predictor": {
      "total": 1613513,
      "trainable": 1423943
    },
    "model_total": {
      "total": 7804490,
      "trainable": 5012936
    }
  },
  "threshold_sweep": {
    "0.4": {
      "Jaccard": 0.566117,
      "Avg Meds": 22.61277,
      "Avg True Meds": 19.901327,
      "DDI Rate": 0.079931
    },
    "0.45": {
      "Jaccard": 0.567446,
      "Avg Meds": 22.108624,
      "Avg True Meds": 19.901327,
      "DDI Rate": 0.080172
    },
    "0.5": {
      "Jaccard": 0.568327,
      "Avg Meds": 21.627695,
      "Avg True Meds": 19.901327,
      "DDI Rate": 0.080596
    },
    "0.55": {
      "Jaccard": 0.56826,
      "Avg Meds": 21.135986,
      "Avg True Meds": 19.901327,
      "DDI Rate": 0.081112
    },
    "0.6": {
      "Jaccard": 0.567208,
      "Avg Meds": 20.638474,
      "Avg True Meds": 19.901327,
      "DDI Rate": 0.081421
    },
    "0.65": {
      "Jaccard": 0.565373,
      "Avg Meds": 20.123549,
      "Avg True Meds": 19.901327,
      "DDI Rate": 0.081793
    },
    "0.7": {
      "Jaccard": 0.563921,
      "Avg Meds": 19.603649,
      "Avg True Meds": 19.901327,
      "DDI Rate": 0.082561
    },
    "0.75": {
      "Jaccard": 0.560167,
      "Avg Meds": 19.018242,
      "Avg True Meds": 19.901327,
      "DDI Rate": 0.082703
    }
  },
  "calibrated_threshold": 0.65,
  "calibrated_metrics": {
    "Jaccard": 0.565373,
    "Avg Meds": 20.123549,
    "Avg True Meds": 19.901327,
    "DDI Rate": 0.081793
  },
  "config": {
    "hidden_dim": 256,
    "use_notes": true,
    "use_labs": true,
    "use_copy": true,
    "fusion_strategy": "film",
    "lab_dim": 400,
    "pos_weight_cap": 5.0,
    "use_cosine_lr": false,
    "contrastive_weight": 0.0,
    "margin_loss_weight": 0.0,
    "alignment_loss_weight": 0.1,
    "alignment_start_epoch": 1,
    "alignment_ramp_epochs": 0
  }
}