{
  "seed": 42,
  "ablation": "full",
  "mimic_version": 3,
  "mimic4_full": false,
  "cohort_tag": "mimic3",
  "best_val_jaccard": 0.5521078705787659,
  "test_metrics": {
    "Jaccard": 0.5505750775337219,
    "F1": 0.7028912305831909,
    "PRAUC": 0.7895756743192394,
    "DDI Rate": 0.08337887799389165,
    "Avg Meds": 22.180763244628906,
    "Avg True Meds": 19.90132713317871,
    "Precision": 0.673260509967804,
    "Recall": 0.756894052028656,
    "NHJ_new": 0.3094617426395416,
    "NHJ_dropped": 0.39768256952888087,
    "CVR": 0.0
  },
  "data_diagnostics": {
    "split_mode_requested": "hidr_vita",
    "require_cohort_split": false,
    "split_source": "hidr_vita_sequential",
    "split_seed_used": "n/a",
    "split_patient_counts": {
      "train": 4233,
      "val": 1059,
      "test": 1058
    },
    "split_example_counts": {
      "train": 6256,
      "val": 1220,
      "test": 1206
    },
    "ddi_density": 0.05261303581914269,
    "ddi_upper_pairs": 448,
    "ddi_total_pairs": 8515,
    "loaded_artifacts": {
      "records": "data/processed/records_final.pkl",
      "cohort": "data/processed/cohort_mimic3.pkl",
      "ddi": "data/processed/ddi_A_final.pkl",
      "ehr": "data/processed/ehr_adj_final.pkl",
      "embeddings": "data/embeddings/code_embeddings.pt",
      "notes": "data/processed/note_embeddings_mimic3.pkl",
      "labs": "data/processed/lab_vectors_200labs.pkl"
    }
  },
  "param_counts": {
    "visit_encoder": {
      "total": 4583681,
      "trainable": 1981697
    },
    "fusion": {
      "total": 423808,
      "trainable": 423808
    },
    "drug_gnn": {
      "total": 1974080,
      "trainable": 1974080
    },
    "predictor": {
      "total": 369990,
      "trainable": 369990
    },
    "model_total": {
      "total": 7614727,
      "trainable": 5012743
    }
  },
  "threshold_sweep": {
    "0.4": {
      "Jaccard": 0.545471,
      "Avg Meds": 23.920399,
      "Avg True Meds": 19.901327,
      "DDI Rate": 0.082784
    },
    "0.45": {
      "Jaccard": 0.548131,
      "Avg Meds": 23.00083,
      "Avg True Meds": 19.901327,
      "DDI Rate": 0.082934
    },
    "0.5": {
      "Jaccard": 0.550575,
      "Avg Meds": 22.180763,
      "Avg True Meds": 19.901327,
      "DDI Rate": 0.083379
    },
    "0.55": {
      "Jaccard": 0.551235,
      "Avg Meds": 21.345772,
      "Avg True Meds": 19.901327,
      "DDI Rate": 0.083122
    },
    "0.6": {
      "Jaccard": 0.550802,
      "Avg Meds": 20.464344,
      "Avg True Meds": 19.901327,
      "DDI Rate": 0.083654
    },
    "0.65": {
      "Jaccard": 0.549765,
      "Avg Meds": 19.648424,
      "Avg True Meds": 19.901327,
      "DDI Rate": 0.083684
    },
    "0.7": {
      "Jaccard": 0.546924,
      "Avg Meds": 18.807629,
      "Avg True Meds": 19.901327,
      "DDI Rate": 0.084094
    },
    "0.75": {
      "Jaccard": 0.544479,
      "Avg Meds": 17.938641,
      "Avg True Meds": 19.901327,
      "DDI Rate": 0.084239
    }
  },
  "calibrated_threshold": 0.65,
  "calibrated_metrics": {
    "Jaccard": 0.549765,
    "Avg Meds": 19.648424,
    "Avg True Meds": 19.901327,
    "DDI Rate": 0.083684
  },
  "config": {
    "hidden_dim": 256,
    "use_notes": true,
    "use_labs": true,
    "use_copy": false,
    "fusion_strategy": "film",
    "lab_dim": 400,
    "pos_weight_cap": 5.0,
    "use_cosine_lr": false,
    "contrastive_weight": 0.0,
    "margin_loss_weight": 0.0,
    "alignment_loss_weight": 0.1,
    "alignment_start_epoch": 1,
    "alignment_ramp_epochs": 0
  }
}