{
  "seed": 456,
  "ablation": "full",
  "mimic_version": 3,
  "mimic4_full": false,
  "cohort_tag": "mimic3",
  "best_val_jaccard": 0.5045444965362549,
  "test_metrics": {
    "Jaccard": 0.5051125884056091,
    "F1": 0.6633632779121399,
    "PRAUC": 0.7566312315299304,
    "DDI Rate": 0.08311678006784233,
    "Avg Meds": 23.78772735595703,
    "Avg True Meds": 19.90132713317871,
    "Precision": 0.6264248490333557,
    "Recall": 0.7522388696670532,
    "NHJ_new": 0.24516302425610392,
    "NHJ_dropped": 0.28750526591351155,
    "CVR": 0.0
  },
  "data_diagnostics": {
    "split_mode_requested": "hidr_vita",
    "require_cohort_split": false,
    "split_source": "hidr_vita_sequential",
    "split_seed_used": "n/a",
    "split_patient_counts": {
      "train": 4233,
      "val": 1059,
      "test": 1058
    },
    "split_example_counts": {
      "train": 6256,
      "val": 1220,
      "test": 1206
    },
    "ddi_density": 0.05261303581914269,
    "ddi_upper_pairs": 448,
    "ddi_total_pairs": 8515,
    "loaded_artifacts": {
      "records": "data/processed/records_final.pkl",
      "cohort": "data/processed/cohort_mimic3.pkl",
      "ddi": "data/processed/ddi_A_final.pkl",
      "ehr": "data/processed/ehr_adj_final.pkl",
      "embeddings": "data/embeddings/code_embeddings.pt"
    }
  },
  "param_counts": {
    "visit_encoder": {
      "total": 4583681,
      "trainable": 1981697
    },
    "drug_gnn": {
      "total": 1316608,
      "trainable": 1316608
    },
    "predictor": {
      "total": 262406,
      "trainable": 262404
    },
    "model_total": {
      "total": 6425863,
      "trainable": 3823877
    }
  },
  "threshold_sweep": {
    "0.4": {
      "Jaccard": 0.49839,
      "Avg Meds": 26.28607,
      "Avg True Meds": 19.901327,
      "DDI Rate": 0.079703
    },
    "0.45": {
      "Jaccard": 0.502503,
      "Avg Meds": 25.018242,
      "Avg True Meds": 19.901327,
      "DDI Rate": 0.080953
    },
    "0.5": {
      "Jaccard": 0.505113,
      "Avg Meds": 23.787727,
      "Avg True Meds": 19.901327,
      "DDI Rate": 0.083117
    },
    "0.55": {
      "Jaccard": 0.507045,
      "Avg Meds": 22.616087,
      "Avg True Meds": 19.901327,
      "DDI Rate": 0.08478
    },
    "0.6": {
      "Jaccard": 0.507341,
      "Avg Meds": 21.470978,
      "Avg True Meds": 19.901327,
      "DDI Rate": 0.086129
    },
    "0.65": {
      "Jaccard": 0.50625,
      "Avg Meds": 20.340796,
      "Avg True Meds": 19.901327,
      "DDI Rate": 0.087475
    },
    "0.7": {
      "Jaccard": 0.504198,
      "Avg Meds": 19.256218,
      "Avg True Meds": 19.901327,
      "DDI Rate": 0.088975
    },
    "0.75": {
      "Jaccard": 0.498749,
      "Avg Meds": 18.094528,
      "Avg True Meds": 19.901327,
      "DDI Rate": 0.090614
    }
  },
  "calibrated_threshold": 0.65,
  "calibrated_metrics": {
    "Jaccard": 0.50625,
    "Avg Meds": 20.340796,
    "Avg True Meds": 19.901327,
    "DDI Rate": 0.087475
  },
  "config": {
    "hidden_dim": 256,
    "use_notes": false,
    "use_labs": false,
    "use_copy": false,
    "fusion_strategy": "film",
    "lab_dim": 0,
    "pos_weight_cap": 5.0,
    "use_cosine_lr": false,
    "contrastive_weight": 0.0,
    "margin_loss_weight": 0.0,
    "alignment_loss_weight": 0.1,
    "alignment_start_epoch": 1,
    "alignment_ramp_epochs": 0
  }
}