{
  "seed": 456,
  "ablation": "full",
  "mimic_version": 3,
  "mimic4_full": false,
  "cohort_tag": "mimic3",
  "best_val_jaccard": 0.5534341931343079,
  "test_metrics": {
    "Jaccard": 0.5502608418464661,
    "F1": 0.7025908827781677,
    "PRAUC": 0.7947080085528748,
    "DDI Rate": 0.07809676771732584,
    "Avg Meds": 22.427860260009766,
    "Avg True Meds": 19.90132713317871,
    "Precision": 0.6741781830787659,
    "Recall": 0.7565954923629761,
    "NHJ_new": 0.3053992343576331,
    "NHJ_dropped": 0.3951727371466787,
    "CVR": 0.0
  },
  "data_diagnostics": {
    "split_mode_requested": "hidr_vita",
    "require_cohort_split": false,
    "split_source": "hidr_vita_sequential",
    "split_seed_used": "n/a",
    "split_patient_counts": {
      "train": 4233,
      "val": 1059,
      "test": 1058
    },
    "split_example_counts": {
      "train": 6256,
      "val": 1220,
      "test": 1206
    },
    "ddi_density": 0.05261303581914269,
    "ddi_upper_pairs": 448,
    "ddi_total_pairs": 8515,
    "loaded_artifacts": {
      "records": "data/processed/records_final.pkl",
      "cohort": "data/processed/cohort_mimic3.pkl",
      "ddi": "data/processed/ddi_A_final.pkl",
      "ehr": "data/processed/ehr_adj_final.pkl",
      "embeddings": "data/embeddings/code_embeddings.pt",
      "notes": "data/processed/note_embeddings_mimic3.pkl",
      "labs": "data/processed/lab_vectors_200labs.pkl"
    }
  },
  "param_counts": {
    "visit_encoder": {
      "total": 4583681,
      "trainable": 1981697
    },
    "fusion": {
      "total": 423808,
      "trainable": 423808
    },
    "drug_gnn": {
      "total": 395008,
      "trainable": 395008
    },
    "predictor": {
      "total": 369990,
      "trainable": 369990
    },
    "model_total": {
      "total": 6035655,
      "trainable": 3433671
    }
  },
  "threshold_sweep": {
    "0.4": {
      "Jaccard": 0.545729,
      "Avg Meds": 24.277779,
      "Avg True Meds": 19.901327,
      "DDI Rate": 0.077594
    },
    "0.45": {
      "Jaccard": 0.548948,
      "Avg Meds": 23.307629,
      "Avg True Meds": 19.901327,
      "DDI Rate": 0.077709
    },
    "0.5": {
      "Jaccard": 0.550261,
      "Avg Meds": 22.42786,
      "Avg True Meds": 19.901327,
      "DDI Rate": 0.078097
    },
    "0.55": {
      "Jaccard": 0.552404,
      "Avg Meds": 21.592869,
      "Avg True Meds": 19.901327,
      "DDI Rate": 0.078139
    },
    "0.6": {
      "Jaccard": 0.552295,
      "Avg Meds": 20.796021,
      "Avg True Meds": 19.901327,
      "DDI Rate": 0.07806
    },
    "0.65": {
      "Jaccard": 0.551071,
      "Avg Meds": 19.956053,
      "Avg True Meds": 19.901327,
      "DDI Rate": 0.078332
    },
    "0.7": {
      "Jaccard": 0.548193,
      "Avg Meds": 19.081261,
      "Avg True Meds": 19.901327,
      "DDI Rate": 0.07838
    },
    "0.75": {
      "Jaccard": 0.542914,
      "Avg Meds": 18.157545,
      "Avg True Meds": 19.901327,
      "DDI Rate": 0.078313
    }
  },
  "calibrated_threshold": 0.65,
  "calibrated_metrics": {
    "Jaccard": 0.551071,
    "Avg Meds": 19.956053,
    "Avg True Meds": 19.901327,
    "DDI Rate": 0.078332
  },
  "config": {
    "hidden_dim": 256,
    "use_notes": true,
    "use_labs": true,
    "use_copy": false,
    "fusion_strategy": "film",
    "lab_dim": 400,
    "pos_weight_cap": 5.0,
    "use_cosine_lr": false,
    "contrastive_weight": 0.0,
    "margin_loss_weight": 0.0,
    "alignment_loss_weight": 0.1,
    "alignment_start_epoch": 1,
    "alignment_ramp_epochs": 0
  }
}