{
  "seed": 42,
  "ablation": "full",
  "mimic_version": 3,
  "mimic4_full": false,
  "cohort_tag": "mimic3",
  "best_val_jaccard": 0.566723108291626,
  "test_metrics": {
    "Jaccard": 0.5634353756904602,
    "F1": 0.7134795784950256,
    "PRAUC": 0.7975463008852767,
    "DDI Rate": 0.07904624371883924,
    "Avg Meds": 21.859037399291992,
    "Avg True Meds": 19.90132713317871,
    "Precision": 0.6895198225975037,
    "Recall": 0.7618662714958191,
    "NHJ_new": 0.2773338964110927,
    "NHJ_dropped": 0.29065783792420435,
    "CVR": 0.0
  },
  "data_diagnostics": {
    "split_mode_requested": "hidr_vita",
    "require_cohort_split": false,
    "split_source": "hidr_vita_sequential",
    "split_seed_used": "n/a",
    "split_patient_counts": {
      "train": 4233,
      "val": 1059,
      "test": 1058
    },
    "split_example_counts": {
      "train": 6256,
      "val": 1220,
      "test": 1206
    },
    "ddi_density": 0.05261303581914269,
    "ddi_upper_pairs": 448,
    "ddi_total_pairs": 8515,
    "loaded_artifacts": {
      "records": "data/processed/records_final.pkl",
      "cohort": "data/processed/cohort_mimic3.pkl",
      "ddi": "data/processed/ddi_A_final.pkl",
      "ehr": "data/processed/ehr_adj_final.pkl",
      "embeddings": "data/embeddings/code_embeddings.pt",
      "notes": "data/processed/note_embeddings_mimic3.pkl",
      "labs": "data/processed/lab_vectors_200labs.pkl"
    }
  },
  "param_counts": {
    "visit_encoder": {
      "total": 4583681,
      "trainable": 1981697
    },
    "fusion": {
      "total": 423808,
      "trainable": 423808
    },
    "drug_gnn": {
      "total": 789792,
      "trainable": 789792
    },
    "predictor": {
      "total": 559560,
      "trainable": 559560
    },
    "model_total": {
      "total": 6620009,
      "trainable": 4018025
    }
  },
  "threshold_sweep": {
    "0.4": {
      "Jaccard": 0.562147,
      "Avg Meds": 23.525705,
      "Avg True Meds": 19.901327,
      "DDI Rate": 0.07985
    },
    "0.45": {
      "Jaccard": 0.563325,
      "Avg Meds": 22.654228,
      "Avg True Meds": 19.901327,
      "DDI Rate": 0.079505
    },
    "0.5": {
      "Jaccard": 0.563435,
      "Avg Meds": 21.859037,
      "Avg True Meds": 19.901327,
      "DDI Rate": 0.079046
    },
    "0.55": {
      "Jaccard": 0.563975,
      "Avg Meds": 21.11277,
      "Avg True Meds": 19.901327,
      "DDI Rate": 0.078728
    },
    "0.6": {
      "Jaccard": 0.562728,
      "Avg Meds": 20.393864,
      "Avg True Meds": 19.901327,
      "DDI Rate": 0.078288
    },
    "0.65": {
      "Jaccard": 0.559597,
      "Avg Meds": 19.662521,
      "Avg True Meds": 19.901327,
      "DDI Rate": 0.078419
    },
    "0.7": {
      "Jaccard": 0.556528,
      "Avg Meds": 18.886402,
      "Avg True Meds": 19.901327,
      "DDI Rate": 0.078552
    },
    "0.75": {
      "Jaccard": 0.550948,
      "Avg Meds": 18.048094,
      "Avg True Meds": 19.901327,
      "DDI Rate": 0.078348
    }
  },
  "calibrated_threshold": 0.65,
  "calibrated_metrics": {
    "Jaccard": 0.559597,
    "Avg Meds": 19.662521,
    "Avg True Meds": 19.901327,
    "DDI Rate": 0.078419
  },
  "config": {
    "hidden_dim": 256,
    "use_notes": true,
    "use_labs": true,
    "use_copy": true,
    "fusion_strategy": "film",
    "lab_dim": 400,
    "pos_weight_cap": 5.0,
    "use_cosine_lr": false,
    "contrastive_weight": 0.0,
    "margin_loss_weight": 0.0,
    "alignment_loss_weight": 0.1,
    "alignment_start_epoch": 1,
    "alignment_ramp_epochs": 0
  }
}