{
  "seed": 42,
  "ablation": "full",
  "mimic_version": 3,
  "mimic4_full": false,
  "cohort_tag": "mimic3",
  "best_val_jaccard": 0.5392953753471375,
  "test_metrics": {
    "Jaccard": 0.5393563508987427,
    "F1": 0.6933842897415161,
    "PRAUC": 0.778328493526934,
    "DDI Rate": 0.08202459851750571,
    "Avg Meds": 22.176616668701172,
    "Avg True Meds": 19.90132713317871,
    "Precision": 0.6694015264511108,
    "Recall": 0.7471184134483337,
    "NHJ_new": 0.28701062814185496,
    "NHJ_dropped": 0.3676493967834272,
    "CVR": 0.0
  },
  "data_diagnostics": {
    "split_mode_requested": "hidr_vita",
    "require_cohort_split": false,
    "split_source": "hidr_vita_sequential",
    "split_seed_used": "n/a",
    "split_patient_counts": {
      "train": 4233,
      "val": 1059,
      "test": 1058
    },
    "split_example_counts": {
      "train": 6256,
      "val": 1220,
      "test": 1206
    },
    "ddi_density": 0.05261303581914269,
    "ddi_upper_pairs": 448,
    "ddi_total_pairs": 8515,
    "loaded_artifacts": {
      "records": "data/processed/records_final.pkl",
      "cohort": "data/processed/cohort_mimic3.pkl",
      "ddi": "data/processed/ddi_A_final.pkl",
      "ehr": "data/processed/ehr_adj_final.pkl",
      "embeddings": "data/embeddings/code_embeddings.pt",
      "labs": "data/processed/lab_vectors_200labs.pkl"
    }
  },
  "param_counts": {
    "visit_encoder": {
      "total": 4583681,
      "trainable": 1981697
    },
    "fusion": {
      "total": 423808,
      "trainable": 423808
    },
    "drug_gnn": {
      "total": 1974080,
      "trainable": 1974080
    },
    "predictor": {
      "total": 699718,
      "trainable": 699717
    },
    "model_total": {
      "total": 7944455,
      "trainable": 5342470
    }
  },
  "threshold_sweep": {
    "0.4": {
      "Jaccard": 0.535543,
      "Avg Meds": 23.942785,
      "Avg True Meds": 19.901327,
      "DDI Rate": 0.081245
    },
    "0.45": {
      "Jaccard": 0.537933,
      "Avg Meds": 23.020729,
      "Avg True Meds": 19.901327,
      "DDI Rate": 0.081692
    },
    "0.5": {
      "Jaccard": 0.539356,
      "Avg Meds": 22.176617,
      "Avg True Meds": 19.901327,
      "DDI Rate": 0.082025
    },
    "0.55": {
      "Jaccard": 0.539166,
      "Avg Meds": 21.368988,
      "Avg True Meds": 19.901327,
      "DDI Rate": 0.082594
    },
    "0.6": {
      "Jaccard": 0.538557,
      "Avg Meds": 20.566336,
      "Avg True Meds": 19.901327,
      "DDI Rate": 0.082949
    },
    "0.65": {
      "Jaccard": 0.537525,
      "Avg Meds": 19.776119,
      "Avg True Meds": 19.901327,
      "DDI Rate": 0.083751
    },
    "0.7": {
      "Jaccard": 0.534757,
      "Avg Meds": 18.947762,
      "Avg True Meds": 19.901327,
      "DDI Rate": 0.084433
    },
    "0.75": {
      "Jaccard": 0.529309,
      "Avg Meds": 18.079601,
      "Avg True Meds": 19.901327,
      "DDI Rate": 0.084657
    }
  },
  "calibrated_threshold": 0.65,
  "calibrated_metrics": {
    "Jaccard": 0.537525,
    "Avg Meds": 19.776119,
    "Avg True Meds": 19.901327,
    "DDI Rate": 0.083751
  },
  "config": {
    "hidden_dim": 256,
    "use_notes": false,
    "use_labs": true,
    "use_copy": false,
    "fusion_strategy": "film",
    "lab_dim": 400,
    "pos_weight_cap": 5.0,
    "use_cosine_lr": false,
    "contrastive_weight": 0.0,
    "margin_loss_weight": 0.0,
    "alignment_loss_weight": 0.1,
    "alignment_start_epoch": 1,
    "alignment_ramp_epochs": 0
  }
}