{
  "seed": 123,
  "ablation": "full",
  "mimic_version": 3,
  "mimic4_full": false,
  "cohort_tag": "mimic3",
  "best_val_jaccard": 0.5417404770851135,
  "test_metrics": {
    "Jaccard": 0.5408762693405151,
    "F1": 0.6944594383239746,
    "PRAUC": 0.7836655160619785,
    "DDI Rate": 0.07807000418351695,
    "Avg Meds": 23.8242130279541,
    "Avg True Meds": 19.90132713317871,
    "Precision": 0.6460332870483398,
    "Recall": 0.7774850726127625,
    "NHJ_new": 0.29734349956637934,
    "NHJ_dropped": 0.3497600178969534,
    "CVR": 0.0
  },
  "data_diagnostics": {
    "split_mode_requested": "hidr_vita",
    "require_cohort_split": false,
    "split_source": "hidr_vita_sequential",
    "split_seed_used": "n/a",
    "split_patient_counts": {
      "train": 4233,
      "val": 1059,
      "test": 1058
    },
    "split_example_counts": {
      "train": 6256,
      "val": 1220,
      "test": 1206
    },
    "ddi_density": 0.05261303581914269,
    "ddi_upper_pairs": 448,
    "ddi_total_pairs": 8515,
    "loaded_artifacts": {
      "records": "data/processed/records_final.pkl",
      "cohort": "data/processed/cohort_mimic3.pkl",
      "ddi": "data/processed/ddi_A_final.pkl",
      "ehr": "data/processed/ehr_adj_final.pkl",
      "embeddings": "data/embeddings/code_embeddings.pt",
      "notes": "data/processed/note_embeddings_mimic3.pkl"
    }
  },
  "param_counts": {
    "visit_encoder": {
      "total": 4583681,
      "trainable": 1981697
    },
    "fusion": {
      "total": 400512,
      "trainable": 400512
    },
    "drug_gnn": {
      "total": 1316608,
      "trainable": 1316608
    },
    "predictor": {
      "total": 327942,
      "trainable": 327941
    },
    "model_total": {
      "total": 6891911,
      "trainable": 4289926
    }
  },
  "threshold_sweep": {
    "0.4": {
      "Jaccard": 0.531975,
      "Avg Meds": 25.85655,
      "Avg True Meds": 19.901327,
      "DDI Rate": 0.077871
    },
    "0.45": {
      "Jaccard": 0.53695,
      "Avg Meds": 24.806799,
      "Avg True Meds": 19.901327,
      "DDI Rate": 0.078082
    },
    "0.5": {
      "Jaccard": 0.540876,
      "Avg Meds": 23.824213,
      "Avg True Meds": 19.901327,
      "DDI Rate": 0.07807
    },
    "0.55": {
      "Jaccard": 0.541503,
      "Avg Meds": 22.821724,
      "Avg True Meds": 19.901327,
      "DDI Rate": 0.078514
    },
    "0.6": {
      "Jaccard": 0.542647,
      "Avg Meds": 21.925373,
      "Avg True Meds": 19.901327,
      "DDI Rate": 0.078709
    },
    "0.65": {
      "Jaccard": 0.542,
      "Avg Meds": 20.914595,
      "Avg True Meds": 19.901327,
      "DDI Rate": 0.078858
    },
    "0.7": {
      "Jaccard": 0.540021,
      "Avg Meds": 19.912106,
      "Avg True Meds": 19.901327,
      "DDI Rate": 0.079033
    },
    "0.75": {
      "Jaccard": 0.537461,
      "Avg Meds": 18.88806,
      "Avg True Meds": 19.901327,
      "DDI Rate": 0.078904
    }
  },
  "calibrated_threshold": 0.7,
  "calibrated_metrics": {
    "Jaccard": 0.540021,
    "Avg Meds": 19.912106,
    "Avg True Meds": 19.901327,
    "DDI Rate": 0.079033
  },
  "config": {
    "hidden_dim": 256,
    "use_notes": true,
    "use_labs": false,
    "use_copy": false,
    "fusion_strategy": "film",
    "lab_dim": 0,
    "pos_weight_cap": 5.0,
    "use_cosine_lr": false,
    "contrastive_weight": 0.0,
    "margin_loss_weight": 0.0,
    "alignment_loss_weight": 0.1,
    "alignment_start_epoch": 1,
    "alignment_ramp_epochs": 0
  }
}