{
  "seed": 123,
  "ablation": "full",
  "mimic_version": 3,
  "mimic4_full": false,
  "cohort_tag": "mimic3",
  "best_val_jaccard": 0.501000165939331,
  "test_metrics": {
    "Jaccard": 0.5038056373596191,
    "F1": 0.6621847748756409,
    "PRAUC": 0.755565100093639,
    "DDI Rate": 0.08283213207363398,
    "Avg Meds": 22.97512435913086,
    "Avg True Meds": 19.90132713317871,
    "Precision": 0.6346880793571472,
    "Recall": 0.7376781702041626,
    "NHJ_new": 0.23659342292108035,
    "NHJ_dropped": 0.3017325150339227,
    "CVR": 0.0
  },
  "data_diagnostics": {
    "split_mode_requested": "hidr_vita",
    "require_cohort_split": false,
    "split_source": "hidr_vita_sequential",
    "split_seed_used": "n/a",
    "split_patient_counts": {
      "train": 4233,
      "val": 1059,
      "test": 1058
    },
    "split_example_counts": {
      "train": 6256,
      "val": 1220,
      "test": 1206
    },
    "ddi_density": 0.05261303581914269,
    "ddi_upper_pairs": 448,
    "ddi_total_pairs": 8515,
    "loaded_artifacts": {
      "records": "data/processed/records_final.pkl",
      "cohort": "data/processed/cohort_mimic3.pkl",
      "ddi": "data/processed/ddi_A_final.pkl",
      "ehr": "data/processed/ehr_adj_final.pkl",
      "embeddings": "data/embeddings/code_embeddings.pt"
    }
  },
  "param_counts": {
    "visit_encoder": {
      "total": 4583681,
      "trainable": 1981697
    },
    "drug_gnn": {
      "total": 1316608,
      "trainable": 1316608
    },
    "predictor": {
      "total": 262406,
      "trainable": 262404
    },
    "model_total": {
      "total": 6425863,
      "trainable": 3823877
    }
  },
  "threshold_sweep": {
    "0.4": {
      "Jaccard": 0.499045,
      "Avg Meds": 25.592039,
      "Avg True Meds": 19.901327,
      "DDI Rate": 0.080317
    },
    "0.45": {
      "Jaccard": 0.501965,
      "Avg Meds": 24.283583,
      "Avg True Meds": 19.901327,
      "DDI Rate": 0.081494
    },
    "0.5": {
      "Jaccard": 0.503806,
      "Avg Meds": 22.975124,
      "Avg True Meds": 19.901327,
      "DDI Rate": 0.082832
    },
    "0.55": {
      "Jaccard": 0.504577,
      "Avg Meds": 21.761194,
      "Avg True Meds": 19.901327,
      "DDI Rate": 0.084093
    },
    "0.6": {
      "Jaccard": 0.503675,
      "Avg Meds": 20.561359,
      "Avg True Meds": 19.901327,
      "DDI Rate": 0.085375
    },
    "0.65": {
      "Jaccard": 0.501391,
      "Avg Meds": 19.377281,
      "Avg True Meds": 19.901327,
      "DDI Rate": 0.08682
    },
    "0.7": {
      "Jaccard": 0.497744,
      "Avg Meds": 18.210613,
      "Avg True Meds": 19.901327,
      "DDI Rate": 0.087915
    },
    "0.75": {
      "Jaccard": 0.49135,
      "Avg Meds": 17.011608,
      "Avg True Meds": 19.901327,
      "DDI Rate": 0.089825
    }
  },
  "calibrated_threshold": 0.65,
  "calibrated_metrics": {
    "Jaccard": 0.501391,
    "Avg Meds": 19.377281,
    "Avg True Meds": 19.901327,
    "DDI Rate": 0.08682
  },
  "config": {
    "hidden_dim": 256,
    "use_notes": false,
    "use_labs": false,
    "use_copy": false,
    "fusion_strategy": "film",
    "lab_dim": 0,
    "pos_weight_cap": 5.0,
    "use_cosine_lr": false,
    "contrastive_weight": 0.0,
    "margin_loss_weight": 0.0,
    "alignment_loss_weight": 0.1,
    "alignment_start_epoch": 1,
    "alignment_ramp_epochs": 0
  }
}