{
  "seed": 123,
  "ablation": "full",
  "mimic_version": 3,
  "mimic4_full": false,
  "cohort_tag": "mimic3",
  "best_val_jaccard": 0.5366033911705017,
  "test_metrics": {
    "Jaccard": 0.5325013995170593,
    "F1": 0.6873379349708557,
    "PRAUC": 0.7770673645342399,
    "DDI Rate": 0.0770284844618505,
    "Avg Meds": 23.155057907104492,
    "Avg True Meds": 19.90132713317871,
    "Precision": 0.6526262164115906,
    "Recall": 0.7546093463897705,
    "NHJ_new": 0.2796153630080976,
    "NHJ_dropped": 0.36822589604478134,
    "CVR": 0.0
  },
  "data_diagnostics": {
    "split_mode_requested": "hidr_vita",
    "require_cohort_split": false,
    "split_source": "hidr_vita_sequential",
    "split_seed_used": "n/a",
    "split_patient_counts": {
      "train": 4233,
      "val": 1059,
      "test": 1058
    },
    "split_example_counts": {
      "train": 6256,
      "val": 1220,
      "test": 1206
    },
    "ddi_density": 0.05261303581914269,
    "ddi_upper_pairs": 448,
    "ddi_total_pairs": 8515,
    "loaded_artifacts": {
      "records": "data/processed/records_final.pkl",
      "cohort": "data/processed/cohort_mimic3.pkl",
      "ddi": "data/processed/ddi_A_final.pkl",
      "ehr": "data/processed/ehr_adj_final.pkl",
      "embeddings": "data/embeddings/code_embeddings.pt",
      "labs": "data/processed/lab_vectors_200labs.pkl"
    }
  },
  "param_counts": {
    "visit_encoder": {
      "total": 4649474,
      "trainable": 2047490
    },
    "fusion": {
      "total": 423808,
      "trainable": 423808
    },
    "drug_gnn": {
      "total": 1151776,
      "trainable": 1151776
    },
    "predictor": {
      "total": 1171974,
      "trainable": 1171973
    },
    "model_total": {
      "total": 7660200,
      "trainable": 5058215
    }
  },
  "threshold_sweep": {
    "0.4": {
      "Jaccard": 0.52614,
      "Avg Meds": 25.011608,
      "Avg True Meds": 19.901327,
      "DDI Rate": 0.077087
    },
    "0.45": {
      "Jaccard": 0.529187,
      "Avg Meds": 24.063847,
      "Avg True Meds": 19.901327,
      "DDI Rate": 0.077304
    },
    "0.5": {
      "Jaccard": 0.532501,
      "Avg Meds": 23.155058,
      "Avg True Meds": 19.901327,
      "DDI Rate": 0.077028
    },
    "0.55": {
      "Jaccard": 0.534326,
      "Avg Meds": 22.310946,
      "Avg True Meds": 19.901327,
      "DDI Rate": 0.07741
    },
    "0.6": {
      "Jaccard": 0.533803,
      "Avg Meds": 21.455223,
      "Avg True Meds": 19.901327,
      "DDI Rate": 0.077497
    },
    "0.65": {
      "Jaccard": 0.533797,
      "Avg Meds": 20.553898,
      "Avg True Meds": 19.901327,
      "DDI Rate": 0.077602
    },
    "0.7": {
      "Jaccard": 0.531369,
      "Avg Meds": 19.674129,
      "Avg True Meds": 19.901327,
      "DDI Rate": 0.077866
    },
    "0.75": {
      "Jaccard": 0.52874,
      "Avg Meds": 18.712273,
      "Avg True Meds": 19.901327,
      "DDI Rate": 0.077915
    }
  },
  "calibrated_threshold": 0.7,
  "calibrated_metrics": {
    "Jaccard": 0.531369,
    "Avg Meds": 19.674129,
    "Avg True Meds": 19.901327,
    "DDI Rate": 0.077866
  },
  "config": {
    "hidden_dim": 256,
    "use_notes": false,
    "use_labs": true,
    "use_copy": false,
    "fusion_strategy": "film",
    "lab_dim": 400,
    "pos_weight_cap": 5.0,
    "use_cosine_lr": false,
    "contrastive_weight": 0.0,
    "margin_loss_weight": 0.0,
    "alignment_loss_weight": 0.1,
    "alignment_start_epoch": 1,
    "alignment_ramp_epochs": 0
  }
}