{
  "seed": 123,
  "ablation": "full",
  "mimic_version": 3,
  "mimic4_full": false,
  "cohort_tag": "mimic3",
  "best_val_jaccard": 0.5416533946990967,
  "test_metrics": {
    "Jaccard": 0.5407254099845886,
    "F1": 0.6942045092582703,
    "PRAUC": 0.7839695116491207,
    "DDI Rate": 0.07985612169249215,
    "Avg Meds": 22.638473510742188,
    "Avg True Meds": 19.90132713317871,
    "Precision": 0.6632073521614075,
    "Recall": 0.755997359752655,
    "NHJ_new": 0.2841097838000247,
    "NHJ_dropped": 0.35798513889312744,
    "CVR": 0.0
  },
  "data_diagnostics": {
    "split_mode_requested": "hidr_vita",
    "require_cohort_split": false,
    "split_source": "hidr_vita_sequential",
    "split_seed_used": "n/a",
    "split_patient_counts": {
      "train": 4233,
      "val": 1059,
      "test": 1058
    },
    "split_example_counts": {
      "train": 6256,
      "val": 1220,
      "test": 1206
    },
    "ddi_density": 0.05261303581914269,
    "ddi_upper_pairs": 448,
    "ddi_total_pairs": 8515,
    "loaded_artifacts": {
      "records": "data/processed/records_final.pkl",
      "cohort": "data/processed/cohort_mimic3.pkl",
      "ddi": "data/processed/ddi_A_final.pkl",
      "ehr": "data/processed/ehr_adj_final.pkl",
      "embeddings": "data/embeddings/code_embeddings.pt",
      "labs": "data/processed/lab_vectors_200labs.pkl"
    }
  },
  "param_counts": {
    "visit_encoder": {
      "total": 4649474,
      "trainable": 2047490
    },
    "fusion": {
      "total": 423808,
      "trainable": 423808
    },
    "drug_gnn": {
      "total": 1151776,
      "trainable": 1151776
    },
    "predictor": {
      "total": 304454,
      "trainable": 304453
    },
    "model_total": {
      "total": 7055336,
      "trainable": 4453351
    }
  },
  "threshold_sweep": {
    "0.4": {
      "Jaccard": 0.53708,
      "Avg Meds": 24.354893,
      "Avg True Meds": 19.901327,
      "DDI Rate": 0.079261
    },
    "0.45": {
      "Jaccard": 0.539315,
      "Avg Meds": 23.492537,
      "Avg True Meds": 19.901327,
      "DDI Rate": 0.079792
    },
    "0.5": {
      "Jaccard": 0.540725,
      "Avg Meds": 22.638474,
      "Avg True Meds": 19.901327,
      "DDI Rate": 0.079856
    },
    "0.55": {
      "Jaccard": 0.540658,
      "Avg Meds": 21.849916,
      "Avg True Meds": 19.901327,
      "DDI Rate": 0.080319
    },
    "0.6": {
      "Jaccard": 0.539731,
      "Avg Meds": 21.060532,
      "Avg True Meds": 19.901327,
      "DDI Rate": 0.080836
    },
    "0.65": {
      "Jaccard": 0.53942,
      "Avg Meds": 20.276119,
      "Avg True Meds": 19.901327,
      "DDI Rate": 0.080758
    },
    "0.7": {
      "Jaccard": 0.538117,
      "Avg Meds": 19.505804,
      "Avg True Meds": 19.901327,
      "DDI Rate": 0.081323
    },
    "0.75": {
      "Jaccard": 0.535253,
      "Avg Meds": 18.6733,
      "Avg True Meds": 19.901327,
      "DDI Rate": 0.081482
    }
  },
  "calibrated_threshold": 0.65,
  "calibrated_metrics": {
    "Jaccard": 0.53942,
    "Avg Meds": 20.276119,
    "Avg True Meds": 19.901327,
    "DDI Rate": 0.080758
  },
  "config": {
    "hidden_dim": 256,
    "use_notes": false,
    "use_labs": true,
    "use_copy": false,
    "fusion_strategy": "film",
    "lab_dim": 400,
    "pos_weight_cap": 5.0,
    "use_cosine_lr": false,
    "contrastive_weight": 0.0,
    "margin_loss_weight": 0.0,
    "alignment_loss_weight": 0.1,
    "alignment_start_epoch": 1,
    "alignment_ramp_epochs": 0
  }
}