{
  "seed": 42,
  "ablation": "full",
  "mimic_version": 3,
  "mimic4_full": false,
  "cohort_tag": "mimic3",
  "best_val_jaccard": 0.5629438757896423,
  "test_metrics": {
    "Jaccard": 0.560909628868103,
    "F1": 0.7106635570526123,
    "PRAUC": 0.794839425576636,
    "DDI Rate": 0.07602803815935906,
    "Avg Meds": 23.72471046447754,
    "Avg True Meds": 19.90132713317871,
    "Precision": 0.6624360680580139,
    "Recall": 0.7916632294654846,
    "NHJ_new": 0.28683709392422124,
    "NHJ_dropped": 0.20158989100079788,
    "CVR": 0.0
  },
  "data_diagnostics": {
    "split_mode_requested": "hidr_vita",
    "require_cohort_split": false,
    "split_source": "hidr_vita_sequential",
    "split_seed_used": "n/a",
    "split_patient_counts": {
      "train": 4233,
      "val": 1059,
      "test": 1058
    },
    "split_example_counts": {
      "train": 6256,
      "val": 1220,
      "test": 1206
    },
    "ddi_density": 0.05261303581914269,
    "ddi_upper_pairs": 448,
    "ddi_total_pairs": 8515,
    "loaded_artifacts": {
      "records": "data/processed/records_final.pkl",
      "cohort": "data/processed/cohort_mimic3.pkl",
      "ddi": "data/processed/ddi_A_final.pkl",
      "ehr": "data/processed/ehr_adj_final.pkl",
      "embeddings": "data/embeddings/code_embeddings.pt",
      "notes": "data/processed/note_embeddings_mimic3.pkl",
      "labs": "data/processed/lab_vectors_200labs.pkl"
    }
  },
  "param_counts": {
    "visit_encoder": {
      "total": 4583681,
      "trainable": 1981697
    },
    "fusion": {
      "total": 423808,
      "trainable": 423808
    },
    "drug_gnn": {
      "total": 1974080,
      "trainable": 1974080
    },
    "predictor": {
      "total": 559560,
      "trainable": 559560
    },
    "model_total": {
      "total": 7804297,
      "trainable": 5202313
    }
  },
  "threshold_sweep": {
    "0.4": {
      "Jaccard": 0.551033,
      "Avg Meds": 26.248756,
      "Avg True Meds": 19.901327,
      "DDI Rate": 0.077095
    },
    "0.45": {
      "Jaccard": 0.558466,
      "Avg Meds": 24.916252,
      "Avg True Meds": 19.901327,
      "DDI Rate": 0.076932
    },
    "0.5": {
      "Jaccard": 0.56091,
      "Avg Meds": 23.72471,
      "Avg True Meds": 19.901327,
      "DDI Rate": 0.076028
    },
    "0.55": {
      "Jaccard": 0.56407,
      "Avg Meds": 22.572969,
      "Avg True Meds": 19.901327,
      "DDI Rate": 0.075852
    },
    "0.6": {
      "Jaccard": 0.56381,
      "Avg Meds": 21.467661,
      "Avg True Meds": 19.901327,
      "DDI Rate": 0.075858
    },
    "0.65": {
      "Jaccard": 0.562746,
      "Avg Meds": 20.330017,
      "Avg True Meds": 19.901327,
      "DDI Rate": 0.076087
    },
    "0.7": {
      "Jaccard": 0.557234,
      "Avg Meds": 19.189054,
      "Avg True Meds": 19.901327,
      "DDI Rate": 0.075369
    },
    "0.75": {
      "Jaccard": 0.551555,
      "Avg Meds": 17.992537,
      "Avg True Meds": 19.901327,
      "DDI Rate": 0.074285
    }
  },
  "calibrated_threshold": 0.65,
  "calibrated_metrics": {
    "Jaccard": 0.562746,
    "Avg Meds": 20.330017,
    "Avg True Meds": 19.901327,
    "DDI Rate": 0.076087
  },
  "config": {
    "hidden_dim": 256,
    "use_notes": true,
    "use_labs": true,
    "use_copy": true,
    "fusion_strategy": "film",
    "lab_dim": 400,
    "pos_weight_cap": 5.0,
    "use_cosine_lr": false,
    "contrastive_weight": 0.0,
    "margin_loss_weight": 0.0,
    "alignment_loss_weight": 0.1,
    "alignment_start_epoch": 1,
    "alignment_ramp_epochs": 0
  }
}