{
  "seed": 456,
  "ablation": "full",
  "mimic_version": 3,
  "mimic4_full": false,
  "cohort_tag": "mimic3",
  "best_val_jaccard": 0.5659211874008179,
  "test_metrics": {
    "Jaccard": 0.5635501742362976,
    "F1": 0.7133057117462158,
    "PRAUC": 0.7987093769512438,
    "DDI Rate": 0.07851128886113666,
    "Avg Meds": 21.514925003051758,
    "Avg True Meds": 19.90132713317871,
    "Precision": 0.6938453316688538,
    "Recall": 0.7567380666732788,
    "NHJ_new": 0.2770405231337798,
    "NHJ_dropped": 0.2868623890374836,
    "CVR": 0.0
  },
  "data_diagnostics": {
    "split_mode_requested": "hidr_vita",
    "require_cohort_split": false,
    "split_source": "hidr_vita_sequential",
    "split_seed_used": "n/a",
    "split_patient_counts": {
      "train": 4233,
      "val": 1059,
      "test": 1058
    },
    "split_example_counts": {
      "train": 6256,
      "val": 1220,
      "test": 1206
    },
    "ddi_density": 0.05261303581914269,
    "ddi_upper_pairs": 448,
    "ddi_total_pairs": 8515,
    "loaded_artifacts": {
      "records": "data/processed/records_final.pkl",
      "cohort": "data/processed/cohort_mimic3.pkl",
      "ddi": "data/processed/ddi_A_final.pkl",
      "ehr": "data/processed/ehr_adj_final.pkl",
      "embeddings": "data/embeddings/code_embeddings.pt",
      "notes": "data/processed/note_embeddings_mimic3.pkl",
      "labs": "data/processed/lab_vectors_200labs.pkl"
    }
  },
  "param_counts": {
    "visit_encoder": {
      "total": 4583681,
      "trainable": 1981697
    },
    "fusion": {
      "total": 423808,
      "trainable": 423808
    },
    "drug_gnn": {
      "total": 1974080,
      "trainable": 1974080
    },
    "predictor": {
      "total": 559560,
      "trainable": 559560
    },
    "model_total": {
      "total": 7804297,
      "trainable": 5202313
    }
  },
  "threshold_sweep": {
    "0.4": {
      "Jaccard": 0.561301,
      "Avg Meds": 23.119404,
      "Avg True Meds": 19.901327,
      "DDI Rate": 0.078838
    },
    "0.45": {
      "Jaccard": 0.562844,
      "Avg Meds": 22.319237,
      "Avg True Meds": 19.901327,
      "DDI Rate": 0.078667
    },
    "0.5": {
      "Jaccard": 0.56355,
      "Avg Meds": 21.514925,
      "Avg True Meds": 19.901327,
      "DDI Rate": 0.078511
    },
    "0.55": {
      "Jaccard": 0.563077,
      "Avg Meds": 20.728027,
      "Avg True Meds": 19.901327,
      "DDI Rate": 0.078535
    },
    "0.6": {
      "Jaccard": 0.561511,
      "Avg Meds": 19.964344,
      "Avg True Meds": 19.901327,
      "DDI Rate": 0.078612
    },
    "0.65": {
      "Jaccard": 0.5595,
      "Avg Meds": 19.235489,
      "Avg True Meds": 19.901327,
      "DDI Rate": 0.07832
    },
    "0.7": {
      "Jaccard": 0.5557,
      "Avg Meds": 18.427031,
      "Avg True Meds": 19.901327,
      "DDI Rate": 0.078192
    },
    "0.75": {
      "Jaccard": 0.548588,
      "Avg Meds": 17.572969,
      "Avg True Meds": 19.901327,
      "DDI Rate": 0.077513
    }
  },
  "calibrated_threshold": 0.6,
  "calibrated_metrics": {
    "Jaccard": 0.561511,
    "Avg Meds": 19.964344,
    "Avg True Meds": 19.901327,
    "DDI Rate": 0.078612
  },
  "config": {
    "hidden_dim": 256,
    "use_notes": true,
    "use_labs": true,
    "use_copy": true,
    "fusion_strategy": "film",
    "lab_dim": 400,
    "pos_weight_cap": 5.0,
    "use_cosine_lr": false,
    "contrastive_weight": 0.0,
    "margin_loss_weight": 0.0,
    "alignment_loss_weight": 0.1,
    "alignment_start_epoch": 1,
    "alignment_ramp_epochs": 0
  }
}