{
  "seed": 123,
  "ablation": "full",
  "mimic_version": 3,
  "mimic4_full": false,
  "cohort_tag": "mimic3",
  "best_val_jaccard": 0.5033084750175476,
  "test_metrics": {
    "Jaccard": 0.5045854449272156,
    "F1": 0.6628738641738892,
    "PRAUC": 0.7587897151307454,
    "DDI Rate": 0.08453004500428105,
    "Avg Meds": 23.14179039001465,
    "Avg True Meds": 19.90132713317871,
    "Precision": 0.6311554908752441,
    "Recall": 0.743057906627655,
    "NHJ_new": 0.24441797796048617,
    "NHJ_dropped": 0.3024654341371436,
    "CVR": 0.0
  },
  "data_diagnostics": {
    "split_mode_requested": "hidr_vita",
    "require_cohort_split": false,
    "split_source": "hidr_vita_sequential",
    "split_seed_used": "n/a",
    "split_patient_counts": {
      "train": 4233,
      "val": 1059,
      "test": 1058
    },
    "split_example_counts": {
      "train": 6256,
      "val": 1220,
      "test": 1206
    },
    "ddi_density": 0.05261303581914269,
    "ddi_upper_pairs": 448,
    "ddi_total_pairs": 8515,
    "loaded_artifacts": {
      "records": "data/processed/records_final.pkl",
      "cohort": "data/processed/cohort_mimic3.pkl",
      "ddi": "data/processed/ddi_A_final.pkl",
      "ehr": "data/processed/ehr_adj_final.pkl",
      "embeddings": "data/embeddings/code_embeddings.pt"
    }
  },
  "param_counts": {
    "visit_encoder": {
      "total": 4583681,
      "trainable": 1981697
    },
    "drug_gnn": {
      "total": 262400,
      "trainable": 262400
    },
    "predictor": {
      "total": 262406,
      "trainable": 262404
    },
    "model_total": {
      "total": 5371655,
      "trainable": 2769669
    }
  },
  "threshold_sweep": {
    "0.4": {
      "Jaccard": 0.498921,
      "Avg Meds": 26.012438,
      "Avg True Meds": 19.901327,
      "DDI Rate": 0.081651
    },
    "0.45": {
      "Jaccard": 0.502956,
      "Avg Meds": 24.60116,
      "Avg True Meds": 19.901327,
      "DDI Rate": 0.083021
    },
    "0.5": {
      "Jaccard": 0.504585,
      "Avg Meds": 23.14179,
      "Avg True Meds": 19.901327,
      "DDI Rate": 0.08453
    },
    "0.55": {
      "Jaccard": 0.505251,
      "Avg Meds": 21.741293,
      "Avg True Meds": 19.901327,
      "DDI Rate": 0.086595
    },
    "0.6": {
      "Jaccard": 0.504748,
      "Avg Meds": 20.379768,
      "Avg True Meds": 19.901327,
      "DDI Rate": 0.089138
    },
    "0.65": {
      "Jaccard": 0.502123,
      "Avg Meds": 19.159204,
      "Avg True Meds": 19.901327,
      "DDI Rate": 0.090296
    },
    "0.7": {
      "Jaccard": 0.497702,
      "Avg Meds": 17.946102,
      "Avg True Meds": 19.901327,
      "DDI Rate": 0.091312
    },
    "0.75": {
      "Jaccard": 0.489159,
      "Avg Meds": 16.703979,
      "Avg True Meds": 19.901327,
      "DDI Rate": 0.092395
    }
  },
  "calibrated_threshold": 0.6,
  "calibrated_metrics": {
    "Jaccard": 0.504748,
    "Avg Meds": 20.379768,
    "Avg True Meds": 19.901327,
    "DDI Rate": 0.089138
  },
  "config": {
    "hidden_dim": 256,
    "use_notes": false,
    "use_labs": false,
    "use_copy": false,
    "fusion_strategy": "film",
    "lab_dim": 0,
    "pos_weight_cap": 5.0,
    "use_cosine_lr": false,
    "contrastive_weight": 0.0,
    "margin_loss_weight": 0.0,
    "alignment_loss_weight": 0.1,
    "alignment_start_epoch": 1,
    "alignment_ramp_epochs": 0
  }
}