{
  "seed": 123,
  "ablation": "full",
  "mimic_version": 3,
  "mimic4_full": false,
  "cohort_tag": "mimic3",
  "best_val_jaccard": 0.5421465039253235,
  "test_metrics": {
    "Jaccard": 0.5404290556907654,
    "F1": 0.6934846043586731,
    "PRAUC": 0.7808148387515895,
    "DDI Rate": 0.07963488314123945,
    "Avg Meds": 23.171642303466797,
    "Avg True Meds": 19.90132713317871,
    "Precision": 0.6532721519470215,
    "Recall": 0.7664756178855896,
    "NHJ_new": 0.29459680381574127,
    "NHJ_dropped": 0.3548504584713986,
    "CVR": 0.0
  },
  "data_diagnostics": {
    "split_mode_requested": "hidr_vita",
    "require_cohort_split": false,
    "split_source": "hidr_vita_sequential",
    "split_seed_used": "n/a",
    "split_patient_counts": {
      "train": 4233,
      "val": 1059,
      "test": 1058
    },
    "split_example_counts": {
      "train": 6256,
      "val": 1220,
      "test": 1206
    },
    "ddi_density": 0.05261303581914269,
    "ddi_upper_pairs": 448,
    "ddi_total_pairs": 8515,
    "loaded_artifacts": {
      "records": "data/processed/records_final.pkl",
      "cohort": "data/processed/cohort_mimic3.pkl",
      "ddi": "data/processed/ddi_A_final.pkl",
      "ehr": "data/processed/ehr_adj_final.pkl",
      "embeddings": "data/embeddings/code_embeddings.pt",
      "notes": "data/processed/note_embeddings_mimic3.pkl"
    }
  },
  "param_counts": {
    "visit_encoder": {
      "total": 4616835,
      "trainable": 2014851
    },
    "fusion": {
      "total": 400512,
      "trainable": 400512
    },
    "drug_gnn": {
      "total": 1974080,
      "trainable": 1974080
    },
    "predictor": {
      "total": 327942,
      "trainable": 327941
    },
    "model_total": {
      "total": 7582537,
      "trainable": 4980552
    }
  },
  "threshold_sweep": {
    "0.4": {
      "Jaccard": 0.533547,
      "Avg Meds": 25.149254,
      "Avg True Meds": 19.901327,
      "DDI Rate": 0.078906
    },
    "0.45": {
      "Jaccard": 0.537757,
      "Avg Meds": 24.106966,
      "Avg True Meds": 19.901327,
      "DDI Rate": 0.079154
    },
    "0.5": {
      "Jaccard": 0.540429,
      "Avg Meds": 23.171642,
      "Avg True Meds": 19.901327,
      "DDI Rate": 0.079635
    },
    "0.55": {
      "Jaccard": 0.542025,
      "Avg Meds": 22.278606,
      "Avg True Meds": 19.901327,
      "DDI Rate": 0.080251
    },
    "0.6": {
      "Jaccard": 0.542752,
      "Avg Meds": 21.409618,
      "Avg True Meds": 19.901327,
      "DDI Rate": 0.080633
    },
    "0.65": {
      "Jaccard": 0.542354,
      "Avg Meds": 20.533167,
      "Avg True Meds": 19.901327,
      "DDI Rate": 0.080939
    },
    "0.7": {
      "Jaccard": 0.540603,
      "Avg Meds": 19.652571,
      "Avg True Meds": 19.901327,
      "DDI Rate": 0.081197
    },
    "0.75": {
      "Jaccard": 0.536302,
      "Avg Meds": 18.707296,
      "Avg True Meds": 19.901327,
      "DDI Rate": 0.081547
    }
  },
  "calibrated_threshold": 0.7,
  "calibrated_metrics": {
    "Jaccard": 0.540603,
    "Avg Meds": 19.652571,
    "Avg True Meds": 19.901327,
    "DDI Rate": 0.081197
  },
  "config": {
    "hidden_dim": 256,
    "use_notes": true,
    "use_labs": false,
    "use_copy": false,
    "fusion_strategy": "film",
    "lab_dim": 0,
    "pos_weight_cap": 5.0,
    "use_cosine_lr": false,
    "contrastive_weight": 0.0,
    "margin_loss_weight": 0.0,
    "alignment_loss_weight": 0.1,
    "alignment_start_epoch": 1,
    "alignment_ramp_epochs": 0
  }
}