{
  "seed": 42,
  "ablation": "full",
  "mimic_version": 3,
  "mimic4_full": false,
  "cohort_tag": "mimic3",
  "best_val_jaccard": 0.5410056114196777,
  "test_metrics": {
    "Jaccard": 0.5383463501930237,
    "F1": 0.6920830607414246,
    "PRAUC": 0.778751280647272,
    "DDI Rate": 0.0826507795602981,
    "Avg Meds": 22.634328842163086,
    "Avg True Meds": 19.90132713317871,
    "Precision": 0.6607121229171753,
    "Recall": 0.7538212537765503,
    "NHJ_new": 0.2824875484955938,
    "NHJ_dropped": 0.36807317482797725,
    "CVR": 0.0
  },
  "data_diagnostics": {
    "split_mode_requested": "hidr_vita",
    "require_cohort_split": false,
    "split_source": "hidr_vita_sequential",
    "split_seed_used": "n/a",
    "split_patient_counts": {
      "train": 4233,
      "val": 1059,
      "test": 1058
    },
    "split_example_counts": {
      "train": 6256,
      "val": 1220,
      "test": 1206
    },
    "ddi_density": 0.05261303581914269,
    "ddi_upper_pairs": 448,
    "ddi_total_pairs": 8515,
    "loaded_artifacts": {
      "records": "data/processed/records_final.pkl",
      "cohort": "data/processed/cohort_mimic3.pkl",
      "ddi": "data/processed/ddi_A_final.pkl",
      "ehr": "data/processed/ehr_adj_final.pkl",
      "embeddings": "data/embeddings/code_embeddings.pt",
      "labs": "data/processed/lab_vectors_200labs.pkl"
    }
  },
  "param_counts": {
    "visit_encoder": {
      "total": 4583681,
      "trainable": 1981697
    },
    "fusion": {
      "total": 423808,
      "trainable": 423808
    },
    "drug_gnn": {
      "total": 1974080,
      "trainable": 1974080
    },
    "predictor": {
      "total": 304454,
      "trainable": 304453
    },
    "model_total": {
      "total": 7549191,
      "trainable": 4947206
    }
  },
  "threshold_sweep": {
    "0.4": {
      "Jaccard": 0.533494,
      "Avg Meds": 24.467661,
      "Avg True Meds": 19.901327,
      "DDI Rate": 0.082222
    },
    "0.45": {
      "Jaccard": 0.537009,
      "Avg Meds": 23.519901,
      "Avg True Meds": 19.901327,
      "DDI Rate": 0.082353
    },
    "0.5": {
      "Jaccard": 0.538346,
      "Avg Meds": 22.634329,
      "Avg True Meds": 19.901327,
      "DDI Rate": 0.082651
    },
    "0.55": {
      "Jaccard": 0.540143,
      "Avg Meds": 21.818407,
      "Avg True Meds": 19.901327,
      "DDI Rate": 0.082836
    },
    "0.6": {
      "Jaccard": 0.540736,
      "Avg Meds": 20.99917,
      "Avg True Meds": 19.901327,
      "DDI Rate": 0.082578
    },
    "0.65": {
      "Jaccard": 0.540231,
      "Avg Meds": 20.197346,
      "Avg True Meds": 19.901327,
      "DDI Rate": 0.082647
    },
    "0.7": {
      "Jaccard": 0.5381,
      "Avg Meds": 19.359037,
      "Avg True Meds": 19.901327,
      "DDI Rate": 0.083224
    },
    "0.75": {
      "Jaccard": 0.53506,
      "Avg Meds": 18.432837,
      "Avg True Meds": 19.901327,
      "DDI Rate": 0.084109
    }
  },
  "calibrated_threshold": 0.65,
  "calibrated_metrics": {
    "Jaccard": 0.540231,
    "Avg Meds": 20.197346,
    "Avg True Meds": 19.901327,
    "DDI Rate": 0.082647
  },
  "config": {
    "hidden_dim": 256,
    "use_notes": false,
    "use_labs": true,
    "use_copy": false,
    "fusion_strategy": "film",
    "lab_dim": 400,
    "pos_weight_cap": 5.0,
    "use_cosine_lr": false,
    "contrastive_weight": 0.0,
    "margin_loss_weight": 0.0,
    "alignment_loss_weight": 0.1,
    "alignment_start_epoch": 1,
    "alignment_ramp_epochs": 0
  }
}