{
  "seed": 456,
  "ablation": "full",
  "mimic_version": 3,
  "mimic4_full": false,
  "cohort_tag": "mimic3",
  "best_val_jaccard": 0.5429330468177795,
  "test_metrics": {
    "Jaccard": 0.5410580039024353,
    "F1": 0.6946772336959839,
    "PRAUC": 0.7831175160364506,
    "DDI Rate": 0.08051403395190815,
    "Avg Meds": 23.485074996948242,
    "Avg True Meds": 19.90132713317871,
    "Precision": 0.6511842608451843,
    "Recall": 0.7728041410446167,
    "NHJ_new": 0.29761855382668345,
    "NHJ_dropped": 0.34980769533860057,
    "CVR": 0.0
  },
  "data_diagnostics": {
    "split_mode_requested": "hidr_vita",
    "require_cohort_split": false,
    "split_source": "hidr_vita_sequential",
    "split_seed_used": "n/a",
    "split_patient_counts": {
      "train": 4233,
      "val": 1059,
      "test": 1058
    },
    "split_example_counts": {
      "train": 6256,
      "val": 1220,
      "test": 1206
    },
    "ddi_density": 0.05261303581914269,
    "ddi_upper_pairs": 448,
    "ddi_total_pairs": 8515,
    "loaded_artifacts": {
      "records": "data/processed/records_final.pkl",
      "cohort": "data/processed/cohort_mimic3.pkl",
      "ddi": "data/processed/ddi_A_final.pkl",
      "ehr": "data/processed/ehr_adj_final.pkl",
      "embeddings": "data/embeddings/code_embeddings.pt",
      "notes": "data/processed/note_embeddings_mimic3.pkl"
    }
  },
  "param_counts": {
    "visit_encoder": {
      "total": 4583681,
      "trainable": 1981697
    },
    "fusion": {
      "total": 400512,
      "trainable": 400512
    },
    "drug_gnn": {
      "total": 1974080,
      "trainable": 1974080
    },
    "predictor": {
      "total": 327942,
      "trainable": 327941
    },
    "model_total": {
      "total": 7549383,
      "trainable": 4947398
    }
  },
  "threshold_sweep": {
    "0.4": {
      "Jaccard": 0.534979,
      "Avg Meds": 25.397181,
      "Avg True Meds": 19.901327,
      "DDI Rate": 0.080088
    },
    "0.45": {
      "Jaccard": 0.538306,
      "Avg Meds": 24.408789,
      "Avg True Meds": 19.901327,
      "DDI Rate": 0.08026
    },
    "0.5": {
      "Jaccard": 0.541058,
      "Avg Meds": 23.485075,
      "Avg True Meds": 19.901327,
      "DDI Rate": 0.080514
    },
    "0.55": {
      "Jaccard": 0.54206,
      "Avg Meds": 22.547264,
      "Avg True Meds": 19.901327,
      "DDI Rate": 0.080503
    },
    "0.6": {
      "Jaccard": 0.543904,
      "Avg Meds": 21.634329,
      "Avg True Meds": 19.901327,
      "DDI Rate": 0.081088
    },
    "0.65": {
      "Jaccard": 0.542567,
      "Avg Meds": 20.740465,
      "Avg True Meds": 19.901327,
      "DDI Rate": 0.081166
    },
    "0.7": {
      "Jaccard": 0.540475,
      "Avg Meds": 19.793531,
      "Avg True Meds": 19.901327,
      "DDI Rate": 0.081685
    },
    "0.75": {
      "Jaccard": 0.538412,
      "Avg Meds": 18.85738,
      "Avg True Meds": 19.901327,
      "DDI Rate": 0.082672
    }
  },
  "calibrated_threshold": 0.7,
  "calibrated_metrics": {
    "Jaccard": 0.540475,
    "Avg Meds": 19.793531,
    "Avg True Meds": 19.901327,
    "DDI Rate": 0.081685
  },
  "config": {
    "hidden_dim": 256,
    "use_notes": true,
    "use_labs": false,
    "use_copy": false,
    "fusion_strategy": "film",
    "lab_dim": 0,
    "pos_weight_cap": 5.0,
    "use_cosine_lr": false,
    "contrastive_weight": 0.0,
    "margin_loss_weight": 0.0,
    "alignment_loss_weight": 0.1,
    "alignment_start_epoch": 1,
    "alignment_ramp_epochs": 0
  }
}