{
  "seed": 123,
  "ablation": "full",
  "mimic_version": 3,
  "mimic4_full": false,
  "cohort_tag": "mimic3",
  "best_val_jaccard": 0.5629090070724487,
  "test_metrics": {
    "Jaccard": 0.5608700513839722,
    "F1": 0.7112582325935364,
    "PRAUC": 0.7952948126236487,
    "DDI Rate": 0.08179855931337489,
    "Avg Meds": 22.17827606201172,
    "Avg True Meds": 19.90132713317871,
    "Precision": 0.6830397844314575,
    "Recall": 0.7651992440223694,
    "NHJ_new": 0.3074569906059064,
    "NHJ_dropped": 0.3784671096425307,
    "CVR": 0.0
  },
  "data_diagnostics": {
    "split_mode_requested": "hidr_vita",
    "require_cohort_split": false,
    "split_source": "hidr_vita_sequential",
    "split_seed_used": "n/a",
    "split_patient_counts": {
      "train": 4233,
      "val": 1059,
      "test": 1058
    },
    "split_example_counts": {
      "train": 6256,
      "val": 1220,
      "test": 1206
    },
    "ddi_density": 0.05261303581914269,
    "ddi_upper_pairs": 448,
    "ddi_total_pairs": 8515,
    "loaded_artifacts": {
      "records": "data/processed/records_final.pkl",
      "cohort": "data/processed/cohort_mimic3.pkl",
      "ddi": "data/processed/ddi_A_final.pkl",
      "ehr": "data/processed/ehr_adj_final.pkl",
      "embeddings": "data/embeddings/code_embeddings.pt",
      "notes": "data/processed/note_embeddings_mimic3.pkl",
      "labs": "data/processed/lab_vectors_200labs.pkl"
    }
  },
  "param_counts": {
    "visit_encoder": {
      "total": 11023105,
      "trainable": 8421121
    },
    "fusion": {
      "total": 1445632,
      "trainable": 1445632
    },
    "drug_gnn": {
      "total": 1052160,
      "trainable": 1052160
    },
    "predictor": {
      "total": 5913993,
      "trainable": 5239943
    },
    "model_total": {
      "total": 20092298,
      "trainable": 16816264
    }
  },
  "threshold_sweep": {
    "0.4": {
      "Jaccard": 0.559451,
      "Avg Meds": 23.334991,
      "Avg True Meds": 19.901327,
      "DDI Rate": 0.080858
    },
    "0.45": {
      "Jaccard": 0.55895,
      "Avg Meds": 22.746269,
      "Avg True Meds": 19.901327,
      "DDI Rate": 0.081098
    },
    "0.5": {
      "Jaccard": 0.56087,
      "Avg Meds": 22.178276,
      "Avg True Meds": 19.901327,
      "DDI Rate": 0.081799
    },
    "0.55": {
      "Jaccard": 0.560853,
      "Avg Meds": 21.64179,
      "Avg True Meds": 19.901327,
      "DDI Rate": 0.082209
    },
    "0.6": {
      "Jaccard": 0.560847,
      "Avg Meds": 21.10116,
      "Avg True Meds": 19.901327,
      "DDI Rate": 0.082627
    },
    "0.65": {
      "Jaccard": 0.558953,
      "Avg Meds": 20.523218,
      "Avg True Meds": 19.901327,
      "DDI Rate": 0.082961
    },
    "0.7": {
      "Jaccard": 0.557468,
      "Avg Meds": 19.915422,
      "Avg True Meds": 19.901327,
      "DDI Rate": 0.083253
    },
    "0.75": {
      "Jaccard": 0.555224,
      "Avg Meds": 19.305141,
      "Avg True Meds": 19.901327,
      "DDI Rate": 0.08348
    }
  },
  "calibrated_threshold": 0.7,
  "calibrated_metrics": {
    "Jaccard": 0.557468,
    "Avg Meds": 19.915422,
    "Avg True Meds": 19.901327,
    "DDI Rate": 0.083253
  },
  "config": {
    "hidden_dim": 512,
    "use_notes": true,
    "use_labs": true,
    "use_copy": true,
    "fusion_strategy": "film",
    "lab_dim": 400,
    "pos_weight_cap": 5.0,
    "use_cosine_lr": false,
    "contrastive_weight": 0.0,
    "margin_loss_weight": 0.0,
    "alignment_loss_weight": 0.1,
    "alignment_start_epoch": 1,
    "alignment_ramp_epochs": 0
  }
}