{
  "seed": 456,
  "ablation": "full",
  "mimic_version": 3,
  "mimic4_full": false,
  "cohort_tag": "mimic3",
  "best_val_jaccard": 0.5081315636634827,
  "test_metrics": {
    "Jaccard": 0.5098630785942078,
    "F1": 0.6675735116004944,
    "PRAUC": 0.7653303447956625,
    "DDI Rate": 0.08717676181418961,
    "Avg Meds": 24.137645721435547,
    "Avg True Meds": 19.90132713317871,
    "Precision": 0.6231043338775635,
    "Recall": 0.7668979167938232,
    "NHJ_new": 0.22752196851529574,
    "NHJ_dropped": 0.2060641364047402,
    "CVR": 0.0
  },
  "data_diagnostics": {
    "split_mode_requested": "hidr_vita",
    "require_cohort_split": false,
    "split_source": "hidr_vita_sequential",
    "split_seed_used": "n/a",
    "split_patient_counts": {
      "train": 4233,
      "val": 1059,
      "test": 1058
    },
    "split_example_counts": {
      "train": 6256,
      "val": 1220,
      "test": 1206
    },
    "ddi_density": 0.05261303581914269,
    "ddi_upper_pairs": 448,
    "ddi_total_pairs": 8515,
    "loaded_artifacts": {
      "records": "data/processed/records_final.pkl",
      "cohort": "data/processed/cohort_mimic3.pkl",
      "ddi": "data/processed/ddi_A_final.pkl",
      "ehr": "data/processed/ehr_adj_final.pkl",
      "embeddings": "data/embeddings/code_embeddings.pt"
    }
  },
  "param_counts": {
    "visit_encoder": {
      "total": 4583681,
      "trainable": 1981697
    },
    "drug_gnn": {
      "total": 1974080,
      "trainable": 1974080
    },
    "predictor": {
      "total": 790279,
      "trainable": 790277
    },
    "model_total": {
      "total": 7611208,
      "trainable": 5009222
    }
  },
  "threshold_sweep": {
    "0.4": {
      "Jaccard": 0.505361,
      "Avg Meds": 25.854063,
      "Avg True Meds": 19.901327,
      "DDI Rate": 0.084863
    },
    "0.45": {
      "Jaccard": 0.507922,
      "Avg Meds": 24.951906,
      "Avg True Meds": 19.901327,
      "DDI Rate": 0.086245
    },
    "0.5": {
      "Jaccard": 0.509863,
      "Avg Meds": 24.137646,
      "Avg True Meds": 19.901327,
      "DDI Rate": 0.087177
    },
    "0.55": {
      "Jaccard": 0.510803,
      "Avg Meds": 23.240465,
      "Avg True Meds": 19.901327,
      "DDI Rate": 0.088615
    },
    "0.6": {
      "Jaccard": 0.513215,
      "Avg Meds": 22.348259,
      "Avg True Meds": 19.901327,
      "DDI Rate": 0.089793
    },
    "0.65": {
      "Jaccard": 0.512748,
      "Avg Meds": 21.477612,
      "Avg True Meds": 19.901327,
      "DDI Rate": 0.09124
    },
    "0.7": {
      "Jaccard": 0.511335,
      "Avg Meds": 20.557215,
      "Avg True Meds": 19.901327,
      "DDI Rate": 0.092323
    },
    "0.75": {
      "Jaccard": 0.509065,
      "Avg Meds": 19.561359,
      "Avg True Meds": 19.901327,
      "DDI Rate": 0.092961
    }
  },
  "calibrated_threshold": 0.75,
  "calibrated_metrics": {
    "Jaccard": 0.509065,
    "Avg Meds": 19.561359,
    "Avg True Meds": 19.901327,
    "DDI Rate": 0.092961
  },
  "config": {
    "hidden_dim": 256,
    "use_notes": false,
    "use_labs": false,
    "use_copy": false,
    "fusion_strategy": "film",
    "lab_dim": 0,
    "pos_weight_cap": 5.0,
    "use_cosine_lr": false,
    "contrastive_weight": 0.0,
    "margin_loss_weight": 0.0,
    "alignment_loss_weight": 0.1,
    "alignment_start_epoch": 1,
    "alignment_ramp_epochs": 0
  }
}